时间,光伏（标幺）
1/1/2020 0:00,-0.001
1/1/2020 1:00,-0.001
1/1/2020 2:00,-0.001
1/1/2020 3:00,-0.001
1/1/2020 4:00,-0.001
1/1/2020 5:00,-0.001
1/1/2020 6:00,-0.001
1/1/2020 7:00,-0.001
1/1/2020 8:00,0.0015
1/1/2020 9:00,0.3237
1/1/2020 10:00,0.4522
1/1/2020 11:00,0.449
1/1/2020 12:00,0.2027
1/1/2020 13:00,0.2078
1/1/2020 14:00,0.1105
1/1/2020 15:00,0.042
1/1/2020 16:00,-0.001
1/1/2020 17:00,-0.001
1/1/2020 18:00,-0.001
1/1/2020 19:00,-0.001
1/1/2020 20:00,-0.001
1/1/2020 21:00,-0.001
1/1/2020 22:00,-0.001
1/1/2020 23:00,-0.001
1/2/2020 0:00,-0.001
1/2/2020 1:00,-0.001
1/2/2020 2:00,-0.001
1/2/2020 3:00,-0.001
1/2/2020 4:00,-0.001
1/2/2020 5:00,-0.001
1/2/2020 6:00,-0.001
1/2/2020 7:00,-0.001
1/2/2020 8:00,0.4004
1/2/2020 9:00,0.5508
1/2/2020 10:00,0.5646
1/2/2020 11:00,0.4688
1/2/2020 12:00,0.6495
1/2/2020 13:00,0.5758
1/2/2020 14:00,0.2945
1/2/2020 15:00,0.2501
1/2/2020 16:00,-0.001
1/2/2020 17:00,-0.001
1/2/2020 18:00,-0.001
1/2/2020 19:00,-0.001
1/2/2020 20:00,-0.001
1/2/2020 21:00,-0.001
1/2/2020 22:00,-0.001
1/2/2020 23:00,-0.001
1/3/2020 0:00,-0.001
1/3/2020 1:00,-0.001
1/3/2020 2:00,-0.001
1/3/2020 3:00,-0.001
1/3/2020 4:00,-0.001
1/3/2020 5:00,-0.001
1/3/2020 6:00,-0.001
1/3/2020 7:00,-0.001
1/3/2020 8:00,0.4857
1/3/2020 9:00,0.7425
1/3/2020 10:00,0.896
1/3/2020 11:00,0.9623
1/3/2020 12:00,0.9408
1/3/2020 13:00,0.8405
1/3/2020 14:00,0.642
1/3/2020 15:00,0.3594
1/3/2020 16:00,-0.001
1/3/2020 17:00,-0.001
1/3/2020 18:00,-0.001
1/3/2020 19:00,-0.001
1/3/2020 20:00,-0.001
1/3/2020 21:00,-0.001
1/3/2020 22:00,-0.001
1/3/2020 23:00,-0.001
1/4/2020 0:00,-0.001
1/4/2020 1:00,-0.001
1/4/2020 2:00,-0.001
1/4/2020 3:00,-0.001
1/4/2020 4:00,-0.001
1/4/2020 5:00,-0.001
1/4/2020 6:00,-0.001
1/4/2020 7:00,-0.001
1/4/2020 8:00,0.4469
1/4/2020 9:00,0.6995
1/4/2020 10:00,0.8477
1/4/2020 11:00,0.9108
1/4/2020 12:00,0.8933
1/4/2020 13:00,0.7852
1/4/2020 14:00,0.5885
1/4/2020 15:00,0.3003
1/4/2020 16:00,-0.001
1/4/2020 17:00,-0.001
1/4/2020 18:00,-0.001
1/4/2020 19:00,-0.001
1/4/2020 20:00,-0.001
1/4/2020 21:00,-0.001
1/4/2020 22:00,-0.001
1/4/2020 23:00,-0.001
1/5/2020 0:00,-0.001
1/5/2020 1:00,-0.001
1/5/2020 2:00,-0.001
1/5/2020 3:00,-0.001
1/5/2020 4:00,-0.001
1/5/2020 5:00,-0.001
1/5/2020 6:00,-0.001
1/5/2020 7:00,-0.001
1/5/2020 8:00,0.0599
1/5/2020 9:00,0.1146
1/5/2020 10:00,0.3258
1/5/2020 11:00,0.2018
1/5/2020 12:00,0.2144
1/5/2020 13:00,0.2064
1/5/2020 14:00,0.2391
1/5/2020 15:00,0.2297
1/5/2020 16:00,-0.001
1/5/2020 17:00,-0.001
1/5/2020 18:00,-0.001
1/5/2020 19:00,-0.001
1/5/2020 20:00,-0.001
1/5/2020 21:00,-0.001
1/5/2020 22:00,-0.001
1/5/2020 23:00,-0.001
1/6/2020 0:00,-0.001
1/6/2020 1:00,-0.001
1/6/2020 2:00,-0.001
1/6/2020 3:00,-0.001
1/6/2020 4:00,-0.001
1/6/2020 5:00,-0.001
1/6/2020 6:00,-0.001
1/6/2020 7:00,-0.001
1/6/2020 8:00,0.4087
1/6/2020 9:00,0.6707
1/6/2020 10:00,0.8417
1/6/2020 11:00,0.897
1/6/2020 12:00,0.8922
1/6/2020 13:00,0.8008
1/6/2020 14:00,0.6161
1/6/2020 15:00,0.3354
1/6/2020 16:00,-0.001
1/6/2020 17:00,-0.001
1/6/2020 18:00,-0.001
1/6/2020 19:00,-0.001
1/6/2020 20:00,-0.001
1/6/2020 21:00,-0.001
1/6/2020 22:00,-0.001
1/6/2020 23:00,-0.001
1/7/2020 0:00,-0.001
1/7/2020 1:00,-0.001
1/7/2020 2:00,-0.001
1/7/2020 3:00,-0.001
1/7/2020 4:00,-0.001
1/7/2020 5:00,-0.001
1/7/2020 6:00,-0.001
1/7/2020 7:00,-0.001
1/7/2020 8:00,0.4659
1/7/2020 9:00,0.7247
1/7/2020 10:00,0.888
1/7/2020 11:00,0.9578
1/7/2020 12:00,0.9412
1/7/2020 13:00,0.8385
1/7/2020 14:00,0.6467
1/7/2020 15:00,0.3724
1/7/2020 16:00,-0.001
1/7/2020 17:00,-0.001
1/7/2020 18:00,-0.001
1/7/2020 19:00,-0.001
1/7/2020 20:00,-0.001
1/7/2020 21:00,-0.001
1/7/2020 22:00,-0.001
1/7/2020 23:00,-0.001
1/8/2020 0:00,-0.001
1/8/2020 1:00,-0.001
1/8/2020 2:00,-0.001
1/8/2020 3:00,-0.001
1/8/2020 4:00,-0.001
1/8/2020 5:00,-0.001
1/8/2020 6:00,-0.001
1/8/2020 7:00,-0.001
1/8/2020 8:00,0.4508
1/8/2020 9:00,0.7102
1/8/2020 10:00,0.8476
1/8/2020 11:00,0.9114
1/8/2020 12:00,0.9002
1/8/2020 13:00,0.816
1/8/2020 14:00,0.6313
1/8/2020 15:00,0.3524
1/8/2020 16:00,-0.001
1/8/2020 17:00,-0.001
1/8/2020 18:00,-0.001
1/8/2020 19:00,-0.001
1/8/2020 20:00,-0.001
1/8/2020 21:00,-0.001
1/8/2020 22:00,-0.001
1/8/2020 23:00,-0.001
1/9/2020 0:00,-0.001
1/9/2020 1:00,-0.001
1/9/2020 2:00,-0.001
1/9/2020 3:00,-0.001
1/9/2020 4:00,-0.001
1/9/2020 5:00,-0.001
1/9/2020 6:00,-0.001
1/9/2020 7:00,-0.001
1/9/2020 8:00,0.3828
1/9/2020 9:00,0.5916
1/9/2020 10:00,0.7337
1/9/2020 11:00,0.7422
1/9/2020 12:00,0.7231
1/9/2020 13:00,0.6352
1/9/2020 14:00,0.4667
1/9/2020 15:00,0.2516
1/9/2020 16:00,-0.001
1/9/2020 17:00,-0.001
1/9/2020 18:00,-0.001
1/9/2020 19:00,-0.001
1/9/2020 20:00,-0.001
1/9/2020 21:00,-0.001
1/9/2020 22:00,-0.001
1/9/2020 23:00,-0.001
1/10/2020 0:00,-0.001
1/10/2020 1:00,-0.001
1/10/2020 2:00,-0.001
1/10/2020 3:00,-0.001
1/10/2020 4:00,-0.001
1/10/2020 5:00,-0.001
1/10/2020 6:00,-0.001
1/10/2020 7:00,-0.001
1/10/2020 8:00,0.4641
1/10/2020 9:00,0.7128
1/10/2020 10:00,0.8614
1/10/2020 11:00,0.9239
1/10/2020 12:00,0.8998
1/10/2020 13:00,0.8078
1/10/2020 14:00,0.6248
1/10/2020 15:00,0.336
1/10/2020 16:00,-0.001
1/10/2020 17:00,-0.001
1/10/2020 18:00,-0.001
1/10/2020 19:00,-0.001
1/10/2020 20:00,-0.001
1/10/2020 21:00,-0.001
1/10/2020 22:00,-0.001
1/10/2020 23:00,-0.001
1/11/2020 0:00,-0.001
1/11/2020 1:00,-0.001
1/11/2020 2:00,-0.001
1/11/2020 3:00,-0.001
1/11/2020 4:00,-0.001
1/11/2020 5:00,-0.001
1/11/2020 6:00,-0.001
1/11/2020 7:00,-0.001
1/11/2020 8:00,0.4377
1/11/2020 9:00,0.6846
1/11/2020 10:00,0.8385
1/11/2020 11:00,0.904
1/11/2020 12:00,0.892
1/11/2020 13:00,0.8078
1/11/2020 14:00,0.632
1/11/2020 15:00,0.3405
1/11/2020 16:00,-0.001
1/11/2020 17:00,-0.001
1/11/2020 18:00,-0.001
1/11/2020 19:00,-0.001
1/11/2020 20:00,-0.001
1/11/2020 21:00,-0.001
1/11/2020 22:00,-0.001
1/11/2020 23:00,-0.001
1/12/2020 0:00,-0.001
1/12/2020 1:00,-0.001
1/12/2020 2:00,-0.001
1/12/2020 3:00,-0.001
1/12/2020 4:00,-0.001
1/12/2020 5:00,-0.001
1/12/2020 6:00,-0.001
1/12/2020 7:00,-0.001
1/12/2020 8:00,0.3578
1/12/2020 9:00,0.5184
1/12/2020 10:00,0.6095
1/12/2020 11:00,0.7221
1/12/2020 12:00,0.6751
1/12/2020 13:00,0.5153
1/12/2020 14:00,0.3575
1/12/2020 15:00,0.1559
1/12/2020 16:00,-0.001
1/12/2020 17:00,-0.001
1/12/2020 18:00,-0.001
1/12/2020 19:00,-0.001
1/12/2020 20:00,-0.001
1/12/2020 21:00,-0.001
1/12/2020 22:00,-0.001
1/12/2020 23:00,-0.001
1/13/2020 0:00,-0.001
1/13/2020 1:00,-0.001
1/13/2020 2:00,-0.001
1/13/2020 3:00,-0.001
1/13/2020 4:00,-0.001
1/13/2020 5:00,-0.001
1/13/2020 6:00,-0.001
1/13/2020 7:00,-0.001
1/13/2020 8:00,0.3767
1/13/2020 9:00,0.6512
1/13/2020 10:00,0.785
1/13/2020 11:00,0.7919
1/13/2020 12:00,0.8229
1/13/2020 13:00,0.6935
1/13/2020 14:00,0.607
1/13/2020 15:00,0.2884
1/13/2020 16:00,-0.001
1/13/2020 17:00,-0.001
1/13/2020 18:00,-0.001
1/13/2020 19:00,-0.001
1/13/2020 20:00,-0.001
1/13/2020 21:00,-0.001
1/13/2020 22:00,-0.001
1/13/2020 23:00,-0.001
1/14/2020 0:00,-0.001
1/14/2020 1:00,-0.001
1/14/2020 2:00,-0.001
1/14/2020 3:00,-0.001
1/14/2020 4:00,-0.001
1/14/2020 5:00,-0.001
1/14/2020 6:00,-0.001
1/14/2020 7:00,-0.001
1/14/2020 8:00,0.2854
1/14/2020 9:00,0.4204
1/14/2020 10:00,0.5621
1/14/2020 11:00,0.5699
1/14/2020 12:00,0.3874
1/14/2020 13:00,0.3351
1/14/2020 14:00,0.3658
1/14/2020 15:00,0.1746
1/14/2020 16:00,-0.001
1/14/2020 17:00,-0.001
1/14/2020 18:00,-0.001
1/14/2020 19:00,-0.001
1/14/2020 20:00,-0.001
1/14/2020 21:00,-0.001
1/14/2020 22:00,-0.001
1/14/2020 23:00,-0.001
1/15/2020 0:00,-0.001
1/15/2020 1:00,-0.001
1/15/2020 2:00,-0.001
1/15/2020 3:00,-0.001
1/15/2020 4:00,-0.001
1/15/2020 5:00,-0.001
1/15/2020 6:00,-0.001
1/15/2020 7:00,-0.001
1/15/2020 8:00,0.5036
1/15/2020 9:00,0.7347
1/15/2020 10:00,0.5739
1/15/2020 11:00,0.2373
1/15/2020 12:00,0.1077
1/15/2020 13:00,0.2881
1/15/2020 14:00,0.4768
1/15/2020 15:00,0.3488
1/15/2020 16:00,-0.001
1/15/2020 17:00,-0.001
1/15/2020 18:00,-0.001
1/15/2020 19:00,-0.001
1/15/2020 20:00,-0.001
1/15/2020 21:00,-0.001
1/15/2020 22:00,-0.001
1/15/2020 23:00,-0.001
1/16/2020 0:00,-0.001
1/16/2020 1:00,-0.001
1/16/2020 2:00,-0.001
1/16/2020 3:00,-0.001
1/16/2020 4:00,-0.001
1/16/2020 5:00,-0.001
1/16/2020 6:00,-0.001
1/16/2020 7:00,-0.001
1/16/2020 8:00,0.011
1/16/2020 9:00,0.0403
1/16/2020 10:00,0.0291
1/16/2020 11:00,0.0342
1/16/2020 12:00,0.0277
1/16/2020 13:00,0.6877
1/16/2020 14:00,0.613
1/16/2020 15:00,0.3531
1/16/2020 16:00,-0.001
1/16/2020 17:00,-0.001
1/16/2020 18:00,-0.001
1/16/2020 19:00,-0.001
1/16/2020 20:00,-0.001
1/16/2020 21:00,-0.001
1/16/2020 22:00,-0.001
1/16/2020 23:00,-0.001
1/17/2020 0:00,-0.001
1/17/2020 1:00,-0.001
1/17/2020 2:00,-0.001
1/17/2020 3:00,-0.001
1/17/2020 4:00,-0.001
1/17/2020 5:00,-0.001
1/17/2020 6:00,-0.001
1/17/2020 7:00,-0.001
1/17/2020 8:00,0.1554
1/17/2020 9:00,0.1253
1/17/2020 10:00,0.243
1/17/2020 11:00,0.4045
1/17/2020 12:00,0.6271
1/17/2020 13:00,0.653
1/17/2020 14:00,0.6882
1/17/2020 15:00,0.4269
1/17/2020 16:00,-0.001
1/17/2020 17:00,-0.001
1/17/2020 18:00,-0.001
1/17/2020 19:00,-0.001
1/17/2020 20:00,-0.001
1/17/2020 21:00,-0.001
1/17/2020 22:00,-0.001
1/17/2020 23:00,-0.001
1/18/2020 0:00,-0.001
1/18/2020 1:00,-0.001
1/18/2020 2:00,-0.001
1/18/2020 3:00,-0.001
1/18/2020 4:00,-0.001
1/18/2020 5:00,-0.001
1/18/2020 6:00,-0.001
1/18/2020 7:00,-0.001
1/18/2020 8:00,0.3698
1/18/2020 9:00,0.4897
1/18/2020 10:00,0.6807
1/18/2020 11:00,0.7887
1/18/2020 12:00,0.8003
1/18/2020 13:00,0.7891
1/18/2020 14:00,0.6358
1/18/2020 15:00,0.2558
1/18/2020 16:00,-0.001
1/18/2020 17:00,-0.001
1/18/2020 18:00,-0.001
1/18/2020 19:00,-0.001
1/18/2020 20:00,-0.001
1/18/2020 21:00,-0.001
1/18/2020 22:00,-0.001
1/18/2020 23:00,-0.001
1/19/2020 0:00,-0.001
1/19/2020 1:00,-0.001
1/19/2020 2:00,-0.001
1/19/2020 3:00,-0.001
1/19/2020 4:00,-0.001
1/19/2020 5:00,-0.001
1/19/2020 6:00,-0.001
1/19/2020 7:00,-0.001
1/19/2020 8:00,0.0902
1/19/2020 9:00,0.3066
1/19/2020 10:00,0.1825
1/19/2020 11:00,0.1128
1/19/2020 12:00,0.1844
1/19/2020 13:00,0.558
1/19/2020 14:00,0.5153
1/19/2020 15:00,0.3721
1/19/2020 16:00,0.0014
1/19/2020 17:00,-0.001
1/19/2020 18:00,-0.001
1/19/2020 19:00,-0.001
1/19/2020 20:00,-0.001
1/19/2020 21:00,-0.001
1/19/2020 22:00,-0.001
1/19/2020 23:00,-0.001
1/20/2020 0:00,-0.001
1/20/2020 1:00,-0.001
1/20/2020 2:00,-0.001
1/20/2020 3:00,-0.001
1/20/2020 4:00,-0.001
1/20/2020 5:00,-0.001
1/20/2020 6:00,-0.001
1/20/2020 7:00,-0.001
1/20/2020 8:00,0.0756
1/20/2020 9:00,0.2062
1/20/2020 10:00,0.3414
1/20/2020 11:00,0.3063
1/20/2020 12:00,0.2924
1/20/2020 13:00,0.264
1/20/2020 14:00,0.1575
1/20/2020 15:00,0.069
1/20/2020 16:00,-0.001
1/20/2020 17:00,-0.001
1/20/2020 18:00,-0.001
1/20/2020 19:00,-0.001
1/20/2020 20:00,-0.001
1/20/2020 21:00,-0.001
1/20/2020 22:00,-0.001
1/20/2020 23:00,-0.001
1/21/2020 0:00,-0.001
1/21/2020 1:00,-0.001
1/21/2020 2:00,-0.001
1/21/2020 3:00,-0.001
1/21/2020 4:00,-0.001
1/21/2020 5:00,-0.001
1/21/2020 6:00,-0.001
1/21/2020 7:00,-0.001
1/21/2020 8:00,0.441
1/21/2020 9:00,0.7065
1/21/2020 10:00,0.8657
1/21/2020 11:00,0.9365
1/21/2020 12:00,0.9235
1/21/2020 13:00,0.8361
1/21/2020 14:00,0.6572
1/21/2020 15:00,0.3815
1/21/2020 16:00,-0.001
1/21/2020 17:00,-0.001
1/21/2020 18:00,-0.001
1/21/2020 19:00,-0.001
1/21/2020 20:00,-0.001
1/21/2020 21:00,-0.001
1/21/2020 22:00,-0.001
1/21/2020 23:00,-0.001
1/22/2020 0:00,-0.001
1/22/2020 1:00,-0.001
1/22/2020 2:00,-0.001
1/22/2020 3:00,-0.001
1/22/2020 4:00,-0.001
1/22/2020 5:00,-0.001
1/22/2020 6:00,-0.001
1/22/2020 7:00,-0.001
1/22/2020 8:00,0.4673
1/22/2020 9:00,0.7328
1/22/2020 10:00,0.8839
1/22/2020 11:00,0.9524
1/22/2020 12:00,0.9378
1/22/2020 13:00,0.8475
1/22/2020 14:00,0.6838
1/22/2020 15:00,0.4206
1/22/2020 16:00,-0.001
1/22/2020 17:00,-0.001
1/22/2020 18:00,-0.001
1/22/2020 19:00,-0.001
1/22/2020 20:00,-0.001
1/22/2020 21:00,-0.001
1/22/2020 22:00,-0.001
1/22/2020 23:00,-0.001
1/23/2020 0:00,-0.001
1/23/2020 1:00,-0.001
1/23/2020 2:00,-0.001
1/23/2020 3:00,-0.001
1/23/2020 4:00,-0.001
1/23/2020 5:00,-0.001
1/23/2020 6:00,-0.001
1/23/2020 7:00,-0.001
1/23/2020 8:00,0.4537
1/23/2020 9:00,0.7011
1/23/2020 10:00,0.8468
1/23/2020 11:00,0.8929
1/23/2020 12:00,0.8985
1/23/2020 13:00,0.7977
1/23/2020 14:00,0.6547
1/23/2020 15:00,0.4119
1/23/2020 16:00,-0.001
1/23/2020 17:00,-0.001
1/23/2020 18:00,-0.001
1/23/2020 19:00,-0.001
1/23/2020 20:00,-0.001
1/23/2020 21:00,-0.001
1/23/2020 22:00,-0.001
1/23/2020 23:00,-0.001
1/24/2020 0:00,-0.001
1/24/2020 1:00,-0.001
1/24/2020 2:00,-0.001
1/24/2020 3:00,-0.001
1/24/2020 4:00,-0.001
1/24/2020 5:00,-0.001
1/24/2020 6:00,-0.001
1/24/2020 7:00,0.0022
1/24/2020 8:00,0.4292
1/24/2020 9:00,0.6843
1/24/2020 10:00,0.8374
1/24/2020 11:00,0.9004
1/24/2020 12:00,0.8904
1/24/2020 13:00,0.8092
1/24/2020 14:00,0.6311
1/24/2020 15:00,0.3744
1/24/2020 16:00,-0.001
1/24/2020 17:00,-0.001
1/24/2020 18:00,-0.001
1/24/2020 19:00,-0.001
1/24/2020 20:00,-0.001
1/24/2020 21:00,-0.001
1/24/2020 22:00,-0.001
1/24/2020 23:00,-0.001
1/25/2020 0:00,-0.001
1/25/2020 1:00,-0.001
1/25/2020 2:00,-0.001
1/25/2020 3:00,-0.001
1/25/2020 4:00,-0.001
1/25/2020 5:00,-0.001
1/25/2020 6:00,-0.001
1/25/2020 7:00,0.0016
1/25/2020 8:00,0.3092
1/25/2020 9:00,0.4416
1/25/2020 10:00,0.5792
1/25/2020 11:00,0.7562
1/25/2020 12:00,0.8231
1/25/2020 13:00,0.7641
1/25/2020 14:00,0.6661
1/25/2020 15:00,0.3958
1/25/2020 16:00,-0.001
1/25/2020 17:00,-0.001
1/25/2020 18:00,-0.001
1/25/2020 19:00,-0.001
1/25/2020 20:00,-0.001
1/25/2020 21:00,-0.001
1/25/2020 22:00,-0.001
1/25/2020 23:00,-0.001
1/26/2020 0:00,-0.001
1/26/2020 1:00,-0.001
1/26/2020 2:00,-0.001
1/26/2020 3:00,-0.001
1/26/2020 4:00,-0.001
1/26/2020 5:00,-0.001
1/26/2020 6:00,-0.001
1/26/2020 7:00,0.0035
1/26/2020 8:00,0.4767
1/26/2020 9:00,0.7275
1/26/2020 10:00,0.884
1/26/2020 11:00,0.9484
1/26/2020 12:00,0.9415
1/26/2020 13:00,0.8582
1/26/2020 14:00,0.6941
1/26/2020 15:00,0.4334
1/26/2020 16:00,-0.001
1/26/2020 17:00,-0.001
1/26/2020 18:00,-0.001
1/26/2020 19:00,-0.001
1/26/2020 20:00,-0.001
1/26/2020 21:00,-0.001
1/26/2020 22:00,-0.001
1/26/2020 23:00,-0.001
1/27/2020 0:00,-0.001
1/27/2020 1:00,-0.001
1/27/2020 2:00,-0.001
1/27/2020 3:00,-0.001
1/27/2020 4:00,-0.001
1/27/2020 5:00,-0.001
1/27/2020 6:00,-0.001
1/27/2020 7:00,0.003
1/27/2020 8:00,0.3686
1/27/2020 9:00,0.6263
1/27/2020 10:00,0.8142
1/27/2020 11:00,0.8852
1/27/2020 12:00,0.8953
1/27/2020 13:00,0.8015
1/27/2020 14:00,0.6338
1/27/2020 15:00,0.3641
1/27/2020 16:00,-0.001
1/27/2020 17:00,-0.001
1/27/2020 18:00,-0.001
1/27/2020 19:00,-0.001
1/27/2020 20:00,-0.001
1/27/2020 21:00,-0.001
1/27/2020 22:00,-0.001
1/27/2020 23:00,-0.001
1/28/2020 0:00,-0.001
1/28/2020 1:00,-0.001
1/28/2020 2:00,-0.001
1/28/2020 3:00,-0.001
1/28/2020 4:00,-0.001
1/28/2020 5:00,-0.001
1/28/2020 6:00,-0.001
1/28/2020 7:00,0.0051
1/28/2020 8:00,0.4065
1/28/2020 9:00,0.6154
1/28/2020 10:00,0.7885
1/28/2020 11:00,0.8879
1/28/2020 12:00,0.914
1/28/2020 13:00,0.824
1/28/2020 14:00,0.6309
1/28/2020 15:00,0.3625
1/28/2020 16:00,-0.001
1/28/2020 17:00,-0.001
1/28/2020 18:00,-0.001
1/28/2020 19:00,-0.001
1/28/2020 20:00,-0.001
1/28/2020 21:00,-0.001
1/28/2020 22:00,-0.001
1/28/2020 23:00,-0.001
1/29/2020 0:00,-0.001
1/29/2020 1:00,-0.001
1/29/2020 2:00,-0.001
1/29/2020 3:00,-0.001
1/29/2020 4:00,-0.001
1/29/2020 5:00,-0.001
1/29/2020 6:00,-0.001
1/29/2020 7:00,0.0041
1/29/2020 8:00,0.3396
1/29/2020 9:00,0.6143
1/29/2020 10:00,0.8281
1/29/2020 11:00,0.921
1/29/2020 12:00,0.9137
1/29/2020 13:00,0.7728
1/29/2020 14:00,0.5909
1/29/2020 15:00,0.3636
1/29/2020 16:00,-0.001
1/29/2020 17:00,-0.001
1/29/2020 18:00,-0.001
1/29/2020 19:00,-0.001
1/29/2020 20:00,-0.001
1/29/2020 21:00,-0.001
1/29/2020 22:00,-0.001
1/29/2020 23:00,-0.001
1/30/2020 0:00,-0.001
1/30/2020 1:00,-0.001
1/30/2020 2:00,-0.001
1/30/2020 3:00,-0.001
1/30/2020 4:00,-0.001
1/30/2020 5:00,-0.001
1/30/2020 6:00,-0.001
1/30/2020 7:00,0.0068
1/30/2020 8:00,0.4194
1/30/2020 9:00,0.669
1/30/2020 10:00,0.8212
1/30/2020 11:00,0.9222
1/30/2020 12:00,0.9317
1/30/2020 13:00,0.8516
1/30/2020 14:00,0.6721
1/30/2020 15:00,0.4036
1/30/2020 16:00,0.0021
1/30/2020 17:00,-0.001
1/30/2020 18:00,-0.001
1/30/2020 19:00,-0.001
1/30/2020 20:00,-0.001
1/30/2020 21:00,-0.001
1/30/2020 22:00,-0.001
1/30/2020 23:00,-0.001
1/31/2020 0:00,-0.001
1/31/2020 1:00,-0.001
1/31/2020 2:00,-0.001
1/31/2020 3:00,-0.001
1/31/2020 4:00,-0.001
1/31/2020 5:00,-0.001
1/31/2020 6:00,-0.001
1/31/2020 7:00,-0.001
1/31/2020 8:00,0.0323
1/31/2020 9:00,0.1289
1/31/2020 10:00,0.2142
1/31/2020 11:00,0.3248
1/31/2020 12:00,0.342
1/31/2020 13:00,0.256
1/31/2020 14:00,0.1942
1/31/2020 15:00,0.0968
1/31/2020 16:00,-0.001
1/31/2020 17:00,-0.001
1/31/2020 18:00,-0.001
1/31/2020 19:00,-0.001
1/31/2020 20:00,-0.001
1/31/2020 21:00,-0.001
1/31/2020 22:00,-0.001
1/31/2020 23:00,-0.001
2/1/2020 0:00,-0.001
2/1/2020 1:00,-0.001
2/1/2020 2:00,-0.001
2/1/2020 3:00,-0.001
2/1/2020 4:00,-0.001
2/1/2020 5:00,-0.001
2/1/2020 6:00,-0.001
2/1/2020 7:00,0.0031
2/1/2020 8:00,0.3472
2/1/2020 9:00,0.4697
2/1/2020 10:00,0.7385
2/1/2020 11:00,0.7712
2/1/2020 12:00,0.8304
2/1/2020 13:00,0.7498
2/1/2020 14:00,0.4674
2/1/2020 15:00,0.1474
2/1/2020 16:00,0.0033
2/1/2020 17:00,-0.001
2/1/2020 18:00,-0.001
2/1/2020 19:00,-0.001
2/1/2020 20:00,-0.001
2/1/2020 21:00,-0.001
2/1/2020 22:00,-0.001
2/1/2020 23:00,-0.001
2/2/2020 0:00,-0.001
2/2/2020 1:00,-0.001
2/2/2020 2:00,-0.001
2/2/2020 3:00,-0.001
2/2/2020 4:00,-0.001
2/2/2020 5:00,-0.001
2/2/2020 6:00,-0.001
2/2/2020 7:00,0.0095
2/2/2020 8:00,0.3793
2/2/2020 9:00,0.6336
2/2/2020 10:00,0.7916
2/2/2020 11:00,0.888
2/2/2020 12:00,0.8987
2/2/2020 13:00,0.8497
2/2/2020 14:00,0.6829
2/2/2020 15:00,0.4002
2/2/2020 16:00,0.0061
2/2/2020 17:00,-0.001
2/2/2020 18:00,-0.001
2/2/2020 19:00,-0.001
2/2/2020 20:00,-0.001
2/2/2020 21:00,-0.001
2/2/2020 22:00,-0.001
2/2/2020 23:00,-0.001
2/3/2020 0:00,-0.001
2/3/2020 1:00,-0.001
2/3/2020 2:00,-0.001
2/3/2020 3:00,-0.001
2/3/2020 4:00,-0.001
2/3/2020 5:00,-0.001
2/3/2020 6:00,-0.001
2/3/2020 7:00,0.0118
2/3/2020 8:00,0.3755
2/3/2020 9:00,0.6537
2/3/2020 10:00,0.7994
2/3/2020 11:00,0.8615
2/3/2020 12:00,0.8615
2/3/2020 13:00,0.7692
2/3/2020 14:00,0.6133
2/3/2020 15:00,0.3686
2/3/2020 16:00,0.0082
2/3/2020 17:00,-0.001
2/3/2020 18:00,-0.001
2/3/2020 19:00,-0.001
2/3/2020 20:00,-0.001
2/3/2020 21:00,-0.001
2/3/2020 22:00,-0.001
2/3/2020 23:00,-0.001
2/4/2020 0:00,-0.001
2/4/2020 1:00,-0.001
2/4/2020 2:00,-0.001
2/4/2020 3:00,-0.001
2/4/2020 4:00,-0.001
2/4/2020 5:00,-0.001
2/4/2020 6:00,-0.001
2/4/2020 7:00,0.0153
2/4/2020 8:00,0.4112
2/4/2020 9:00,0.6406
2/4/2020 10:00,0.8502
2/4/2020 11:00,0.7809
2/4/2020 12:00,0.2835
2/4/2020 13:00,0.3745
2/4/2020 14:00,0.4576
2/4/2020 15:00,0.1139
2/4/2020 16:00,-0.001
2/4/2020 17:00,-0.001
2/4/2020 18:00,-0.001
2/4/2020 19:00,-0.001
2/4/2020 20:00,-0.001
2/4/2020 21:00,-0.001
2/4/2020 22:00,-0.001
2/4/2020 23:00,-0.001
2/5/2020 0:00,-0.001
2/5/2020 1:00,-0.001
2/5/2020 2:00,-0.001
2/5/2020 3:00,-0.001
2/5/2020 4:00,-0.001
2/5/2020 5:00,-0.001
2/5/2020 6:00,-0.001
2/5/2020 7:00,0.0153
2/5/2020 8:00,0.4626
2/5/2020 9:00,0.7221
2/5/2020 10:00,0.8961
2/5/2020 11:00,0.9582
2/5/2020 12:00,0.9667
2/5/2020 13:00,0.873
2/5/2020 14:00,0.6966
2/5/2020 15:00,0.4362
2/5/2020 16:00,0.009
2/5/2020 17:00,-0.001
2/5/2020 18:00,-0.001
2/5/2020 19:00,-0.001
2/5/2020 20:00,-0.001
2/5/2020 21:00,-0.001
2/5/2020 22:00,-0.001
2/5/2020 23:00,-0.001
2/6/2020 0:00,-0.001
2/6/2020 1:00,-0.001
2/6/2020 2:00,-0.001
2/6/2020 3:00,-0.001
2/6/2020 4:00,-0.001
2/6/2020 5:00,-0.001
2/6/2020 6:00,-0.001
2/6/2020 7:00,0.1322
2/6/2020 8:00,0.4126
2/6/2020 9:00,0.678
2/6/2020 10:00,0.8661
2/6/2020 11:00,0.9352
2/6/2020 12:00,0.9442
2/6/2020 13:00,0.8367
2/6/2020 14:00,0.652
2/6/2020 15:00,0.3867
2/6/2020 16:00,0.0115
2/6/2020 17:00,-0.001
2/6/2020 18:00,-0.001
2/6/2020 19:00,-0.001
2/6/2020 20:00,-0.001
2/6/2020 21:00,-0.001
2/6/2020 22:00,-0.001
2/6/2020 23:00,-0.001
2/7/2020 0:00,-0.001
2/7/2020 1:00,-0.001
2/7/2020 2:00,-0.001
2/7/2020 3:00,-0.001
2/7/2020 4:00,-0.001
2/7/2020 5:00,-0.001
2/7/2020 6:00,-0.001
2/7/2020 7:00,0.1171
2/7/2020 8:00,0.4033
2/7/2020 9:00,0.6656
2/7/2020 10:00,0.8419
2/7/2020 11:00,0.9134
2/7/2020 12:00,0.9077
2/7/2020 13:00,0.8169
2/7/2020 14:00,0.6464
2/7/2020 15:00,0.3854
2/7/2020 16:00,0.0121
2/7/2020 17:00,-0.001
2/7/2020 18:00,-0.001
2/7/2020 19:00,-0.001
2/7/2020 20:00,-0.001
2/7/2020 21:00,-0.001
2/7/2020 22:00,-0.001
2/7/2020 23:00,-0.001
2/8/2020 0:00,-0.001
2/8/2020 1:00,-0.001
2/8/2020 2:00,-0.001
2/8/2020 3:00,-0.001
2/8/2020 4:00,-0.001
2/8/2020 5:00,-0.001
2/8/2020 6:00,-0.001
2/8/2020 7:00,0.1221
2/8/2020 8:00,0.4038
2/8/2020 9:00,0.6708
2/8/2020 10:00,0.8575
2/8/2020 11:00,0.9411
2/8/2020 12:00,0.934
2/8/2020 13:00,0.8377
2/8/2020 14:00,0.6559
2/8/2020 15:00,0.3942
2/8/2020 16:00,0.0151
2/8/2020 17:00,-0.001
2/8/2020 18:00,-0.001
2/8/2020 19:00,-0.001
2/8/2020 20:00,-0.001
2/8/2020 21:00,-0.001
2/8/2020 22:00,-0.001
2/8/2020 23:00,-0.001
2/9/2020 0:00,-0.001
2/9/2020 1:00,-0.001
2/9/2020 2:00,-0.001
2/9/2020 3:00,-0.001
2/9/2020 4:00,-0.001
2/9/2020 5:00,-0.001
2/9/2020 6:00,-0.001
2/9/2020 7:00,0.1541
2/9/2020 8:00,0.4356
2/9/2020 9:00,0.6602
2/9/2020 10:00,0.8026
2/9/2020 11:00,0.9168
2/9/2020 12:00,0.9203
2/9/2020 13:00,0.8827
2/9/2020 14:00,0.6819
2/9/2020 15:00,0.4516
2/9/2020 16:00,0.1477
2/9/2020 17:00,-0.001
2/9/2020 18:00,-0.001
2/9/2020 19:00,-0.001
2/9/2020 20:00,-0.001
2/9/2020 21:00,-0.001
2/9/2020 22:00,-0.001
2/9/2020 23:00,-0.001
2/10/2020 0:00,-0.001
2/10/2020 1:00,-0.001
2/10/2020 2:00,-0.001
2/10/2020 3:00,-0.001
2/10/2020 4:00,-0.001
2/10/2020 5:00,-0.001
2/10/2020 6:00,-0.001
2/10/2020 7:00,0.1447
2/10/2020 8:00,0.4282
2/10/2020 9:00,0.6965
2/10/2020 10:00,0.8581
2/10/2020 11:00,0.9154
2/10/2020 12:00,0.9149
2/10/2020 13:00,0.8192
2/10/2020 14:00,0.6654
2/10/2020 15:00,0.4108
2/10/2020 16:00,0.1356
2/10/2020 17:00,-0.001
2/10/2020 18:00,-0.001
2/10/2020 19:00,-0.001
2/10/2020 20:00,-0.001
2/10/2020 21:00,-0.001
2/10/2020 22:00,-0.001
2/10/2020 23:00,-0.001
2/11/2020 0:00,-0.001
2/11/2020 1:00,-0.001
2/11/2020 2:00,-0.001
2/11/2020 3:00,-0.001
2/11/2020 4:00,-0.001
2/11/2020 5:00,-0.001
2/11/2020 6:00,-0.001
2/11/2020 7:00,0.1351
2/11/2020 8:00,0.4225
2/11/2020 9:00,0.6757
2/11/2020 10:00,0.8512
2/11/2020 11:00,0.9198
2/11/2020 12:00,0.9109
2/11/2020 13:00,0.8253
2/11/2020 14:00,0.6547
2/11/2020 15:00,0.397
2/11/2020 16:00,0.1297
2/11/2020 17:00,-0.001
2/11/2020 18:00,-0.001
2/11/2020 19:00,-0.001
2/11/2020 20:00,-0.001
2/11/2020 21:00,-0.001
2/11/2020 22:00,-0.001
2/11/2020 23:00,-0.001
2/12/2020 0:00,-0.001
2/12/2020 1:00,-0.001
2/12/2020 2:00,-0.001
2/12/2020 3:00,-0.001
2/12/2020 4:00,-0.001
2/12/2020 5:00,-0.001
2/12/2020 6:00,-0.001
2/12/2020 7:00,0.1706
2/12/2020 8:00,0.4773
2/12/2020 9:00,0.7337
2/12/2020 10:00,0.8937
2/12/2020 11:00,0.9727
2/12/2020 12:00,0.9719
2/12/2020 13:00,0.8755
2/12/2020 14:00,0.7019
2/12/2020 15:00,0.4375
2/12/2020 16:00,0.1571
2/12/2020 17:00,-0.001
2/12/2020 18:00,-0.001
2/12/2020 19:00,-0.001
2/12/2020 20:00,-0.001
2/12/2020 21:00,-0.001
2/12/2020 22:00,-0.001
2/12/2020 23:00,-0.001
2/13/2020 0:00,-0.001
2/13/2020 1:00,-0.001
2/13/2020 2:00,-0.001
2/13/2020 3:00,-0.001
2/13/2020 4:00,-0.001
2/13/2020 5:00,-0.001
2/13/2020 6:00,-0.001
2/13/2020 7:00,0.1642
2/13/2020 8:00,0.4614
2/13/2020 9:00,0.7165
2/13/2020 10:00,0.8719
2/13/2020 11:00,0.9422
2/13/2020 12:00,0.9315
2/13/2020 13:00,0.8303
2/13/2020 14:00,0.6698
2/13/2020 15:00,0.4227
2/13/2020 16:00,0.1505
2/13/2020 17:00,-0.001
2/13/2020 18:00,-0.001
2/13/2020 19:00,-0.001
2/13/2020 20:00,-0.001
2/13/2020 21:00,-0.001
2/13/2020 22:00,-0.001
2/13/2020 23:00,-0.001
2/14/2020 0:00,-0.001
2/14/2020 1:00,-0.001
2/14/2020 2:00,-0.001
2/14/2020 3:00,-0.001
2/14/2020 4:00,-0.001
2/14/2020 5:00,-0.001
2/14/2020 6:00,-0.001
2/14/2020 7:00,0.0501
2/14/2020 8:00,0.2314
2/14/2020 9:00,0.3797
2/14/2020 10:00,0.6414
2/14/2020 11:00,0.824
2/14/2020 12:00,0.9419
2/14/2020 13:00,0.8251
2/14/2020 14:00,0.6114
2/14/2020 15:00,0.3893
2/14/2020 16:00,0.1388
2/14/2020 17:00,-0.001
2/14/2020 18:00,-0.001
2/14/2020 19:00,-0.001
2/14/2020 20:00,-0.001
2/14/2020 21:00,-0.001
2/14/2020 22:00,-0.001
2/14/2020 23:00,-0.001
2/15/2020 0:00,-0.001
2/15/2020 1:00,-0.001
2/15/2020 2:00,-0.001
2/15/2020 3:00,-0.001
2/15/2020 4:00,-0.001
2/15/2020 5:00,-0.001
2/15/2020 6:00,-0.001
2/15/2020 7:00,0.1777
2/15/2020 8:00,0.4654
2/15/2020 9:00,0.7078
2/15/2020 10:00,0.8626
2/15/2020 11:00,0.9599
2/15/2020 12:00,0.9604
2/15/2020 13:00,0.8845
2/15/2020 14:00,0.7297
2/15/2020 15:00,0.4816
2/15/2020 16:00,0.1819
2/15/2020 17:00,-0.001
2/15/2020 18:00,-0.001
2/15/2020 19:00,-0.001
2/15/2020 20:00,-0.001
2/15/2020 21:00,-0.001
2/15/2020 22:00,-0.001
2/15/2020 23:00,-0.001
2/16/2020 0:00,-0.001
2/16/2020 1:00,-0.001
2/16/2020 2:00,-0.001
2/16/2020 3:00,-0.001
2/16/2020 4:00,-0.001
2/16/2020 5:00,-0.001
2/16/2020 6:00,-0.001
2/16/2020 7:00,0.2377
2/16/2020 8:00,0.5525
2/16/2020 9:00,0.7901
2/16/2020 10:00,0.938
2/16/2020 11:00,1.0102
2/16/2020 12:00,1.005
2/16/2020 13:00,0.9279
2/16/2020 14:00,0.7714
2/16/2020 15:00,0.5312
2/16/2020 16:00,0.2276
2/16/2020 17:00,-0.001
2/16/2020 18:00,-0.001
2/16/2020 19:00,-0.001
2/16/2020 20:00,-0.001
2/16/2020 21:00,-0.001
2/16/2020 22:00,-0.001
2/16/2020 23:00,-0.001
2/17/2020 0:00,-0.001
2/17/2020 1:00,-0.001
2/17/2020 2:00,-0.001
2/17/2020 3:00,-0.001
2/17/2020 4:00,-0.001
2/17/2020 5:00,-0.001
2/17/2020 6:00,-0.001
2/17/2020 7:00,0.2202
2/17/2020 8:00,0.5239
2/17/2020 9:00,0.7531
2/17/2020 10:00,0.9031
2/17/2020 11:00,0.9745
2/17/2020 12:00,0.9725
2/17/2020 13:00,0.8923
2/17/2020 14:00,0.7417
2/17/2020 15:00,0.5124
2/17/2020 16:00,0.2123
2/17/2020 17:00,-0.001
2/17/2020 18:00,-0.001
2/17/2020 19:00,-0.001
2/17/2020 20:00,-0.001
2/17/2020 21:00,-0.001
2/17/2020 22:00,-0.001
2/17/2020 23:00,-0.001
2/18/2020 0:00,-0.001
2/18/2020 1:00,-0.001
2/18/2020 2:00,-0.001
2/18/2020 3:00,-0.001
2/18/2020 4:00,-0.001
2/18/2020 5:00,-0.001
2/18/2020 6:00,-0.001
2/18/2020 7:00,0.2283
2/18/2020 8:00,0.5415
2/18/2020 9:00,0.7837
2/18/2020 10:00,0.9324
2/18/2020 11:00,1.005
2/18/2020 12:00,1.0005
2/18/2020 13:00,0.9154
2/18/2020 14:00,0.7539
2/18/2020 15:00,0.5151
2/18/2020 16:00,0.203
2/18/2020 17:00,-0.001
2/18/2020 18:00,-0.001
2/18/2020 19:00,-0.001
2/18/2020 20:00,-0.001
2/18/2020 21:00,-0.001
2/18/2020 22:00,-0.001
2/18/2020 23:00,-0.001
2/19/2020 0:00,-0.001
2/19/2020 1:00,-0.001
2/19/2020 2:00,-0.001
2/19/2020 3:00,-0.001
2/19/2020 4:00,-0.001
2/19/2020 5:00,-0.001
2/19/2020 6:00,-0.001
2/19/2020 7:00,0.2006
2/19/2020 8:00,0.4742
2/19/2020 9:00,0.7007
2/19/2020 10:00,0.8611
2/19/2020 11:00,0.9472
2/19/2020 12:00,0.9429
2/19/2020 13:00,0.8618
2/19/2020 14:00,0.7109
2/19/2020 15:00,0.4966
2/19/2020 16:00,0.209
2/19/2020 17:00,-0.001
2/19/2020 18:00,-0.001
2/19/2020 19:00,-0.001
2/19/2020 20:00,-0.001
2/19/2020 21:00,-0.001
2/19/2020 22:00,-0.001
2/19/2020 23:00,-0.001
2/20/2020 0:00,-0.001
2/20/2020 1:00,-0.001
2/20/2020 2:00,-0.001
2/20/2020 3:00,-0.001
2/20/2020 4:00,-0.001
2/20/2020 5:00,-0.001
2/20/2020 6:00,-0.001
2/20/2020 7:00,0.2448
2/20/2020 8:00,0.5591
2/20/2020 9:00,0.7938
2/20/2020 10:00,0.9433
2/20/2020 11:00,1.0174
2/20/2020 12:00,1.0126
2/20/2020 13:00,0.9299
2/20/2020 14:00,0.7762
2/20/2020 15:00,0.543
2/20/2020 16:00,0.2353
2/20/2020 17:00,-0.001
2/20/2020 18:00,-0.001
2/20/2020 19:00,-0.001
2/20/2020 20:00,-0.001
2/20/2020 21:00,-0.001
2/20/2020 22:00,-0.001
2/20/2020 23:00,-0.001
2/21/2020 0:00,-0.001
2/21/2020 1:00,-0.001
2/21/2020 2:00,-0.001
2/21/2020 3:00,-0.001
2/21/2020 4:00,-0.001
2/21/2020 5:00,-0.001
2/21/2020 6:00,-0.001
2/21/2020 7:00,0.1409
2/21/2020 8:00,0.3916
2/21/2020 9:00,0.5953
2/21/2020 10:00,0.8065
2/21/2020 11:00,0.8737
2/21/2020 12:00,0.8701
2/21/2020 13:00,0.8158
2/21/2020 14:00,0.6674
2/21/2020 15:00,0.4251
2/21/2020 16:00,0.1528
2/21/2020 17:00,-0.001
2/21/2020 18:00,-0.001
2/21/2020 19:00,-0.001
2/21/2020 20:00,-0.001
2/21/2020 21:00,-0.001
2/21/2020 22:00,-0.001
2/21/2020 23:00,-0.001
2/22/2020 0:00,-0.001
2/22/2020 1:00,-0.001
2/22/2020 2:00,-0.001
2/22/2020 3:00,-0.001
2/22/2020 4:00,-0.001
2/22/2020 5:00,-0.001
2/22/2020 6:00,-0.001
2/22/2020 7:00,0.1666
2/22/2020 8:00,0.4417
2/22/2020 9:00,0.701
2/22/2020 10:00,0.857
2/22/2020 11:00,0.9345
2/22/2020 12:00,0.9421
2/22/2020 13:00,0.8428
2/22/2020 14:00,0.6759
2/22/2020 15:00,0.4276
2/22/2020 16:00,0.1559
2/22/2020 17:00,-0.001
2/22/2020 18:00,-0.001
2/22/2020 19:00,-0.001
2/22/2020 20:00,-0.001
2/22/2020 21:00,-0.001
2/22/2020 22:00,-0.001
2/22/2020 23:00,-0.001
2/23/2020 0:00,-0.001
2/23/2020 1:00,-0.001
2/23/2020 2:00,-0.001
2/23/2020 3:00,-0.001
2/23/2020 4:00,-0.001
2/23/2020 5:00,-0.001
2/23/2020 6:00,-0.001
2/23/2020 7:00,0.1689
2/23/2020 8:00,0.4574
2/23/2020 9:00,0.7041
2/23/2020 10:00,0.853
2/23/2020 11:00,0.9338
2/23/2020 12:00,0.9402
2/23/2020 13:00,0.8482
2/23/2020 14:00,0.6865
2/23/2020 15:00,0.425
2/23/2020 16:00,0.1513
2/23/2020 17:00,-0.001
2/23/2020 18:00,-0.001
2/23/2020 19:00,-0.001
2/23/2020 20:00,-0.001
2/23/2020 21:00,-0.001
2/23/2020 22:00,-0.001
2/23/2020 23:00,-0.001
2/24/2020 0:00,-0.001
2/24/2020 1:00,-0.001
2/24/2020 2:00,-0.001
2/24/2020 3:00,-0.001
2/24/2020 4:00,-0.001
2/24/2020 5:00,-0.001
2/24/2020 6:00,-0.001
2/24/2020 7:00,0.186
2/24/2020 8:00,0.465
2/24/2020 9:00,0.7195
2/24/2020 10:00,0.8759
2/24/2020 11:00,0.9451
2/24/2020 12:00,0.8831
2/24/2020 13:00,0.6969
2/24/2020 14:00,0.589
2/24/2020 15:00,0.4282
2/24/2020 16:00,0.175
2/24/2020 17:00,-0.001
2/24/2020 18:00,-0.001
2/24/2020 19:00,-0.001
2/24/2020 20:00,-0.001
2/24/2020 21:00,-0.001
2/24/2020 22:00,-0.001
2/24/2020 23:00,-0.001
2/25/2020 0:00,-0.001
2/25/2020 1:00,-0.001
2/25/2020 2:00,-0.001
2/25/2020 3:00,-0.001
2/25/2020 4:00,-0.001
2/25/2020 5:00,-0.001
2/25/2020 6:00,-0.001
2/25/2020 7:00,0.205
2/25/2020 8:00,0.5002
2/25/2020 9:00,0.7437
2/25/2020 10:00,0.9049
2/25/2020 11:00,0.9704
2/25/2020 12:00,0.952
2/25/2020 13:00,0.8738
2/25/2020 14:00,0.7213
2/25/2020 15:00,0.4789
2/25/2020 16:00,0.1899
2/25/2020 17:00,-0.001
2/25/2020 18:00,-0.001
2/25/2020 19:00,-0.001
2/25/2020 20:00,-0.001
2/25/2020 21:00,-0.001
2/25/2020 22:00,-0.001
2/25/2020 23:00,-0.001
2/26/2020 0:00,-0.001
2/26/2020 1:00,-0.001
2/26/2020 2:00,-0.001
2/26/2020 3:00,-0.001
2/26/2020 4:00,-0.001
2/26/2020 5:00,-0.001
2/26/2020 6:00,-0.001
2/26/2020 7:00,0.1104
2/26/2020 8:00,0.3676
2/26/2020 9:00,0.5165
2/26/2020 10:00,0.5987
2/26/2020 11:00,0.6981
2/26/2020 12:00,0.7841
2/26/2020 13:00,0.7905
2/26/2020 14:00,0.7077
2/26/2020 15:00,0.4493
2/26/2020 16:00,0.1735
2/26/2020 17:00,-0.001
2/26/2020 18:00,-0.001
2/26/2020 19:00,-0.001
2/26/2020 20:00,-0.001
2/26/2020 21:00,-0.001
2/26/2020 22:00,-0.001
2/26/2020 23:00,-0.001
2/27/2020 0:00,-0.001
2/27/2020 1:00,-0.001
2/27/2020 2:00,-0.001
2/27/2020 3:00,-0.001
2/27/2020 4:00,-0.001
2/27/2020 5:00,-0.001
2/27/2020 6:00,-0.001
2/27/2020 7:00,0.189
2/27/2020 8:00,0.473
2/27/2020 9:00,0.7096
2/27/2020 10:00,0.8496
2/27/2020 11:00,0.9322
2/27/2020 12:00,0.9296
2/27/2020 13:00,0.8107
2/27/2020 14:00,0.6227
2/27/2020 15:00,0.4004
2/27/2020 16:00,0.1462
2/27/2020 17:00,-0.001
2/27/2020 18:00,-0.001
2/27/2020 19:00,-0.001
2/27/2020 20:00,-0.001
2/27/2020 21:00,-0.001
2/27/2020 22:00,-0.001
2/27/2020 23:00,-0.001
2/28/2020 0:00,-0.001
2/28/2020 1:00,-0.001
2/28/2020 2:00,-0.001
2/28/2020 3:00,-0.001
2/28/2020 4:00,-0.001
2/28/2020 5:00,-0.001
2/28/2020 6:00,-0.001
2/28/2020 7:00,0.1944
2/28/2020 8:00,0.477
2/28/2020 9:00,0.6688
2/28/2020 10:00,0.8253
2/28/2020 11:00,0.8718
2/28/2020 12:00,0.8569
2/28/2020 13:00,0.8036
2/28/2020 14:00,0.5666
2/28/2020 15:00,0.387
2/28/2020 16:00,0.1345
2/28/2020 17:00,-0.001
2/28/2020 18:00,-0.001
2/28/2020 19:00,-0.001
2/28/2020 20:00,-0.001
2/28/2020 21:00,-0.001
2/28/2020 22:00,-0.001
2/28/2020 23:00,-0.001
2/29/2020 0:00,-0.001
2/29/2020 1:00,-0.001
2/29/2020 2:00,-0.001
2/29/2020 3:00,-0.001
2/29/2020 4:00,-0.001
2/29/2020 5:00,-0.001
2/29/2020 6:00,-0.001
2/29/2020 7:00,0.1874
2/29/2020 8:00,0.4399
2/29/2020 9:00,0.6779
2/29/2020 10:00,0.7656
2/29/2020 11:00,0.818
2/29/2020 12:00,0.8706
2/29/2020 13:00,0.7884
2/29/2020 14:00,0.6785
2/29/2020 15:00,0.4458
2/29/2020 16:00,0.1672
2/29/2020 17:00,-0.001
2/29/2020 18:00,-0.001
2/29/2020 19:00,-0.001
2/29/2020 20:00,-0.001
2/29/2020 21:00,-0.001
2/29/2020 22:00,-0.001
2/29/2020 23:00,-0.001
3/1/2020 0:00,-0.001
3/1/2020 1:00,-0.001
3/1/2020 2:00,-0.001
3/1/2020 3:00,-0.001
3/1/2020 4:00,-0.001
3/1/2020 5:00,-0.001
3/1/2020 6:00,-0.001
3/1/2020 7:00,0.1688
3/1/2020 8:00,0.4573
3/1/2020 9:00,0.683
3/1/2020 10:00,0.8406
3/1/2020 11:00,0.9244
3/1/2020 12:00,0.9243
3/1/2020 13:00,0.8497
3/1/2020 14:00,0.6806
3/1/2020 15:00,0.4391
3/1/2020 16:00,0.1694
3/1/2020 17:00,-0.001
3/1/2020 18:00,-0.001
3/1/2020 19:00,-0.001
3/1/2020 20:00,-0.001
3/1/2020 21:00,-0.001
3/1/2020 22:00,-0.001
3/1/2020 23:00,-0.001
3/2/2020 0:00,-0.001
3/2/2020 1:00,-0.001
3/2/2020 2:00,-0.001
3/2/2020 3:00,-0.001
3/2/2020 4:00,-0.001
3/2/2020 5:00,-0.001
3/2/2020 6:00,-0.001
3/2/2020 7:00,0.2451
3/2/2020 8:00,0.5455
3/2/2020 9:00,0.792
3/2/2020 10:00,0.9484
3/2/2020 11:00,1.0196
3/2/2020 12:00,1.0136
3/2/2020 13:00,0.9249
3/2/2020 14:00,0.7635
3/2/2020 15:00,0.5139
3/2/2020 16:00,0.2167
3/2/2020 17:00,-0.001
3/2/2020 18:00,-0.001
3/2/2020 19:00,-0.001
3/2/2020 20:00,-0.001
3/2/2020 21:00,-0.001
3/2/2020 22:00,-0.001
3/2/2020 23:00,-0.001
3/3/2020 0:00,-0.001
3/3/2020 1:00,-0.001
3/3/2020 2:00,-0.001
3/3/2020 3:00,-0.001
3/3/2020 4:00,-0.001
3/3/2020 5:00,-0.001
3/3/2020 6:00,-0.001
3/3/2020 7:00,0.2383
3/3/2020 8:00,0.5243
3/3/2020 9:00,0.749
3/3/2020 10:00,0.8562
3/3/2020 11:00,0.9316
3/3/2020 12:00,0.9473
3/3/2020 13:00,0.8718
3/3/2020 14:00,0.7318
3/3/2020 15:00,0.4564
3/3/2020 16:00,0.1922
3/3/2020 17:00,-0.001
3/3/2020 18:00,-0.001
3/3/2020 19:00,-0.001
3/3/2020 20:00,-0.001
3/3/2020 21:00,-0.001
3/3/2020 22:00,-0.001
3/3/2020 23:00,-0.001
3/4/2020 0:00,-0.001
3/4/2020 1:00,-0.001
3/4/2020 2:00,-0.001
3/4/2020 3:00,-0.001
3/4/2020 4:00,-0.001
3/4/2020 5:00,-0.001
3/4/2020 6:00,-0.001
3/4/2020 7:00,0.2315
3/4/2020 8:00,0.5088
3/4/2020 9:00,0.6673
3/4/2020 10:00,0.8051
3/4/2020 11:00,0.859
3/4/2020 12:00,0.8942
3/4/2020 13:00,0.7705
3/4/2020 14:00,0.6379
3/4/2020 15:00,0.4386
3/4/2020 16:00,0.2025
3/4/2020 17:00,-0.001
3/4/2020 18:00,-0.001
3/4/2020 19:00,-0.001
3/4/2020 20:00,-0.001
3/4/2020 21:00,-0.001
3/4/2020 22:00,-0.001
3/4/2020 23:00,-0.001
3/5/2020 0:00,-0.001
3/5/2020 1:00,-0.001
3/5/2020 2:00,-0.001
3/5/2020 3:00,-0.001
3/5/2020 4:00,-0.001
3/5/2020 5:00,-0.001
3/5/2020 6:00,-0.001
3/5/2020 7:00,0.2213
3/5/2020 8:00,0.5023
3/5/2020 9:00,0.7482
3/5/2020 10:00,0.9008
3/5/2020 11:00,0.9849
3/5/2020 12:00,0.9713
3/5/2020 13:00,0.8756
3/5/2020 14:00,0.7104
3/5/2020 15:00,0.4634
3/5/2020 16:00,0.1893
3/5/2020 17:00,-0.001
3/5/2020 18:00,-0.001
3/5/2020 19:00,-0.001
3/5/2020 20:00,-0.001
3/5/2020 21:00,-0.001
3/5/2020 22:00,-0.001
3/5/2020 23:00,-0.001
3/6/2020 0:00,-0.001
3/6/2020 1:00,-0.001
3/6/2020 2:00,-0.001
3/6/2020 3:00,-0.001
3/6/2020 4:00,-0.001
3/6/2020 5:00,-0.001
3/6/2020 6:00,0.0014
3/6/2020 7:00,0.1971
3/6/2020 8:00,0.4928
3/6/2020 9:00,0.7546
3/6/2020 10:00,0.8879
3/6/2020 11:00,0.9636
3/6/2020 12:00,0.8714
3/6/2020 13:00,0.7677
3/6/2020 14:00,0.5788
3/6/2020 15:00,0.336
3/6/2020 16:00,0.115
3/6/2020 17:00,-0.001
3/6/2020 18:00,-0.001
3/6/2020 19:00,-0.001
3/6/2020 20:00,-0.001
3/6/2020 21:00,-0.001
3/6/2020 22:00,-0.001
3/6/2020 23:00,-0.001
3/7/2020 0:00,-0.001
3/7/2020 1:00,-0.001
3/7/2020 2:00,-0.001
3/7/2020 3:00,-0.001
3/7/2020 4:00,-0.001
3/7/2020 5:00,-0.001
3/7/2020 6:00,0.0029
3/7/2020 7:00,0.2927
3/7/2020 8:00,0.5727
3/7/2020 9:00,0.7981
3/7/2020 10:00,0.9481
3/7/2020 11:00,1.014
3/7/2020 12:00,1.0232
3/7/2020 13:00,0.9404
3/7/2020 14:00,0.8044
3/7/2020 15:00,0.5831
3/7/2020 16:00,0.2834
3/7/2020 17:00,-0.001
3/7/2020 18:00,-0.001
3/7/2020 19:00,-0.001
3/7/2020 20:00,-0.001
3/7/2020 21:00,-0.001
3/7/2020 22:00,-0.001
3/7/2020 23:00,-0.001
3/8/2020 0:00,-0.001
3/8/2020 1:00,-0.001
3/8/2020 2:00,-0.001
3/8/2020 3:00,-0.001
3/8/2020 4:00,-0.001
3/8/2020 5:00,-0.001
3/8/2020 6:00,0.0047
3/8/2020 7:00,0.283
3/8/2020 8:00,0.5715
3/8/2020 9:00,0.767
3/8/2020 10:00,0.8793
3/8/2020 11:00,0.9414
3/8/2020 12:00,0.9082
3/8/2020 13:00,0.8126
3/8/2020 14:00,0.6741
3/8/2020 15:00,0.4658
3/8/2020 16:00,0.2071
3/8/2020 17:00,-0.001
3/8/2020 18:00,-0.001
3/8/2020 19:00,-0.001
3/8/2020 20:00,-0.001
3/8/2020 21:00,-0.001
3/8/2020 22:00,-0.001
3/8/2020 23:00,-0.001
3/9/2020 0:00,-0.001
3/9/2020 1:00,-0.001
3/9/2020 2:00,-0.001
3/9/2020 3:00,-0.001
3/9/2020 4:00,-0.001
3/9/2020 5:00,-0.001
3/9/2020 6:00,0.005
3/9/2020 7:00,0.3175
3/9/2020 8:00,0.6093
3/9/2020 9:00,0.8314
3/9/2020 10:00,0.9684
3/9/2020 11:00,1.0355
3/9/2020 12:00,1.0208
3/9/2020 13:00,0.9423
3/9/2020 14:00,0.7882
3/9/2020 15:00,0.5596
3/9/2020 16:00,0.2639
3/9/2020 17:00,-0.001
3/9/2020 18:00,-0.001
3/9/2020 19:00,-0.001
3/9/2020 20:00,-0.001
3/9/2020 21:00,-0.001
3/9/2020 22:00,-0.001
3/9/2020 23:00,-0.001
3/10/2020 0:00,-0.001
3/10/2020 1:00,-0.001
3/10/2020 2:00,-0.001
3/10/2020 3:00,-0.001
3/10/2020 4:00,-0.001
3/10/2020 5:00,-0.001
3/10/2020 6:00,0.0061
3/10/2020 7:00,0.2833
3/10/2020 8:00,0.554
3/10/2020 9:00,0.7766
3/10/2020 10:00,0.8974
3/10/2020 11:00,0.9601
3/10/2020 12:00,0.9656
3/10/2020 13:00,0.8856
3/10/2020 14:00,0.7498
3/10/2020 15:00,0.5361
3/10/2020 16:00,0.2661
3/10/2020 17:00,0.0017
3/10/2020 18:00,-0.001
3/10/2020 19:00,-0.001
3/10/2020 20:00,-0.001
3/10/2020 21:00,-0.001
3/10/2020 22:00,-0.001
3/10/2020 23:00,-0.001
3/11/2020 0:00,-0.001
3/11/2020 1:00,-0.001
3/11/2020 2:00,-0.001
3/11/2020 3:00,-0.001
3/11/2020 4:00,-0.001
3/11/2020 5:00,-0.001
3/11/2020 6:00,0.0077
3/11/2020 7:00,0.2992
3/11/2020 8:00,0.5803
3/11/2020 9:00,0.7991
3/11/2020 10:00,0.9419
3/11/2020 11:00,1.0047
3/11/2020 12:00,0.9826
3/11/2020 13:00,0.9037
3/11/2020 14:00,0.7658
3/11/2020 15:00,0.5362
3/11/2020 16:00,0.2559
3/11/2020 17:00,0.0012
3/11/2020 18:00,-0.001
3/11/2020 19:00,-0.001
3/11/2020 20:00,-0.001
3/11/2020 21:00,-0.001
3/11/2020 22:00,-0.001
3/11/2020 23:00,-0.001
3/12/2020 0:00,-0.001
3/12/2020 1:00,-0.001
3/12/2020 2:00,-0.001
3/12/2020 3:00,-0.001
3/12/2020 4:00,-0.001
3/12/2020 5:00,-0.001
3/12/2020 6:00,0.0097
3/12/2020 7:00,0.3254
3/12/2020 8:00,0.6148
3/12/2020 9:00,0.8235
3/12/2020 10:00,0.9641
3/12/2020 11:00,1.0202
3/12/2020 12:00,1.0063
3/12/2020 13:00,0.928
3/12/2020 14:00,0.7805
3/12/2020 15:00,0.559
3/12/2020 16:00,0.2713
3/12/2020 17:00,0.0015
3/12/2020 18:00,-0.001
3/12/2020 19:00,-0.001
3/12/2020 20:00,-0.001
3/12/2020 21:00,-0.001
3/12/2020 22:00,-0.001
3/12/2020 23:00,-0.001
3/13/2020 0:00,-0.001
3/13/2020 1:00,-0.001
3/13/2020 2:00,-0.001
3/13/2020 3:00,-0.001
3/13/2020 4:00,-0.001
3/13/2020 5:00,-0.001
3/13/2020 6:00,0.0127
3/13/2020 7:00,0.2774
3/13/2020 8:00,0.5394
3/13/2020 9:00,0.7697
3/13/2020 10:00,0.9131
3/13/2020 11:00,0.9875
3/13/2020 12:00,0.9548
3/13/2020 13:00,0.8418
3/13/2020 14:00,0.6874
3/13/2020 15:00,0.4605
3/13/2020 16:00,0.2018
3/13/2020 17:00,0.0015
3/13/2020 18:00,-0.001
3/13/2020 19:00,-0.001
3/13/2020 20:00,-0.001
3/13/2020 21:00,-0.001
3/13/2020 22:00,-0.001
3/13/2020 23:00,-0.001
3/14/2020 0:00,-0.001
3/14/2020 1:00,-0.001
3/14/2020 2:00,-0.001
3/14/2020 3:00,-0.001
3/14/2020 4:00,-0.001
3/14/2020 5:00,-0.001
3/14/2020 6:00,0.0131
3/14/2020 7:00,0.2555
3/14/2020 8:00,0.5558
3/14/2020 9:00,0.7812
3/14/2020 10:00,0.9109
3/14/2020 11:00,0.9746
3/14/2020 12:00,0.9803
3/14/2020 13:00,0.9026
3/14/2020 14:00,0.7484
3/14/2020 15:00,0.5143
3/14/2020 16:00,0.2332
3/14/2020 17:00,0.0042
3/14/2020 18:00,-0.001
3/14/2020 19:00,-0.001
3/14/2020 20:00,-0.001
3/14/2020 21:00,-0.001
3/14/2020 22:00,-0.001
3/14/2020 23:00,-0.001
3/15/2020 0:00,-0.001
3/15/2020 1:00,-0.001
3/15/2020 2:00,-0.001
3/15/2020 3:00,-0.001
3/15/2020 4:00,-0.001
3/15/2020 5:00,-0.001
3/15/2020 6:00,0.0143
3/15/2020 7:00,0.2557
3/15/2020 8:00,0.5552
3/15/2020 9:00,0.7535
3/15/2020 10:00,0.8942
3/15/2020 11:00,0.9671
3/15/2020 12:00,0.9653
3/15/2020 13:00,0.8752
3/15/2020 14:00,0.716
3/15/2020 15:00,0.4897
3/15/2020 16:00,0.2209
3/15/2020 17:00,0.0042
3/15/2020 18:00,-0.001
3/15/2020 19:00,-0.001
3/15/2020 20:00,-0.001
3/15/2020 21:00,-0.001
3/15/2020 22:00,-0.001
3/15/2020 23:00,-0.001
3/16/2020 0:00,-0.001
3/16/2020 1:00,-0.001
3/16/2020 2:00,-0.001
3/16/2020 3:00,-0.001
3/16/2020 4:00,-0.001
3/16/2020 5:00,-0.001
3/16/2020 6:00,0.0173
3/16/2020 7:00,0.2803
3/16/2020 8:00,0.5759
3/16/2020 9:00,0.7829
3/16/2020 10:00,0.9023
3/16/2020 11:00,0.9579
3/16/2020 12:00,0.9577
3/16/2020 13:00,0.8774
3/16/2020 14:00,0.7353
3/16/2020 15:00,0.5167
3/16/2020 16:00,0.245
3/16/2020 17:00,0.0044
3/16/2020 18:00,-0.001
3/16/2020 19:00,-0.001
3/16/2020 20:00,-0.001
3/16/2020 21:00,-0.001
3/16/2020 22:00,-0.001
3/16/2020 23:00,-0.001
3/17/2020 0:00,-0.001
3/17/2020 1:00,-0.001
3/17/2020 2:00,-0.001
3/17/2020 3:00,-0.001
3/17/2020 4:00,-0.001
3/17/2020 5:00,-0.001
3/17/2020 6:00,0.0613
3/17/2020 7:00,0.2974
3/17/2020 8:00,0.5594
3/17/2020 9:00,0.7781
3/17/2020 10:00,0.9127
3/17/2020 11:00,0.9848
3/17/2020 12:00,0.9745
3/17/2020 13:00,0.8833
3/17/2020 14:00,0.7302
3/17/2020 15:00,0.5218
3/17/2020 16:00,0.2464
3/17/2020 17:00,0.007
3/17/2020 18:00,-0.001
3/17/2020 19:00,-0.001
3/17/2020 20:00,-0.001
3/17/2020 21:00,-0.001
3/17/2020 22:00,-0.001
3/17/2020 23:00,-0.001
3/18/2020 0:00,-0.001
3/18/2020 1:00,-0.001
3/18/2020 2:00,-0.001
3/18/2020 3:00,-0.001
3/18/2020 4:00,-0.001
3/18/2020 5:00,-0.001
3/18/2020 6:00,0.0361
3/18/2020 7:00,0.2433
3/18/2020 8:00,0.4359
3/18/2020 9:00,0.5006
3/18/2020 10:00,0.6134
3/18/2020 11:00,0.7647
3/18/2020 12:00,0.8143
3/18/2020 13:00,0.6959
3/18/2020 14:00,0.6214
3/18/2020 15:00,0.4585
3/18/2020 16:00,0.2589
3/18/2020 17:00,0.0093
3/18/2020 18:00,-0.001
3/18/2020 19:00,-0.001
3/18/2020 20:00,-0.001
3/18/2020 21:00,-0.001
3/18/2020 22:00,-0.001
3/18/2020 23:00,-0.001
3/19/2020 0:00,-0.001
3/19/2020 1:00,-0.001
3/19/2020 2:00,-0.001
3/19/2020 3:00,-0.001
3/19/2020 4:00,-0.001
3/19/2020 5:00,-0.001
3/19/2020 6:00,-0.001
3/19/2020 7:00,0.0096
3/19/2020 8:00,0.1397
3/19/2020 9:00,0.7471
3/19/2020 10:00,0.696
3/19/2020 11:00,0.6393
3/19/2020 12:00,0.4476
3/19/2020 13:00,0.4583
3/19/2020 14:00,0.1809
3/19/2020 15:00,0.5327
3/19/2020 16:00,0.2592
3/19/2020 17:00,0.0376
3/19/2020 18:00,-0.001
3/19/2020 19:00,-0.001
3/19/2020 20:00,-0.001
3/19/2020 21:00,-0.001
3/19/2020 22:00,-0.001
3/19/2020 23:00,-0.001
3/20/2020 0:00,-0.001
3/20/2020 1:00,-0.001
3/20/2020 2:00,-0.001
3/20/2020 3:00,-0.001
3/20/2020 4:00,-0.001
3/20/2020 5:00,-0.001
3/20/2020 6:00,0.0471
3/20/2020 7:00,0.3016
3/20/2020 8:00,0.5527
3/20/2020 9:00,0.6692
3/20/2020 10:00,0.7984
3/20/2020 11:00,0.8724
3/20/2020 12:00,0.7243
3/20/2020 13:00,0.6075
3/20/2020 14:00,0.5915
3/20/2020 15:00,0.4859
3/20/2020 16:00,0.2524
3/20/2020 17:00,0.0132
3/20/2020 18:00,-0.001
3/20/2020 19:00,-0.001
3/20/2020 20:00,-0.001
3/20/2020 21:00,-0.001
3/20/2020 22:00,-0.001
3/20/2020 23:00,-0.001
3/21/2020 0:00,-0.001
3/21/2020 1:00,-0.001
3/21/2020 2:00,-0.001
3/21/2020 3:00,-0.001
3/21/2020 4:00,-0.001
3/21/2020 5:00,-0.001
3/21/2020 6:00,0.0807
3/21/2020 7:00,0.3474
3/21/2020 8:00,0.6347
3/21/2020 9:00,0.8474
3/21/2020 10:00,0.9751
3/21/2020 11:00,1.0276
3/21/2020 12:00,1.0169
3/21/2020 13:00,0.9332
3/21/2020 14:00,0.7799
3/21/2020 15:00,0.546
3/21/2020 16:00,0.2578
3/21/2020 17:00,0.0087
3/21/2020 18:00,-0.001
3/21/2020 19:00,-0.001
3/21/2020 20:00,-0.001
3/21/2020 21:00,-0.001
3/21/2020 22:00,-0.001
3/21/2020 23:00,-0.001
3/22/2020 0:00,-0.001
3/22/2020 1:00,-0.001
3/22/2020 2:00,-0.001
3/22/2020 3:00,-0.001
3/22/2020 4:00,-0.001
3/22/2020 5:00,-0.001
3/22/2020 6:00,0.0706
3/22/2020 7:00,0.2594
3/22/2020 8:00,0.4695
3/22/2020 9:00,0.7315
3/22/2020 10:00,0.8174
3/22/2020 11:00,0.9262
3/22/2020 12:00,0.8726
3/22/2020 13:00,0.7882
3/22/2020 14:00,0.6624
3/22/2020 15:00,0.4476
3/22/2020 16:00,0.2226
3/22/2020 17:00,0.0101
3/22/2020 18:00,-0.001
3/22/2020 19:00,-0.001
3/22/2020 20:00,-0.001
3/22/2020 21:00,-0.001
3/22/2020 22:00,-0.001
3/22/2020 23:00,-0.001
3/23/2020 0:00,-0.001
3/23/2020 1:00,-0.001
3/23/2020 2:00,-0.001
3/23/2020 3:00,-0.001
3/23/2020 4:00,-0.001
3/23/2020 5:00,-0.001
3/23/2020 6:00,0.0658
3/23/2020 7:00,0.2661
3/23/2020 8:00,0.4728
3/23/2020 9:00,0.6391
3/23/2020 10:00,0.7384
3/23/2020 11:00,0.7928
3/23/2020 12:00,0.8176
3/23/2020 13:00,0.7349
3/23/2020 14:00,0.6263
3/23/2020 15:00,0.4336
3/23/2020 16:00,0.1946
3/23/2020 17:00,0.0123
3/23/2020 18:00,-0.001
3/23/2020 19:00,-0.001
3/23/2020 20:00,-0.001
3/23/2020 21:00,-0.001
3/23/2020 22:00,-0.001
3/23/2020 23:00,-0.001
3/24/2020 0:00,-0.001
3/24/2020 1:00,-0.001
3/24/2020 2:00,-0.001
3/24/2020 3:00,-0.001
3/24/2020 4:00,-0.001
3/24/2020 5:00,-0.001
3/24/2020 6:00,0.0809
3/24/2020 7:00,0.3242
3/24/2020 8:00,0.5809
3/24/2020 9:00,0.7779
3/24/2020 10:00,0.9182
3/24/2020 11:00,0.9732
3/24/2020 12:00,0.9515
3/24/2020 13:00,0.8832
3/24/2020 14:00,0.748
3/24/2020 15:00,0.5441
3/24/2020 16:00,0.2583
3/24/2020 17:00,0.0156
3/24/2020 18:00,-0.001
3/24/2020 19:00,-0.001
3/24/2020 20:00,-0.001
3/24/2020 21:00,-0.001
3/24/2020 22:00,-0.001
3/24/2020 23:00,-0.001
3/25/2020 0:00,-0.001
3/25/2020 1:00,-0.001
3/25/2020 2:00,-0.001
3/25/2020 3:00,-0.001
3/25/2020 4:00,-0.001
3/25/2020 5:00,-0.001
3/25/2020 6:00,0.0859
3/25/2020 7:00,0.3436
3/25/2020 8:00,0.6063
3/25/2020 9:00,0.8098
3/25/2020 10:00,0.9327
3/25/2020 11:00,0.9823
3/25/2020 12:00,0.9595
3/25/2020 13:00,0.884
3/25/2020 14:00,0.726
3/25/2020 15:00,0.5068
3/25/2020 16:00,0.2358
3/25/2020 17:00,0.0143
3/25/2020 18:00,-0.001
3/25/2020 19:00,-0.001
3/25/2020 20:00,-0.001
3/25/2020 21:00,-0.001
3/25/2020 22:00,-0.001
3/25/2020 23:00,-0.001
3/26/2020 0:00,-0.001
3/26/2020 1:00,-0.001
3/26/2020 2:00,-0.001
3/26/2020 3:00,-0.001
3/26/2020 4:00,-0.001
3/26/2020 5:00,-0.001
3/26/2020 6:00,0.0749
3/26/2020 7:00,0.3012
3/26/2020 8:00,0.5257
3/26/2020 9:00,0.7219
3/26/2020 10:00,0.8638
3/26/2020 11:00,0.9175
3/26/2020 12:00,0.9263
3/26/2020 13:00,0.7725
3/26/2020 14:00,0.6387
3/26/2020 15:00,0.4441
3/26/2020 16:00,0.1989
3/26/2020 17:00,0.0158
3/26/2020 18:00,-0.001
3/26/2020 19:00,-0.001
3/26/2020 20:00,-0.001
3/26/2020 21:00,-0.001
3/26/2020 22:00,-0.001
3/26/2020 23:00,-0.001
3/27/2020 0:00,-0.001
3/27/2020 1:00,-0.001
3/27/2020 2:00,-0.001
3/27/2020 3:00,-0.001
3/27/2020 4:00,-0.001
3/27/2020 5:00,-0.001
3/27/2020 6:00,0.0864
3/27/2020 7:00,0.3364
3/27/2020 8:00,0.598
3/27/2020 9:00,0.7691
3/27/2020 10:00,0.8932
3/27/2020 11:00,0.9262
3/27/2020 12:00,0.8826
3/27/2020 13:00,0.7818
3/27/2020 14:00,0.643
3/27/2020 15:00,0.4334
3/27/2020 16:00,0.2084
3/27/2020 17:00,0.0334
3/27/2020 18:00,-0.001
3/27/2020 19:00,-0.001
3/27/2020 20:00,-0.001
3/27/2020 21:00,-0.001
3/27/2020 22:00,-0.001
3/27/2020 23:00,-0.001
3/28/2020 0:00,-0.001
3/28/2020 1:00,-0.001
3/28/2020 2:00,-0.001
3/28/2020 3:00,-0.001
3/28/2020 4:00,-0.001
3/28/2020 5:00,-0.001
3/28/2020 6:00,0.092
3/28/2020 7:00,0.3251
3/28/2020 8:00,0.5627
3/28/2020 9:00,0.7789
3/28/2020 10:00,0.7772
3/28/2020 11:00,0.8599
3/28/2020 12:00,0.7548
3/28/2020 13:00,0.6084
3/28/2020 14:00,0.4386
3/28/2020 15:00,0.3012
3/28/2020 16:00,0.1382
3/28/2020 17:00,0.023
3/28/2020 18:00,-0.001
3/28/2020 19:00,-0.001
3/28/2020 20:00,-0.001
3/28/2020 21:00,-0.001
3/28/2020 22:00,-0.001
3/28/2020 23:00,-0.001
3/29/2020 0:00,-0.001
3/29/2020 1:00,-0.001
3/29/2020 2:00,-0.001
3/29/2020 3:00,-0.001
3/29/2020 4:00,-0.001
3/29/2020 5:00,-0.001
3/29/2020 6:00,0.0881
3/29/2020 7:00,0.3257
3/29/2020 8:00,0.5669
3/29/2020 9:00,0.7665
3/29/2020 10:00,0.9006
3/29/2020 11:00,0.9554
3/29/2020 12:00,0.9363
3/29/2020 13:00,0.844
3/29/2020 14:00,0.6822
3/29/2020 15:00,0.4754
3/29/2020 16:00,0.2453
3/29/2020 17:00,0.0398
3/29/2020 18:00,-0.001
3/29/2020 19:00,-0.001
3/29/2020 20:00,-0.001
3/29/2020 21:00,-0.001
3/29/2020 22:00,-0.001
3/29/2020 23:00,-0.001
3/30/2020 0:00,-0.001
3/30/2020 1:00,-0.001
3/30/2020 2:00,-0.001
3/30/2020 3:00,-0.001
3/30/2020 4:00,-0.001
3/30/2020 5:00,-0.001
3/30/2020 6:00,0.0973
3/30/2020 7:00,0.3514
3/30/2020 8:00,0.6066
3/30/2020 9:00,0.8044
3/30/2020 10:00,0.9138
3/30/2020 11:00,0.9688
3/30/2020 12:00,0.9485
3/30/2020 13:00,0.8692
3/30/2020 14:00,0.7255
3/30/2020 15:00,0.5055
3/30/2020 16:00,0.2438
3/30/2020 17:00,0.0383
3/30/2020 18:00,-0.001
3/30/2020 19:00,-0.001
3/30/2020 20:00,-0.001
3/30/2020 21:00,-0.001
3/30/2020 22:00,-0.001
3/30/2020 23:00,-0.001
3/31/2020 0:00,-0.001
3/31/2020 1:00,-0.001
3/31/2020 2:00,-0.001
3/31/2020 3:00,-0.001
3/31/2020 4:00,-0.001
3/31/2020 5:00,-0.001
3/31/2020 6:00,0.1054
3/31/2020 7:00,0.3767
3/31/2020 8:00,0.647
3/31/2020 9:00,0.8368
3/31/2020 10:00,0.9562
3/31/2020 11:00,1.0135
3/31/2020 12:00,0.9961
3/31/2020 13:00,0.9132
3/31/2020 14:00,0.7684
3/31/2020 15:00,0.5337
3/31/2020 16:00,0.2564
3/31/2020 17:00,0.0395
3/31/2020 18:00,-0.001
3/31/2020 19:00,-0.001
3/31/2020 20:00,-0.001
3/31/2020 21:00,-0.001
3/31/2020 22:00,-0.001
3/31/2020 23:00,-0.001
4/1/2020 0:00,-0.001
4/1/2020 1:00,-0.001
4/1/2020 2:00,-0.001
4/1/2020 3:00,-0.001
4/1/2020 4:00,-0.001
4/1/2020 5:00,-0.001
4/1/2020 6:00,0.0977
4/1/2020 7:00,0.345
4/1/2020 8:00,0.5863
4/1/2020 9:00,0.789
4/1/2020 10:00,0.8803
4/1/2020 11:00,0.883
4/1/2020 12:00,0.863
4/1/2020 13:00,0.7646
4/1/2020 14:00,0.5893
4/1/2020 15:00,0.402
4/1/2020 16:00,0.1946
4/1/2020 17:00,0.0374
4/1/2020 18:00,-0.001
4/1/2020 19:00,-0.001
4/1/2020 20:00,-0.001
4/1/2020 21:00,-0.001
4/1/2020 22:00,-0.001
4/1/2020 23:00,-0.001
4/2/2020 0:00,-0.001
4/2/2020 1:00,-0.001
4/2/2020 2:00,-0.001
4/2/2020 3:00,-0.001
4/2/2020 4:00,-0.001
4/2/2020 5:00,-0.001
4/2/2020 6:00,0.1035
4/2/2020 7:00,0.3313
4/2/2020 8:00,0.5409
4/2/2020 9:00,0.7629
4/2/2020 10:00,0.83
4/2/2020 11:00,0.8778
4/2/2020 12:00,0.8687
4/2/2020 13:00,0.8414
4/2/2020 14:00,0.7137
4/2/2020 15:00,0.5155
4/2/2020 16:00,0.2574
4/2/2020 17:00,0.0418
4/2/2020 18:00,-0.001
4/2/2020 19:00,-0.001
4/2/2020 20:00,-0.001
4/2/2020 21:00,-0.001
4/2/2020 22:00,-0.001
4/2/2020 23:00,-0.001
4/3/2020 0:00,-0.001
4/3/2020 1:00,-0.001
4/3/2020 2:00,-0.001
4/3/2020 3:00,-0.001
4/3/2020 4:00,-0.001
4/3/2020 5:00,-0.001
4/3/2020 6:00,0.1096
4/3/2020 7:00,0.3661
4/3/2020 8:00,0.6069
4/3/2020 9:00,0.7791
4/3/2020 10:00,0.8968
4/3/2020 11:00,0.9506
4/3/2020 12:00,0.9362
4/3/2020 13:00,0.8654
4/3/2020 14:00,0.7268
4/3/2020 15:00,0.5172
4/3/2020 16:00,0.2559
4/3/2020 17:00,0.0439
4/3/2020 18:00,-0.001
4/3/2020 19:00,-0.001
4/3/2020 20:00,-0.001
4/3/2020 21:00,-0.001
4/3/2020 22:00,-0.001
4/3/2020 23:00,-0.001
4/4/2020 0:00,-0.001
4/4/2020 1:00,-0.001
4/4/2020 2:00,-0.001
4/4/2020 3:00,-0.001
4/4/2020 4:00,-0.001
4/4/2020 5:00,-0.001
4/4/2020 6:00,0.1037
4/4/2020 7:00,0.3456
4/4/2020 8:00,0.5867
4/4/2020 9:00,0.7605
4/4/2020 10:00,0.8612
4/4/2020 11:00,0.9105
4/4/2020 12:00,0.9098
4/4/2020 13:00,0.8371
4/4/2020 14:00,0.6931
4/4/2020 15:00,0.4874
4/4/2020 16:00,0.2371
4/4/2020 17:00,0.0397
4/4/2020 18:00,-0.001
4/4/2020 19:00,-0.001
4/4/2020 20:00,-0.001
4/4/2020 21:00,-0.001
4/4/2020 22:00,-0.001
4/4/2020 23:00,-0.001
4/5/2020 0:00,-0.001
4/5/2020 1:00,-0.001
4/5/2020 2:00,-0.001
4/5/2020 3:00,-0.001
4/5/2020 4:00,-0.001
4/5/2020 5:00,-0.001
4/5/2020 6:00,0.108
4/5/2020 7:00,0.3327
4/5/2020 8:00,0.5713
4/5/2020 9:00,0.7483
4/5/2020 10:00,0.8797
4/5/2020 11:00,0.8908
4/5/2020 12:00,0.8528
4/5/2020 13:00,0.8105
4/5/2020 14:00,0.6444
4/5/2020 15:00,0.4377
4/5/2020 16:00,0.2163
4/5/2020 17:00,0.0404
4/5/2020 18:00,-0.001
4/5/2020 19:00,-0.001
4/5/2020 20:00,-0.001
4/5/2020 21:00,-0.001
4/5/2020 22:00,-0.001
4/5/2020 23:00,-0.001
4/6/2020 0:00,-0.001
4/6/2020 1:00,-0.001
4/6/2020 2:00,-0.001
4/6/2020 3:00,-0.001
4/6/2020 4:00,-0.001
4/6/2020 5:00,-0.001
4/6/2020 6:00,0.1081
4/6/2020 7:00,0.3532
4/6/2020 8:00,0.5862
4/6/2020 9:00,0.7665
4/6/2020 10:00,0.8974
4/6/2020 11:00,0.941
4/6/2020 12:00,0.9257
4/6/2020 13:00,0.8363
4/6/2020 14:00,0.6901
4/6/2020 15:00,0.4797
4/6/2020 16:00,0.2286
4/6/2020 17:00,0.0435
4/6/2020 18:00,-0.001
4/6/2020 19:00,-0.001
4/6/2020 20:00,-0.001
4/6/2020 21:00,-0.001
4/6/2020 22:00,-0.001
4/6/2020 23:00,-0.001
4/7/2020 0:00,-0.001
4/7/2020 1:00,-0.001
4/7/2020 2:00,-0.001
4/7/2020 3:00,-0.001
4/7/2020 4:00,-0.001
4/7/2020 5:00,-0.001
4/7/2020 6:00,0.1114
4/7/2020 7:00,0.3446
4/7/2020 8:00,0.5787
4/7/2020 9:00,0.7749
4/7/2020 10:00,0.8953
4/7/2020 11:00,0.931
4/7/2020 12:00,0.9139
4/7/2020 13:00,0.8205
4/7/2020 14:00,0.6869
4/7/2020 15:00,0.4815
4/7/2020 16:00,0.2346
4/7/2020 17:00,0.0447
4/7/2020 18:00,-0.001
4/7/2020 19:00,-0.001
4/7/2020 20:00,-0.001
4/7/2020 21:00,-0.001
4/7/2020 22:00,-0.001
4/7/2020 23:00,-0.001
4/8/2020 0:00,-0.001
4/8/2020 1:00,-0.001
4/8/2020 2:00,-0.001
4/8/2020 3:00,-0.001
4/8/2020 4:00,-0.001
4/8/2020 5:00,-0.001
4/8/2020 6:00,0.1244
4/8/2020 7:00,0.3965
4/8/2020 8:00,0.6432
4/8/2020 9:00,0.8182
4/8/2020 10:00,0.93
4/8/2020 11:00,0.9728
4/8/2020 12:00,0.9534
4/8/2020 13:00,0.8705
4/8/2020 14:00,0.7227
4/8/2020 15:00,0.5139
4/8/2020 16:00,0.2512
4/8/2020 17:00,0.0414
4/8/2020 18:00,-0.001
4/8/2020 19:00,-0.001
4/8/2020 20:00,-0.001
4/8/2020 21:00,-0.001
4/8/2020 22:00,-0.001
4/8/2020 23:00,-0.001
4/9/2020 0:00,-0.001
4/9/2020 1:00,-0.001
4/9/2020 2:00,-0.001
4/9/2020 3:00,-0.001
4/9/2020 4:00,-0.001
4/9/2020 5:00,-0.001
4/9/2020 6:00,0.0411
4/9/2020 7:00,0.0626
4/9/2020 8:00,0.0894
4/9/2020 9:00,0.1387
4/9/2020 10:00,0.1627
4/9/2020 11:00,0.1947
4/9/2020 12:00,0.1998
4/9/2020 13:00,0.1834
4/9/2020 14:00,0.1586
4/9/2020 15:00,0.1181
4/9/2020 16:00,0.0553
4/9/2020 17:00,0.016
4/9/2020 18:00,-0.001
4/9/2020 19:00,-0.001
4/9/2020 20:00,-0.001
4/9/2020 21:00,-0.001
4/9/2020 22:00,-0.001
4/9/2020 23:00,-0.001
4/10/2020 0:00,-0.001
4/10/2020 1:00,-0.001
4/10/2020 2:00,-0.001
4/10/2020 3:00,-0.001
4/10/2020 4:00,-0.001
4/10/2020 5:00,0.0022
4/10/2020 6:00,0.1237
4/10/2020 7:00,0.3809
4/10/2020 8:00,0.6169
4/10/2020 9:00,0.7913
4/10/2020 10:00,0.9007
4/10/2020 11:00,0.9382
4/10/2020 12:00,0.9273
4/10/2020 13:00,0.8545
4/10/2020 14:00,0.7118
4/10/2020 15:00,0.4999
4/10/2020 16:00,0.2485
4/10/2020 17:00,0.041
4/10/2020 18:00,-0.001
4/10/2020 19:00,-0.001
4/10/2020 20:00,-0.001
4/10/2020 21:00,-0.001
4/10/2020 22:00,-0.001
4/10/2020 23:00,-0.001
4/11/2020 0:00,-0.001
4/11/2020 1:00,-0.001
4/11/2020 2:00,-0.001
4/11/2020 3:00,-0.001
4/11/2020 4:00,-0.001
4/11/2020 5:00,0.0035
4/11/2020 6:00,0.1264
4/11/2020 7:00,0.3784
4/11/2020 8:00,0.6194
4/11/2020 9:00,0.8017
4/11/2020 10:00,0.9146
4/11/2020 11:00,0.9566
4/11/2020 12:00,0.9254
4/11/2020 13:00,0.8328
4/11/2020 14:00,0.6936
4/11/2020 15:00,0.4943
4/11/2020 16:00,0.2494
4/11/2020 17:00,0.0427
4/11/2020 18:00,-0.001
4/11/2020 19:00,-0.001
4/11/2020 20:00,-0.001
4/11/2020 21:00,-0.001
4/11/2020 22:00,-0.001
4/11/2020 23:00,-0.001
4/12/2020 0:00,-0.001
4/12/2020 1:00,-0.001
4/12/2020 2:00,-0.001
4/12/2020 3:00,-0.001
4/12/2020 4:00,-0.001
4/12/2020 5:00,0.0043
4/12/2020 6:00,0.1251
4/12/2020 7:00,0.364
4/12/2020 8:00,0.5937
4/12/2020 9:00,0.7736
4/12/2020 10:00,0.8864
4/12/2020 11:00,0.9193
4/12/2020 12:00,0.8955
4/12/2020 13:00,0.8218
4/12/2020 14:00,0.6988
4/12/2020 15:00,0.4867
4/12/2020 16:00,0.2419
4/12/2020 17:00,0.0431
4/12/2020 18:00,-0.001
4/12/2020 19:00,-0.001
4/12/2020 20:00,-0.001
4/12/2020 21:00,-0.001
4/12/2020 22:00,-0.001
4/12/2020 23:00,-0.001
4/13/2020 0:00,-0.001
4/13/2020 1:00,-0.001
4/13/2020 2:00,-0.001
4/13/2020 3:00,-0.001
4/13/2020 4:00,-0.001
4/13/2020 5:00,0.0038
4/13/2020 6:00,0.1137
4/13/2020 7:00,0.2619
4/13/2020 8:00,0.4544
4/13/2020 9:00,0.5981
4/13/2020 10:00,0.6992
4/13/2020 11:00,0.7294
4/13/2020 12:00,0.6635
4/13/2020 13:00,0.6734
4/13/2020 14:00,0.5766
4/13/2020 15:00,0.3795
4/13/2020 16:00,0.1875
4/13/2020 17:00,0.0576
4/13/2020 18:00,-0.001
4/13/2020 19:00,-0.001
4/13/2020 20:00,-0.001
4/13/2020 21:00,-0.001
4/13/2020 22:00,-0.001
4/13/2020 23:00,-0.001
4/14/2020 0:00,-0.001
4/14/2020 1:00,-0.001
4/14/2020 2:00,-0.001
4/14/2020 3:00,-0.001
4/14/2020 4:00,-0.001
4/14/2020 5:00,0.0056
4/14/2020 6:00,0.1178
4/14/2020 7:00,0.2668
4/14/2020 8:00,0.567
4/14/2020 9:00,0.5147
4/14/2020 10:00,0.3477
4/14/2020 11:00,0.188
4/14/2020 12:00,0.5392
4/14/2020 13:00,0.5569
4/14/2020 14:00,0.7106
4/14/2020 15:00,0.5573
4/14/2020 16:00,0.2213
4/14/2020 17:00,0.0565
4/14/2020 18:00,-0.001
4/14/2020 19:00,-0.001
4/14/2020 20:00,-0.001
4/14/2020 21:00,-0.001
4/14/2020 22:00,-0.001
4/14/2020 23:00,-0.001
4/15/2020 0:00,-0.001
4/15/2020 1:00,-0.001
4/15/2020 2:00,-0.001
4/15/2020 3:00,-0.001
4/15/2020 4:00,-0.001
4/15/2020 5:00,0.0058
4/15/2020 6:00,0.1211
4/15/2020 7:00,0.2158
4/15/2020 8:00,0.2875
4/15/2020 9:00,0.4528
4/15/2020 10:00,0.7143
4/15/2020 11:00,0.6749
4/15/2020 12:00,0.7717
4/15/2020 13:00,0.7458
4/15/2020 14:00,0.7686
4/15/2020 15:00,0.5269
4/15/2020 16:00,0.2586
4/15/2020 17:00,0.0627
4/15/2020 18:00,-0.001
4/15/2020 19:00,-0.001
4/15/2020 20:00,-0.001
4/15/2020 21:00,-0.001
4/15/2020 22:00,-0.001
4/15/2020 23:00,-0.001
4/16/2020 0:00,-0.001
4/16/2020 1:00,-0.001
4/16/2020 2:00,-0.001
4/16/2020 3:00,-0.001
4/16/2020 4:00,-0.001
4/16/2020 5:00,0.0059
4/16/2020 6:00,0.1093
4/16/2020 7:00,0.2173
4/16/2020 8:00,0.3516
4/16/2020 9:00,0.4207
4/16/2020 10:00,0.4979
4/16/2020 11:00,0.5095
4/16/2020 12:00,0.5209
4/16/2020 13:00,0.5088
4/16/2020 14:00,0.4249
4/16/2020 15:00,0.31
4/16/2020 16:00,0.1583
4/16/2020 17:00,0.0443
4/16/2020 18:00,-0.001
4/16/2020 19:00,-0.001
4/16/2020 20:00,-0.001
4/16/2020 21:00,-0.001
4/16/2020 22:00,-0.001
4/16/2020 23:00,-0.001
4/17/2020 0:00,-0.001
4/17/2020 1:00,-0.001
4/17/2020 2:00,-0.001
4/17/2020 3:00,-0.001
4/17/2020 4:00,-0.001
4/17/2020 5:00,0.0116
4/17/2020 6:00,0.1485
4/17/2020 7:00,0.4172
4/17/2020 8:00,0.6723
4/17/2020 9:00,0.8549
4/17/2020 10:00,0.9687
4/17/2020 11:00,1.0081
4/17/2020 12:00,0.9836
4/17/2020 13:00,0.8999
4/17/2020 14:00,0.7506
4/17/2020 15:00,0.5337
4/17/2020 16:00,0.264
4/17/2020 17:00,0.0507
4/17/2020 18:00,-0.001
4/17/2020 19:00,-0.001
4/17/2020 20:00,-0.001
4/17/2020 21:00,-0.001
4/17/2020 22:00,-0.001
4/17/2020 23:00,-0.001
4/18/2020 0:00,-0.001
4/18/2020 1:00,-0.001
4/18/2020 2:00,-0.001
4/18/2020 3:00,-0.001
4/18/2020 4:00,-0.001
4/18/2020 5:00,0.0146
4/18/2020 6:00,0.1436
4/18/2020 7:00,0.3779
4/18/2020 8:00,0.6238
4/18/2020 9:00,0.8105
4/18/2020 10:00,0.8997
4/18/2020 11:00,0.9185
4/18/2020 12:00,0.9006
4/18/2020 13:00,0.7821
4/18/2020 14:00,0.6837
4/18/2020 15:00,0.4584
4/18/2020 16:00,0.2308
4/18/2020 17:00,0.0574
4/18/2020 18:00,-0.001
4/18/2020 19:00,-0.001
4/18/2020 20:00,-0.001
4/18/2020 21:00,-0.001
4/18/2020 22:00,-0.001
4/18/2020 23:00,-0.001
4/19/2020 0:00,-0.001
4/19/2020 1:00,-0.001
4/19/2020 2:00,-0.001
4/19/2020 3:00,-0.001
4/19/2020 4:00,-0.001
4/19/2020 5:00,0.0079
4/19/2020 6:00,0.0633
4/19/2020 7:00,0.1637
4/19/2020 8:00,0.2468
4/19/2020 9:00,0.5672
4/19/2020 10:00,0.3939
4/19/2020 11:00,0.6879
4/19/2020 12:00,0.9545
4/19/2020 13:00,0.8216
4/19/2020 14:00,0.7123
4/19/2020 15:00,0.5025
4/19/2020 16:00,0.2133
4/19/2020 17:00,0.0551
4/19/2020 18:00,-0.001
4/19/2020 19:00,-0.001
4/19/2020 20:00,-0.001
4/19/2020 21:00,-0.001
4/19/2020 22:00,-0.001
4/19/2020 23:00,-0.001
4/20/2020 0:00,-0.001
4/20/2020 1:00,-0.001
4/20/2020 2:00,-0.001
4/20/2020 3:00,-0.001
4/20/2020 4:00,-0.001
4/20/2020 5:00,0.0301
4/20/2020 6:00,0.147
4/20/2020 7:00,0.3806
4/20/2020 8:00,0.626
4/20/2020 9:00,0.8092
4/20/2020 10:00,0.9247
4/20/2020 11:00,0.9713
4/20/2020 12:00,0.9568
4/20/2020 13:00,0.8721
4/20/2020 14:00,0.7137
4/20/2020 15:00,0.498
4/20/2020 16:00,0.2483
4/20/2020 17:00,0.0676
4/20/2020 18:00,-0.001
4/20/2020 19:00,-0.001
4/20/2020 20:00,-0.001
4/20/2020 21:00,-0.001
4/20/2020 22:00,-0.001
4/20/2020 23:00,-0.001
4/21/2020 0:00,-0.001
4/21/2020 1:00,-0.001
4/21/2020 2:00,-0.001
4/21/2020 3:00,-0.001
4/21/2020 4:00,-0.001
4/21/2020 5:00,0.0327
4/21/2020 6:00,0.1487
4/21/2020 7:00,0.3784
4/21/2020 8:00,0.6108
4/21/2020 9:00,0.7871
4/21/2020 10:00,0.8916
4/21/2020 11:00,0.9518
4/21/2020 12:00,0.9001
4/21/2020 13:00,0.7955
4/21/2020 14:00,0.6505
4/21/2020 15:00,0.4724
4/21/2020 16:00,0.2271
4/21/2020 17:00,0.0612
4/21/2020 18:00,-0.001
4/21/2020 19:00,-0.001
4/21/2020 20:00,-0.001
4/21/2020 21:00,-0.001
4/21/2020 22:00,-0.001
4/21/2020 23:00,-0.001
4/22/2020 0:00,-0.001
4/22/2020 1:00,-0.001
4/22/2020 2:00,-0.001
4/22/2020 3:00,-0.001
4/22/2020 4:00,-0.001
4/22/2020 5:00,0.0339
4/22/2020 6:00,0.1411
4/22/2020 7:00,0.3704
4/22/2020 8:00,0.5869
4/22/2020 9:00,0.7411
4/22/2020 10:00,0.8732
4/22/2020 11:00,0.894
4/22/2020 12:00,0.877
4/22/2020 13:00,0.7423
4/22/2020 14:00,0.6135
4/22/2020 15:00,0.4263
4/22/2020 16:00,0.2138
4/22/2020 17:00,0.0542
4/22/2020 18:00,-0.001
4/22/2020 19:00,-0.001
4/22/2020 20:00,-0.001
4/22/2020 21:00,-0.001
4/22/2020 22:00,-0.001
4/22/2020 23:00,-0.001
4/23/2020 0:00,-0.001
4/23/2020 1:00,-0.001
4/23/2020 2:00,-0.001
4/23/2020 3:00,-0.001
4/23/2020 4:00,-0.001
4/23/2020 5:00,0.033
4/23/2020 6:00,0.1483
4/23/2020 7:00,0.3813
4/23/2020 8:00,0.6119
4/23/2020 9:00,0.7853
4/23/2020 10:00,0.8791
4/23/2020 11:00,0.9289
4/23/2020 12:00,0.9059
4/23/2020 13:00,0.8386
4/23/2020 14:00,0.7012
4/23/2020 15:00,0.4964
4/23/2020 16:00,0.2502
4/23/2020 17:00,0.0686
4/23/2020 18:00,-0.001
4/23/2020 19:00,-0.001
4/23/2020 20:00,-0.001
4/23/2020 21:00,-0.001
4/23/2020 22:00,-0.001
4/23/2020 23:00,-0.001
4/24/2020 0:00,-0.001
4/24/2020 1:00,-0.001
4/24/2020 2:00,-0.001
4/24/2020 3:00,-0.001
4/24/2020 4:00,-0.001
4/24/2020 5:00,0.0275
4/24/2020 6:00,0.1614
4/24/2020 7:00,0.4374
4/24/2020 8:00,0.6805
4/24/2020 9:00,0.8544
4/24/2020 10:00,0.9614
4/24/2020 11:00,0.9994
4/24/2020 12:00,0.9772
4/24/2020 13:00,0.8906
4/24/2020 14:00,0.7411
4/24/2020 15:00,0.5276
4/24/2020 16:00,0.2647
4/24/2020 17:00,0.0503
4/24/2020 18:00,-0.001
4/24/2020 19:00,-0.001
4/24/2020 20:00,-0.001
4/24/2020 21:00,-0.001
4/24/2020 22:00,-0.001
4/24/2020 23:00,-0.001
4/25/2020 0:00,-0.001
4/25/2020 1:00,-0.001
4/25/2020 2:00,-0.001
4/25/2020 3:00,-0.001
4/25/2020 4:00,-0.001
4/25/2020 5:00,0.0342
4/25/2020 6:00,0.1476
4/25/2020 7:00,0.4025
4/25/2020 8:00,0.617
4/25/2020 9:00,0.741
4/25/2020 10:00,0.811
4/25/2020 11:00,0.8665
4/25/2020 12:00,0.8566
4/25/2020 13:00,0.7543
4/25/2020 14:00,0.6486
4/25/2020 15:00,0.4522
4/25/2020 16:00,0.218
4/25/2020 17:00,0.0573
4/25/2020 18:00,-0.001
4/25/2020 19:00,-0.001
4/25/2020 20:00,-0.001
4/25/2020 21:00,-0.001
4/25/2020 22:00,-0.001
4/25/2020 23:00,-0.001
4/26/2020 0:00,-0.001
4/26/2020 1:00,-0.001
4/26/2020 2:00,-0.001
4/26/2020 3:00,-0.001
4/26/2020 4:00,-0.001
4/26/2020 5:00,0.0402
4/26/2020 6:00,0.1284
4/26/2020 7:00,0.3068
4/26/2020 8:00,0.5511
4/26/2020 9:00,0.7109
4/26/2020 10:00,0.787
4/26/2020 11:00,0.7608
4/26/2020 12:00,0.7422
4/26/2020 13:00,0.6847
4/26/2020 14:00,0.6546
4/26/2020 15:00,0.4859
4/26/2020 16:00,0.2426
4/26/2020 17:00,0.0658
4/26/2020 18:00,-0.001
4/26/2020 19:00,-0.001
4/26/2020 20:00,-0.001
4/26/2020 21:00,-0.001
4/26/2020 22:00,-0.001
4/26/2020 23:00,-0.001
4/27/2020 0:00,-0.001
4/27/2020 1:00,-0.001
4/27/2020 2:00,-0.001
4/27/2020 3:00,-0.001
4/27/2020 4:00,-0.001
4/27/2020 5:00,0.0416
4/27/2020 6:00,0.147
4/27/2020 7:00,0.3644
4/27/2020 8:00,0.5826
4/27/2020 9:00,0.7546
4/27/2020 10:00,0.8781
4/27/2020 11:00,0.8458
4/27/2020 12:00,0.8354
4/27/2020 13:00,0.7823
4/27/2020 14:00,0.6346
4/27/2020 15:00,0.4174
4/27/2020 16:00,0.2242
4/27/2020 17:00,0.0676
4/27/2020 18:00,-0.001
4/27/2020 19:00,-0.001
4/27/2020 20:00,-0.001
4/27/2020 21:00,-0.001
4/27/2020 22:00,-0.001
4/27/2020 23:00,-0.001
4/28/2020 0:00,-0.001
4/28/2020 1:00,-0.001
4/28/2020 2:00,-0.001
4/28/2020 3:00,-0.001
4/28/2020 4:00,-0.001
4/28/2020 5:00,0.0412
4/28/2020 6:00,0.1538
4/28/2020 7:00,0.344
4/28/2020 8:00,0.5348
4/28/2020 9:00,0.7344
4/28/2020 10:00,0.8605
4/28/2020 11:00,0.8853
4/28/2020 12:00,0.8457
4/28/2020 13:00,0.8095
4/28/2020 14:00,0.6371
4/28/2020 15:00,0.4048
4/28/2020 16:00,0.2044
4/28/2020 17:00,0.0667
4/28/2020 18:00,-0.001
4/28/2020 19:00,-0.001
4/28/2020 20:00,-0.001
4/28/2020 21:00,-0.001
4/28/2020 22:00,-0.001
4/28/2020 23:00,-0.001
4/29/2020 0:00,-0.001
4/29/2020 1:00,-0.001
4/29/2020 2:00,-0.001
4/29/2020 3:00,-0.001
4/29/2020 4:00,-0.001
4/29/2020 5:00,0.0417
4/29/2020 6:00,0.1535
4/29/2020 7:00,0.3566
4/29/2020 8:00,0.5563
4/29/2020 9:00,0.6952
4/29/2020 10:00,0.822
4/29/2020 11:00,0.8703
4/29/2020 12:00,0.8579
4/29/2020 13:00,0.7827
4/29/2020 14:00,0.655
4/29/2020 15:00,0.4618
4/29/2020 16:00,0.2357
4/29/2020 17:00,0.0588
4/29/2020 18:00,-0.001
4/29/2020 19:00,-0.001
4/29/2020 20:00,-0.001
4/29/2020 21:00,-0.001
4/29/2020 22:00,-0.001
4/29/2020 23:00,-0.001
4/30/2020 0:00,-0.001
4/30/2020 1:00,-0.001
4/30/2020 2:00,-0.001
4/30/2020 3:00,-0.001
4/30/2020 4:00,-0.001
4/30/2020 5:00,0.0326
4/30/2020 6:00,0.1515
4/30/2020 7:00,0.3854
4/30/2020 8:00,0.6152
4/30/2020 9:00,0.7782
4/30/2020 10:00,0.8608
4/30/2020 11:00,0.9043
4/30/2020 12:00,0.8918
4/30/2020 13:00,0.8168
4/30/2020 14:00,0.6814
4/30/2020 15:00,0.4816
4/30/2020 16:00,0.2486
4/30/2020 17:00,0.0569
4/30/2020 18:00,-0.001
4/30/2020 19:00,-0.001
4/30/2020 20:00,-0.001
4/30/2020 21:00,-0.001
4/30/2020 22:00,-0.001
4/30/2020 23:00,-0.001
5/1/2020 0:00,-0.001
5/1/2020 1:00,-0.001
5/1/2020 2:00,-0.001
5/1/2020 3:00,-0.001
5/1/2020 4:00,-0.001
5/1/2020 5:00,0.0395
5/1/2020 6:00,0.1534
5/1/2020 7:00,0.3911
5/1/2020 8:00,0.6141
5/1/2020 9:00,0.7846
5/1/2020 10:00,0.8787
5/1/2020 11:00,0.9095
5/1/2020 12:00,0.8871
5/1/2020 13:00,0.8118
5/1/2020 14:00,0.6792
5/1/2020 15:00,0.4776
5/1/2020 16:00,0.2359
5/1/2020 17:00,0.0581
5/1/2020 18:00,-0.001
5/1/2020 19:00,-0.001
5/1/2020 20:00,-0.001
5/1/2020 21:00,-0.001
5/1/2020 22:00,-0.001
5/1/2020 23:00,-0.001
5/2/2020 0:00,-0.001
5/2/2020 1:00,-0.001
5/2/2020 2:00,-0.001
5/2/2020 3:00,-0.001
5/2/2020 4:00,-0.001
5/2/2020 5:00,0.0298
5/2/2020 6:00,0.1429
5/2/2020 7:00,0.2853
5/2/2020 8:00,0.4372
5/2/2020 9:00,0.5804
5/2/2020 10:00,0.7504
5/2/2020 11:00,0.8424
5/2/2020 12:00,0.8277
5/2/2020 13:00,0.8002
5/2/2020 14:00,0.6551
5/2/2020 15:00,0.493
5/2/2020 16:00,0.2612
5/2/2020 17:00,0.0451
5/2/2020 18:00,0.0018
5/2/2020 19:00,-0.001
5/2/2020 20:00,-0.001
5/2/2020 21:00,-0.001
5/2/2020 22:00,-0.001
5/2/2020 23:00,-0.001
5/3/2020 0:00,-0.001
5/3/2020 1:00,-0.001
5/3/2020 2:00,-0.001
5/3/2020 3:00,-0.001
5/3/2020 4:00,-0.001
5/3/2020 5:00,0.0263
5/3/2020 6:00,0.1532
5/3/2020 7:00,0.3901
5/3/2020 8:00,0.5772
5/3/2020 9:00,0.7424
5/3/2020 10:00,0.8246
5/3/2020 11:00,0.8516
5/3/2020 12:00,0.8067
5/3/2020 13:00,0.7351
5/3/2020 14:00,0.6155
5/3/2020 15:00,0.4384
5/3/2020 16:00,0.2247
5/3/2020 17:00,0.0525
5/3/2020 18:00,-0.001
5/3/2020 19:00,-0.001
5/3/2020 20:00,-0.001
5/3/2020 21:00,-0.001
5/3/2020 22:00,-0.001
5/3/2020 23:00,-0.001
5/4/2020 0:00,-0.001
5/4/2020 1:00,-0.001
5/4/2020 2:00,-0.001
5/4/2020 3:00,-0.001
5/4/2020 4:00,-0.001
5/4/2020 5:00,0.0312
5/4/2020 6:00,0.1584
5/4/2020 7:00,0.4045
5/4/2020 8:00,0.6262
5/4/2020 9:00,0.7844
5/4/2020 10:00,0.8771
5/4/2020 11:00,0.9146
5/4/2020 12:00,0.9009
5/4/2020 13:00,0.8271
5/4/2020 14:00,0.6906
5/4/2020 15:00,0.481
5/4/2020 16:00,0.2372
5/4/2020 17:00,0.0488
5/4/2020 18:00,-0.001
5/4/2020 19:00,-0.001
5/4/2020 20:00,-0.001
5/4/2020 21:00,-0.001
5/4/2020 22:00,-0.001
5/4/2020 23:00,-0.001
5/5/2020 0:00,-0.001
5/5/2020 1:00,-0.001
5/5/2020 2:00,-0.001
5/5/2020 3:00,-0.001
5/5/2020 4:00,-0.001
5/5/2020 5:00,0.0353
5/5/2020 6:00,0.1594
5/5/2020 7:00,0.4077
5/5/2020 8:00,0.6265
5/5/2020 9:00,0.7845
5/5/2020 10:00,0.882
5/5/2020 11:00,0.9265
5/5/2020 12:00,0.8981
5/5/2020 13:00,0.8183
5/5/2020 14:00,0.6771
5/5/2020 15:00,0.4782
5/5/2020 16:00,0.2397
5/5/2020 17:00,0.0468
5/5/2020 18:00,0.0012
5/5/2020 19:00,-0.001
5/5/2020 20:00,-0.001
5/5/2020 21:00,-0.001
5/5/2020 22:00,-0.001
5/5/2020 23:00,-0.001
5/6/2020 0:00,-0.001
5/6/2020 1:00,-0.001
5/6/2020 2:00,-0.001
5/6/2020 3:00,-0.001
5/6/2020 4:00,-0.001
5/6/2020 5:00,0.033
5/6/2020 6:00,0.1573
5/6/2020 7:00,0.3721
5/6/2020 8:00,0.5689
5/6/2020 9:00,0.7226
5/6/2020 10:00,0.8312
5/6/2020 11:00,0.8609
5/6/2020 12:00,0.8504
5/6/2020 13:00,0.7927
5/6/2020 14:00,0.6601
5/6/2020 15:00,0.4583
5/6/2020 16:00,0.237
5/6/2020 17:00,0.0521
5/6/2020 18:00,0.002
5/6/2020 19:00,-0.001
5/6/2020 20:00,-0.001
5/6/2020 21:00,-0.001
5/6/2020 22:00,-0.001
5/6/2020 23:00,-0.001
5/7/2020 0:00,-0.001
5/7/2020 1:00,-0.001
5/7/2020 2:00,-0.001
5/7/2020 3:00,-0.001
5/7/2020 4:00,-0.001
5/7/2020 5:00,0.039
5/7/2020 6:00,0.162
5/7/2020 7:00,0.3928
5/7/2020 8:00,0.6171
5/7/2020 9:00,0.7671
5/7/2020 10:00,0.8692
5/7/2020 11:00,0.8814
5/7/2020 12:00,0.852
5/7/2020 13:00,0.7538
5/7/2020 14:00,0.6009
5/7/2020 15:00,0.4262
5/7/2020 16:00,0.2228
5/7/2020 17:00,0.0736
5/7/2020 18:00,0.001
5/7/2020 19:00,-0.001
5/7/2020 20:00,-0.001
5/7/2020 21:00,-0.001
5/7/2020 22:00,-0.001
5/7/2020 23:00,-0.001
5/8/2020 0:00,-0.001
5/8/2020 1:00,-0.001
5/8/2020 2:00,-0.001
5/8/2020 3:00,-0.001
5/8/2020 4:00,-0.001
5/8/2020 5:00,0.002
5/8/2020 6:00,0.0157
5/8/2020 7:00,0.1116
5/8/2020 8:00,0.1209
5/8/2020 9:00,0.1474
5/8/2020 10:00,0.6525
5/8/2020 11:00,1.0291
5/8/2020 12:00,1.0508
5/8/2020 13:00,0.8648
5/8/2020 14:00,0.1959
5/8/2020 15:00,0.208
5/8/2020 16:00,0.1354
5/8/2020 17:00,0.0217
5/8/2020 18:00,-0.001
5/8/2020 19:00,-0.001
5/8/2020 20:00,-0.001
5/8/2020 21:00,-0.001
5/8/2020 22:00,-0.001
5/8/2020 23:00,-0.001
5/9/2020 0:00,-0.001
5/9/2020 1:00,-0.001
5/9/2020 2:00,-0.001
5/9/2020 3:00,-0.001
5/9/2020 4:00,-0.001
5/9/2020 5:00,0.0423
5/9/2020 6:00,0.1651
5/9/2020 7:00,0.4087
5/9/2020 8:00,0.6298
5/9/2020 9:00,0.7985
5/9/2020 10:00,0.9047
5/9/2020 11:00,0.9404
5/9/2020 12:00,0.9172
5/9/2020 13:00,0.8359
5/9/2020 14:00,0.6984
5/9/2020 15:00,0.4903
5/9/2020 16:00,0.253
5/9/2020 17:00,0.0672
5/9/2020 18:00,0.0055
5/9/2020 19:00,-0.001
5/9/2020 20:00,-0.001
5/9/2020 21:00,-0.001
5/9/2020 22:00,-0.001
5/9/2020 23:00,-0.001
5/10/2020 0:00,-0.001
5/10/2020 1:00,-0.001
5/10/2020 2:00,-0.001
5/10/2020 3:00,-0.001
5/10/2020 4:00,-0.001
5/10/2020 5:00,0.0423
5/10/2020 6:00,0.1612
5/10/2020 7:00,0.3854
5/10/2020 8:00,0.6322
5/10/2020 9:00,0.7539
5/10/2020 10:00,0.7894
5/10/2020 11:00,0.7876
5/10/2020 12:00,0.7672
5/10/2020 13:00,0.7264
5/10/2020 14:00,0.6593
5/10/2020 15:00,0.4713
5/10/2020 16:00,0.2301
5/10/2020 17:00,0.0583
5/10/2020 18:00,0.0033
5/10/2020 19:00,-0.001
5/10/2020 20:00,-0.001
5/10/2020 21:00,-0.001
5/10/2020 22:00,-0.001
5/10/2020 23:00,-0.001
5/11/2020 0:00,-0.001
5/11/2020 1:00,-0.001
5/11/2020 2:00,-0.001
5/11/2020 3:00,-0.001
5/11/2020 4:00,-0.001
5/11/2020 5:00,0.0519
5/11/2020 6:00,0.1629
5/11/2020 7:00,0.3788
5/11/2020 8:00,0.5477
5/11/2020 9:00,0.6878
5/11/2020 10:00,0.8192
5/11/2020 11:00,0.8126
5/11/2020 12:00,0.852
5/11/2020 13:00,0.7515
5/11/2020 14:00,0.617
5/11/2020 15:00,0.454
5/11/2020 16:00,0.2447
5/11/2020 17:00,0.0544
5/11/2020 18:00,0.0084
5/11/2020 19:00,-0.001
5/11/2020 20:00,-0.001
5/11/2020 21:00,-0.001
5/11/2020 22:00,-0.001
5/11/2020 23:00,-0.001
5/12/2020 0:00,-0.001
5/12/2020 1:00,-0.001
5/12/2020 2:00,-0.001
5/12/2020 3:00,-0.001
5/12/2020 4:00,-0.001
5/12/2020 5:00,0.0368
5/12/2020 6:00,0.1635
5/12/2020 7:00,0.3782
5/12/2020 8:00,0.5505
5/12/2020 9:00,0.7327
5/12/2020 10:00,0.8172
5/12/2020 11:00,0.8405
5/12/2020 12:00,0.8144
5/12/2020 13:00,0.6649
5/12/2020 14:00,0.5952
5/12/2020 15:00,0.4349
5/12/2020 16:00,0.2286
5/12/2020 17:00,0.0588
5/12/2020 18:00,0.006
5/12/2020 19:00,-0.001
5/12/2020 20:00,-0.001
5/12/2020 21:00,-0.001
5/12/2020 22:00,-0.001
5/12/2020 23:00,-0.001
5/13/2020 0:00,-0.001
5/13/2020 1:00,-0.001
5/13/2020 2:00,-0.001
5/13/2020 3:00,-0.001
5/13/2020 4:00,-0.001
5/13/2020 5:00,0.042
5/13/2020 6:00,0.1654
5/13/2020 7:00,0.3467
5/13/2020 8:00,0.5146
5/13/2020 9:00,0.6959
5/13/2020 10:00,0.7988
5/13/2020 11:00,0.8425
5/13/2020 12:00,0.8112
5/13/2020 13:00,0.7663
5/13/2020 14:00,0.5952
5/13/2020 15:00,0.4208
5/13/2020 16:00,0.219
5/13/2020 17:00,0.0685
5/13/2020 18:00,0.0063
5/13/2020 19:00,-0.001
5/13/2020 20:00,-0.001
5/13/2020 21:00,-0.001
5/13/2020 22:00,-0.001
5/13/2020 23:00,-0.001
5/14/2020 0:00,-0.001
5/14/2020 1:00,-0.001
5/14/2020 2:00,-0.001
5/14/2020 3:00,-0.001
5/14/2020 4:00,-0.001
5/14/2020 5:00,0.0466
5/14/2020 6:00,0.1658
5/14/2020 7:00,0.3807
5/14/2020 8:00,0.5559
5/14/2020 9:00,0.7033
5/14/2020 10:00,0.779
5/14/2020 11:00,0.8091
5/14/2020 12:00,0.801
5/14/2020 13:00,0.7734
5/14/2020 14:00,0.5928
5/14/2020 15:00,0.3768
5/14/2020 16:00,0.2157
5/14/2020 17:00,0.0677
5/14/2020 18:00,0.0057
5/14/2020 19:00,-0.001
5/14/2020 20:00,-0.001
5/14/2020 21:00,-0.001
5/14/2020 22:00,-0.001
5/14/2020 23:00,-0.001
5/15/2020 0:00,-0.001
5/15/2020 1:00,-0.001
5/15/2020 2:00,-0.001
5/15/2020 3:00,-0.001
5/15/2020 4:00,-0.001
5/15/2020 5:00,0.0607
5/15/2020 6:00,0.1637
5/15/2020 7:00,0.2976
5/15/2020 8:00,0.5294
5/15/2020 9:00,0.777
5/15/2020 10:00,0.8594
5/15/2020 11:00,0.8377
5/15/2020 12:00,0.7885
5/15/2020 13:00,0.6496
5/15/2020 14:00,0.5369
5/15/2020 15:00,0.4109
5/15/2020 16:00,0.2205
5/15/2020 17:00,0.0803
5/15/2020 18:00,0.0066
5/15/2020 19:00,-0.001
5/15/2020 20:00,-0.001
5/15/2020 21:00,-0.001
5/15/2020 22:00,-0.001
5/15/2020 23:00,-0.001
5/16/2020 0:00,-0.001
5/16/2020 1:00,-0.001
5/16/2020 2:00,-0.001
5/16/2020 3:00,-0.001
5/16/2020 4:00,-0.001
5/16/2020 5:00,0.0591
5/16/2020 6:00,0.1687
5/16/2020 7:00,0.3387
5/16/2020 8:00,0.5572
5/16/2020 9:00,0.6346
5/16/2020 10:00,0.7992
5/16/2020 11:00,0.741
5/16/2020 12:00,0.813
5/16/2020 13:00,0.6571
5/16/2020 14:00,0.5553
5/16/2020 15:00,0.3612
5/16/2020 16:00,0.2126
5/16/2020 17:00,0.0804
5/16/2020 18:00,0.0065
5/16/2020 19:00,-0.001
5/16/2020 20:00,-0.001
5/16/2020 21:00,-0.001
5/16/2020 22:00,-0.001
5/16/2020 23:00,-0.001
5/17/2020 0:00,-0.001
5/17/2020 1:00,-0.001
5/17/2020 2:00,-0.001
5/17/2020 3:00,-0.001
5/17/2020 4:00,-0.001
5/17/2020 5:00,0.0356
5/17/2020 6:00,0.1733
5/17/2020 7:00,0.4317
5/17/2020 8:00,0.6563
5/17/2020 9:00,0.8185
5/17/2020 10:00,0.9185
5/17/2020 11:00,0.9541
5/17/2020 12:00,0.9321
5/17/2020 13:00,0.8501
5/17/2020 14:00,0.713
5/17/2020 15:00,0.5087
5/17/2020 16:00,0.2576
5/17/2020 17:00,0.0528
5/17/2020 18:00,0.0104
5/17/2020 19:00,-0.001
5/17/2020 20:00,-0.001
5/17/2020 21:00,-0.001
5/17/2020 22:00,-0.001
5/17/2020 23:00,-0.001
5/18/2020 0:00,-0.001
5/18/2020 1:00,-0.001
5/18/2020 2:00,-0.001
5/18/2020 3:00,-0.001
5/18/2020 4:00,-0.001
5/18/2020 5:00,0.056
5/18/2020 6:00,0.1388
5/18/2020 7:00,0.2506
5/18/2020 8:00,0.3596
5/18/2020 9:00,0.4321
5/18/2020 10:00,0.5719
5/18/2020 11:00,0.616
5/18/2020 12:00,0.6258
5/18/2020 13:00,0.5949
5/18/2020 14:00,0.6307
5/18/2020 15:00,0.4538
5/18/2020 16:00,0.2523
5/18/2020 17:00,0.0691
5/18/2020 18:00,0.0163
5/18/2020 19:00,-0.001
5/18/2020 20:00,-0.001
5/18/2020 21:00,-0.001
5/18/2020 22:00,-0.001
5/18/2020 23:00,-0.001
5/19/2020 0:00,-0.001
5/19/2020 1:00,-0.001
5/19/2020 2:00,-0.001
5/19/2020 3:00,-0.001
5/19/2020 4:00,-0.001
5/19/2020 5:00,0.0275
5/19/2020 6:00,0.1722
5/19/2020 7:00,0.4338
5/19/2020 8:00,0.6562
5/19/2020 9:00,0.8151
5/19/2020 10:00,0.9099
5/19/2020 11:00,0.9433
5/19/2020 12:00,0.9216
5/19/2020 13:00,0.8447
5/19/2020 14:00,0.7073
5/19/2020 15:00,0.5077
5/19/2020 16:00,0.2579
5/19/2020 17:00,0.0422
5/19/2020 18:00,0.0116
5/19/2020 19:00,-0.001
5/19/2020 20:00,-0.001
5/19/2020 21:00,-0.001
5/19/2020 22:00,-0.001
5/19/2020 23:00,-0.001
5/20/2020 0:00,-0.001
5/20/2020 1:00,-0.001
5/20/2020 2:00,-0.001
5/20/2020 3:00,-0.001
5/20/2020 4:00,-0.001
5/20/2020 5:00,0.0564
5/20/2020 6:00,0.1551
5/20/2020 7:00,0.3228
5/20/2020 8:00,0.5455
5/20/2020 9:00,0.6077
5/20/2020 10:00,0.8134
5/20/2020 11:00,0.3401
5/20/2020 12:00,0.4294
5/20/2020 13:00,0.6262
5/20/2020 14:00,0.5201
5/20/2020 15:00,0.3746
5/20/2020 16:00,0.2444
5/20/2020 17:00,0.0744
5/20/2020 18:00,0.0169
5/20/2020 19:00,-0.001
5/20/2020 20:00,-0.001
5/20/2020 21:00,-0.001
5/20/2020 22:00,-0.001
5/20/2020 23:00,-0.001
5/21/2020 0:00,-0.001
5/21/2020 1:00,-0.001
5/21/2020 2:00,-0.001
5/21/2020 3:00,-0.001
5/21/2020 4:00,-0.001
5/21/2020 5:00,0.0556
5/21/2020 6:00,0.1657
5/21/2020 7:00,0.3296
5/21/2020 8:00,0.6769
5/21/2020 9:00,0.8743
5/21/2020 10:00,0.9507
5/21/2020 11:00,0.3807
5/21/2020 12:00,0.2904
5/21/2020 13:00,0.2584
5/21/2020 14:00,0.3547
5/21/2020 15:00,0.3065
5/21/2020 16:00,0.1959
5/21/2020 17:00,0.0736
5/21/2020 18:00,0.0248
5/21/2020 19:00,-0.001
5/21/2020 20:00,-0.001
5/21/2020 21:00,-0.001
5/21/2020 22:00,-0.001
5/21/2020 23:00,-0.001
5/22/2020 0:00,-0.001
5/22/2020 1:00,-0.001
5/22/2020 2:00,-0.001
5/22/2020 3:00,-0.001
5/22/2020 4:00,-0.001
5/22/2020 5:00,0.058
5/22/2020 6:00,0.1625
5/22/2020 7:00,0.3378
5/22/2020 8:00,0.5084
5/22/2020 9:00,0.6728
5/22/2020 10:00,0.7482
5/22/2020 11:00,0.7914
5/22/2020 12:00,0.7634
5/22/2020 13:00,0.7074
5/22/2020 14:00,0.6231
5/22/2020 15:00,0.4567
5/22/2020 16:00,0.2499
5/22/2020 17:00,0.0648
5/22/2020 18:00,0.02
5/22/2020 19:00,-0.001
5/22/2020 20:00,-0.001
5/22/2020 21:00,-0.001
5/22/2020 22:00,-0.001
5/22/2020 23:00,-0.001
5/23/2020 0:00,-0.001
5/23/2020 1:00,-0.001
5/23/2020 2:00,-0.001
5/23/2020 3:00,-0.001
5/23/2020 4:00,-0.001
5/23/2020 5:00,0.0294
5/23/2020 6:00,0.1771
5/23/2020 7:00,0.446
5/23/2020 8:00,0.6772
5/23/2020 9:00,0.8416
5/23/2020 10:00,0.9381
5/23/2020 11:00,0.9724
5/23/2020 12:00,0.9478
5/23/2020 13:00,0.8661
5/23/2020 14:00,0.7206
5/23/2020 15:00,0.5164
5/23/2020 16:00,0.2629
5/23/2020 17:00,0.0442
5/23/2020 18:00,0.0189
5/23/2020 19:00,-0.001
5/23/2020 20:00,-0.001
5/23/2020 21:00,-0.001
5/23/2020 22:00,-0.001
5/23/2020 23:00,-0.001
5/24/2020 0:00,-0.001
5/24/2020 1:00,-0.001
5/24/2020 2:00,-0.001
5/24/2020 3:00,-0.001
5/24/2020 4:00,-0.001
5/24/2020 5:00,0.0468
5/24/2020 6:00,0.1734
5/24/2020 7:00,0.3415
5/24/2020 8:00,0.5946
5/24/2020 9:00,0.849
5/24/2020 10:00,0.9763
5/24/2020 11:00,0.568
5/24/2020 12:00,0.4726
5/24/2020 13:00,0.5494
5/24/2020 14:00,0.3981
5/24/2020 15:00,0.2606
5/24/2020 16:00,0.163
5/24/2020 17:00,0.077
5/24/2020 18:00,0.0129
5/24/2020 19:00,-0.001
5/24/2020 20:00,-0.001
5/24/2020 21:00,-0.001
5/24/2020 22:00,-0.001
5/24/2020 23:00,-0.001
5/25/2020 0:00,-0.001
5/25/2020 1:00,-0.001
5/25/2020 2:00,-0.001
5/25/2020 3:00,-0.001
5/25/2020 4:00,-0.001
5/25/2020 5:00,0.0294
5/25/2020 6:00,0.1712
5/25/2020 7:00,0.4256
5/25/2020 8:00,0.6475
5/25/2020 9:00,0.8026
5/25/2020 10:00,0.8903
5/25/2020 11:00,0.923
5/25/2020 12:00,0.8996
5/25/2020 13:00,0.8202
5/25/2020 14:00,0.6855
5/25/2020 15:00,0.4902
5/25/2020 16:00,0.2509
5/25/2020 17:00,0.0522
5/25/2020 18:00,0.0183
5/25/2020 19:00,-0.001
5/25/2020 20:00,-0.001
5/25/2020 21:00,-0.001
5/25/2020 22:00,-0.001
5/25/2020 23:00,-0.001
5/26/2020 0:00,-0.001
5/26/2020 1:00,-0.001
5/26/2020 2:00,-0.001
5/26/2020 3:00,-0.001
5/26/2020 4:00,0.0007
5/26/2020 5:00,0.0329
5/26/2020 6:00,0.1638
5/26/2020 7:00,0.4087
5/26/2020 8:00,0.6209
5/26/2020 9:00,0.7675
5/26/2020 10:00,0.8592
5/26/2020 11:00,0.8878
5/26/2020 12:00,0.8611
5/26/2020 13:00,0.7936
5/26/2020 14:00,0.6629
5/26/2020 15:00,0.4777
5/26/2020 16:00,0.2449
5/26/2020 17:00,0.0534
5/26/2020 18:00,0.0235
5/26/2020 19:00,-0.001
5/26/2020 20:00,-0.001
5/26/2020 21:00,-0.001
5/26/2020 22:00,-0.001
5/26/2020 23:00,-0.001
5/27/2020 0:00,-0.001
5/27/2020 1:00,-0.001
5/27/2020 2:00,-0.001
5/27/2020 3:00,-0.001
5/27/2020 4:00,0.0008
5/27/2020 5:00,0.0351
5/27/2020 6:00,0.1638
5/27/2020 7:00,0.4028
5/27/2020 8:00,0.6099
5/27/2020 9:00,0.7607
5/27/2020 10:00,0.846
5/27/2020 11:00,0.8799
5/27/2020 12:00,0.8625
5/27/2020 13:00,0.791
5/27/2020 14:00,0.6641
5/27/2020 15:00,0.4752
5/27/2020 16:00,0.2445
5/27/2020 17:00,0.0527
5/27/2020 18:00,0.0194
5/27/2020 19:00,-0.001
5/27/2020 20:00,-0.001
5/27/2020 21:00,-0.001
5/27/2020 22:00,-0.001
5/27/2020 23:00,-0.001
5/28/2020 0:00,-0.001
5/28/2020 1:00,-0.001
5/28/2020 2:00,-0.001
5/28/2020 3:00,-0.001
5/28/2020 4:00,-0.001
5/28/2020 5:00,0.063
5/28/2020 6:00,0.1598
5/28/2020 7:00,0.3394
5/28/2020 8:00,0.4306
5/28/2020 9:00,0.6153
5/28/2020 10:00,0.7656
5/28/2020 11:00,0.7602
5/28/2020 12:00,0.7683
5/28/2020 13:00,0.6344
5/28/2020 14:00,0.6379
5/28/2020 15:00,0.4687
5/28/2020 16:00,0.2439
5/28/2020 17:00,0.0618
5/28/2020 18:00,0.024
5/28/2020 19:00,-0.001
5/28/2020 20:00,-0.001
5/28/2020 21:00,-0.001
5/28/2020 22:00,-0.001
5/28/2020 23:00,-0.001
5/29/2020 0:00,-0.001
5/29/2020 1:00,-0.001
5/29/2020 2:00,-0.001
5/29/2020 3:00,-0.001
5/29/2020 4:00,-0.001
5/29/2020 5:00,0.0484
5/29/2020 6:00,0.1628
5/29/2020 7:00,0.3569
5/29/2020 8:00,0.5641
5/29/2020 9:00,0.6932
5/29/2020 10:00,0.8154
5/29/2020 11:00,0.8235
5/29/2020 12:00,0.8004
5/29/2020 13:00,0.7277
5/29/2020 14:00,0.5788
5/29/2020 15:00,0.3946
5/29/2020 16:00,0.2217
5/29/2020 17:00,0.0903
5/29/2020 18:00,0.0249
5/29/2020 19:00,-0.001
5/29/2020 20:00,-0.001
5/29/2020 21:00,-0.001
5/29/2020 22:00,-0.001
5/29/2020 23:00,-0.001
5/30/2020 0:00,-0.001
5/30/2020 1:00,-0.001
5/30/2020 2:00,-0.001
5/30/2020 3:00,-0.001
5/30/2020 4:00,0.002
5/30/2020 5:00,0.0416
5/30/2020 6:00,0.1653
5/30/2020 7:00,0.3837
5/30/2020 8:00,0.5767
5/30/2020 9:00,0.7186
5/30/2020 10:00,0.8078
5/30/2020 11:00,0.8558
5/30/2020 12:00,0.8632
5/30/2020 13:00,0.7778
5/30/2020 14:00,0.6424
5/30/2020 15:00,0.4684
5/30/2020 16:00,0.2482
5/30/2020 17:00,0.0562
5/30/2020 18:00,0.0203
5/30/2020 19:00,-0.001
5/30/2020 20:00,-0.001
5/30/2020 21:00,-0.001
5/30/2020 22:00,-0.001
5/30/2020 23:00,-0.001
5/31/2020 0:00,-0.001
5/31/2020 1:00,-0.001
5/31/2020 2:00,-0.001
5/31/2020 3:00,-0.001
5/31/2020 4:00,0.0011
5/31/2020 5:00,0.0555
5/31/2020 6:00,0.1463
5/31/2020 7:00,0.3404
5/31/2020 8:00,0.5168
5/31/2020 9:00,0.5863
5/31/2020 10:00,0.748
5/31/2020 11:00,0.6985
5/31/2020 12:00,0.7201
5/31/2020 13:00,0.7351
5/31/2020 14:00,0.6237
5/31/2020 15:00,0.4235
5/31/2020 16:00,0.2293
5/31/2020 17:00,0.0628
5/31/2020 18:00,0.0187
5/31/2020 19:00,-0.001
5/31/2020 20:00,-0.001
5/31/2020 21:00,-0.001
5/31/2020 22:00,-0.001
5/31/2020 23:00,-0.001
6/1/2020 0:00,-0.001
6/1/2020 1:00,-0.001
6/1/2020 2:00,-0.001
6/1/2020 3:00,-0.001
6/1/2020 4:00,0.001
6/1/2020 5:00,0.0374
6/1/2020 6:00,0.1591
6/1/2020 7:00,0.383
6/1/2020 8:00,0.5869
6/1/2020 9:00,0.7371
6/1/2020 10:00,0.8273
6/1/2020 11:00,0.8648
6/1/2020 12:00,0.8451
6/1/2020 13:00,0.7702
6/1/2020 14:00,0.6432
6/1/2020 15:00,0.4604
6/1/2020 16:00,0.2409
6/1/2020 17:00,0.0575
6/1/2020 18:00,0.0185
6/1/2020 19:00,-0.001
6/1/2020 20:00,-0.001
6/1/2020 21:00,-0.001
6/1/2020 22:00,-0.001
6/1/2020 23:00,-0.001
6/2/2020 0:00,-0.001
6/2/2020 1:00,-0.001
6/2/2020 2:00,-0.001
6/2/2020 3:00,-0.001
6/2/2020 4:00,0.0016
6/2/2020 5:00,0.0571
6/2/2020 6:00,0.1579
6/2/2020 7:00,0.3594
6/2/2020 8:00,0.5491
6/2/2020 9:00,0.6915
6/2/2020 10:00,0.7615
6/2/2020 11:00,0.7925
6/2/2020 12:00,0.7765
6/2/2020 13:00,0.6807
6/2/2020 14:00,0.5828
6/2/2020 15:00,0.4215
6/2/2020 16:00,0.2201
6/2/2020 17:00,0.0645
6/2/2020 18:00,0.0174
6/2/2020 19:00,-0.001
6/2/2020 20:00,-0.001
6/2/2020 21:00,-0.001
6/2/2020 22:00,-0.001
6/2/2020 23:00,-0.001
6/3/2020 0:00,-0.001
6/3/2020 1:00,-0.001
6/3/2020 2:00,-0.001
6/3/2020 3:00,-0.001
6/3/2020 4:00,0.002
6/3/2020 5:00,0.031
6/3/2020 6:00,0.1633
6/3/2020 7:00,0.4171
6/3/2020 8:00,0.6391
6/3/2020 9:00,0.7989
6/3/2020 10:00,0.8957
6/3/2020 11:00,0.9318
6/3/2020 12:00,0.9132
6/3/2020 13:00,0.8337
6/3/2020 14:00,0.7023
6/3/2020 15:00,0.505
6/3/2020 16:00,0.264
6/3/2020 17:00,0.0526
6/3/2020 18:00,0.0199
6/3/2020 19:00,-0.001
6/3/2020 20:00,-0.001
6/3/2020 21:00,-0.001
6/3/2020 22:00,-0.001
6/3/2020 23:00,-0.001
6/4/2020 0:00,-0.001
6/4/2020 1:00,-0.001
6/4/2020 2:00,-0.001
6/4/2020 3:00,-0.001
6/4/2020 4:00,-0.001
6/4/2020 5:00,0.0568
6/4/2020 6:00,0.1649
6/4/2020 7:00,0.316
6/4/2020 8:00,0.465
6/4/2020 9:00,0.59
6/4/2020 10:00,0.6921
6/4/2020 11:00,0.7238
6/4/2020 12:00,0.7125
6/4/2020 13:00,0.6179
6/4/2020 14:00,0.5174
6/4/2020 15:00,0.3771
6/4/2020 16:00,0.2212
6/4/2020 17:00,0.0827
6/4/2020 18:00,0.025
6/4/2020 19:00,-0.001
6/4/2020 20:00,-0.001
6/4/2020 21:00,-0.001
6/4/2020 22:00,-0.001
6/4/2020 23:00,-0.001
6/5/2020 0:00,-0.001
6/5/2020 1:00,-0.001
6/5/2020 2:00,-0.001
6/5/2020 3:00,-0.001
6/5/2020 4:00,-0.001
6/5/2020 5:00,0.0519
6/5/2020 6:00,0.1106
6/5/2020 7:00,0.2091
6/5/2020 8:00,0.2428
6/5/2020 9:00,0.415
6/5/2020 10:00,0.2489
6/5/2020 11:00,0.3616
6/5/2020 12:00,0.3118
6/5/2020 13:00,0.4233
6/5/2020 14:00,0.6365
6/5/2020 15:00,0.5503
6/5/2020 16:00,0.2885
6/5/2020 17:00,0.0655
6/5/2020 18:00,0.0193
6/5/2020 19:00,-0.001
6/5/2020 20:00,-0.001
6/5/2020 21:00,-0.001
6/5/2020 22:00,-0.001
6/5/2020 23:00,-0.001
6/6/2020 0:00,-0.001
6/6/2020 1:00,-0.001
6/6/2020 2:00,-0.001
6/6/2020 3:00,-0.001
6/6/2020 4:00,0.0016
6/6/2020 5:00,0.0404
6/6/2020 6:00,0.1583
6/6/2020 7:00,0.3736
6/6/2020 8:00,0.5715
6/6/2020 9:00,0.7196
6/6/2020 10:00,0.8106
6/6/2020 11:00,0.8476
6/6/2020 12:00,0.8288
6/6/2020 13:00,0.7553
6/6/2020 14:00,0.6313
6/6/2020 15:00,0.4509
6/6/2020 16:00,0.2394
6/6/2020 17:00,0.0649
6/6/2020 18:00,0.0229
6/6/2020 19:00,-0.001
6/6/2020 20:00,-0.001
6/6/2020 21:00,-0.001
6/6/2020 22:00,-0.001
6/6/2020 23:00,-0.001
6/7/2020 0:00,-0.001
6/7/2020 1:00,-0.001
6/7/2020 2:00,-0.001
6/7/2020 3:00,-0.001
6/7/2020 4:00,0.0019
6/7/2020 5:00,0.0443
6/7/2020 6:00,0.1588
6/7/2020 7:00,0.3472
6/7/2020 8:00,0.5157
6/7/2020 9:00,0.6471
6/7/2020 10:00,0.7208
6/7/2020 11:00,0.7612
6/7/2020 12:00,0.7479
6/7/2020 13:00,0.6755
6/7/2020 14:00,0.5669
6/7/2020 15:00,0.4165
6/7/2020 16:00,0.2358
6/7/2020 17:00,0.0742
6/7/2020 18:00,0.0219
6/7/2020 19:00,-0.001
6/7/2020 20:00,-0.001
6/7/2020 21:00,-0.001
6/7/2020 22:00,-0.001
6/7/2020 23:00,-0.001
6/8/2020 0:00,-0.001
6/8/2020 1:00,-0.001
6/8/2020 2:00,-0.001
6/8/2020 3:00,-0.001
6/8/2020 4:00,0.0012
6/8/2020 5:00,0.0584
6/8/2020 6:00,0.1626
6/8/2020 7:00,0.3143
6/8/2020 8:00,0.4197
6/8/2020 9:00,0.5935
6/8/2020 10:00,0.7525
6/8/2020 11:00,0.778
6/8/2020 12:00,0.7828
6/8/2020 13:00,0.7025
6/8/2020 14:00,0.5936
6/8/2020 15:00,0.4554
6/8/2020 16:00,0.258
6/8/2020 17:00,0.0667
6/8/2020 18:00,0.0292
6/8/2020 19:00,-0.001
6/8/2020 20:00,-0.001
6/8/2020 21:00,-0.001
6/8/2020 22:00,-0.001
6/8/2020 23:00,-0.001
6/9/2020 0:00,-0.001
6/9/2020 1:00,-0.001
6/9/2020 2:00,-0.001
6/9/2020 3:00,-0.001
6/9/2020 4:00,0.0029
6/9/2020 5:00,0.0391
6/9/2020 6:00,0.1564
6/9/2020 7:00,0.3815
6/9/2020 8:00,0.5781
6/9/2020 9:00,0.7131
6/9/2020 10:00,0.8132
6/9/2020 11:00,0.8534
6/9/2020 12:00,0.8523
6/9/2020 13:00,0.7661
6/9/2020 14:00,0.6338
6/9/2020 15:00,0.452
6/9/2020 16:00,0.2402
6/9/2020 17:00,0.0684
6/9/2020 18:00,0.0232
6/9/2020 19:00,-0.001
6/9/2020 20:00,-0.001
6/9/2020 21:00,-0.001
6/9/2020 22:00,-0.001
6/9/2020 23:00,-0.001
6/10/2020 0:00,-0.001
6/10/2020 1:00,-0.001
6/10/2020 2:00,-0.001
6/10/2020 3:00,-0.001
6/10/2020 4:00,0.0021
6/10/2020 5:00,0.0404
6/10/2020 6:00,0.1578
6/10/2020 7:00,0.3742
6/10/2020 8:00,0.5741
6/10/2020 9:00,0.7213
6/10/2020 10:00,0.8158
6/10/2020 11:00,0.8298
6/10/2020 12:00,0.8193
6/10/2020 13:00,0.7488
6/10/2020 14:00,0.6096
6/10/2020 15:00,0.4468
6/10/2020 16:00,0.2357
6/10/2020 17:00,0.0692
6/10/2020 18:00,0.0228
6/10/2020 19:00,-0.001
6/10/2020 20:00,-0.001
6/10/2020 21:00,-0.001
6/10/2020 22:00,-0.001
6/10/2020 23:00,-0.001
6/11/2020 0:00,-0.001
6/11/2020 1:00,-0.001
6/11/2020 2:00,-0.001
6/11/2020 3:00,-0.001
6/11/2020 4:00,0.0024
6/11/2020 5:00,0.0388
6/11/2020 6:00,0.154
6/11/2020 7:00,0.3701
6/11/2020 8:00,0.571
6/11/2020 9:00,0.7129
6/11/2020 10:00,0.8041
6/11/2020 11:00,0.8387
6/11/2020 12:00,0.8123
6/11/2020 13:00,0.7404
6/11/2020 14:00,0.6239
6/11/2020 15:00,0.4482
6/11/2020 16:00,0.2401
6/11/2020 17:00,0.0673
6/11/2020 18:00,0.0227
6/11/2020 19:00,-0.001
6/11/2020 20:00,-0.001
6/11/2020 21:00,-0.001
6/11/2020 22:00,-0.001
6/11/2020 23:00,-0.001
6/12/2020 0:00,-0.001
6/12/2020 1:00,-0.001
6/12/2020 2:00,-0.001
6/12/2020 3:00,-0.001
6/12/2020 4:00,0.0027
6/12/2020 5:00,0.0393
6/12/2020 6:00,0.1525
6/12/2020 7:00,0.3596
6/12/2020 8:00,0.5477
6/12/2020 9:00,0.6758
6/12/2020 10:00,0.7628
6/12/2020 11:00,0.806
6/12/2020 12:00,0.7731
6/12/2020 13:00,0.6966
6/12/2020 14:00,0.5889
6/12/2020 15:00,0.422
6/12/2020 16:00,0.2321
6/12/2020 17:00,0.0698
6/12/2020 18:00,0.0247
6/12/2020 19:00,-0.001
6/12/2020 20:00,-0.001
6/12/2020 21:00,-0.001
6/12/2020 22:00,-0.001
6/12/2020 23:00,-0.001
6/13/2020 0:00,-0.001
6/13/2020 1:00,-0.001
6/13/2020 2:00,-0.001
6/13/2020 3:00,-0.001
6/13/2020 4:00,0.0029
6/13/2020 5:00,0.0259
6/13/2020 6:00,0.1579
6/13/2020 7:00,0.411
6/13/2020 8:00,0.631
6/13/2020 9:00,0.7916
6/13/2020 10:00,0.8877
6/13/2020 11:00,0.5774
6/13/2020 12:00,0.5682
6/13/2020 13:00,0.4986
6/13/2020 14:00,0.4291
6/13/2020 15:00,0.3143
6/13/2020 16:00,0.1948
6/13/2020 17:00,0.0867
6/13/2020 18:00,0.0277
6/13/2020 19:00,-0.001
6/13/2020 20:00,-0.001
6/13/2020 21:00,-0.001
6/13/2020 22:00,-0.001
6/13/2020 23:00,-0.001
6/14/2020 0:00,-0.001
6/14/2020 1:00,-0.001
6/14/2020 2:00,-0.001
6/14/2020 3:00,-0.001
6/14/2020 4:00,-0.001
6/14/2020 5:00,0.0563
6/14/2020 6:00,0.1555
6/14/2020 7:00,0.3378
6/14/2020 8:00,0.5229
6/14/2020 9:00,0.5593
6/14/2020 10:00,0.6228
6/14/2020 11:00,0.744
6/14/2020 12:00,0.804
6/14/2020 13:00,0.7139
6/14/2020 14:00,0.6168
6/14/2020 15:00,0.4284
6/14/2020 16:00,0.2389
6/14/2020 17:00,0.0903
6/14/2020 18:00,0.0217
6/14/2020 19:00,-0.001
6/14/2020 20:00,-0.001
6/14/2020 21:00,-0.001
6/14/2020 22:00,-0.001
6/14/2020 23:00,-0.001
6/15/2020 0:00,-0.001
6/15/2020 1:00,-0.001
6/15/2020 2:00,-0.001
6/15/2020 3:00,-0.001
6/15/2020 4:00,0.003
6/15/2020 5:00,0.0343
6/15/2020 6:00,0.1502
6/15/2020 7:00,0.3812
6/15/2020 8:00,0.5851
6/15/2020 9:00,0.7388
6/15/2020 10:00,0.8274
6/15/2020 11:00,0.874
6/15/2020 12:00,0.8544
6/15/2020 13:00,0.7783
6/15/2020 14:00,0.655
6/15/2020 15:00,0.4709
6/15/2020 16:00,0.2501
6/15/2020 17:00,0.0699
6/15/2020 18:00,0.0245
6/15/2020 19:00,-0.001
6/15/2020 20:00,-0.001
6/15/2020 21:00,-0.001
6/15/2020 22:00,-0.001
6/15/2020 23:00,-0.001
6/16/2020 0:00,-0.001
6/16/2020 1:00,-0.001
6/16/2020 2:00,-0.001
6/16/2020 3:00,-0.001
6/16/2020 4:00,0.0033
6/16/2020 5:00,0.0366
6/16/2020 6:00,0.1546
6/16/2020 7:00,0.3633
6/16/2020 8:00,0.5503
6/16/2020 9:00,0.6726
6/16/2020 10:00,0.7926
6/16/2020 11:00,0.8133
6/16/2020 12:00,0.8062
6/16/2020 13:00,0.7142
6/16/2020 14:00,0.5764
6/16/2020 15:00,0.4179
6/16/2020 16:00,0.2417
6/16/2020 17:00,0.0657
6/16/2020 18:00,0.0224
6/16/2020 19:00,-0.001
6/16/2020 20:00,-0.001
6/16/2020 21:00,-0.001
6/16/2020 22:00,-0.001
6/16/2020 23:00,-0.001
6/17/2020 0:00,-0.001
6/17/2020 1:00,-0.001
6/17/2020 2:00,-0.001
6/17/2020 3:00,-0.001
6/17/2020 4:00,0.0017
6/17/2020 5:00,0.0567
6/17/2020 6:00,0.1453
6/17/2020 7:00,0.3237
6/17/2020 8:00,0.4901
6/17/2020 9:00,0.6199
6/17/2020 10:00,0.6921
6/17/2020 11:00,0.7117
6/17/2020 12:00,0.6892
6/17/2020 13:00,0.6133
6/17/2020 14:00,0.5268
6/17/2020 15:00,0.3695
6/17/2020 16:00,0.2234
6/17/2020 17:00,0.0908
6/17/2020 18:00,0.0301
6/17/2020 19:00,-0.001
6/17/2020 20:00,-0.001
6/17/2020 21:00,-0.001
6/17/2020 22:00,-0.001
6/17/2020 23:00,-0.001
6/18/2020 0:00,-0.001
6/18/2020 1:00,-0.001
6/18/2020 2:00,-0.001
6/18/2020 3:00,-0.001
6/18/2020 4:00,0.0027
6/18/2020 5:00,0.0436
6/18/2020 6:00,0.1453
6/18/2020 7:00,0.3627
6/18/2020 8:00,0.5278
6/18/2020 9:00,0.656
6/18/2020 10:00,0.7078
6/18/2020 11:00,0.7023
6/18/2020 12:00,0.7183
6/18/2020 13:00,0.7113
6/18/2020 14:00,0.5945
6/18/2020 15:00,0.3839
6/18/2020 16:00,0.2195
6/18/2020 17:00,0.0711
6/18/2020 18:00,0.0248
6/18/2020 19:00,-0.001
6/18/2020 20:00,-0.001
6/18/2020 21:00,-0.001
6/18/2020 22:00,-0.001
6/18/2020 23:00,-0.001
6/19/2020 0:00,-0.001
6/19/2020 1:00,-0.001
6/19/2020 2:00,-0.001
6/19/2020 3:00,-0.001
6/19/2020 4:00,0.0024
6/19/2020 5:00,0.0351
6/19/2020 6:00,0.1454
6/19/2020 7:00,0.3665
6/19/2020 8:00,0.572
6/19/2020 9:00,0.7219
6/19/2020 10:00,0.8116
6/19/2020 11:00,0.8575
6/19/2020 12:00,0.8299
6/19/2020 13:00,0.7628
6/19/2020 14:00,0.6394
6/19/2020 15:00,0.4688
6/19/2020 16:00,0.2499
6/19/2020 17:00,0.0628
6/19/2020 18:00,0.0249
6/19/2020 19:00,-0.001
6/19/2020 20:00,-0.001
6/19/2020 21:00,-0.001
6/19/2020 22:00,-0.001
6/19/2020 23:00,-0.001
6/20/2020 0:00,-0.001
6/20/2020 1:00,-0.001
6/20/2020 2:00,-0.001
6/20/2020 3:00,-0.001
6/20/2020 4:00,0.0022
6/20/2020 5:00,0.0562
6/20/2020 6:00,0.1662
6/20/2020 7:00,0.4127
6/20/2020 8:00,0.6446
6/20/2020 9:00,0.7352
6/20/2020 10:00,0.8286
6/20/2020 11:00,0.5447
6/20/2020 12:00,0.4571
6/20/2020 13:00,0.331
6/20/2020 14:00,0.3135
6/20/2020 15:00,0.2642
6/20/2020 16:00,0.1624
6/20/2020 17:00,0.0844
6/20/2020 18:00,0.0288
6/20/2020 19:00,-0.001
6/20/2020 20:00,-0.001
6/20/2020 21:00,-0.001
6/20/2020 22:00,-0.001
6/20/2020 23:00,-0.001
6/21/2020 0:00,-0.001
6/21/2020 1:00,-0.001
6/21/2020 2:00,-0.001
6/21/2020 3:00,-0.001
6/21/2020 4:00,0.0027
6/21/2020 5:00,0.041
6/21/2020 6:00,0.1529
6/21/2020 7:00,0.4193
6/21/2020 8:00,0.642
6/21/2020 9:00,0.7336
6/21/2020 10:00,0.8243
6/21/2020 11:00,0.4494
6/21/2020 12:00,0.4427
6/21/2020 13:00,0.4206
6/21/2020 14:00,0.3934
6/21/2020 15:00,0.2586
6/21/2020 16:00,0.1538
6/21/2020 17:00,0.0269
6/21/2020 18:00,0.0169
6/21/2020 19:00,-0.001
6/21/2020 20:00,-0.001
6/21/2020 21:00,-0.001
6/21/2020 22:00,-0.001
6/21/2020 23:00,-0.001
6/22/2020 0:00,-0.001
6/22/2020 1:00,-0.001
6/22/2020 2:00,-0.001
6/22/2020 3:00,-0.001
6/22/2020 4:00,0.0039
6/22/2020 5:00,0.0527
6/22/2020 6:00,0.178
6/22/2020 7:00,0.2407
6/22/2020 8:00,0.2271
6/22/2020 9:00,0.1563
6/22/2020 10:00,0.2698
6/22/2020 11:00,0.5513
6/22/2020 12:00,0.7157
6/22/2020 13:00,0.381
6/22/2020 14:00,0.1601
6/22/2020 15:00,0.1334
6/22/2020 16:00,0.1656
6/22/2020 17:00,0.0342
6/22/2020 18:00,0.0139
6/22/2020 19:00,-0.001
6/22/2020 20:00,-0.001
6/22/2020 21:00,-0.001
6/22/2020 22:00,-0.001
6/22/2020 23:00,-0.001
6/23/2020 0:00,-0.001
6/23/2020 1:00,-0.001
6/23/2020 2:00,-0.001
6/23/2020 3:00,-0.001
6/23/2020 4:00,0.0018
6/23/2020 5:00,0.042
6/23/2020 6:00,0.1477
6/23/2020 7:00,0.3513
6/23/2020 8:00,0.5401
6/23/2020 9:00,0.694
6/23/2020 10:00,0.7878
6/23/2020 11:00,0.8511
6/23/2020 12:00,0.8229
6/23/2020 13:00,0.7556
6/23/2020 14:00,0.6426
6/23/2020 15:00,0.4598
6/23/2020 16:00,0.2513
6/23/2020 17:00,0.0701
6/23/2020 18:00,0.0243
6/23/2020 19:00,-0.001
6/23/2020 20:00,-0.001
6/23/2020 21:00,-0.001
6/23/2020 22:00,-0.001
6/23/2020 23:00,-0.001
6/24/2020 0:00,-0.001
6/24/2020 1:00,-0.001
6/24/2020 2:00,-0.001
6/24/2020 3:00,-0.001
6/24/2020 4:00,0.0017
6/24/2020 5:00,0.0358
6/24/2020 6:00,0.1477
6/24/2020 7:00,0.349
6/24/2020 8:00,0.5402
6/24/2020 9:00,0.6816
6/24/2020 10:00,0.7628
6/24/2020 11:00,0.7986
6/24/2020 12:00,0.7782
6/24/2020 13:00,0.725
6/24/2020 14:00,0.6228
6/24/2020 15:00,0.444
6/24/2020 16:00,0.2438
6/24/2020 17:00,0.0707
6/24/2020 18:00,0.021
6/24/2020 19:00,-0.001
6/24/2020 20:00,-0.001
6/24/2020 21:00,-0.001
6/24/2020 22:00,-0.001
6/24/2020 23:00,-0.001
6/25/2020 0:00,-0.001
6/25/2020 1:00,-0.001
6/25/2020 2:00,-0.001
6/25/2020 3:00,-0.001
6/25/2020 4:00,0.0021
6/25/2020 5:00,0.0399
6/25/2020 6:00,0.1464
6/25/2020 7:00,0.3837
6/25/2020 8:00,0.5942
6/25/2020 9:00,0.7548
6/25/2020 10:00,0.8487
6/25/2020 11:00,0.8949
6/25/2020 12:00,0.8784
6/25/2020 13:00,0.8051
6/25/2020 14:00,0.6723
6/25/2020 15:00,0.4881
6/25/2020 16:00,0.2625
6/25/2020 17:00,0.0638
6/25/2020 18:00,0.0239
6/25/2020 19:00,-0.001
6/25/2020 20:00,-0.001
6/25/2020 21:00,-0.001
6/25/2020 22:00,-0.001
6/25/2020 23:00,-0.001
6/26/2020 0:00,-0.001
6/26/2020 1:00,-0.001
6/26/2020 2:00,-0.001
6/26/2020 3:00,-0.001
6/26/2020 4:00,0.0015
6/26/2020 5:00,0.045
6/26/2020 6:00,0.1445
6/26/2020 7:00,0.3661
6/26/2020 8:00,0.5776
6/26/2020 9:00,0.7375
6/26/2020 10:00,0.8143
6/26/2020 11:00,0.8481
6/26/2020 12:00,0.8353
6/26/2020 13:00,0.7475
6/26/2020 14:00,0.6239
6/26/2020 15:00,0.4604
6/26/2020 16:00,0.2534
6/26/2020 17:00,0.0717
6/26/2020 18:00,0.027
6/26/2020 19:00,-0.001
6/26/2020 20:00,-0.001
6/26/2020 21:00,-0.001
6/26/2020 22:00,-0.001
6/26/2020 23:00,-0.001
6/27/2020 0:00,-0.001
6/27/2020 1:00,-0.001
6/27/2020 2:00,-0.001
6/27/2020 3:00,-0.001
6/27/2020 4:00,0.0022
6/27/2020 5:00,0.0299
6/27/2020 6:00,0.1443
6/27/2020 7:00,0.3799
6/27/2020 8:00,0.5946
6/27/2020 9:00,0.748
6/27/2020 10:00,0.8295
6/27/2020 11:00,0.8757
6/27/2020 12:00,0.8537
6/27/2020 13:00,0.7775
6/27/2020 14:00,0.6463
6/27/2020 15:00,0.4639
6/27/2020 16:00,0.2573
6/27/2020 17:00,0.077
6/27/2020 18:00,0.0267
6/27/2020 19:00,-0.001
6/27/2020 20:00,-0.001
6/27/2020 21:00,-0.001
6/27/2020 22:00,-0.001
6/27/2020 23:00,-0.001
6/28/2020 0:00,-0.001
6/28/2020 1:00,-0.001
6/28/2020 2:00,-0.001
6/28/2020 3:00,-0.001
6/28/2020 4:00,-0.001
6/28/2020 5:00,0.0551
6/28/2020 6:00,0.1364
6/28/2020 7:00,0.2621
6/28/2020 8:00,0.4164
6/28/2020 9:00,0.5023
6/28/2020 10:00,0.601
6/28/2020 11:00,0.65
6/28/2020 12:00,0.7342
6/28/2020 13:00,0.7104
6/28/2020 14:00,0.6194
6/28/2020 15:00,0.5293
6/28/2020 16:00,0.2891
6/28/2020 17:00,0.0794
6/28/2020 18:00,0.0302
6/28/2020 19:00,-0.001
6/28/2020 20:00,-0.001
6/28/2020 21:00,-0.001
6/28/2020 22:00,-0.001
6/28/2020 23:00,-0.001
6/29/2020 0:00,-0.001
6/29/2020 1:00,-0.001
6/29/2020 2:00,-0.001
6/29/2020 3:00,-0.001
6/29/2020 4:00,0.0073
6/29/2020 5:00,0.0532
6/29/2020 6:00,0.1485
6/29/2020 7:00,0.3087
6/29/2020 8:00,0.499
6/29/2020 9:00,0.502
6/29/2020 10:00,0.4941
6/29/2020 11:00,0.3448
6/29/2020 12:00,0.624
6/29/2020 13:00,0.5806
6/29/2020 14:00,0.4762
6/29/2020 15:00,0.4039
6/29/2020 16:00,0.238
6/29/2020 17:00,0.0799
6/29/2020 18:00,0.0347
6/29/2020 19:00,-0.001
6/29/2020 20:00,-0.001
6/29/2020 21:00,-0.001
6/29/2020 22:00,-0.001
6/29/2020 23:00,-0.001
6/30/2020 0:00,-0.001
6/30/2020 1:00,-0.001
6/30/2020 2:00,-0.001
6/30/2020 3:00,-0.001
6/30/2020 4:00,-0.001
6/30/2020 5:00,0.0453
6/30/2020 6:00,0.1444
6/30/2020 7:00,0.3142
6/30/2020 8:00,0.4886
6/30/2020 9:00,0.5884
6/30/2020 10:00,0.7158
6/30/2020 11:00,0.7539
6/30/2020 12:00,0.7252
6/30/2020 13:00,0.6664
6/30/2020 14:00,0.5615
6/30/2020 15:00,0.392
6/30/2020 16:00,0.2341
6/30/2020 17:00,0.0979
6/30/2020 18:00,0.035
6/30/2020 19:00,-0.001
6/30/2020 20:00,-0.001
6/30/2020 21:00,-0.001
6/30/2020 22:00,-0.001
6/30/2020 23:00,-0.001
7/1/2020 0:00,-0.001
7/1/2020 1:00,-0.001
7/1/2020 2:00,-0.001
7/1/2020 3:00,-0.001
7/1/2020 4:00,0.0009
7/1/2020 5:00,0.036
7/1/2020 6:00,0.14
7/1/2020 7:00,0.3645
7/1/2020 8:00,0.5673
7/1/2020 9:00,0.7168
7/1/2020 10:00,0.8141
7/1/2020 11:00,0.8518
7/1/2020 12:00,0.8386
7/1/2020 13:00,0.7697
7/1/2020 14:00,0.6548
7/1/2020 15:00,0.4807
7/1/2020 16:00,0.2613
7/1/2020 17:00,0.0687
7/1/2020 18:00,0.0273
7/1/2020 19:00,-0.001
7/1/2020 20:00,-0.001
7/1/2020 21:00,-0.001
7/1/2020 22:00,-0.001
7/1/2020 23:00,-0.001
7/2/2020 0:00,-0.001
7/2/2020 1:00,-0.001
7/2/2020 2:00,-0.001
7/2/2020 3:00,-0.001
7/2/2020 4:00,-0.001
7/2/2020 5:00,0.0386
7/2/2020 6:00,0.1423
7/2/2020 7:00,0.356
7/2/2020 8:00,0.5538
7/2/2020 9:00,0.7067
7/2/2020 10:00,0.7974
7/2/2020 11:00,0.8561
7/2/2020 12:00,0.8267
7/2/2020 13:00,0.7793
7/2/2020 14:00,0.6589
7/2/2020 15:00,0.4765
7/2/2020 16:00,0.2587
7/2/2020 17:00,0.0703
7/2/2020 18:00,0.0248
7/2/2020 19:00,-0.001
7/2/2020 20:00,-0.001
7/2/2020 21:00,-0.001
7/2/2020 22:00,-0.001
7/2/2020 23:00,-0.001
7/3/2020 0:00,-0.001
7/3/2020 1:00,-0.001
7/3/2020 2:00,-0.001
7/3/2020 3:00,-0.001
7/3/2020 4:00,-0.001
7/3/2020 5:00,0.0554
7/3/2020 6:00,0.1398
7/3/2020 7:00,0.3052
7/3/2020 8:00,0.4472
7/3/2020 9:00,0.5665
7/3/2020 10:00,0.6539
7/3/2020 11:00,0.755
7/3/2020 12:00,0.7701
7/3/2020 13:00,0.7293
7/3/2020 14:00,0.6589
7/3/2020 15:00,0.4727
7/3/2020 16:00,0.2789
7/3/2020 17:00,0.0729
7/3/2020 18:00,0.0279
7/3/2020 19:00,-0.001
7/3/2020 20:00,-0.001
7/3/2020 21:00,-0.001
7/3/2020 22:00,-0.001
7/3/2020 23:00,-0.001
7/4/2020 0:00,-0.001
7/4/2020 1:00,-0.001
7/4/2020 2:00,-0.001
7/4/2020 3:00,-0.001
7/4/2020 4:00,-0.001
7/4/2020 5:00,0.0031
7/4/2020 6:00,0.0677
7/4/2020 7:00,0.1586
7/4/2020 8:00,0.239
7/4/2020 9:00,0.4193
7/4/2020 10:00,0.4381
7/4/2020 11:00,0.4903
7/4/2020 12:00,0.3478
7/4/2020 13:00,0.2057
7/4/2020 14:00,0.2107
7/4/2020 15:00,0.273
7/4/2020 16:00,0.1306
7/4/2020 17:00,0.0901
7/4/2020 18:00,0.0302
7/4/2020 19:00,-0.001
7/4/2020 20:00,-0.001
7/4/2020 21:00,-0.001
7/4/2020 22:00,-0.001
7/4/2020 23:00,-0.001
7/5/2020 0:00,-0.001
7/5/2020 1:00,-0.001
7/5/2020 2:00,-0.001
7/5/2020 3:00,-0.001
7/5/2020 4:00,-0.001
7/5/2020 5:00,0.0511
7/5/2020 6:00,0.0913
7/5/2020 7:00,0.1717
7/5/2020 8:00,0.0424
7/5/2020 9:00,0.0546
7/5/2020 10:00,0.4538
7/5/2020 11:00,0.6743
7/5/2020 12:00,0.7041
7/5/2020 13:00,0.5619
7/5/2020 14:00,0.5822
7/5/2020 15:00,0.5893
7/5/2020 16:00,0.233
7/5/2020 17:00,0.0865
7/5/2020 18:00,0.0389
7/5/2020 19:00,-0.001
7/5/2020 20:00,-0.001
7/5/2020 21:00,-0.001
7/5/2020 22:00,-0.001
7/5/2020 23:00,-0.001
7/6/2020 0:00,-0.001
7/6/2020 1:00,-0.001
7/6/2020 2:00,-0.001
7/6/2020 3:00,-0.001
7/6/2020 4:00,-0.001
7/6/2020 5:00,0.0367
7/6/2020 6:00,0.1375
7/6/2020 7:00,0.3644
7/6/2020 8:00,0.5716
7/6/2020 9:00,0.7249
7/6/2020 10:00,0.8298
7/6/2020 11:00,0.864
7/6/2020 12:00,0.8586
7/6/2020 13:00,0.7974
7/6/2020 14:00,0.6738
7/6/2020 15:00,0.4968
7/6/2020 16:00,0.2744
7/6/2020 17:00,0.0652
7/6/2020 18:00,0.0201
7/6/2020 19:00,-0.001
7/6/2020 20:00,-0.001
7/6/2020 21:00,-0.001
7/6/2020 22:00,-0.001
7/6/2020 23:00,-0.001
7/7/2020 0:00,-0.001
7/7/2020 1:00,-0.001
7/7/2020 2:00,-0.001
7/7/2020 3:00,-0.001
7/7/2020 4:00,-0.001
7/7/2020 5:00,0.0342
7/7/2020 6:00,0.1365
7/7/2020 7:00,0.3425
7/7/2020 8:00,0.5237
7/7/2020 9:00,0.6861
7/7/2020 10:00,0.7799
7/7/2020 11:00,0.8161
7/7/2020 12:00,0.7975
7/7/2020 13:00,0.721
7/7/2020 14:00,0.6382
7/7/2020 15:00,0.4702
7/7/2020 16:00,0.2673
7/7/2020 17:00,0.0694
7/7/2020 18:00,0.0221
7/7/2020 19:00,-0.001
7/7/2020 20:00,-0.001
7/7/2020 21:00,-0.001
7/7/2020 22:00,-0.001
7/7/2020 23:00,-0.001
7/8/2020 0:00,-0.001
7/8/2020 1:00,-0.001
7/8/2020 2:00,-0.001
7/8/2020 3:00,-0.001
7/8/2020 4:00,-0.001
7/8/2020 5:00,0.049
7/8/2020 6:00,0.1032
7/8/2020 7:00,0.1421
7/8/2020 8:00,0.1602
7/8/2020 9:00,0.1694
7/8/2020 10:00,0.2106
7/8/2020 11:00,0.2382
7/8/2020 12:00,0.2745
7/8/2020 13:00,0.2895
7/8/2020 14:00,0.2302
7/8/2020 15:00,0.1519
7/8/2020 16:00,0.0606
7/8/2020 17:00,0.0594
7/8/2020 18:00,0.0213
7/8/2020 19:00,-0.001
7/8/2020 20:00,-0.001
7/8/2020 21:00,-0.001
7/8/2020 22:00,-0.001
7/8/2020 23:00,-0.001
7/9/2020 0:00,-0.001
7/9/2020 1:00,-0.001
7/9/2020 2:00,-0.001
7/9/2020 3:00,-0.001
7/9/2020 4:00,-0.001
7/9/2020 5:00,0.0568
7/9/2020 6:00,0.1333
7/9/2020 7:00,0.3086
7/9/2020 8:00,0.4316
7/9/2020 9:00,0.5076
7/9/2020 10:00,0.6346
7/9/2020 11:00,0.6109
7/9/2020 12:00,0.5271
7/9/2020 13:00,0.4733
7/9/2020 14:00,0.5415
7/9/2020 15:00,0.1429
7/9/2020 16:00,0.0235
7/9/2020 17:00,0.0105
7/9/2020 18:00,0.011
7/9/2020 19:00,-0.001
7/9/2020 20:00,-0.001
7/9/2020 21:00,-0.001
7/9/2020 22:00,-0.001
7/9/2020 23:00,-0.001
7/10/2020 0:00,-0.001
7/10/2020 1:00,-0.001
7/10/2020 2:00,-0.001
7/10/2020 3:00,-0.001
7/10/2020 4:00,-0.001
7/10/2020 5:00,0.0301
7/10/2020 6:00,0.1331
7/10/2020 7:00,0.3674
7/10/2020 8:00,0.5747
7/10/2020 9:00,0.7336
7/10/2020 10:00,0.8336
7/10/2020 11:00,0.8682
7/10/2020 12:00,0.8568
7/10/2020 13:00,0.7824
7/10/2020 14:00,0.6559
7/10/2020 15:00,0.4786
7/10/2020 16:00,0.2653
7/10/2020 17:00,0.0729
7/10/2020 18:00,0.0262
7/10/2020 19:00,-0.001
7/10/2020 20:00,-0.001
7/10/2020 21:00,-0.001
7/10/2020 22:00,-0.001
7/10/2020 23:00,-0.001
7/11/2020 0:00,-0.001
7/11/2020 1:00,-0.001
7/11/2020 2:00,-0.001
7/11/2020 3:00,-0.001
7/11/2020 4:00,-0.001
7/11/2020 5:00,0.0513
7/11/2020 6:00,0.1432
7/11/2020 7:00,0.318
7/11/2020 8:00,0.5481
7/11/2020 9:00,0.621
7/11/2020 10:00,0.7572
7/11/2020 11:00,0.7657
7/11/2020 12:00,0.667
7/11/2020 13:00,0.6102
7/11/2020 14:00,0.516
7/11/2020 15:00,0.4239
7/11/2020 16:00,0.2669
7/11/2020 17:00,0.0699
7/11/2020 18:00,0.031
7/11/2020 19:00,-0.001
7/11/2020 20:00,-0.001
7/11/2020 21:00,-0.001
7/11/2020 22:00,-0.001
7/11/2020 23:00,-0.001
7/12/2020 0:00,-0.001
7/12/2020 1:00,-0.001
7/12/2020 2:00,-0.001
7/12/2020 3:00,-0.001
7/12/2020 4:00,-0.001
7/12/2020 5:00,0.0291
7/12/2020 6:00,0.1365
7/12/2020 7:00,0.3599
7/12/2020 8:00,0.5576
7/12/2020 9:00,0.702
7/12/2020 10:00,0.7977
7/12/2020 11:00,0.8373
7/12/2020 12:00,0.8235
7/12/2020 13:00,0.7464
7/12/2020 14:00,0.6368
7/12/2020 15:00,0.4718
7/12/2020 16:00,0.2694
7/12/2020 17:00,0.0786
7/12/2020 18:00,0.0235
7/12/2020 19:00,-0.001
7/12/2020 20:00,-0.001
7/12/2020 21:00,-0.001
7/12/2020 22:00,-0.001
7/12/2020 23:00,-0.001
7/13/2020 0:00,-0.001
7/13/2020 1:00,-0.001
7/13/2020 2:00,-0.001
7/13/2020 3:00,-0.001
7/13/2020 4:00,-0.001
7/13/2020 5:00,0.0381
7/13/2020 6:00,0.1343
7/13/2020 7:00,0.3312
7/13/2020 8:00,0.508
7/13/2020 9:00,0.6492
7/13/2020 10:00,0.7302
7/13/2020 11:00,0.7708
7/13/2020 12:00,0.76
7/13/2020 13:00,0.6966
7/13/2020 14:00,0.5895
7/13/2020 15:00,0.433
7/13/2020 16:00,0.2453
7/13/2020 17:00,0.0976
7/13/2020 18:00,0.0316
7/13/2020 19:00,-0.001
7/13/2020 20:00,-0.001
7/13/2020 21:00,-0.001
7/13/2020 22:00,-0.001
7/13/2020 23:00,-0.001
7/14/2020 0:00,-0.001
7/14/2020 1:00,-0.001
7/14/2020 2:00,-0.001
7/14/2020 3:00,-0.001
7/14/2020 4:00,-0.001
7/14/2020 5:00,0.0344
7/14/2020 6:00,0.1352
7/14/2020 7:00,0.3552
7/14/2020 8:00,0.5648
7/14/2020 9:00,0.7173
7/14/2020 10:00,0.8182
7/14/2020 11:00,0.8681
7/14/2020 12:00,0.8651
7/14/2020 13:00,0.7905
7/14/2020 14:00,0.6816
7/14/2020 15:00,0.4999
7/14/2020 16:00,0.2726
7/14/2020 17:00,0.0749
7/14/2020 18:00,0.023
7/14/2020 19:00,-0.001
7/14/2020 20:00,-0.001
7/14/2020 21:00,-0.001
7/14/2020 22:00,-0.001
7/14/2020 23:00,-0.001
7/15/2020 0:00,-0.001
7/15/2020 1:00,-0.001
7/15/2020 2:00,-0.001
7/15/2020 3:00,-0.001
7/15/2020 4:00,-0.001
7/15/2020 5:00,0.0313
7/15/2020 6:00,0.1316
7/15/2020 7:00,0.3673
7/15/2020 8:00,0.5827
7/15/2020 9:00,0.7401
7/15/2020 10:00,0.8347
7/15/2020 11:00,0.8744
7/15/2020 12:00,0.8601
7/15/2020 13:00,0.7866
7/15/2020 14:00,0.6621
7/15/2020 15:00,0.4836
7/15/2020 16:00,0.2695
7/15/2020 17:00,0.0753
7/15/2020 18:00,0.0251
7/15/2020 19:00,-0.001
7/15/2020 20:00,-0.001
7/15/2020 21:00,-0.001
7/15/2020 22:00,-0.001
7/15/2020 23:00,-0.001
7/16/2020 0:00,-0.001
7/16/2020 1:00,-0.001
7/16/2020 2:00,-0.001
7/16/2020 3:00,-0.001
7/16/2020 4:00,-0.001
7/16/2020 5:00,0.0335
7/16/2020 6:00,0.1314
7/16/2020 7:00,0.3447
7/16/2020 8:00,0.5406
7/16/2020 9:00,0.6925
7/16/2020 10:00,0.7897
7/16/2020 11:00,0.8316
7/16/2020 12:00,0.8246
7/16/2020 13:00,0.7543
7/16/2020 14:00,0.6387
7/16/2020 15:00,0.4663
7/16/2020 16:00,0.2571
7/16/2020 17:00,0.078
7/16/2020 18:00,0.0251
7/16/2020 19:00,-0.001
7/16/2020 20:00,-0.001
7/16/2020 21:00,-0.001
7/16/2020 22:00,-0.001
7/16/2020 23:00,-0.001
7/17/2020 0:00,-0.001
7/17/2020 1:00,-0.001
7/17/2020 2:00,-0.001
7/17/2020 3:00,-0.001
7/17/2020 4:00,-0.001
7/17/2020 5:00,0.0478
7/17/2020 6:00,0.1394
7/17/2020 7:00,0.2675
7/17/2020 8:00,0.3615
7/17/2020 9:00,0.4851
7/17/2020 10:00,0.5901
7/17/2020 11:00,0.7265
7/17/2020 12:00,0.6129
7/17/2020 13:00,0.519
7/17/2020 14:00,0.4055
7/17/2020 15:00,0.3375
7/17/2020 16:00,0.2139
7/17/2020 17:00,0.0851
7/17/2020 18:00,0.0333
7/17/2020 19:00,-0.001
7/17/2020 20:00,-0.001
7/17/2020 21:00,-0.001
7/17/2020 22:00,-0.001
7/17/2020 23:00,-0.001
7/18/2020 0:00,-0.001
7/18/2020 1:00,-0.001
7/18/2020 2:00,-0.001
7/18/2020 3:00,-0.001
7/18/2020 4:00,-0.001
7/18/2020 5:00,0.0414
7/18/2020 6:00,0.1309
7/18/2020 7:00,0.344
7/18/2020 8:00,0.5502
7/18/2020 9:00,0.7096
7/18/2020 10:00,0.811
7/18/2020 11:00,0.8566
7/18/2020 12:00,0.8443
7/18/2020 13:00,0.7676
7/18/2020 14:00,0.6581
7/18/2020 15:00,0.4873
7/18/2020 16:00,0.278
7/18/2020 17:00,0.0887
7/18/2020 18:00,0.0332
7/18/2020 19:00,-0.001
7/18/2020 20:00,-0.001
7/18/2020 21:00,-0.001
7/18/2020 22:00,-0.001
7/18/2020 23:00,-0.001
7/19/2020 0:00,-0.001
7/19/2020 1:00,-0.001
7/19/2020 2:00,-0.001
7/19/2020 3:00,-0.001
7/19/2020 4:00,-0.001
7/19/2020 5:00,0.0331
7/19/2020 6:00,0.1295
7/19/2020 7:00,0.3636
7/19/2020 8:00,0.5821
7/19/2020 9:00,0.7509
7/19/2020 10:00,0.8522
7/19/2020 11:00,0.9006
7/19/2020 12:00,0.8932
7/19/2020 13:00,0.8236
7/19/2020 14:00,0.7014
7/19/2020 15:00,0.5216
7/19/2020 16:00,0.293
7/19/2020 17:00,0.0841
7/19/2020 18:00,0.0284
7/19/2020 19:00,-0.001
7/19/2020 20:00,-0.001
7/19/2020 21:00,-0.001
7/19/2020 22:00,-0.001
7/19/2020 23:00,-0.001
7/20/2020 0:00,-0.001
7/20/2020 1:00,-0.001
7/20/2020 2:00,-0.001
7/20/2020 3:00,-0.001
7/20/2020 4:00,-0.001
7/20/2020 5:00,0.0375
7/20/2020 6:00,0.1494
7/20/2020 7:00,0.3785
7/20/2020 8:00,0.5689
7/20/2020 9:00,0.7287
7/20/2020 10:00,0.8178
7/20/2020 11:00,0.4559
7/20/2020 12:00,0.394
7/20/2020 13:00,0.3926
7/20/2020 14:00,0.3532
7/20/2020 15:00,0.2894
7/20/2020 16:00,0.1916
7/20/2020 17:00,0.0909
7/20/2020 18:00,0.0254
7/20/2020 19:00,-0.001
7/20/2020 20:00,-0.001
7/20/2020 21:00,-0.001
7/20/2020 22:00,-0.001
7/20/2020 23:00,-0.001
7/21/2020 0:00,-0.001
7/21/2020 1:00,-0.001
7/21/2020 2:00,-0.001
7/21/2020 3:00,-0.001
7/21/2020 4:00,-0.001
7/21/2020 5:00,0.0325
7/21/2020 6:00,0.1296
7/21/2020 7:00,0.3441
7/21/2020 8:00,0.5459
7/21/2020 9:00,0.6908
7/21/2020 10:00,0.7709
7/21/2020 11:00,0.8127
7/21/2020 12:00,0.8079
7/21/2020 13:00,0.7595
7/21/2020 14:00,0.6441
7/21/2020 15:00,0.477
7/21/2020 16:00,0.2674
7/21/2020 17:00,0.0652
7/21/2020 18:00,0.0247
7/21/2020 19:00,-0.001
7/21/2020 20:00,-0.001
7/21/2020 21:00,-0.001
7/21/2020 22:00,-0.001
7/21/2020 23:00,-0.001
7/22/2020 0:00,-0.001
7/22/2020 1:00,-0.001
7/22/2020 2:00,-0.001
7/22/2020 3:00,-0.001
7/22/2020 4:00,-0.001
7/22/2020 5:00,0.0339
7/22/2020 6:00,0.1297
7/22/2020 7:00,0.3534
7/22/2020 8:00,0.5601
7/22/2020 9:00,0.708
7/22/2020 10:00,0.8039
7/22/2020 11:00,0.8449
7/22/2020 12:00,0.8373
7/22/2020 13:00,0.7721
7/22/2020 14:00,0.6554
7/22/2020 15:00,0.4842
7/22/2020 16:00,0.2717
7/22/2020 17:00,0.0668
7/22/2020 18:00,0.0185
7/22/2020 19:00,-0.001
7/22/2020 20:00,-0.001
7/22/2020 21:00,-0.001
7/22/2020 22:00,-0.001
7/22/2020 23:00,-0.001
7/23/2020 0:00,-0.001
7/23/2020 1:00,-0.001
7/23/2020 2:00,-0.001
7/23/2020 3:00,-0.001
7/23/2020 4:00,-0.001
7/23/2020 5:00,0.0314
7/23/2020 6:00,0.1254
7/23/2020 7:00,0.331
7/23/2020 8:00,0.4924
7/23/2020 9:00,0.6287
7/23/2020 10:00,0.7459
7/23/2020 11:00,0.7693
7/23/2020 12:00,0.725
7/23/2020 13:00,0.6945
7/23/2020 14:00,0.5976
7/23/2020 15:00,0.4534
7/23/2020 16:00,0.2609
7/23/2020 17:00,0.0781
7/23/2020 18:00,0.021
7/23/2020 19:00,-0.001
7/23/2020 20:00,-0.001
7/23/2020 21:00,-0.001
7/23/2020 22:00,-0.001
7/23/2020 23:00,-0.001
7/24/2020 0:00,-0.001
7/24/2020 1:00,-0.001
7/24/2020 2:00,-0.001
7/24/2020 3:00,-0.001
7/24/2020 4:00,-0.001
7/24/2020 5:00,0.0325
7/24/2020 6:00,0.0933
7/24/2020 7:00,0.1088
7/24/2020 8:00,0.2602
7/24/2020 9:00,0.1938
7/24/2020 10:00,0.4921
7/24/2020 11:00,0.592
7/24/2020 12:00,0.7643
7/24/2020 13:00,0.9544
7/24/2020 14:00,0.7168
7/24/2020 15:00,0.539
7/24/2020 16:00,0.1631
7/24/2020 17:00,0.0825
7/24/2020 18:00,0.0155
7/24/2020 19:00,-0.001
7/24/2020 20:00,-0.001
7/24/2020 21:00,-0.001
7/24/2020 22:00,-0.001
7/24/2020 23:00,-0.001
7/25/2020 0:00,-0.001
7/25/2020 1:00,-0.001
7/25/2020 2:00,-0.001
7/25/2020 3:00,-0.001
7/25/2020 4:00,-0.001
7/25/2020 5:00,0.0083
7/25/2020 6:00,0.061
7/25/2020 7:00,0.092
7/25/2020 8:00,0.1721
7/25/2020 9:00,0.1937
7/25/2020 10:00,0.3043
7/25/2020 11:00,0.4917
7/25/2020 12:00,0.6034
7/25/2020 13:00,0.6351
7/25/2020 14:00,0.5926
7/25/2020 15:00,0.4936
7/25/2020 16:00,0.2972
7/25/2020 17:00,0.0791
7/25/2020 18:00,0.0262
7/25/2020 19:00,-0.001
7/25/2020 20:00,-0.001
7/25/2020 21:00,-0.001
7/25/2020 22:00,-0.001
7/25/2020 23:00,-0.001
7/26/2020 0:00,-0.001
7/26/2020 1:00,-0.001
7/26/2020 2:00,-0.001
7/26/2020 3:00,-0.001
7/26/2020 4:00,-0.001
7/26/2020 5:00,0.0364
7/26/2020 6:00,0.1251
7/26/2020 7:00,0.2953
7/26/2020 8:00,0.4046
7/26/2020 9:00,0.484
7/26/2020 10:00,0.6672
7/26/2020 11:00,0.8428
7/26/2020 12:00,0.7411
7/26/2020 13:00,0.7336
7/26/2020 14:00,0.5804
7/26/2020 15:00,0.4151
7/26/2020 16:00,0.2312
7/26/2020 17:00,0.0728
7/26/2020 18:00,0.0209
7/26/2020 19:00,-0.001
7/26/2020 20:00,-0.001
7/26/2020 21:00,-0.001
7/26/2020 22:00,-0.001
7/26/2020 23:00,-0.001
7/27/2020 0:00,-0.001
7/27/2020 1:00,-0.001
7/27/2020 2:00,-0.001
7/27/2020 3:00,-0.001
7/27/2020 4:00,-0.001
7/27/2020 5:00,0.0341
7/27/2020 6:00,0.1321
7/27/2020 7:00,0.3633
7/27/2020 8:00,0.5864
7/27/2020 9:00,0.7534
7/27/2020 10:00,0.8591
7/27/2020 11:00,0.9023
7/27/2020 12:00,0.8973
7/27/2020 13:00,0.8235
7/27/2020 14:00,0.7031
7/27/2020 15:00,0.5164
7/27/2020 16:00,0.2873
7/27/2020 17:00,0.0795
7/27/2020 18:00,0.0236
7/27/2020 19:00,-0.001
7/27/2020 20:00,-0.001
7/27/2020 21:00,-0.001
7/27/2020 22:00,-0.001
7/27/2020 23:00,-0.001
7/28/2020 0:00,-0.001
7/28/2020 1:00,-0.001
7/28/2020 2:00,-0.001
7/28/2020 3:00,-0.001
7/28/2020 4:00,-0.001
7/28/2020 5:00,0.0335
7/28/2020 6:00,0.1208
7/28/2020 7:00,0.3052
7/28/2020 8:00,0.4933
7/28/2020 9:00,0.6202
7/28/2020 10:00,0.7139
7/28/2020 11:00,0.815
7/28/2020 12:00,0.8079
7/28/2020 13:00,0.7666
7/28/2020 14:00,0.6534
7/28/2020 15:00,0.4944
7/28/2020 16:00,0.2849
7/28/2020 17:00,0.0744
7/28/2020 18:00,0.0199
7/28/2020 19:00,-0.001
7/28/2020 20:00,-0.001
7/28/2020 21:00,-0.001
7/28/2020 22:00,-0.001
7/28/2020 23:00,-0.001
7/29/2020 0:00,-0.001
7/29/2020 1:00,-0.001
7/29/2020 2:00,-0.001
7/29/2020 3:00,-0.001
7/29/2020 4:00,-0.001
7/29/2020 5:00,0.0285
7/29/2020 6:00,0.1251
7/29/2020 7:00,0.3527
7/29/2020 8:00,0.5693
7/29/2020 9:00,0.7279
7/29/2020 10:00,0.8355
7/29/2020 11:00,0.8907
7/29/2020 12:00,0.8883
7/29/2020 13:00,0.82
7/29/2020 14:00,0.6955
7/29/2020 15:00,0.5103
7/29/2020 16:00,0.2764
7/29/2020 17:00,0.0676
7/29/2020 18:00,0.0194
7/29/2020 19:00,-0.001
7/29/2020 20:00,-0.001
7/29/2020 21:00,-0.001
7/29/2020 22:00,-0.001
7/29/2020 23:00,-0.001
7/30/2020 0:00,-0.001
7/30/2020 1:00,-0.001
7/30/2020 2:00,-0.001
7/30/2020 3:00,-0.001
7/30/2020 4:00,-0.001
7/30/2020 5:00,0.0311
7/30/2020 6:00,0.1305
7/30/2020 7:00,0.355
7/30/2020 8:00,0.571
7/30/2020 9:00,0.7336
7/30/2020 10:00,0.8344
7/30/2020 11:00,0.8839
7/30/2020 12:00,0.8691
7/30/2020 13:00,0.7984
7/30/2020 14:00,0.6829
7/30/2020 15:00,0.5031
7/30/2020 16:00,0.2754
7/30/2020 17:00,0.0619
7/30/2020 18:00,0.0149
7/30/2020 19:00,-0.001
7/30/2020 20:00,-0.001
7/30/2020 21:00,-0.001
7/30/2020 22:00,-0.001
7/30/2020 23:00,-0.001
7/31/2020 0:00,-0.001
7/31/2020 1:00,-0.001
7/31/2020 2:00,-0.001
7/31/2020 3:00,-0.001
7/31/2020 4:00,-0.001
7/31/2020 5:00,0.0276
7/31/2020 6:00,0.1309
7/31/2020 7:00,0.383
7/31/2020 8:00,0.6138
7/31/2020 9:00,0.7818
7/31/2020 10:00,0.8862
7/31/2020 11:00,0.9323
7/31/2020 12:00,0.9195
7/31/2020 13:00,0.8522
7/31/2020 14:00,0.7275
7/31/2020 15:00,0.5371
7/31/2020 16:00,0.2963
7/31/2020 17:00,0.0703
7/31/2020 18:00,0.0197
7/31/2020 19:00,-0.001
7/31/2020 20:00,-0.001
7/31/2020 21:00,-0.001
7/31/2020 22:00,-0.001
7/31/2020 23:00,-0.001
8/1/2020 0:00,-0.001
8/1/2020 1:00,-0.001
8/1/2020 2:00,-0.001
8/1/2020 3:00,-0.001
8/1/2020 4:00,-0.001
8/1/2020 5:00,0.0308
8/1/2020 6:00,0.1247
8/1/2020 7:00,0.3234
8/1/2020 8:00,0.5259
8/1/2020 9:00,0.6843
8/1/2020 10:00,0.7595
8/1/2020 11:00,0.8005
8/1/2020 12:00,0.8045
8/1/2020 13:00,0.7291
8/1/2020 14:00,0.5996
8/1/2020 15:00,0.4673
8/1/2020 16:00,0.2524
8/1/2020 17:00,0.0826
8/1/2020 18:00,0.0153
8/1/2020 19:00,-0.001
8/1/2020 20:00,-0.001
8/1/2020 21:00,-0.001
8/1/2020 22:00,-0.001
8/1/2020 23:00,-0.001
8/2/2020 0:00,-0.001
8/2/2020 1:00,-0.001
8/2/2020 2:00,-0.001
8/2/2020 3:00,-0.001
8/2/2020 4:00,-0.001
8/2/2020 5:00,0.0245
8/2/2020 6:00,0.1379
8/2/2020 7:00,0.3903
8/2/2020 8:00,0.6186
8/2/2020 9:00,0.7778
8/2/2020 10:00,0.973
8/2/2020 11:00,0.532
8/2/2020 12:00,0.5148
8/2/2020 13:00,0.4547
8/2/2020 14:00,0.3199
8/2/2020 15:00,0.3165
8/2/2020 16:00,0.1863
8/2/2020 17:00,0.0761
8/2/2020 18:00,0.0062
8/2/2020 19:00,-0.001
8/2/2020 20:00,-0.001
8/2/2020 21:00,-0.001
8/2/2020 22:00,-0.001
8/2/2020 23:00,-0.001
8/3/2020 0:00,-0.001
8/3/2020 1:00,-0.001
8/3/2020 2:00,-0.001
8/3/2020 3:00,-0.001
8/3/2020 4:00,-0.001
8/3/2020 5:00,0.0322
8/3/2020 6:00,0.1255
8/3/2020 7:00,0.3363
8/3/2020 8:00,0.5409
8/3/2020 9:00,0.7014
8/3/2020 10:00,0.8138
8/3/2020 11:00,0.8638
8/3/2020 12:00,0.8523
8/3/2020 13:00,0.7876
8/3/2020 14:00,0.6724
8/3/2020 15:00,0.4887
8/3/2020 16:00,0.2695
8/3/2020 17:00,0.0819
8/3/2020 18:00,0.0118
8/3/2020 19:00,-0.001
8/3/2020 20:00,-0.001
8/3/2020 21:00,-0.001
8/3/2020 22:00,-0.001
8/3/2020 23:00,-0.001
8/4/2020 0:00,-0.001
8/4/2020 1:00,-0.001
8/4/2020 2:00,-0.001
8/4/2020 3:00,-0.001
8/4/2020 4:00,-0.001
8/4/2020 5:00,0.0304
8/4/2020 6:00,0.1268
8/4/2020 7:00,0.3522
8/4/2020 8:00,0.571
8/4/2020 9:00,0.7267
8/4/2020 10:00,0.8365
8/4/2020 11:00,0.8614
8/4/2020 12:00,0.8435
8/4/2020 13:00,0.753
8/4/2020 14:00,0.6374
8/4/2020 15:00,0.4771
8/4/2020 16:00,0.2565
8/4/2020 17:00,0.0702
8/4/2020 18:00,0.0084
8/4/2020 19:00,-0.001
8/4/2020 20:00,-0.001
8/4/2020 21:00,-0.001
8/4/2020 22:00,-0.001
8/4/2020 23:00,-0.001
8/5/2020 0:00,-0.001
8/5/2020 1:00,-0.001
8/5/2020 2:00,-0.001
8/5/2020 3:00,-0.001
8/5/2020 4:00,-0.001
8/5/2020 5:00,0.0406
8/5/2020 6:00,0.11
8/5/2020 7:00,0.4097
8/5/2020 8:00,0.5014
8/5/2020 9:00,0.694
8/5/2020 10:00,0.95
8/5/2020 11:00,0.5924
8/5/2020 12:00,0.791
8/5/2020 13:00,0.2387
8/5/2020 14:00,0.0425
8/5/2020 15:00,0.0316
8/5/2020 16:00,0.019
8/5/2020 17:00,0.0065
8/5/2020 18:00,-0.001
8/5/2020 19:00,-0.001
8/5/2020 20:00,-0.001
8/5/2020 21:00,-0.001
8/5/2020 22:00,-0.001
8/5/2020 23:00,-0.001
8/6/2020 0:00,-0.001
8/6/2020 1:00,-0.001
8/6/2020 2:00,-0.001
8/6/2020 3:00,-0.001
8/6/2020 4:00,-0.001
8/6/2020 5:00,0.0353
8/6/2020 6:00,0.1407
8/6/2020 7:00,0.389
8/6/2020 8:00,0.6238
8/6/2020 9:00,0.7965
8/6/2020 10:00,0.8976
8/6/2020 11:00,0.9414
8/6/2020 12:00,0.9222
8/6/2020 13:00,0.8525
8/6/2020 14:00,0.7105
8/6/2020 15:00,0.5129
8/6/2020 16:00,0.2741
8/6/2020 17:00,0.0686
8/6/2020 18:00,0.0066
8/6/2020 19:00,-0.001
8/6/2020 20:00,-0.001
8/6/2020 21:00,-0.001
8/6/2020 22:00,-0.001
8/6/2020 23:00,-0.001
8/7/2020 0:00,-0.001
8/7/2020 1:00,-0.001
8/7/2020 2:00,-0.001
8/7/2020 3:00,-0.001
8/7/2020 4:00,-0.001
8/7/2020 5:00,0.0232
8/7/2020 6:00,0.1266
8/7/2020 7:00,0.3751
8/7/2020 8:00,0.6048
8/7/2020 9:00,0.7742
8/7/2020 10:00,0.8737
8/7/2020 11:00,0.9086
8/7/2020 12:00,0.8962
8/7/2020 13:00,0.8264
8/7/2020 14:00,0.7013
8/7/2020 15:00,0.5156
8/7/2020 16:00,0.2786
8/7/2020 17:00,0.0602
8/7/2020 18:00,0.0075
8/7/2020 19:00,-0.001
8/7/2020 20:00,-0.001
8/7/2020 21:00,-0.001
8/7/2020 22:00,-0.001
8/7/2020 23:00,-0.001
8/8/2020 0:00,-0.001
8/8/2020 1:00,-0.001
8/8/2020 2:00,-0.001
8/8/2020 3:00,-0.001
8/8/2020 4:00,-0.001
8/8/2020 5:00,0.0276
8/8/2020 6:00,0.1274
8/8/2020 7:00,0.3674
8/8/2020 8:00,0.5945
8/8/2020 9:00,0.7683
8/8/2020 10:00,0.8767
8/8/2020 11:00,0.9259
8/8/2020 12:00,0.9075
8/8/2020 13:00,0.8347
8/8/2020 14:00,0.7084
8/8/2020 15:00,0.5116
8/8/2020 16:00,0.2713
8/8/2020 17:00,0.0658
8/8/2020 18:00,0.0062
8/8/2020 19:00,-0.001
8/8/2020 20:00,-0.001
8/8/2020 21:00,-0.001
8/8/2020 22:00,-0.001
8/8/2020 23:00,-0.001
8/9/2020 0:00,-0.001
8/9/2020 1:00,-0.001
8/9/2020 2:00,-0.001
8/9/2020 3:00,-0.001
8/9/2020 4:00,-0.001
8/9/2020 5:00,0.0249
8/9/2020 6:00,0.1266
8/9/2020 7:00,0.3776
8/9/2020 8:00,0.6085
8/9/2020 9:00,0.7721
8/9/2020 10:00,0.8769
8/9/2020 11:00,0.9156
8/9/2020 12:00,0.9082
8/9/2020 13:00,0.8388
8/9/2020 14:00,0.7082
8/9/2020 15:00,0.5127
8/9/2020 16:00,0.2753
8/9/2020 17:00,0.0597
8/9/2020 18:00,0.0049
8/9/2020 19:00,-0.001
8/9/2020 20:00,-0.001
8/9/2020 21:00,-0.001
8/9/2020 22:00,-0.001
8/9/2020 23:00,-0.001
8/10/2020 0:00,-0.001
8/10/2020 1:00,-0.001
8/10/2020 2:00,-0.001
8/10/2020 3:00,-0.001
8/10/2020 4:00,-0.001
8/10/2020 5:00,0.0274
8/10/2020 6:00,0.1324
8/10/2020 7:00,0.3745
8/10/2020 8:00,0.6069
8/10/2020 9:00,0.7744
8/10/2020 10:00,0.879
8/10/2020 11:00,0.9251
8/10/2020 12:00,0.9095
8/10/2020 13:00,0.8378
8/10/2020 14:00,0.704
8/10/2020 15:00,0.5143
8/10/2020 16:00,0.2749
8/10/2020 17:00,0.0677
8/10/2020 18:00,0.0041
8/10/2020 19:00,-0.001
8/10/2020 20:00,-0.001
8/10/2020 21:00,-0.001
8/10/2020 22:00,-0.001
8/10/2020 23:00,-0.001
8/11/2020 0:00,-0.001
8/11/2020 1:00,-0.001
8/11/2020 2:00,-0.001
8/11/2020 3:00,-0.001
8/11/2020 4:00,-0.001
8/11/2020 5:00,0.0279
8/11/2020 6:00,0.1154
8/11/2020 7:00,0.3323
8/11/2020 8:00,0.5122
8/11/2020 9:00,0.7074
8/11/2020 10:00,0.7276
8/11/2020 11:00,0.7765
8/11/2020 12:00,0.7922
8/11/2020 13:00,0.7157
8/11/2020 14:00,0.5965
8/11/2020 15:00,0.4105
8/11/2020 16:00,0.2239
8/11/2020 17:00,0.0609
8/11/2020 18:00,0.0027
8/11/2020 19:00,-0.001
8/11/2020 20:00,-0.001
8/11/2020 21:00,-0.001
8/11/2020 22:00,-0.001
8/11/2020 23:00,-0.001
8/12/2020 0:00,-0.001
8/12/2020 1:00,-0.001
8/12/2020 2:00,-0.001
8/12/2020 3:00,-0.001
8/12/2020 4:00,-0.001
8/12/2020 5:00,0.0239
8/12/2020 6:00,0.1233
8/12/2020 7:00,0.353
8/12/2020 8:00,0.5805
8/12/2020 9:00,0.749
8/12/2020 10:00,0.8535
8/12/2020 11:00,0.8914
8/12/2020 12:00,0.8862
8/12/2020 13:00,0.8181
8/12/2020 14:00,0.6898
8/12/2020 15:00,0.5027
8/12/2020 16:00,0.2689
8/12/2020 17:00,0.0641
8/12/2020 18:00,0.0037
8/12/2020 19:00,-0.001
8/12/2020 20:00,-0.001
8/12/2020 21:00,-0.001
8/12/2020 22:00,-0.001
8/12/2020 23:00,-0.001
8/13/2020 0:00,-0.001
8/13/2020 1:00,-0.001
8/13/2020 2:00,-0.001
8/13/2020 3:00,-0.001
8/13/2020 4:00,-0.001
8/13/2020 5:00,0.0229
8/13/2020 6:00,0.1201
8/13/2020 7:00,0.345
8/13/2020 8:00,0.5596
8/13/2020 9:00,0.7208
8/13/2020 10:00,0.8194
8/13/2020 11:00,0.8585
8/13/2020 12:00,0.8614
8/13/2020 13:00,0.7994
8/13/2020 14:00,0.669
8/13/2020 15:00,0.4837
8/13/2020 16:00,0.2552
8/13/2020 17:00,0.0619
8/13/2020 18:00,0.0024
8/13/2020 19:00,-0.001
8/13/2020 20:00,-0.001
8/13/2020 21:00,-0.001
8/13/2020 22:00,-0.001
8/13/2020 23:00,-0.001
8/14/2020 0:00,-0.001
8/14/2020 1:00,-0.001
8/14/2020 2:00,-0.001
8/14/2020 3:00,-0.001
8/14/2020 4:00,-0.001
8/14/2020 5:00,0.0201
8/14/2020 6:00,0.1222
8/14/2020 7:00,0.3507
8/14/2020 8:00,0.5663
8/14/2020 9:00,0.7457
8/14/2020 10:00,0.844
8/14/2020 11:00,0.8738
8/14/2020 12:00,0.851
8/14/2020 13:00,0.7762
8/14/2020 14:00,0.6578
8/14/2020 15:00,0.471
8/14/2020 16:00,0.2511
8/14/2020 17:00,0.0616
8/14/2020 18:00,0.0016
8/14/2020 19:00,-0.001
8/14/2020 20:00,-0.001
8/14/2020 21:00,-0.001
8/14/2020 22:00,-0.001
8/14/2020 23:00,-0.001
8/15/2020 0:00,-0.001
8/15/2020 1:00,-0.001
8/15/2020 2:00,-0.001
8/15/2020 3:00,-0.001
8/15/2020 4:00,-0.001
8/15/2020 5:00,0.0216
8/15/2020 6:00,0.1212
8/15/2020 7:00,0.3195
8/15/2020 8:00,0.5424
8/15/2020 9:00,0.694
8/15/2020 10:00,0.8075
8/15/2020 11:00,0.819
8/15/2020 12:00,0.825
8/15/2020 13:00,0.7185
8/15/2020 14:00,0.5996
8/15/2020 15:00,0.4399
8/15/2020 16:00,0.2448
8/15/2020 17:00,0.0613
8/15/2020 18:00,0.0008
8/15/2020 19:00,-0.001
8/15/2020 20:00,-0.001
8/15/2020 21:00,-0.001
8/15/2020 22:00,-0.001
8/15/2020 23:00,-0.001
8/16/2020 0:00,-0.001
8/16/2020 1:00,-0.001
8/16/2020 2:00,-0.001
8/16/2020 3:00,-0.001
8/16/2020 4:00,-0.001
8/16/2020 5:00,0.0133
8/16/2020 6:00,0.0368
8/16/2020 7:00,0.0826
8/16/2020 8:00,0.188
8/16/2020 9:00,0.36
8/16/2020 10:00,0.3455
8/16/2020 11:00,0.3875
8/16/2020 12:00,0.5688
8/16/2020 13:00,0.7758
8/16/2020 14:00,0.5593
8/16/2020 15:00,0.5184
8/16/2020 16:00,0.3125
8/16/2020 17:00,0.0607
8/16/2020 18:00,-0.001
8/16/2020 19:00,-0.001
8/16/2020 20:00,-0.001
8/16/2020 21:00,-0.001
8/16/2020 22:00,-0.001
8/16/2020 23:00,-0.001
8/17/2020 0:00,-0.001
8/17/2020 1:00,-0.001
8/17/2020 2:00,-0.001
8/17/2020 3:00,-0.001
8/17/2020 4:00,-0.001
8/17/2020 5:00,0.026
8/17/2020 6:00,0.1149
8/17/2020 7:00,0.2702
8/17/2020 8:00,0.3411
8/17/2020 9:00,0.4663
8/17/2020 10:00,0.5996
8/17/2020 11:00,0.6226
8/17/2020 12:00,0.7948
8/17/2020 13:00,0.8498
8/17/2020 14:00,0.5241
8/17/2020 15:00,0.3175
8/17/2020 16:00,0.21
8/17/2020 17:00,0.0551
8/17/2020 18:00,-0.001
8/17/2020 19:00,-0.001
8/17/2020 20:00,-0.001
8/17/2020 21:00,-0.001
8/17/2020 22:00,-0.001
8/17/2020 23:00,-0.001
8/18/2020 0:00,-0.001
8/18/2020 1:00,-0.001
8/18/2020 2:00,-0.001
8/18/2020 3:00,-0.001
8/18/2020 4:00,-0.001
8/18/2020 5:00,0.0165
8/18/2020 6:00,0.1146
8/18/2020 7:00,0.3386
8/18/2020 8:00,0.5329
8/18/2020 9:00,0.6371
8/18/2020 10:00,0.7562
8/18/2020 11:00,0.8171
8/18/2020 12:00,0.8249
8/18/2020 13:00,0.72
8/18/2020 14:00,0.605
8/18/2020 15:00,0.4465
8/18/2020 16:00,0.2259
8/18/2020 17:00,0.0561
8/18/2020 18:00,-0.001
8/18/2020 19:00,-0.001
8/18/2020 20:00,-0.001
8/18/2020 21:00,-0.001
8/18/2020 22:00,-0.001
8/18/2020 23:00,-0.001
8/19/2020 0:00,-0.001
8/19/2020 1:00,-0.001
8/19/2020 2:00,-0.001
8/19/2020 3:00,-0.001
8/19/2020 4:00,-0.001
8/19/2020 5:00,0.017
8/19/2020 6:00,0.1208
8/19/2020 7:00,0.349
8/19/2020 8:00,0.5612
8/19/2020 9:00,0.712
8/19/2020 10:00,0.8206
8/19/2020 11:00,0.8638
8/19/2020 12:00,0.8416
8/19/2020 13:00,0.7731
8/19/2020 14:00,0.6458
8/19/2020 15:00,0.4649
8/19/2020 16:00,0.2464
8/19/2020 17:00,0.0516
8/19/2020 18:00,-0.001
8/19/2020 19:00,-0.001
8/19/2020 20:00,-0.001
8/19/2020 21:00,-0.001
8/19/2020 22:00,-0.001
8/19/2020 23:00,-0.001
8/20/2020 0:00,-0.001
8/20/2020 1:00,-0.001
8/20/2020 2:00,-0.001
8/20/2020 3:00,-0.001
8/20/2020 4:00,-0.001
8/20/2020 5:00,0.0127
8/20/2020 6:00,0.1252
8/20/2020 7:00,0.3486
8/20/2020 8:00,0.5685
8/20/2020 9:00,0.7188
8/20/2020 10:00,0.8038
8/20/2020 11:00,0.8472
8/20/2020 12:00,0.7879
8/20/2020 13:00,0.6894
8/20/2020 14:00,0.5712
8/20/2020 15:00,0.3929
8/20/2020 16:00,0.2209
8/20/2020 17:00,0.0529
8/20/2020 18:00,-0.001
8/20/2020 19:00,-0.001
8/20/2020 20:00,-0.001
8/20/2020 21:00,-0.001
8/20/2020 22:00,-0.001
8/20/2020 23:00,-0.001
8/21/2020 0:00,-0.001
8/21/2020 1:00,-0.001
8/21/2020 2:00,-0.001
8/21/2020 3:00,-0.001
8/21/2020 4:00,-0.001
8/21/2020 5:00,0.0093
8/21/2020 6:00,0.1083
8/21/2020 7:00,0.2724
8/21/2020 8:00,0.4561
8/21/2020 9:00,0.6375
8/21/2020 10:00,0.7866
8/21/2020 11:00,0.7757
8/21/2020 12:00,0.825
8/21/2020 13:00,0.7345
8/21/2020 14:00,0.6209
8/21/2020 15:00,0.4186
8/21/2020 16:00,0.2289
8/21/2020 17:00,0.0565
8/21/2020 18:00,-0.001
8/21/2020 19:00,-0.001
8/21/2020 20:00,-0.001
8/21/2020 21:00,-0.001
8/21/2020 22:00,-0.001
8/21/2020 23:00,-0.001
8/22/2020 0:00,-0.001
8/22/2020 1:00,-0.001
8/22/2020 2:00,-0.001
8/22/2020 3:00,-0.001
8/22/2020 4:00,-0.001
8/22/2020 5:00,0.0153
8/22/2020 6:00,0.1181
8/22/2020 7:00,0.4063
8/22/2020 8:00,0.5711
8/22/2020 9:00,0.6968
8/22/2020 10:00,0.6
8/22/2020 11:00,0.5605
8/22/2020 12:00,0.5436
8/22/2020 13:00,0.1248
8/22/2020 14:00,0.1655
8/22/2020 15:00,0.3128
8/22/2020 16:00,0.2086
8/22/2020 17:00,0.053
8/22/2020 18:00,-0.001
8/22/2020 19:00,-0.001
8/22/2020 20:00,-0.001
8/22/2020 21:00,-0.001
8/22/2020 22:00,-0.001
8/22/2020 23:00,-0.001
8/23/2020 0:00,-0.001
8/23/2020 1:00,-0.001
8/23/2020 2:00,-0.001
8/23/2020 3:00,-0.001
8/23/2020 4:00,-0.001
8/23/2020 5:00,0.0076
8/23/2020 6:00,0.1114
8/23/2020 7:00,0.2687
8/23/2020 8:00,0.5109
8/23/2020 9:00,0.6883
8/23/2020 10:00,0.7744
8/23/2020 11:00,0.7176
8/23/2020 12:00,0.7498
8/23/2020 13:00,0.6879
8/23/2020 14:00,0.5406
8/23/2020 15:00,0.3192
8/23/2020 16:00,0.1798
8/23/2020 17:00,0.0514
8/23/2020 18:00,-0.001
8/23/2020 19:00,-0.001
8/23/2020 20:00,-0.001
8/23/2020 21:00,-0.001
8/23/2020 22:00,-0.001
8/23/2020 23:00,-0.001
8/24/2020 0:00,-0.001
8/24/2020 1:00,-0.001
8/24/2020 2:00,-0.001
8/24/2020 3:00,-0.001
8/24/2020 4:00,-0.001
8/24/2020 5:00,0.0083
8/24/2020 6:00,0.1145
8/24/2020 7:00,0.3038
8/24/2020 8:00,0.4647
8/24/2020 9:00,0.5772
8/24/2020 10:00,0.6738
8/24/2020 11:00,0.7986
8/24/2020 12:00,0.7375
8/24/2020 13:00,0.6134
8/24/2020 14:00,0.4795
8/24/2020 15:00,0.3369
8/24/2020 16:00,0.171
8/24/2020 17:00,0.0491
8/24/2020 18:00,-0.001
8/24/2020 19:00,-0.001
8/24/2020 20:00,-0.001
8/24/2020 21:00,-0.001
8/24/2020 22:00,-0.001
8/24/2020 23:00,-0.001
8/25/2020 0:00,-0.001
8/25/2020 1:00,-0.001
8/25/2020 2:00,-0.001
8/25/2020 3:00,-0.001
8/25/2020 4:00,-0.001
8/25/2020 5:00,0.009
8/25/2020 6:00,0.1266
8/25/2020 7:00,0.3839
8/25/2020 8:00,0.6182
8/25/2020 9:00,0.7931
8/25/2020 10:00,0.897
8/25/2020 11:00,0.9408
8/25/2020 12:00,0.9227
8/25/2020 13:00,0.8439
8/25/2020 14:00,0.7057
8/25/2020 15:00,0.5103
8/25/2020 16:00,0.2597
8/25/2020 17:00,0.0477
8/25/2020 18:00,-0.001
8/25/2020 19:00,-0.001
8/25/2020 20:00,-0.001
8/25/2020 21:00,-0.001
8/25/2020 22:00,-0.001
8/25/2020 23:00,-0.001
8/26/2020 0:00,-0.001
8/26/2020 1:00,-0.001
8/26/2020 2:00,-0.001
8/26/2020 3:00,-0.001
8/26/2020 4:00,-0.001
8/26/2020 5:00,0.008
8/26/2020 6:00,0.1211
8/26/2020 7:00,0.3421
8/26/2020 8:00,0.5644
8/26/2020 9:00,0.71
8/26/2020 10:00,0.8173
8/26/2020 11:00,0.8498
8/26/2020 12:00,0.8369
8/26/2020 13:00,0.7811
8/26/2020 14:00,0.6671
8/26/2020 15:00,0.4742
8/26/2020 16:00,0.2349
8/26/2020 17:00,0.0442
8/26/2020 18:00,-0.001
8/26/2020 19:00,-0.001
8/26/2020 20:00,-0.001
8/26/2020 21:00,-0.001
8/26/2020 22:00,-0.001
8/26/2020 23:00,-0.001
8/27/2020 0:00,-0.001
8/27/2020 1:00,-0.001
8/27/2020 2:00,-0.001
8/27/2020 3:00,-0.001
8/27/2020 4:00,-0.001
8/27/2020 5:00,0.0087
8/27/2020 6:00,0.1256
8/27/2020 7:00,0.3584
8/27/2020 8:00,0.5717
8/27/2020 9:00,0.7408
8/27/2020 10:00,0.8247
8/27/2020 11:00,0.8444
8/27/2020 12:00,0.835
8/27/2020 13:00,0.7147
8/27/2020 14:00,0.5784
8/27/2020 15:00,0.4165
8/27/2020 16:00,0.2186
8/27/2020 17:00,0.0436
8/27/2020 18:00,-0.001
8/27/2020 19:00,-0.001
8/27/2020 20:00,-0.001
8/27/2020 21:00,-0.001
8/27/2020 22:00,-0.001
8/27/2020 23:00,-0.001
8/28/2020 0:00,-0.001
8/28/2020 1:00,-0.001
8/28/2020 2:00,-0.001
8/28/2020 3:00,-0.001
8/28/2020 4:00,-0.001
8/28/2020 5:00,0.0081
8/28/2020 6:00,0.1336
8/28/2020 7:00,0.3951
8/28/2020 8:00,0.5093
8/28/2020 9:00,0.4774
8/28/2020 10:00,0.6179
8/28/2020 11:00,0.3185
8/28/2020 12:00,0.3394
8/28/2020 13:00,0.1214
8/28/2020 14:00,0.1912
8/28/2020 15:00,0.1863
8/28/2020 16:00,0.1812
8/28/2020 17:00,0.0329
8/28/2020 18:00,-0.001
8/28/2020 19:00,-0.001
8/28/2020 20:00,-0.001
8/28/2020 21:00,-0.001
8/28/2020 22:00,-0.001
8/28/2020 23:00,-0.001
8/29/2020 0:00,-0.001
8/29/2020 1:00,-0.001
8/29/2020 2:00,-0.001
8/29/2020 3:00,-0.001
8/29/2020 4:00,-0.001
8/29/2020 5:00,0.0056
8/29/2020 6:00,0.1287
8/29/2020 7:00,0.3901
8/29/2020 8:00,0.6217
8/29/2020 9:00,0.7948
8/29/2020 10:00,0.9051
8/29/2020 11:00,0.4973
8/29/2020 12:00,0.44
8/29/2020 13:00,0.4042
8/29/2020 14:00,0.3465
8/29/2020 15:00,0.243
8/29/2020 16:00,0.1315
8/29/2020 17:00,0.0404
8/29/2020 18:00,-0.001
8/29/2020 19:00,-0.001
8/29/2020 20:00,-0.001
8/29/2020 21:00,-0.001
8/29/2020 22:00,-0.001
8/29/2020 23:00,-0.001
8/30/2020 0:00,-0.001
8/30/2020 1:00,-0.001
8/30/2020 2:00,-0.001
8/30/2020 3:00,-0.001
8/30/2020 4:00,-0.001
8/30/2020 5:00,-0.001
8/30/2020 6:00,0.0252
8/30/2020 7:00,0.0721
8/30/2020 8:00,0.146
8/30/2020 9:00,0.2389
8/30/2020 10:00,0.3046
8/30/2020 11:00,0.3228
8/30/2020 12:00,0.3387
8/30/2020 13:00,0.3529
8/30/2020 14:00,0.4094
8/30/2020 15:00,0.2939
8/30/2020 16:00,0.1925
8/30/2020 17:00,0.053
8/30/2020 18:00,-0.001
8/30/2020 19:00,-0.001
8/30/2020 20:00,-0.001
8/30/2020 21:00,-0.001
8/30/2020 22:00,-0.001
8/30/2020 23:00,-0.001
8/31/2020 0:00,-0.001
8/31/2020 1:00,-0.001
8/31/2020 2:00,-0.001
8/31/2020 3:00,-0.001
8/31/2020 4:00,-0.001
8/31/2020 5:00,0.0047
8/31/2020 6:00,0.1323
8/31/2020 7:00,0.3899
8/31/2020 8:00,0.622
8/31/2020 9:00,0.7805
8/31/2020 10:00,0.878
8/31/2020 11:00,0.9229
8/31/2020 12:00,0.8935
8/31/2020 13:00,0.8116
8/31/2020 14:00,0.6712
8/31/2020 15:00,0.4775
8/31/2020 16:00,0.234
8/31/2020 17:00,0.0407
8/31/2020 18:00,-0.001
8/31/2020 19:00,-0.001
8/31/2020 20:00,-0.001
8/31/2020 21:00,-0.001
8/31/2020 22:00,-0.001
8/31/2020 23:00,-0.001
9/1/2020 0:00,-0.001
9/1/2020 1:00,-0.001
9/1/2020 2:00,-0.001
9/1/2020 3:00,-0.001
9/1/2020 4:00,-0.001
9/1/2020 5:00,0.0054
9/1/2020 6:00,0.1555
9/1/2020 7:00,0.4505
9/1/2020 8:00,0.6905
9/1/2020 9:00,0.8643
9/1/2020 10:00,0.9558
9/1/2020 11:00,0.4917
9/1/2020 12:00,0.4786
9/1/2020 13:00,0.3639
9/1/2020 14:00,0.2674
9/1/2020 15:00,0.1886
9/1/2020 16:00,0.1139
9/1/2020 17:00,0.0366
9/1/2020 18:00,-0.001
9/1/2020 19:00,-0.001
9/1/2020 20:00,-0.001
9/1/2020 21:00,-0.001
9/1/2020 22:00,-0.001
9/1/2020 23:00,-0.001
9/2/2020 0:00,-0.001
9/2/2020 1:00,-0.001
9/2/2020 2:00,-0.001
9/2/2020 3:00,-0.001
9/2/2020 4:00,-0.001
9/2/2020 5:00,0.0031
9/2/2020 6:00,0.11
9/2/2020 7:00,0.3064
9/2/2020 8:00,0.4634
9/2/2020 9:00,0.6003
9/2/2020 10:00,0.7418
9/2/2020 11:00,0.7992
9/2/2020 12:00,0.8064
9/2/2020 13:00,0.7804
9/2/2020 14:00,0.6474
9/2/2020 15:00,0.4718
9/2/2020 16:00,0.2445
9/2/2020 17:00,0.0482
9/2/2020 18:00,-0.001
9/2/2020 19:00,-0.001
9/2/2020 20:00,-0.001
9/2/2020 21:00,-0.001
9/2/2020 22:00,-0.001
9/2/2020 23:00,-0.001
9/3/2020 0:00,-0.001
9/3/2020 1:00,-0.001
9/3/2020 2:00,-0.001
9/3/2020 3:00,-0.001
9/3/2020 4:00,-0.001
9/3/2020 5:00,0.0028
9/3/2020 6:00,0.1374
9/3/2020 7:00,0.4023
9/3/2020 8:00,0.6512
9/3/2020 9:00,0.819
9/3/2020 10:00,0.9257
9/3/2020 11:00,0.959
9/3/2020 12:00,0.9331
9/3/2020 13:00,0.8496
9/3/2020 14:00,0.7003
9/3/2020 15:00,0.4897
9/3/2020 16:00,0.2307
9/3/2020 17:00,0.0358
9/3/2020 18:00,-0.001
9/3/2020 19:00,-0.001
9/3/2020 20:00,-0.001
9/3/2020 21:00,-0.001
9/3/2020 22:00,-0.001
9/3/2020 23:00,-0.001
9/4/2020 0:00,-0.001
9/4/2020 1:00,-0.001
9/4/2020 2:00,-0.001
9/4/2020 3:00,-0.001
9/4/2020 4:00,-0.001
9/4/2020 5:00,0.0019
9/4/2020 6:00,0.1184
9/4/2020 7:00,0.3592
9/4/2020 8:00,0.5532
9/4/2020 9:00,0.7354
9/4/2020 10:00,0.7945
9/4/2020 11:00,0.8632
9/4/2020 12:00,0.8416
9/4/2020 13:00,0.7689
9/4/2020 14:00,0.6109
9/4/2020 15:00,0.4128
9/4/2020 16:00,0.2017
9/4/2020 17:00,0.0317
9/4/2020 18:00,-0.001
9/4/2020 19:00,-0.001
9/4/2020 20:00,-0.001
9/4/2020 21:00,-0.001
9/4/2020 22:00,-0.001
9/4/2020 23:00,-0.001
9/5/2020 0:00,-0.001
9/5/2020 1:00,-0.001
9/5/2020 2:00,-0.001
9/5/2020 3:00,-0.001
9/5/2020 4:00,-0.001
9/5/2020 5:00,0.0013
9/5/2020 6:00,0.1276
9/5/2020 7:00,0.3723
9/5/2020 8:00,0.6074
9/5/2020 9:00,0.7871
9/5/2020 10:00,0.8966
9/5/2020 11:00,0.9408
9/5/2020 12:00,0.9229
9/5/2020 13:00,0.8343
9/5/2020 14:00,0.6924
9/5/2020 15:00,0.4913
9/5/2020 16:00,0.2333
9/5/2020 17:00,0.0351
9/5/2020 18:00,-0.001
9/5/2020 19:00,-0.001
9/5/2020 20:00,-0.001
9/5/2020 21:00,-0.001
9/5/2020 22:00,-0.001
9/5/2020 23:00,-0.001
9/6/2020 0:00,-0.001
9/6/2020 1:00,-0.001
9/6/2020 2:00,-0.001
9/6/2020 3:00,-0.001
9/6/2020 4:00,-0.001
9/6/2020 5:00,0.001
9/6/2020 6:00,0.1378
9/6/2020 7:00,0.4176
9/6/2020 8:00,0.6613
9/6/2020 9:00,0.8336
9/6/2020 10:00,0.9404
9/6/2020 11:00,0.9836
9/6/2020 12:00,0.9643
9/6/2020 13:00,0.8761
9/6/2020 14:00,0.725
9/6/2020 15:00,0.5076
9/6/2020 16:00,0.2393
9/6/2020 17:00,0.0353
9/6/2020 18:00,-0.001
9/6/2020 19:00,-0.001
9/6/2020 20:00,-0.001
9/6/2020 21:00,-0.001
9/6/2020 22:00,-0.001
9/6/2020 23:00,-0.001
9/7/2020 0:00,-0.001
9/7/2020 1:00,-0.001
9/7/2020 2:00,-0.001
9/7/2020 3:00,-0.001
9/7/2020 4:00,-0.001
9/7/2020 5:00,-0.001
9/7/2020 6:00,0.1214
9/7/2020 7:00,0.3661
9/7/2020 8:00,0.5929
9/7/2020 9:00,0.7165
9/7/2020 10:00,0.8063
9/7/2020 11:00,0.833
9/7/2020 12:00,0.8539
9/7/2020 13:00,0.7251
9/7/2020 14:00,0.5796
9/7/2020 15:00,0.3697
9/7/2020 16:00,0.1904
9/7/2020 17:00,0.0283
9/7/2020 18:00,-0.001
9/7/2020 19:00,-0.001
9/7/2020 20:00,-0.001
9/7/2020 21:00,-0.001
9/7/2020 22:00,-0.001
9/7/2020 23:00,-0.001
9/8/2020 0:00,-0.001
9/8/2020 1:00,-0.001
9/8/2020 2:00,-0.001
9/8/2020 3:00,-0.001
9/8/2020 4:00,-0.001
9/8/2020 5:00,-0.001
9/8/2020 6:00,0.1336
9/8/2020 7:00,0.4054
9/8/2020 8:00,0.6507
9/8/2020 9:00,0.8207
9/8/2020 10:00,0.9231
9/8/2020 11:00,0.9623
9/8/2020 12:00,0.9474
9/8/2020 13:00,0.8566
9/8/2020 14:00,0.6992
9/8/2020 15:00,0.4802
9/8/2020 16:00,0.2189
9/8/2020 17:00,0.0286
9/8/2020 18:00,-0.001
9/8/2020 19:00,-0.001
9/8/2020 20:00,-0.001
9/8/2020 21:00,-0.001
9/8/2020 22:00,-0.001
9/8/2020 23:00,-0.001
9/9/2020 0:00,-0.001
9/9/2020 1:00,-0.001
9/9/2020 2:00,-0.001
9/9/2020 3:00,-0.001
9/9/2020 4:00,-0.001
9/9/2020 5:00,-0.001
9/9/2020 6:00,0.1156
9/9/2020 7:00,0.3294
9/9/2020 8:00,0.5261
9/9/2020 9:00,0.7089
9/9/2020 10:00,0.7799
9/9/2020 11:00,0.8535
9/9/2020 12:00,0.847
9/9/2020 13:00,0.839
9/9/2020 14:00,0.7052
9/9/2020 15:00,0.4953
9/9/2020 16:00,0.2277
9/9/2020 17:00,0.0346
9/9/2020 18:00,-0.001
9/9/2020 19:00,-0.001
9/9/2020 20:00,-0.001
9/9/2020 21:00,-0.001
9/9/2020 22:00,-0.001
9/9/2020 23:00,-0.001
9/10/2020 0:00,-0.001
9/10/2020 1:00,-0.001
9/10/2020 2:00,-0.001
9/10/2020 3:00,-0.001
9/10/2020 4:00,-0.001
9/10/2020 5:00,-0.001
9/10/2020 6:00,0.0767
9/10/2020 7:00,0.2546
9/10/2020 8:00,0.4451
9/10/2020 9:00,0.5967
9/10/2020 10:00,0.7885
9/10/2020 11:00,0.8164
9/10/2020 12:00,0.7223
9/10/2020 13:00,0.6583
9/10/2020 14:00,0.5242
9/10/2020 15:00,0.4539
9/10/2020 16:00,0.2043
9/10/2020 17:00,0.0186
9/10/2020 18:00,-0.001
9/10/2020 19:00,-0.001
9/10/2020 20:00,-0.001
9/10/2020 21:00,-0.001
9/10/2020 22:00,-0.001
9/10/2020 23:00,-0.001
9/11/2020 0:00,-0.001
9/11/2020 1:00,-0.001
9/11/2020 2:00,-0.001
9/11/2020 3:00,-0.001
9/11/2020 4:00,-0.001
9/11/2020 5:00,-0.001
9/11/2020 6:00,0.1373
9/11/2020 7:00,0.3995
9/11/2020 8:00,0.6361
9/11/2020 9:00,0.8067
9/11/2020 10:00,0.9224
9/11/2020 11:00,0.9407
9/11/2020 12:00,0.9109
9/11/2020 13:00,0.8103
9/11/2020 14:00,0.6666
9/11/2020 15:00,0.4704
9/11/2020 16:00,0.2122
9/11/2020 17:00,0.0123
9/11/2020 18:00,-0.001
9/11/2020 19:00,-0.001
9/11/2020 20:00,-0.001
9/11/2020 21:00,-0.001
9/11/2020 22:00,-0.001
9/11/2020 23:00,-0.001
9/12/2020 0:00,-0.001
9/12/2020 1:00,-0.001
9/12/2020 2:00,-0.001
9/12/2020 3:00,-0.001
9/12/2020 4:00,-0.001
9/12/2020 5:00,-0.001
9/12/2020 6:00,0.1149
9/12/2020 7:00,0.3518
9/12/2020 8:00,0.5429
9/12/2020 9:00,0.6891
9/12/2020 10:00,0.8247
9/12/2020 11:00,0.7829
9/12/2020 12:00,0.8299
9/12/2020 13:00,0.7077
9/12/2020 14:00,0.6014
9/12/2020 15:00,0.3562
9/12/2020 16:00,0.137
9/12/2020 17:00,0.0033
9/12/2020 18:00,-0.001
9/12/2020 19:00,-0.001
9/12/2020 20:00,-0.001
9/12/2020 21:00,-0.001
9/12/2020 22:00,-0.001
9/12/2020 23:00,-0.001
9/13/2020 0:00,-0.001
9/13/2020 1:00,-0.001
9/13/2020 2:00,-0.001
9/13/2020 3:00,-0.001
9/13/2020 4:00,-0.001
9/13/2020 5:00,-0.001
9/13/2020 6:00,0.109
9/13/2020 7:00,0.302
9/13/2020 8:00,0.4915
9/13/2020 9:00,0.6978
9/13/2020 10:00,0.8426
9/13/2020 11:00,0.8896
9/13/2020 12:00,0.8224
9/13/2020 13:00,0.6941
9/13/2020 14:00,0.5882
9/13/2020 15:00,0.3355
9/13/2020 16:00,0.141
9/13/2020 17:00,0.0049
9/13/2020 18:00,-0.001
9/13/2020 19:00,-0.001
9/13/2020 20:00,-0.001
9/13/2020 21:00,-0.001
9/13/2020 22:00,-0.001
9/13/2020 23:00,-0.001
9/14/2020 0:00,-0.001
9/14/2020 1:00,-0.001
9/14/2020 2:00,-0.001
9/14/2020 3:00,-0.001
9/14/2020 4:00,-0.001
9/14/2020 5:00,-0.001
9/14/2020 6:00,0.1374
9/14/2020 7:00,0.4127
9/14/2020 8:00,0.6391
9/14/2020 9:00,0.8143
9/14/2020 10:00,0.8961
9/14/2020 11:00,0.9328
9/14/2020 12:00,0.8912
9/14/2020 13:00,0.7941
9/14/2020 14:00,0.6541
9/14/2020 15:00,0.4453
9/14/2020 16:00,0.2013
9/14/2020 17:00,0.007
9/14/2020 18:00,-0.001
9/14/2020 19:00,-0.001
9/14/2020 20:00,-0.001
9/14/2020 21:00,-0.001
9/14/2020 22:00,-0.001
9/14/2020 23:00,-0.001
9/15/2020 0:00,-0.001
9/15/2020 1:00,-0.001
9/15/2020 2:00,-0.001
9/15/2020 3:00,-0.001
9/15/2020 4:00,-0.001
9/15/2020 5:00,-0.001
9/15/2020 6:00,0.1326
9/15/2020 7:00,0.3744
9/15/2020 8:00,0.6037
9/15/2020 9:00,0.7608
9/15/2020 10:00,0.8149
9/15/2020 11:00,0.883
9/15/2020 12:00,0.8412
9/15/2020 13:00,0.7761
9/15/2020 14:00,0.6307
9/15/2020 15:00,0.4102
9/15/2020 16:00,0.1796
9/15/2020 17:00,0.0044
9/15/2020 18:00,-0.001
9/15/2020 19:00,-0.001
9/15/2020 20:00,-0.001
9/15/2020 21:00,-0.001
9/15/2020 22:00,-0.001
9/15/2020 23:00,-0.001
9/16/2020 0:00,-0.001
9/16/2020 1:00,-0.001
9/16/2020 2:00,-0.001
9/16/2020 3:00,-0.001
9/16/2020 4:00,-0.001
9/16/2020 5:00,-0.001
9/16/2020 6:00,0.1401
9/16/2020 7:00,0.3813
9/16/2020 8:00,0.6129
9/16/2020 9:00,0.749
9/16/2020 10:00,0.804
9/16/2020 11:00,0.7337
9/16/2020 12:00,0.7683
9/16/2020 13:00,0.7093
9/16/2020 14:00,0.5351
9/16/2020 15:00,0.3396
9/16/2020 16:00,0.1906
9/16/2020 17:00,0.0068
9/16/2020 18:00,-0.001
9/16/2020 19:00,-0.001
9/16/2020 20:00,-0.001
9/16/2020 21:00,-0.001
9/16/2020 22:00,-0.001
9/16/2020 23:00,-0.001
9/17/2020 0:00,-0.001
9/17/2020 1:00,-0.001
9/17/2020 2:00,-0.001
9/17/2020 3:00,-0.001
9/17/2020 4:00,-0.001
9/17/2020 5:00,-0.001
9/17/2020 6:00,0.1213
9/17/2020 7:00,0.3765
9/17/2020 8:00,0.6228
9/17/2020 9:00,0.7821
9/17/2020 10:00,0.876
9/17/2020 11:00,0.9159
9/17/2020 12:00,0.8956
9/17/2020 13:00,0.8196
9/17/2020 14:00,0.6654
9/17/2020 15:00,0.457
9/17/2020 16:00,0.1957
9/17/2020 17:00,0.0044
9/17/2020 18:00,-0.001
9/17/2020 19:00,-0.001
9/17/2020 20:00,-0.001
9/17/2020 21:00,-0.001
9/17/2020 22:00,-0.001
9/17/2020 23:00,-0.001
9/18/2020 0:00,-0.001
9/18/2020 1:00,-0.001
9/18/2020 2:00,-0.001
9/18/2020 3:00,-0.001
9/18/2020 4:00,-0.001
9/18/2020 5:00,-0.001
9/18/2020 6:00,0.1348
9/18/2020 7:00,0.3996
9/18/2020 8:00,0.6448
9/18/2020 9:00,0.8151
9/18/2020 10:00,0.9011
9/18/2020 11:00,0.9324
9/18/2020 12:00,0.8823
9/18/2020 13:00,0.8009
9/18/2020 14:00,0.6666
9/18/2020 15:00,0.4498
9/18/2020 16:00,0.1929
9/18/2020 17:00,0.0027
9/18/2020 18:00,-0.001
9/18/2020 19:00,-0.001
9/18/2020 20:00,-0.001
9/18/2020 21:00,-0.001
9/18/2020 22:00,-0.001
9/18/2020 23:00,-0.001
9/19/2020 0:00,-0.001
9/19/2020 1:00,-0.001
9/19/2020 2:00,-0.001
9/19/2020 3:00,-0.001
9/19/2020 4:00,-0.001
9/19/2020 5:00,-0.001
9/19/2020 6:00,0.121
9/19/2020 7:00,0.3455
9/19/2020 8:00,0.6313
9/19/2020 9:00,0.8408
9/19/2020 10:00,0.8328
9/19/2020 11:00,0.8557
9/19/2020 12:00,0.7803
9/19/2020 13:00,0.6773
9/19/2020 14:00,0.4933
9/19/2020 15:00,0.3339
9/19/2020 16:00,0.1471
9/19/2020 17:00,0.0006
9/19/2020 18:00,-0.001
9/19/2020 19:00,-0.001
9/19/2020 20:00,-0.001
9/19/2020 21:00,-0.001
9/19/2020 22:00,-0.001
9/19/2020 23:00,-0.001
9/20/2020 0:00,-0.001
9/20/2020 1:00,-0.001
9/20/2020 2:00,-0.001
9/20/2020 3:00,-0.001
9/20/2020 4:00,-0.001
9/20/2020 5:00,-0.001
9/20/2020 6:00,0.1251
9/20/2020 7:00,0.2863
9/20/2020 8:00,0.3511
9/20/2020 9:00,0.3018
9/20/2020 10:00,0.5369
9/20/2020 11:00,0.2121
9/20/2020 12:00,0.1412
9/20/2020 13:00,0.5593
9/20/2020 14:00,0.6959
9/20/2020 15:00,0.4494
9/20/2020 16:00,0.2293
9/20/2020 17:00,0.0043
9/20/2020 18:00,-0.001
9/20/2020 19:00,-0.001
9/20/2020 20:00,-0.001
9/20/2020 21:00,-0.001
9/20/2020 22:00,-0.001
9/20/2020 23:00,-0.001
9/21/2020 0:00,-0.001
9/21/2020 1:00,-0.001
9/21/2020 2:00,-0.001
9/21/2020 3:00,-0.001
9/21/2020 4:00,-0.001
9/21/2020 5:00,-0.001
9/21/2020 6:00,0.156
9/21/2020 7:00,0.4604
9/21/2020 8:00,0.7209
9/21/2020 9:00,0.9029
9/21/2020 10:00,1.0091
9/21/2020 11:00,1.0435
9/21/2020 12:00,1.0116
9/21/2020 13:00,0.9118
9/21/2020 14:00,0.746
9/21/2020 15:00,0.5031
9/21/2020 16:00,0.2118
9/21/2020 17:00,-0.001
9/21/2020 18:00,-0.001
9/21/2020 19:00,-0.001
9/21/2020 20:00,-0.001
9/21/2020 21:00,-0.001
9/21/2020 22:00,-0.001
9/21/2020 23:00,-0.001
9/22/2020 0:00,-0.001
9/22/2020 1:00,-0.001
9/22/2020 2:00,-0.001
9/22/2020 3:00,-0.001
9/22/2020 4:00,-0.001
9/22/2020 5:00,-0.001
9/22/2020 6:00,0.1365
9/22/2020 7:00,0.4078
9/22/2020 8:00,0.6301
9/22/2020 9:00,0.8004
9/22/2020 10:00,0.8742
9/22/2020 11:00,0.9116
9/22/2020 12:00,0.8782
9/22/2020 13:00,0.798
9/22/2020 14:00,0.6642
9/22/2020 15:00,0.4436
9/22/2020 16:00,0.1855
9/22/2020 17:00,-0.001
9/22/2020 18:00,-0.001
9/22/2020 19:00,-0.001
9/22/2020 20:00,-0.001
9/22/2020 21:00,-0.001
9/22/2020 22:00,-0.001
9/22/2020 23:00,-0.001
9/23/2020 0:00,-0.001
9/23/2020 1:00,-0.001
9/23/2020 2:00,-0.001
9/23/2020 3:00,-0.001
9/23/2020 4:00,-0.001
9/23/2020 5:00,-0.001
9/23/2020 6:00,0.1524
9/23/2020 7:00,0.4512
9/23/2020 8:00,0.7062
9/23/2020 9:00,0.8817
9/23/2020 10:00,0.9801
9/23/2020 11:00,1.0121
9/23/2020 12:00,0.9837
9/23/2020 13:00,0.8848
9/23/2020 14:00,0.7209
9/23/2020 15:00,0.4842
9/23/2020 16:00,0.2003
9/23/2020 17:00,-0.001
9/23/2020 18:00,-0.001
9/23/2020 19:00,-0.001
9/23/2020 20:00,-0.001
9/23/2020 21:00,-0.001
9/23/2020 22:00,-0.001
9/23/2020 23:00,-0.001
9/24/2020 0:00,-0.001
9/24/2020 1:00,-0.001
9/24/2020 2:00,-0.001
9/24/2020 3:00,-0.001
9/24/2020 4:00,-0.001
9/24/2020 5:00,-0.001
9/24/2020 6:00,0.0388
9/24/2020 7:00,0.1435
9/24/2020 8:00,0.2119
9/24/2020 9:00,0.4747
9/24/2020 10:00,0.4291
9/24/2020 11:00,0.4103
9/24/2020 12:00,0.4555
9/24/2020 13:00,0.5937
9/24/2020 14:00,0.3203
9/24/2020 15:00,0.2419
9/24/2020 16:00,0.0559
9/24/2020 17:00,-0.001
9/24/2020 18:00,-0.001
9/24/2020 19:00,-0.001
9/24/2020 20:00,-0.001
9/24/2020 21:00,-0.001
9/24/2020 22:00,-0.001
9/24/2020 23:00,-0.001
9/25/2020 0:00,-0.001
9/25/2020 1:00,-0.001
9/25/2020 2:00,-0.001
9/25/2020 3:00,-0.001
9/25/2020 4:00,-0.001
9/25/2020 5:00,-0.001
9/25/2020 6:00,0.1342
9/25/2020 7:00,0.4035
9/25/2020 8:00,0.6346
9/25/2020 9:00,0.7956
9/25/2020 10:00,0.9014
9/25/2020 11:00,0.9356
9/25/2020 12:00,0.8948
9/25/2020 13:00,0.8143
9/25/2020 14:00,0.6495
9/25/2020 15:00,0.4305
9/25/2020 16:00,0.1717
9/25/2020 17:00,-0.001
9/25/2020 18:00,-0.001
9/25/2020 19:00,-0.001
9/25/2020 20:00,-0.001
9/25/2020 21:00,-0.001
9/25/2020 22:00,-0.001
9/25/2020 23:00,-0.001
9/26/2020 0:00,-0.001
9/26/2020 1:00,-0.001
9/26/2020 2:00,-0.001
9/26/2020 3:00,-0.001
9/26/2020 4:00,-0.001
9/26/2020 5:00,-0.001
9/26/2020 6:00,0.0745
9/26/2020 7:00,0.2715
9/26/2020 8:00,0.4233
9/26/2020 9:00,0.6742
9/26/2020 10:00,0.8848
9/26/2020 11:00,0.9128
9/26/2020 12:00,0.8182
9/26/2020 13:00,0.586
9/26/2020 14:00,0.3816
9/26/2020 15:00,0.3547
9/26/2020 16:00,0.1281
9/26/2020 17:00,-0.001
9/26/2020 18:00,-0.001
9/26/2020 19:00,-0.001
9/26/2020 20:00,-0.001
9/26/2020 21:00,-0.001
9/26/2020 22:00,-0.001
9/26/2020 23:00,-0.001
9/27/2020 0:00,-0.001
9/27/2020 1:00,-0.001
9/27/2020 2:00,-0.001
9/27/2020 3:00,-0.001
9/27/2020 4:00,-0.001
9/27/2020 5:00,-0.001
9/27/2020 6:00,0.058
9/27/2020 7:00,0.2643
9/27/2020 8:00,0.5532
9/27/2020 9:00,0.6865
9/27/2020 10:00,0.6815
9/27/2020 11:00,0.5917
9/27/2020 12:00,0.6989
9/27/2020 13:00,0.701
9/27/2020 14:00,0.4763
9/27/2020 15:00,0.2852
9/27/2020 16:00,0.0784
9/27/2020 17:00,-0.001
9/27/2020 18:00,-0.001
9/27/2020 19:00,-0.001
9/27/2020 20:00,-0.001
9/27/2020 21:00,-0.001
9/27/2020 22:00,-0.001
9/27/2020 23:00,-0.001
9/28/2020 0:00,-0.001
9/28/2020 1:00,-0.001
9/28/2020 2:00,-0.001
9/28/2020 3:00,-0.001
9/28/2020 4:00,-0.001
9/28/2020 5:00,-0.001
9/28/2020 6:00,0.0504
9/28/2020 7:00,0.1874
9/28/2020 8:00,0.2669
9/28/2020 9:00,0.4229
9/28/2020 10:00,0.4895
9/28/2020 11:00,0.5068
9/28/2020 12:00,0.4956
9/28/2020 13:00,0.3195
9/28/2020 14:00,0.2284
9/28/2020 15:00,0.1465
9/28/2020 16:00,0.0485
9/28/2020 17:00,-0.001
9/28/2020 18:00,-0.001
9/28/2020 19:00,-0.001
9/28/2020 20:00,-0.001
9/28/2020 21:00,-0.001
9/28/2020 22:00,-0.001
9/28/2020 23:00,-0.001
9/29/2020 0:00,-0.001
9/29/2020 1:00,-0.001
9/29/2020 2:00,-0.001
9/29/2020 3:00,-0.001
9/29/2020 4:00,-0.001
9/29/2020 5:00,-0.001
9/29/2020 6:00,0.1319
9/29/2020 7:00,0.4049
9/29/2020 8:00,0.6539
9/29/2020 9:00,0.8164
9/29/2020 10:00,0.9272
9/29/2020 11:00,0.9595
9/29/2020 12:00,0.9268
9/29/2020 13:00,0.8333
9/29/2020 14:00,0.6697
9/29/2020 15:00,0.4443
9/29/2020 16:00,0.1653
9/29/2020 17:00,-0.001
9/29/2020 18:00,-0.001
9/29/2020 19:00,-0.001
9/29/2020 20:00,-0.001
9/29/2020 21:00,-0.001
9/29/2020 22:00,-0.001
9/29/2020 23:00,-0.001
9/30/2020 0:00,-0.001
9/30/2020 1:00,-0.001
9/30/2020 2:00,-0.001
9/30/2020 3:00,-0.001
9/30/2020 4:00,-0.001
9/30/2020 5:00,-0.001
9/30/2020 6:00,0.1306
9/30/2020 7:00,0.4252
9/30/2020 8:00,0.6983
9/30/2020 9:00,0.8892
9/30/2020 10:00,0.9906
9/30/2020 11:00,1.0213
9/30/2020 12:00,0.9853
9/30/2020 13:00,0.8846
9/30/2020 14:00,0.7041
9/30/2020 15:00,0.4474
9/30/2020 16:00,0.1575
9/30/2020 17:00,-0.001
9/30/2020 18:00,-0.001
9/30/2020 19:00,-0.001
9/30/2020 20:00,-0.001
9/30/2020 21:00,-0.001
9/30/2020 22:00,-0.001
9/30/2020 23:00,-0.001
10/1/2020 0:00,-0.001
10/1/2020 1:00,-0.001
10/1/2020 2:00,-0.001
10/1/2020 3:00,-0.001
10/1/2020 4:00,-0.001
10/1/2020 5:00,-0.001
10/1/2020 6:00,0.1298
10/1/2020 7:00,0.4265
10/1/2020 8:00,0.6898
10/1/2020 9:00,0.8753
10/1/2020 10:00,0.974
10/1/2020 11:00,1.0101
10/1/2020 12:00,0.9807
10/1/2020 13:00,0.877
10/1/2020 14:00,0.7079
10/1/2020 15:00,0.4552
10/1/2020 16:00,0.1614
10/1/2020 17:00,-0.001
10/1/2020 18:00,-0.001
10/1/2020 19:00,-0.001
10/1/2020 20:00,-0.001
10/1/2020 21:00,-0.001
10/1/2020 22:00,-0.001
10/1/2020 23:00,-0.001
10/2/2020 0:00,-0.001
10/2/2020 1:00,-0.001
10/2/2020 2:00,-0.001
10/2/2020 3:00,-0.001
10/2/2020 4:00,-0.001
10/2/2020 5:00,-0.001
10/2/2020 6:00,0.1267
10/2/2020 7:00,0.4164
10/2/2020 8:00,0.6822
10/2/2020 9:00,0.8558
10/2/2020 10:00,0.959
10/2/2020 11:00,0.982
10/2/2020 12:00,0.9524
10/2/2020 13:00,0.8416
10/2/2020 14:00,0.6586
10/2/2020 15:00,0.4053
10/2/2020 16:00,0.1354
10/2/2020 17:00,-0.001
10/2/2020 18:00,-0.001
10/2/2020 19:00,-0.001
10/2/2020 20:00,-0.001
10/2/2020 21:00,-0.001
10/2/2020 22:00,-0.001
10/2/2020 23:00,-0.001
10/3/2020 0:00,-0.001
10/3/2020 1:00,-0.001
10/3/2020 2:00,-0.001
10/3/2020 3:00,-0.001
10/3/2020 4:00,-0.001
10/3/2020 5:00,-0.001
10/3/2020 6:00,0.1167
10/3/2020 7:00,0.3925
10/3/2020 8:00,0.6531
10/3/2020 9:00,0.837
10/3/2020 10:00,0.9372
10/3/2020 11:00,0.9726
10/3/2020 12:00,0.9434
10/3/2020 13:00,0.8389
10/3/2020 14:00,0.6654
10/3/2020 15:00,0.4161
10/3/2020 16:00,0.1366
10/3/2020 17:00,-0.001
10/3/2020 18:00,-0.001
10/3/2020 19:00,-0.001
10/3/2020 20:00,-0.001
10/3/2020 21:00,-0.001
10/3/2020 22:00,-0.001
10/3/2020 23:00,-0.001
10/4/2020 0:00,-0.001
10/4/2020 1:00,-0.001
10/4/2020 2:00,-0.001
10/4/2020 3:00,-0.001
10/4/2020 4:00,-0.001
10/4/2020 5:00,-0.001
10/4/2020 6:00,0.0685
10/4/2020 7:00,0.2881
10/4/2020 8:00,0.5292
10/4/2020 9:00,0.6976
10/4/2020 10:00,0.7791
10/4/2020 11:00,0.7999
10/4/2020 12:00,0.7691
10/4/2020 13:00,0.6764
10/4/2020 14:00,0.4997
10/4/2020 15:00,0.2959
10/4/2020 16:00,0.0736
10/4/2020 17:00,-0.001
10/4/2020 18:00,-0.001
10/4/2020 19:00,-0.001
10/4/2020 20:00,-0.001
10/4/2020 21:00,-0.001
10/4/2020 22:00,-0.001
10/4/2020 23:00,-0.001
10/5/2020 0:00,-0.001
10/5/2020 1:00,-0.001
10/5/2020 2:00,-0.001
10/5/2020 3:00,-0.001
10/5/2020 4:00,-0.001
10/5/2020 5:00,-0.001
10/5/2020 6:00,0.108
10/5/2020 7:00,0.3577
10/5/2020 8:00,0.5689
10/5/2020 9:00,0.6434
10/5/2020 10:00,0.8196
10/5/2020 11:00,0.8429
10/5/2020 12:00,0.8048
10/5/2020 13:00,0.7551
10/5/2020 14:00,0.5554
10/5/2020 15:00,0.3666
10/5/2020 16:00,0.1239
10/5/2020 17:00,-0.001
10/5/2020 18:00,-0.001
10/5/2020 19:00,-0.001
10/5/2020 20:00,-0.001
10/5/2020 21:00,-0.001
10/5/2020 22:00,-0.001
10/5/2020 23:00,-0.001
10/6/2020 0:00,-0.001
10/6/2020 1:00,-0.001
10/6/2020 2:00,-0.001
10/6/2020 3:00,-0.001
10/6/2020 4:00,-0.001
10/6/2020 5:00,-0.001
10/6/2020 6:00,0.1193
10/6/2020 7:00,0.4139
10/6/2020 8:00,0.662
10/6/2020 9:00,0.8333
10/6/2020 10:00,0.9294
10/6/2020 11:00,0.9651
10/6/2020 12:00,0.9297
10/6/2020 13:00,0.831
10/6/2020 14:00,0.6611
10/6/2020 15:00,0.4211
10/6/2020 16:00,0.1315
10/6/2020 17:00,-0.001
10/6/2020 18:00,-0.001
10/6/2020 19:00,-0.001
10/6/2020 20:00,-0.001
10/6/2020 21:00,-0.001
10/6/2020 22:00,-0.001
10/6/2020 23:00,-0.001
10/7/2020 0:00,-0.001
10/7/2020 1:00,-0.001
10/7/2020 2:00,-0.001
10/7/2020 3:00,-0.001
10/7/2020 4:00,-0.001
10/7/2020 5:00,-0.001
10/7/2020 6:00,0.1378
10/7/2020 7:00,0.4381
10/7/2020 8:00,0.705
10/7/2020 9:00,0.8805
10/7/2020 10:00,0.983
10/7/2020 11:00,1.0074
10/7/2020 12:00,0.9691
10/7/2020 13:00,0.8597
10/7/2020 14:00,0.6878
10/7/2020 15:00,0.435
10/7/2020 16:00,0.1438
10/7/2020 17:00,-0.001
10/7/2020 18:00,-0.001
10/7/2020 19:00,-0.001
10/7/2020 20:00,-0.001
10/7/2020 21:00,-0.001
10/7/2020 22:00,-0.001
10/7/2020 23:00,-0.001
10/8/2020 0:00,-0.001
10/8/2020 1:00,-0.001
10/8/2020 2:00,-0.001
10/8/2020 3:00,-0.001
10/8/2020 4:00,-0.001
10/8/2020 5:00,-0.001
10/8/2020 6:00,0.1302
10/8/2020 7:00,0.4322
10/8/2020 8:00,0.7004
10/8/2020 9:00,0.8735
10/8/2020 10:00,0.9728
10/8/2020 11:00,1.0006
10/8/2020 12:00,0.9618
10/8/2020 13:00,0.8506
10/8/2020 14:00,0.676
10/8/2020 15:00,0.4161
10/8/2020 16:00,0.1257
10/8/2020 17:00,-0.001
10/8/2020 18:00,-0.001
10/8/2020 19:00,-0.001
10/8/2020 20:00,-0.001
10/8/2020 21:00,-0.001
10/8/2020 22:00,-0.001
10/8/2020 23:00,-0.001
10/9/2020 0:00,-0.001
10/9/2020 1:00,-0.001
10/9/2020 2:00,-0.001
10/9/2020 3:00,-0.001
10/9/2020 4:00,-0.001
10/9/2020 5:00,-0.001
10/9/2020 6:00,0.1068
10/9/2020 7:00,0.3935
10/9/2020 8:00,0.6434
10/9/2020 9:00,0.8102
10/9/2020 10:00,0.9188
10/9/2020 11:00,0.9463
10/9/2020 12:00,0.9205
10/9/2020 13:00,0.8171
10/9/2020 14:00,0.6422
10/9/2020 15:00,0.3954
10/9/2020 16:00,0.1174
10/9/2020 17:00,-0.001
10/9/2020 18:00,-0.001
10/9/2020 19:00,-0.001
10/9/2020 20:00,-0.001
10/9/2020 21:00,-0.001
10/9/2020 22:00,-0.001
10/9/2020 23:00,-0.001
10/10/2020 0:00,-0.001
10/10/2020 1:00,-0.001
10/10/2020 2:00,-0.001
10/10/2020 3:00,-0.001
10/10/2020 4:00,-0.001
10/10/2020 5:00,-0.001
10/10/2020 6:00,0.0267
10/10/2020 7:00,0.1054
10/10/2020 8:00,0.1646
10/10/2020 9:00,0.2066
10/10/2020 10:00,0.1936
10/10/2020 11:00,0.2049
10/10/2020 12:00,0.1827
10/10/2020 13:00,0.294
10/10/2020 14:00,0.4438
10/10/2020 15:00,0.3759
10/10/2020 16:00,0.1266
10/10/2020 17:00,-0.001
10/10/2020 18:00,-0.001
10/10/2020 19:00,-0.001
10/10/2020 20:00,-0.001
10/10/2020 21:00,-0.001
10/10/2020 22:00,-0.001
10/10/2020 23:00,-0.001
10/11/2020 0:00,-0.001
10/11/2020 1:00,-0.001
10/11/2020 2:00,-0.001
10/11/2020 3:00,-0.001
10/11/2020 4:00,-0.001
10/11/2020 5:00,-0.001
10/11/2020 6:00,0.0662
10/11/2020 7:00,0.3381
10/11/2020 8:00,0.5597
10/11/2020 9:00,0.7688
10/11/2020 10:00,0.8747
10/11/2020 11:00,0.9241
10/11/2020 12:00,0.8898
10/11/2020 13:00,0.758
10/11/2020 14:00,0.5829
10/11/2020 15:00,0.3356
10/11/2020 16:00,0.0923
10/11/2020 17:00,-0.001
10/11/2020 18:00,-0.001
10/11/2020 19:00,-0.001
10/11/2020 20:00,-0.001
10/11/2020 21:00,-0.001
10/11/2020 22:00,-0.001
10/11/2020 23:00,-0.001
10/12/2020 0:00,-0.001
10/12/2020 1:00,-0.001
10/12/2020 2:00,-0.001
10/12/2020 3:00,-0.001
10/12/2020 4:00,-0.001
10/12/2020 5:00,-0.001
10/12/2020 6:00,0.088
10/12/2020 7:00,0.3597
10/12/2020 8:00,0.627
10/12/2020 9:00,0.7771
10/12/2020 10:00,0.8849
10/12/2020 11:00,0.9248
10/12/2020 12:00,0.8921
10/12/2020 13:00,0.7888
10/12/2020 14:00,0.6011
10/12/2020 15:00,0.346
10/12/2020 16:00,0.0671
10/12/2020 17:00,-0.001
10/12/2020 18:00,-0.001
10/12/2020 19:00,-0.001
10/12/2020 20:00,-0.001
10/12/2020 21:00,-0.001
10/12/2020 22:00,-0.001
10/12/2020 23:00,-0.001
10/13/2020 0:00,-0.001
10/13/2020 1:00,-0.001
10/13/2020 2:00,-0.001
10/13/2020 3:00,-0.001
10/13/2020 4:00,-0.001
10/13/2020 5:00,-0.001
10/13/2020 6:00,0.1056
10/13/2020 7:00,0.4037
10/13/2020 8:00,0.676
10/13/2020 9:00,0.8633
10/13/2020 10:00,0.9548
10/13/2020 11:00,0.9828
10/13/2020 12:00,0.9381
10/13/2020 13:00,0.8184
10/13/2020 14:00,0.6298
10/13/2020 15:00,0.3669
10/13/2020 16:00,0.093
10/13/2020 17:00,-0.001
10/13/2020 18:00,-0.001
10/13/2020 19:00,-0.001
10/13/2020 20:00,-0.001
10/13/2020 21:00,-0.001
10/13/2020 22:00,-0.001
10/13/2020 23:00,-0.001
10/14/2020 0:00,-0.001
10/14/2020 1:00,-0.001
10/14/2020 2:00,-0.001
10/14/2020 3:00,-0.001
10/14/2020 4:00,-0.001
10/14/2020 5:00,-0.001
10/14/2020 6:00,0.0174
10/14/2020 7:00,0.3201
10/14/2020 8:00,0.2948
10/14/2020 9:00,0.3656
10/14/2020 10:00,0.7658
10/14/2020 11:00,0.7231
10/14/2020 12:00,0.673
10/14/2020 13:00,0.7011
10/14/2020 14:00,0.351
10/14/2020 15:00,0.1498
10/14/2020 16:00,0.0052
10/14/2020 17:00,-0.001
10/14/2020 18:00,-0.001
10/14/2020 19:00,-0.001
10/14/2020 20:00,-0.001
10/14/2020 21:00,-0.001
10/14/2020 22:00,-0.001
10/14/2020 23:00,-0.001
10/15/2020 0:00,-0.001
10/15/2020 1:00,-0.001
10/15/2020 2:00,-0.001
10/15/2020 3:00,-0.001
10/15/2020 4:00,-0.001
10/15/2020 5:00,-0.001
10/15/2020 6:00,0.0081
10/15/2020 7:00,0.1474
10/15/2020 8:00,0.2113
10/15/2020 9:00,0.5276
10/15/2020 10:00,0.6743
10/15/2020 11:00,0.8215
10/15/2020 12:00,0.8542
10/15/2020 13:00,0.5386
10/15/2020 14:00,0.406
10/15/2020 15:00,0.2366
10/15/2020 16:00,0.0137
10/15/2020 17:00,-0.001
10/15/2020 18:00,-0.001
10/15/2020 19:00,-0.001
10/15/2020 20:00,-0.001
10/15/2020 21:00,-0.001
10/15/2020 22:00,-0.001
10/15/2020 23:00,-0.001
10/16/2020 0:00,-0.001
10/16/2020 1:00,-0.001
10/16/2020 2:00,-0.001
10/16/2020 3:00,-0.001
10/16/2020 4:00,-0.001
10/16/2020 5:00,-0.001
10/16/2020 6:00,0.0179
10/16/2020 7:00,0.3036
10/16/2020 8:00,0.4076
10/16/2020 9:00,0.4941
10/16/2020 10:00,0.5676
10/16/2020 11:00,0.6923
10/16/2020 12:00,0.7994
10/16/2020 13:00,0.7363
10/16/2020 14:00,0.5186
10/16/2020 15:00,0.2843
10/16/2020 16:00,0.0095
10/16/2020 17:00,-0.001
10/16/2020 18:00,-0.001
10/16/2020 19:00,-0.001
10/16/2020 20:00,-0.001
10/16/2020 21:00,-0.001
10/16/2020 22:00,-0.001
10/16/2020 23:00,-0.001
10/17/2020 0:00,-0.001
10/17/2020 1:00,-0.001
10/17/2020 2:00,-0.001
10/17/2020 3:00,-0.001
10/17/2020 4:00,-0.001
10/17/2020 5:00,-0.001
10/17/2020 6:00,0.0093
10/17/2020 7:00,0.2934
10/17/2020 8:00,0.5341
10/17/2020 9:00,0.5451
10/17/2020 10:00,0.7931
10/17/2020 11:00,0.6901
10/17/2020 12:00,0.6064
10/17/2020 13:00,0.3317
10/17/2020 14:00,0.0182
10/17/2020 15:00,0.0373
10/17/2020 16:00,0.0013
10/17/2020 17:00,-0.001
10/17/2020 18:00,-0.001
10/17/2020 19:00,-0.001
10/17/2020 20:00,-0.001
10/17/2020 21:00,-0.001
10/17/2020 22:00,-0.001
10/17/2020 23:00,-0.001
10/18/2020 0:00,-0.001
10/18/2020 1:00,-0.001
10/18/2020 2:00,-0.001
10/18/2020 3:00,-0.001
10/18/2020 4:00,-0.001
10/18/2020 5:00,-0.001
10/18/2020 6:00,0.0096
10/18/2020 7:00,0.3849
10/18/2020 8:00,0.6689
10/18/2020 9:00,0.8646
10/18/2020 10:00,0.975
10/18/2020 11:00,1.008
10/18/2020 12:00,0.9628
10/18/2020 13:00,0.8446
10/18/2020 14:00,0.6496
10/18/2020 15:00,0.3694
10/18/2020 16:00,0.0073
10/18/2020 17:00,-0.001
10/18/2020 18:00,-0.001
10/18/2020 19:00,-0.001
10/18/2020 20:00,-0.001
10/18/2020 21:00,-0.001
10/18/2020 22:00,-0.001
10/18/2020 23:00,-0.001
10/19/2020 0:00,-0.001
10/19/2020 1:00,-0.001
10/19/2020 2:00,-0.001
10/19/2020 3:00,-0.001
10/19/2020 4:00,-0.001
10/19/2020 5:00,-0.001
10/19/2020 6:00,0.0113
10/19/2020 7:00,0.3024
10/19/2020 8:00,0.562
10/19/2020 9:00,0.717
10/19/2020 10:00,0.8922
10/19/2020 11:00,0.8732
10/19/2020 12:00,0.8033
10/19/2020 13:00,0.6639
10/19/2020 14:00,0.4299
10/19/2020 15:00,0.2188
10/19/2020 16:00,0.0029
10/19/2020 17:00,-0.001
10/19/2020 18:00,-0.001
10/19/2020 19:00,-0.001
10/19/2020 20:00,-0.001
10/19/2020 21:00,-0.001
10/19/2020 22:00,-0.001
10/19/2020 23:00,-0.001
10/20/2020 0:00,-0.001
10/20/2020 1:00,-0.001
10/20/2020 2:00,-0.001
10/20/2020 3:00,-0.001
10/20/2020 4:00,-0.001
10/20/2020 5:00,-0.001
10/20/2020 6:00,-0.001
10/20/2020 7:00,0.115
10/20/2020 8:00,0.2073
10/20/2020 9:00,0.6926
10/20/2020 10:00,0.9243
10/20/2020 11:00,0.2817
10/20/2020 12:00,0.1925
10/20/2020 13:00,0.2445
10/20/2020 14:00,0.5825
10/20/2020 15:00,0.3373
10/20/2020 16:00,0.0437
10/20/2020 17:00,-0.001
10/20/2020 18:00,-0.001
10/20/2020 19:00,-0.001
10/20/2020 20:00,-0.001
10/20/2020 21:00,-0.001
10/20/2020 22:00,-0.001
10/20/2020 23:00,-0.001
10/21/2020 0:00,-0.001
10/21/2020 1:00,-0.001
10/21/2020 2:00,-0.001
10/21/2020 3:00,-0.001
10/21/2020 4:00,-0.001
10/21/2020 5:00,-0.001
10/21/2020 6:00,0.0044
10/21/2020 7:00,0.2179
10/21/2020 8:00,0.4715
10/21/2020 9:00,0.6753
10/21/2020 10:00,0.7062
10/21/2020 11:00,0.7033
10/21/2020 12:00,0.8157
10/21/2020 13:00,0.7434
10/21/2020 14:00,0.6018
10/21/2020 15:00,0.3425
10/21/2020 16:00,0.0081
10/21/2020 17:00,-0.001
10/21/2020 18:00,-0.001
10/21/2020 19:00,-0.001
10/21/2020 20:00,-0.001
10/21/2020 21:00,-0.001
10/21/2020 22:00,-0.001
10/21/2020 23:00,-0.001
10/22/2020 0:00,-0.001
10/22/2020 1:00,-0.001
10/22/2020 2:00,-0.001
10/22/2020 3:00,-0.001
10/22/2020 4:00,-0.001
10/22/2020 5:00,-0.001
10/22/2020 6:00,0.0042
10/22/2020 7:00,0.2699
10/22/2020 8:00,0.5263
10/22/2020 9:00,0.7461
10/22/2020 10:00,0.8088
10/22/2020 11:00,0.9192
10/22/2020 12:00,0.8679
10/22/2020 13:00,0.7412
10/22/2020 14:00,0.5626
10/22/2020 15:00,0.3073
10/22/2020 16:00,0.0047
10/22/2020 17:00,-0.001
10/22/2020 18:00,-0.001
10/22/2020 19:00,-0.001
10/22/2020 20:00,-0.001
10/22/2020 21:00,-0.001
10/22/2020 22:00,-0.001
10/22/2020 23:00,-0.001
10/23/2020 0:00,-0.001
10/23/2020 1:00,-0.001
10/23/2020 2:00,-0.001
10/23/2020 3:00,-0.001
10/23/2020 4:00,-0.001
10/23/2020 5:00,-0.001
10/23/2020 6:00,-0.001
10/23/2020 7:00,0.1019
10/23/2020 8:00,0.2054
10/23/2020 9:00,0.602
10/23/2020 10:00,0.3233
10/23/2020 11:00,0.3194
10/23/2020 12:00,0.3035
10/23/2020 13:00,0.4895
10/23/2020 14:00,0.2613
10/23/2020 15:00,0.238
10/23/2020 16:00,0.0016
10/23/2020 17:00,-0.001
10/23/2020 18:00,-0.001
10/23/2020 19:00,-0.001
10/23/2020 20:00,-0.001
10/23/2020 21:00,-0.001
10/23/2020 22:00,-0.001
10/23/2020 23:00,-0.001
10/24/2020 0:00,-0.001
10/24/2020 1:00,-0.001
10/24/2020 2:00,-0.001
10/24/2020 3:00,-0.001
10/24/2020 4:00,-0.001
10/24/2020 5:00,-0.001
10/24/2020 6:00,-0.001
10/24/2020 7:00,0.2489
10/24/2020 8:00,0.378
10/24/2020 9:00,0.6249
10/24/2020 10:00,0.767
10/24/2020 11:00,0.3516
10/24/2020 12:00,0.5535
10/24/2020 13:00,0.6683
10/24/2020 14:00,0.1456
10/24/2020 15:00,0.0861
10/24/2020 16:00,0.0076
10/24/2020 17:00,-0.001
10/24/2020 18:00,-0.001
10/24/2020 19:00,-0.001
10/24/2020 20:00,-0.001
10/24/2020 21:00,-0.001
10/24/2020 22:00,-0.001
10/24/2020 23:00,-0.001
10/25/2020 0:00,-0.001
10/25/2020 1:00,-0.001
10/25/2020 2:00,-0.001
10/25/2020 3:00,-0.001
10/25/2020 4:00,-0.001
10/25/2020 5:00,-0.001
10/25/2020 6:00,0.002
10/25/2020 7:00,0.3807
10/25/2020 8:00,0.659
10/25/2020 9:00,0.856
10/25/2020 10:00,0.9546
10/25/2020 11:00,0.9914
10/25/2020 12:00,0.9524
10/25/2020 13:00,0.85
10/25/2020 14:00,0.6462
10/25/2020 15:00,0.3614
10/25/2020 16:00,-0.001
10/25/2020 17:00,-0.001
10/25/2020 18:00,-0.001
10/25/2020 19:00,-0.001
10/25/2020 20:00,-0.001
10/25/2020 21:00,-0.001
10/25/2020 22:00,-0.001
10/25/2020 23:00,-0.001
10/26/2020 0:00,-0.001
10/26/2020 1:00,-0.001
10/26/2020 2:00,-0.001
10/26/2020 3:00,-0.001
10/26/2020 4:00,-0.001
10/26/2020 5:00,-0.001
10/26/2020 6:00,-0.001
10/26/2020 7:00,0.3731
10/26/2020 8:00,0.6616
10/26/2020 9:00,0.8589
10/26/2020 10:00,0.9666
10/26/2020 11:00,0.9933
10/26/2020 12:00,0.9559
10/26/2020 13:00,0.8482
10/26/2020 14:00,0.6418
10/26/2020 15:00,0.3495
10/26/2020 16:00,-0.001
10/26/2020 17:00,-0.001
10/26/2020 18:00,-0.001
10/26/2020 19:00,-0.001
10/26/2020 20:00,-0.001
10/26/2020 21:00,-0.001
10/26/2020 22:00,-0.001
10/26/2020 23:00,-0.001
10/27/2020 0:00,-0.001
10/27/2020 1:00,-0.001
10/27/2020 2:00,-0.001
10/27/2020 3:00,-0.001
10/27/2020 4:00,-0.001
10/27/2020 5:00,-0.001
10/27/2020 6:00,-0.001
10/27/2020 7:00,0.3065
10/27/2020 8:00,0.5857
10/27/2020 9:00,0.7774
10/27/2020 10:00,0.8936
10/27/2020 11:00,0.9086
10/27/2020 12:00,0.881
10/27/2020 13:00,0.7483
10/27/2020 14:00,0.5472
10/27/2020 15:00,0.2862
10/27/2020 16:00,-0.001
10/27/2020 17:00,-0.001
10/27/2020 18:00,-0.001
10/27/2020 19:00,-0.001
10/27/2020 20:00,-0.001
10/27/2020 21:00,-0.001
10/27/2020 22:00,-0.001
10/27/2020 23:00,-0.001
10/28/2020 0:00,-0.001
10/28/2020 1:00,-0.001
10/28/2020 2:00,-0.001
10/28/2020 3:00,-0.001
10/28/2020 4:00,-0.001
10/28/2020 5:00,-0.001
10/28/2020 6:00,-0.001
10/28/2020 7:00,0.2939
10/28/2020 8:00,0.5815
10/28/2020 9:00,0.7854
10/28/2020 10:00,0.8895
10/28/2020 11:00,0.8778
10/28/2020 12:00,0.8853
10/28/2020 13:00,0.7404
10/28/2020 14:00,0.5058
10/28/2020 15:00,0.2423
10/28/2020 16:00,-0.001
10/28/2020 17:00,-0.001
10/28/2020 18:00,-0.001
10/28/2020 19:00,-0.001
10/28/2020 20:00,-0.001
10/28/2020 21:00,-0.001
10/28/2020 22:00,-0.001
10/28/2020 23:00,-0.001
10/29/2020 0:00,-0.001
10/29/2020 1:00,-0.001
10/29/2020 2:00,-0.001
10/29/2020 3:00,-0.001
10/29/2020 4:00,-0.001
10/29/2020 5:00,-0.001
10/29/2020 6:00,-0.001
10/29/2020 7:00,0.2648
10/29/2020 8:00,0.4111
10/29/2020 9:00,0.5754
10/29/2020 10:00,0.7848
10/29/2020 11:00,0.8171
10/29/2020 12:00,0.8464
10/29/2020 13:00,0.708
10/29/2020 14:00,0.5013
10/29/2020 15:00,0.2451
10/29/2020 16:00,-0.001
10/29/2020 17:00,-0.001
10/29/2020 18:00,-0.001
10/29/2020 19:00,-0.001
10/29/2020 20:00,-0.001
10/29/2020 21:00,-0.001
10/29/2020 22:00,-0.001
10/29/2020 23:00,-0.001
10/30/2020 0:00,-0.001
10/30/2020 1:00,-0.001
10/30/2020 2:00,-0.001
10/30/2020 3:00,-0.001
10/30/2020 4:00,-0.001
10/30/2020 5:00,-0.001
10/30/2020 6:00,-0.001
10/30/2020 7:00,0.1245
10/30/2020 8:00,0.3585
10/30/2020 9:00,0.347
10/30/2020 10:00,0.4111
10/30/2020 11:00,0.6756
10/30/2020 12:00,0.7278
10/30/2020 13:00,0.5655
10/30/2020 14:00,0.5756
10/30/2020 15:00,0.2987
10/30/2020 16:00,0.002
10/30/2020 17:00,-0.001
10/30/2020 18:00,-0.001
10/30/2020 19:00,-0.001
10/30/2020 20:00,-0.001
10/30/2020 21:00,-0.001
10/30/2020 22:00,-0.001
10/30/2020 23:00,-0.001
10/31/2020 0:00,-0.001
10/31/2020 1:00,-0.001
10/31/2020 2:00,-0.001
10/31/2020 3:00,-0.001
10/31/2020 4:00,-0.001
10/31/2020 5:00,-0.001
10/31/2020 6:00,-0.001
10/31/2020 7:00,0.3059
10/31/2020 8:00,0.5954
10/31/2020 9:00,0.7858
10/31/2020 10:00,0.9038
10/31/2020 11:00,0.9291
10/31/2020 12:00,0.8734
10/31/2020 13:00,0.7635
10/31/2020 14:00,0.5569
10/31/2020 15:00,0.2826
10/31/2020 16:00,-0.001
10/31/2020 17:00,-0.001
10/31/2020 18:00,-0.001
10/31/2020 19:00,-0.001
10/31/2020 20:00,-0.001
10/31/2020 21:00,-0.001
10/31/2020 22:00,-0.001
10/31/2020 23:00,-0.001
11/1/2020 0:00,-0.001
11/1/2020 1:00,-0.001
11/1/2020 2:00,-0.001
11/1/2020 3:00,-0.001
11/1/2020 4:00,-0.001
11/1/2020 5:00,-0.001
11/1/2020 6:00,-0.001
11/1/2020 7:00,0.3088
11/1/2020 8:00,0.5862
11/1/2020 9:00,0.7561
11/1/2020 10:00,0.8649
11/1/2020 11:00,0.8968
11/1/2020 12:00,0.8651
11/1/2020 13:00,0.7729
11/1/2020 14:00,0.5796
11/1/2020 15:00,0.2999
11/1/2020 16:00,-0.001
11/1/2020 17:00,-0.001
11/1/2020 18:00,-0.001
11/1/2020 19:00,-0.001
11/1/2020 20:00,-0.001
11/1/2020 21:00,-0.001
11/1/2020 22:00,-0.001
11/1/2020 23:00,-0.001
11/2/2020 0:00,-0.001
11/2/2020 1:00,-0.001
11/2/2020 2:00,-0.001
11/2/2020 3:00,-0.001
11/2/2020 4:00,-0.001
11/2/2020 5:00,-0.001
11/2/2020 6:00,-0.001
11/2/2020 7:00,0.2356
11/2/2020 8:00,0.5822
11/2/2020 9:00,0.6656
11/2/2020 10:00,0.8207
11/2/2020 11:00,0.8476
11/2/2020 12:00,0.7281
11/2/2020 13:00,0.7067
11/2/2020 14:00,0.4633
11/2/2020 15:00,0.2071
11/2/2020 16:00,-0.001
11/2/2020 17:00,-0.001
11/2/2020 18:00,-0.001
11/2/2020 19:00,-0.001
11/2/2020 20:00,-0.001
11/2/2020 21:00,-0.001
11/2/2020 22:00,-0.001
11/2/2020 23:00,-0.001
11/3/2020 0:00,-0.001
11/3/2020 1:00,-0.001
11/3/2020 2:00,-0.001
11/3/2020 3:00,-0.001
11/3/2020 4:00,-0.001
11/3/2020 5:00,-0.001
11/3/2020 6:00,-0.001
11/3/2020 7:00,0.242
11/3/2020 8:00,0.491
11/3/2020 9:00,0.6506
11/3/2020 10:00,0.7639
11/3/2020 11:00,0.9212
11/3/2020 12:00,0.8956
11/3/2020 13:00,0.767
11/3/2020 14:00,0.556
11/3/2020 15:00,0.2936
11/3/2020 16:00,-0.001
11/3/2020 17:00,-0.001
11/3/2020 18:00,-0.001
11/3/2020 19:00,-0.001
11/3/2020 20:00,-0.001
11/3/2020 21:00,-0.001
11/3/2020 22:00,-0.001
11/3/2020 23:00,-0.001
11/4/2020 0:00,-0.001
11/4/2020 1:00,-0.001
11/4/2020 2:00,-0.001
11/4/2020 3:00,-0.001
11/4/2020 4:00,-0.001
11/4/2020 5:00,-0.001
11/4/2020 6:00,-0.001
11/4/2020 7:00,0.2613
11/4/2020 8:00,0.537
11/4/2020 9:00,0.7549
11/4/2020 10:00,0.7773
11/4/2020 11:00,0.7326
11/4/2020 12:00,0.7791
11/4/2020 13:00,0.6796
11/4/2020 14:00,0.4528
11/4/2020 15:00,0.1965
11/4/2020 16:00,-0.001
11/4/2020 17:00,-0.001
11/4/2020 18:00,-0.001
11/4/2020 19:00,-0.001
11/4/2020 20:00,-0.001
11/4/2020 21:00,-0.001
11/4/2020 22:00,-0.001
11/4/2020 23:00,-0.001
11/5/2020 0:00,-0.001
11/5/2020 1:00,-0.001
11/5/2020 2:00,-0.001
11/5/2020 3:00,-0.001
11/5/2020 4:00,-0.001
11/5/2020 5:00,-0.001
11/5/2020 6:00,-0.001
11/5/2020 7:00,0.235
11/5/2020 8:00,0.3612
11/5/2020 9:00,0.4967
11/5/2020 10:00,0.3893
11/5/2020 11:00,0.5276
11/5/2020 12:00,0.5608
11/5/2020 13:00,0.6518
11/5/2020 14:00,0.3788
11/5/2020 15:00,0.2597
11/5/2020 16:00,-0.001
11/5/2020 17:00,-0.001
11/5/2020 18:00,-0.001
11/5/2020 19:00,-0.001
11/5/2020 20:00,-0.001
11/5/2020 21:00,-0.001
11/5/2020 22:00,-0.001
11/5/2020 23:00,-0.001
11/6/2020 0:00,-0.001
11/6/2020 1:00,-0.001
11/6/2020 2:00,-0.001
11/6/2020 3:00,-0.001
11/6/2020 4:00,-0.001
11/6/2020 5:00,-0.001
11/6/2020 6:00,-0.001
11/6/2020 7:00,0.1749
11/6/2020 8:00,0.398
11/6/2020 9:00,0.5989
11/6/2020 10:00,0.6073
11/6/2020 11:00,0.532
11/6/2020 12:00,0.5138
11/6/2020 13:00,0.2682
11/6/2020 14:00,0.1824
11/6/2020 15:00,0.0567
11/6/2020 16:00,-0.001
11/6/2020 17:00,-0.001
11/6/2020 18:00,-0.001
11/6/2020 19:00,-0.001
11/6/2020 20:00,-0.001
11/6/2020 21:00,-0.001
11/6/2020 22:00,-0.001
11/6/2020 23:00,-0.001
11/7/2020 0:00,-0.001
11/7/2020 1:00,-0.001
11/7/2020 2:00,-0.001
11/7/2020 3:00,-0.001
11/7/2020 4:00,-0.001
11/7/2020 5:00,-0.001
11/7/2020 6:00,-0.001
11/7/2020 7:00,0.2599
11/7/2020 8:00,0.5456
11/7/2020 9:00,0.7556
11/7/2020 10:00,0.8793
11/7/2020 11:00,0.9034
11/7/2020 12:00,0.8633
11/7/2020 13:00,0.7348
11/7/2020 14:00,0.5
11/7/2020 15:00,0.2063
11/7/2020 16:00,-0.001
11/7/2020 17:00,-0.001
11/7/2020 18:00,-0.001
11/7/2020 19:00,-0.001
11/7/2020 20:00,-0.001
11/7/2020 21:00,-0.001
11/7/2020 22:00,-0.001
11/7/2020 23:00,-0.001
11/8/2020 0:00,-0.001
11/8/2020 1:00,-0.001
11/8/2020 2:00,-0.001
11/8/2020 3:00,-0.001
11/8/2020 4:00,-0.001
11/8/2020 5:00,-0.001
11/8/2020 6:00,-0.001
11/8/2020 7:00,0.2373
11/8/2020 8:00,0.4664
11/8/2020 9:00,0.5681
11/8/2020 10:00,0.7022
11/8/2020 11:00,0.7324
11/8/2020 12:00,0.6271
11/8/2020 13:00,0.5336
11/8/2020 14:00,0.3584
11/8/2020 15:00,0.1474
11/8/2020 16:00,-0.001
11/8/2020 17:00,-0.001
11/8/2020 18:00,-0.001
11/8/2020 19:00,-0.001
11/8/2020 20:00,-0.001
11/8/2020 21:00,-0.001
11/8/2020 22:00,-0.001
11/8/2020 23:00,-0.001
11/9/2020 0:00,-0.001
11/9/2020 1:00,-0.001
11/9/2020 2:00,-0.001
11/9/2020 3:00,-0.001
11/9/2020 4:00,-0.001
11/9/2020 5:00,-0.001
11/9/2020 6:00,-0.001
11/9/2020 7:00,0.2503
11/9/2020 8:00,0.5437
11/9/2020 9:00,0.6948
11/9/2020 10:00,0.836
11/9/2020 11:00,0.8904
11/9/2020 12:00,0.8482
11/9/2020 13:00,0.7308
11/9/2020 14:00,0.5217
11/9/2020 15:00,0.2577
11/9/2020 16:00,-0.001
11/9/2020 17:00,-0.001
11/9/2020 18:00,-0.001
11/9/2020 19:00,-0.001
11/9/2020 20:00,-0.001
11/9/2020 21:00,-0.001
11/9/2020 22:00,-0.001
11/9/2020 23:00,-0.001
11/10/2020 0:00,-0.001
11/10/2020 1:00,-0.001
11/10/2020 2:00,-0.001
11/10/2020 3:00,-0.001
11/10/2020 4:00,-0.001
11/10/2020 5:00,-0.001
11/10/2020 6:00,-0.001
11/10/2020 7:00,0.2696
11/10/2020 8:00,0.5646
11/10/2020 9:00,0.7686
11/10/2020 10:00,0.8851
11/10/2020 11:00,0.9128
11/10/2020 12:00,0.8776
11/10/2020 13:00,0.755
11/10/2020 14:00,0.5422
11/10/2020 15:00,0.2625
11/10/2020 16:00,-0.001
11/10/2020 17:00,-0.001
11/10/2020 18:00,-0.001
11/10/2020 19:00,-0.001
11/10/2020 20:00,-0.001
11/10/2020 21:00,-0.001
11/10/2020 22:00,-0.001
11/10/2020 23:00,-0.001
11/11/2020 0:00,-0.001
11/11/2020 1:00,-0.001
11/11/2020 2:00,-0.001
11/11/2020 3:00,-0.001
11/11/2020 4:00,-0.001
11/11/2020 5:00,-0.001
11/11/2020 6:00,-0.001
11/11/2020 7:00,0.3121
11/11/2020 8:00,0.6138
11/11/2020 9:00,0.8193
11/11/2020 10:00,0.9183
11/11/2020 11:00,0.9492
11/11/2020 12:00,0.9027
11/11/2020 13:00,0.7986
11/11/2020 14:00,0.5899
11/11/2020 15:00,0.3005
11/11/2020 16:00,-0.001
11/11/2020 17:00,-0.001
11/11/2020 18:00,-0.001
11/11/2020 19:00,-0.001
11/11/2020 20:00,-0.001
11/11/2020 21:00,-0.001
11/11/2020 22:00,-0.001
11/11/2020 23:00,-0.001
11/12/2020 0:00,-0.001
11/12/2020 1:00,-0.001
11/12/2020 2:00,-0.001
11/12/2020 3:00,-0.001
11/12/2020 4:00,-0.001
11/12/2020 5:00,-0.001
11/12/2020 6:00,-0.001
11/12/2020 7:00,0.2965
11/12/2020 8:00,0.5874
11/12/2020 9:00,0.7785
11/12/2020 10:00,0.8905
11/12/2020 11:00,0.9102
11/12/2020 12:00,0.8483
11/12/2020 13:00,0.7364
11/12/2020 14:00,0.5489
11/12/2020 15:00,0.2558
11/12/2020 16:00,-0.001
11/12/2020 17:00,-0.001
11/12/2020 18:00,-0.001
11/12/2020 19:00,-0.001
11/12/2020 20:00,-0.001
11/12/2020 21:00,-0.001
11/12/2020 22:00,-0.001
11/12/2020 23:00,-0.001
11/13/2020 0:00,-0.001
11/13/2020 1:00,-0.001
11/13/2020 2:00,-0.001
11/13/2020 3:00,-0.001
11/13/2020 4:00,-0.001
11/13/2020 5:00,-0.001
11/13/2020 6:00,-0.001
11/13/2020 7:00,0.2934
11/13/2020 8:00,0.5901
11/13/2020 9:00,0.7944
11/13/2020 10:00,0.8967
11/13/2020 11:00,0.9215
11/13/2020 12:00,0.8797
11/13/2020 13:00,0.7741
11/13/2020 14:00,0.5764
11/13/2020 15:00,0.277
11/13/2020 16:00,-0.001
11/13/2020 17:00,-0.001
11/13/2020 18:00,-0.001
11/13/2020 19:00,-0.001
11/13/2020 20:00,-0.001
11/13/2020 21:00,-0.001
11/13/2020 22:00,-0.001
11/13/2020 23:00,-0.001
11/14/2020 0:00,-0.001
11/14/2020 1:00,-0.001
11/14/2020 2:00,-0.001
11/14/2020 3:00,-0.001
11/14/2020 4:00,-0.001
11/14/2020 5:00,-0.001
11/14/2020 6:00,-0.001
11/14/2020 7:00,0.2347
11/14/2020 8:00,0.4752
11/14/2020 9:00,0.6331
11/14/2020 10:00,0.8348
11/14/2020 11:00,0.8856
11/14/2020 12:00,0.8916
11/14/2020 13:00,0.7775
11/14/2020 14:00,0.5579
11/14/2020 15:00,0.2656
11/14/2020 16:00,-0.001
11/14/2020 17:00,-0.001
11/14/2020 18:00,-0.001
11/14/2020 19:00,-0.001
11/14/2020 20:00,-0.001
11/14/2020 21:00,-0.001
11/14/2020 22:00,-0.001
11/14/2020 23:00,-0.001
11/15/2020 0:00,-0.001
11/15/2020 1:00,-0.001
11/15/2020 2:00,-0.001
11/15/2020 3:00,-0.001
11/15/2020 4:00,-0.001
11/15/2020 5:00,-0.001
11/15/2020 6:00,-0.001
11/15/2020 7:00,0.066
11/15/2020 8:00,0.0122
11/15/2020 9:00,0.0232
11/15/2020 10:00,0.0306
11/15/2020 11:00,0.0331
11/15/2020 12:00,0.5747
11/15/2020 13:00,0.7987
11/15/2020 14:00,0.6299
11/15/2020 15:00,0.3104
11/15/2020 16:00,-0.001
11/15/2020 17:00,-0.001
11/15/2020 18:00,-0.001
11/15/2020 19:00,-0.001
11/15/2020 20:00,-0.001
11/15/2020 21:00,-0.001
11/15/2020 22:00,-0.001
11/15/2020 23:00,-0.001
11/16/2020 0:00,-0.001
11/16/2020 1:00,-0.001
11/16/2020 2:00,-0.001
11/16/2020 3:00,-0.001
11/16/2020 4:00,-0.001
11/16/2020 5:00,-0.001
11/16/2020 6:00,-0.001
11/16/2020 7:00,0.0624
11/16/2020 8:00,0.4866
11/16/2020 9:00,0.7055
11/16/2020 10:00,0.3728
11/16/2020 11:00,0.0941
11/16/2020 12:00,0.0292
11/16/2020 13:00,0.1183
11/16/2020 14:00,0.0616
11/16/2020 15:00,-0.001
11/16/2020 16:00,-0.001
11/16/2020 17:00,-0.001
11/16/2020 18:00,-0.001
11/16/2020 19:00,-0.001
11/16/2020 20:00,-0.001
11/16/2020 21:00,-0.001
11/16/2020 22:00,-0.001
11/16/2020 23:00,-0.001
11/17/2020 0:00,-0.001
11/17/2020 1:00,-0.001
11/17/2020 2:00,-0.001
11/17/2020 3:00,-0.001
11/17/2020 4:00,-0.001
11/17/2020 5:00,-0.001
11/17/2020 6:00,-0.001
11/17/2020 7:00,0.0315
11/17/2020 8:00,0.1211
11/17/2020 9:00,0.3475
11/17/2020 10:00,0.487
11/17/2020 11:00,0.4197
11/17/2020 12:00,0.2249
11/17/2020 13:00,0.1937
11/17/2020 14:00,0.0993
11/17/2020 15:00,-0.001
11/17/2020 16:00,-0.001
11/17/2020 17:00,-0.001
11/17/2020 18:00,-0.001
11/17/2020 19:00,-0.001
11/17/2020 20:00,-0.001
11/17/2020 21:00,-0.001
11/17/2020 22:00,-0.001
11/17/2020 23:00,-0.001
11/18/2020 0:00,-0.001
11/18/2020 1:00,-0.001
11/18/2020 2:00,-0.001
11/18/2020 3:00,-0.001
11/18/2020 4:00,-0.001
11/18/2020 5:00,-0.001
11/18/2020 6:00,-0.001
11/18/2020 7:00,0.0277
11/18/2020 8:00,0.1474
11/18/2020 9:00,0.4786
11/18/2020 10:00,0.1659
11/18/2020 11:00,0.2762
11/18/2020 12:00,0.1841
11/18/2020 13:00,0.1069
11/18/2020 14:00,0.0543
11/18/2020 15:00,0.0053
11/18/2020 16:00,-0.001
11/18/2020 17:00,-0.001
11/18/2020 18:00,-0.001
11/18/2020 19:00,-0.001
11/18/2020 20:00,-0.001
11/18/2020 21:00,-0.001
11/18/2020 22:00,-0.001
11/18/2020 23:00,-0.001
11/19/2020 0:00,-0.001
11/19/2020 1:00,-0.001
11/19/2020 2:00,-0.001
11/19/2020 3:00,-0.001
11/19/2020 4:00,-0.001
11/19/2020 5:00,-0.001
11/19/2020 6:00,-0.001
11/19/2020 7:00,0.1539
11/19/2020 8:00,0.2204
11/19/2020 9:00,0.1961
11/19/2020 10:00,0.2823
11/19/2020 11:00,0.4587
11/19/2020 12:00,0.1002
11/19/2020 13:00,0.2267
11/19/2020 14:00,0.2863
11/19/2020 15:00,0.1671
11/19/2020 16:00,-0.001
11/19/2020 17:00,-0.001
11/19/2020 18:00,-0.001
11/19/2020 19:00,-0.001
11/19/2020 20:00,-0.001
11/19/2020 21:00,-0.001
11/19/2020 22:00,-0.001
11/19/2020 23:00,-0.001
11/20/2020 0:00,-0.001
11/20/2020 1:00,-0.001
11/20/2020 2:00,-0.001
11/20/2020 3:00,-0.001
11/20/2020 4:00,-0.001
11/20/2020 5:00,-0.001
11/20/2020 6:00,-0.001
11/20/2020 7:00,0.1593
11/20/2020 8:00,0.4512
11/20/2020 9:00,0.6866
11/20/2020 10:00,0.8292
11/20/2020 11:00,0.862
11/20/2020 12:00,0.8036
11/20/2020 13:00,0.6864
11/20/2020 14:00,0.4642
11/20/2020 15:00,0.1766
11/20/2020 16:00,-0.001
11/20/2020 17:00,-0.001
11/20/2020 18:00,-0.001
11/20/2020 19:00,-0.001
11/20/2020 20:00,-0.001
11/20/2020 21:00,-0.001
11/20/2020 22:00,-0.001
11/20/2020 23:00,-0.001
11/21/2020 0:00,-0.001
11/21/2020 1:00,-0.001
11/21/2020 2:00,-0.001
11/21/2020 3:00,-0.001
11/21/2020 4:00,-0.001
11/21/2020 5:00,-0.001
11/21/2020 6:00,-0.001
11/21/2020 7:00,0.17
11/21/2020 8:00,0.4533
11/21/2020 9:00,0.6884
11/21/2020 10:00,0.8334
11/21/2020 11:00,0.8482
11/21/2020 12:00,0.8126
11/21/2020 13:00,0.6554
11/21/2020 14:00,0.4131
11/21/2020 15:00,0.1494
11/21/2020 16:00,-0.001
11/21/2020 17:00,-0.001
11/21/2020 18:00,-0.001
11/21/2020 19:00,-0.001
11/21/2020 20:00,-0.001
11/21/2020 21:00,-0.001
11/21/2020 22:00,-0.001
11/21/2020 23:00,-0.001
11/22/2020 0:00,-0.001
11/22/2020 1:00,-0.001
11/22/2020 2:00,-0.001
11/22/2020 3:00,-0.001
11/22/2020 4:00,-0.001
11/22/2020 5:00,-0.001
11/22/2020 6:00,-0.001
11/22/2020 7:00,0.1959
11/22/2020 8:00,0.4905
11/22/2020 9:00,0.7103
11/22/2020 10:00,0.7562
11/22/2020 11:00,0.7805
11/22/2020 12:00,0.8049
11/22/2020 13:00,0.6767
11/22/2020 14:00,0.4618
11/22/2020 15:00,0.2007
11/22/2020 16:00,-0.001
11/22/2020 17:00,-0.001
11/22/2020 18:00,-0.001
11/22/2020 19:00,-0.001
11/22/2020 20:00,-0.001
11/22/2020 21:00,-0.001
11/22/2020 22:00,-0.001
11/22/2020 23:00,-0.001
11/23/2020 0:00,-0.001
11/23/2020 1:00,-0.001
11/23/2020 2:00,-0.001
11/23/2020 3:00,-0.001
11/23/2020 4:00,-0.001
11/23/2020 5:00,-0.001
11/23/2020 6:00,-0.001
11/23/2020 7:00,0.0999
11/23/2020 8:00,0.1566
11/23/2020 9:00,0.5293
11/23/2020 10:00,0.6687
11/23/2020 11:00,0.5832
11/23/2020 12:00,0.4766
11/23/2020 13:00,0.6064
11/23/2020 14:00,0.5655
11/23/2020 15:00,0.3137
11/23/2020 16:00,-0.001
11/23/2020 17:00,-0.001
11/23/2020 18:00,-0.001
11/23/2020 19:00,-0.001
11/23/2020 20:00,-0.001
11/23/2020 21:00,-0.001
11/23/2020 22:00,-0.001
11/23/2020 23:00,-0.001
11/24/2020 0:00,-0.001
11/24/2020 1:00,-0.001
11/24/2020 2:00,-0.001
11/24/2020 3:00,-0.001
11/24/2020 4:00,-0.001
11/24/2020 5:00,-0.001
11/24/2020 6:00,-0.001
11/24/2020 7:00,0.2232
11/24/2020 8:00,0.5919
11/24/2020 9:00,0.6933
11/24/2020 10:00,0.6137
11/24/2020 11:00,0.4809
11/24/2020 12:00,0.5254
11/24/2020 13:00,0.4549
11/24/2020 14:00,0.1595
11/24/2020 15:00,0.0235
11/24/2020 16:00,-0.001
11/24/2020 17:00,-0.001
11/24/2020 18:00,-0.001
11/24/2020 19:00,-0.001
11/24/2020 20:00,-0.001
11/24/2020 21:00,-0.001
11/24/2020 22:00,-0.001
11/24/2020 23:00,-0.001
11/25/2020 0:00,-0.001
11/25/2020 1:00,-0.001
11/25/2020 2:00,-0.001
11/25/2020 3:00,-0.001
11/25/2020 4:00,-0.001
11/25/2020 5:00,-0.001
11/25/2020 6:00,-0.001
11/25/2020 7:00,0.2783
11/25/2020 8:00,0.5839
11/25/2020 9:00,0.8033
11/25/2020 10:00,0.9283
11/25/2020 11:00,0.9699
11/25/2020 12:00,0.9276
11/25/2020 13:00,0.801
11/25/2020 14:00,0.59
11/25/2020 15:00,0.2988
11/25/2020 16:00,-0.001
11/25/2020 17:00,-0.001
11/25/2020 18:00,-0.001
11/25/2020 19:00,-0.001
11/25/2020 20:00,-0.001
11/25/2020 21:00,-0.001
11/25/2020 22:00,-0.001
11/25/2020 23:00,-0.001
11/26/2020 0:00,-0.001
11/26/2020 1:00,-0.001
11/26/2020 2:00,-0.001
11/26/2020 3:00,-0.001
11/26/2020 4:00,-0.001
11/26/2020 5:00,-0.001
11/26/2020 6:00,-0.001
11/26/2020 7:00,0.2793
11/26/2020 8:00,0.5843
11/26/2020 9:00,0.8112
11/26/2020 10:00,0.9346
11/26/2020 11:00,0.9792
11/26/2020 12:00,0.9338
11/26/2020 13:00,0.8114
11/26/2020 14:00,0.59
11/26/2020 15:00,0.2996
11/26/2020 16:00,-0.001
11/26/2020 17:00,-0.001
11/26/2020 18:00,-0.001
11/26/2020 19:00,-0.001
11/26/2020 20:00,-0.001
11/26/2020 21:00,-0.001
11/26/2020 22:00,-0.001
11/26/2020 23:00,-0.001
11/27/2020 0:00,-0.001
11/27/2020 1:00,-0.001
11/27/2020 2:00,-0.001
11/27/2020 3:00,-0.001
11/27/2020 4:00,-0.001
11/27/2020 5:00,-0.001
11/27/2020 6:00,-0.001
11/27/2020 7:00,0.2281
11/27/2020 8:00,0.5465
11/27/2020 9:00,0.7604
11/27/2020 10:00,0.8929
11/27/2020 11:00,0.9197
11/27/2020 12:00,0.8772
11/27/2020 13:00,0.7519
11/27/2020 14:00,0.5383
11/27/2020 15:00,0.2237
11/27/2020 16:00,-0.001
11/27/2020 17:00,-0.001
11/27/2020 18:00,-0.001
11/27/2020 19:00,-0.001
11/27/2020 20:00,-0.001
11/27/2020 21:00,-0.001
11/27/2020 22:00,-0.001
11/27/2020 23:00,-0.001
11/28/2020 0:00,-0.001
11/28/2020 1:00,-0.001
11/28/2020 2:00,-0.001
11/28/2020 3:00,-0.001
11/28/2020 4:00,-0.001
11/28/2020 5:00,-0.001
11/28/2020 6:00,-0.001
11/28/2020 7:00,0.0501
11/28/2020 8:00,0.3927
11/28/2020 9:00,0.6335
11/28/2020 10:00,0.5538
11/28/2020 11:00,0.7227
11/28/2020 12:00,0.3626
11/28/2020 13:00,0.4888
11/28/2020 14:00,0.3886
11/28/2020 15:00,0.186
11/28/2020 16:00,-0.001
11/28/2020 17:00,-0.001
11/28/2020 18:00,-0.001
11/28/2020 19:00,-0.001
11/28/2020 20:00,-0.001
11/28/2020 21:00,-0.001
11/28/2020 22:00,-0.001
11/28/2020 23:00,-0.001
11/29/2020 0:00,-0.001
11/29/2020 1:00,-0.001
11/29/2020 2:00,-0.001
11/29/2020 3:00,-0.001
11/29/2020 4:00,-0.001
11/29/2020 5:00,-0.001
11/29/2020 6:00,-0.001
11/29/2020 7:00,0.0936
11/29/2020 8:00,0.3041
11/29/2020 9:00,0.7141
11/29/2020 10:00,0.865
11/29/2020 11:00,0.6223
11/29/2020 12:00,0.59
11/29/2020 13:00,0.1406
11/29/2020 14:00,0.015
11/29/2020 15:00,-0.001
11/29/2020 16:00,-0.001
11/29/2020 17:00,-0.001
11/29/2020 18:00,-0.001
11/29/2020 19:00,-0.001
11/29/2020 20:00,-0.001
11/29/2020 21:00,-0.001
11/29/2020 22:00,-0.001
11/29/2020 23:00,-0.001
11/30/2020 0:00,-0.001
11/30/2020 1:00,-0.001
11/30/2020 2:00,-0.001
11/30/2020 3:00,-0.001
11/30/2020 4:00,-0.001
11/30/2020 5:00,-0.001
11/30/2020 6:00,-0.001
11/30/2020 7:00,0.013
11/30/2020 8:00,0.5837
11/30/2020 9:00,0.8073
11/30/2020 10:00,0.9417
11/30/2020 11:00,0.9858
11/30/2020 12:00,0.9455
11/30/2020 13:00,0.8186
11/30/2020 14:00,0.6048
11/30/2020 15:00,0.3094
11/30/2020 16:00,-0.001
11/30/2020 17:00,-0.001
11/30/2020 18:00,-0.001
11/30/2020 19:00,-0.001
11/30/2020 20:00,-0.001
11/30/2020 21:00,-0.001
11/30/2020 22:00,-0.001
11/30/2020 23:00,-0.001
12/1/2020 0:00,-0.001
12/1/2020 1:00,-0.001
12/1/2020 2:00,-0.001
12/1/2020 3:00,-0.001
12/1/2020 4:00,-0.001
12/1/2020 5:00,-0.001
12/1/2020 6:00,-0.001
12/1/2020 7:00,0.0107
12/1/2020 8:00,0.3195
12/1/2020 9:00,0.5134
12/1/2020 10:00,0.6646
12/1/2020 11:00,0.7372
12/1/2020 12:00,0.748
12/1/2020 13:00,0.7452
12/1/2020 14:00,0.5446
12/1/2020 15:00,0.2295
12/1/2020 16:00,-0.001
12/1/2020 17:00,-0.001
12/1/2020 18:00,-0.001
12/1/2020 19:00,-0.001
12/1/2020 20:00,-0.001
12/1/2020 21:00,-0.001
12/1/2020 22:00,-0.001
12/1/2020 23:00,-0.001
12/2/2020 0:00,-0.001
12/2/2020 1:00,-0.001
12/2/2020 2:00,-0.001
12/2/2020 3:00,-0.001
12/2/2020 4:00,-0.001
12/2/2020 5:00,-0.001
12/2/2020 6:00,-0.001
12/2/2020 7:00,-0.001
12/2/2020 8:00,0.0529
12/2/2020 9:00,0.1194
12/2/2020 10:00,0.0722
12/2/2020 11:00,0.0371
12/2/2020 12:00,0.0955
12/2/2020 13:00,0.6749
12/2/2020 14:00,0.6081
12/2/2020 15:00,0.3105
12/2/2020 16:00,-0.001
12/2/2020 17:00,-0.001
12/2/2020 18:00,-0.001
12/2/2020 19:00,-0.001
12/2/2020 20:00,-0.001
12/2/2020 21:00,-0.001
12/2/2020 22:00,-0.001
12/2/2020 23:00,-0.001
12/3/2020 0:00,-0.001
12/3/2020 1:00,-0.001
12/3/2020 2:00,-0.001
12/3/2020 3:00,-0.001
12/3/2020 4:00,-0.001
12/3/2020 5:00,-0.001
12/3/2020 6:00,-0.001
12/3/2020 7:00,0.0116
12/3/2020 8:00,0.2735
12/3/2020 9:00,0.1471
12/3/2020 10:00,0.1127
12/3/2020 11:00,0.1599
12/3/2020 12:00,0.1939
12/3/2020 13:00,0.2058
12/3/2020 14:00,0.1127
12/3/2020 15:00,0.1681
12/3/2020 16:00,-0.001
12/3/2020 17:00,-0.001
12/3/2020 18:00,-0.001
12/3/2020 19:00,-0.001
12/3/2020 20:00,-0.001
12/3/2020 21:00,-0.001
12/3/2020 22:00,-0.001
12/3/2020 23:00,-0.001
12/4/2020 0:00,-0.001
12/4/2020 1:00,-0.001
12/4/2020 2:00,-0.001
12/4/2020 3:00,-0.001
12/4/2020 4:00,-0.001
12/4/2020 5:00,-0.001
12/4/2020 6:00,-0.001
12/4/2020 7:00,0.0111
12/4/2020 8:00,0.0494
12/4/2020 9:00,0.1683
12/4/2020 10:00,0.1951
12/4/2020 11:00,0.695
12/4/2020 12:00,0.8716
12/4/2020 13:00,0.6584
12/4/2020 14:00,0.4875
12/4/2020 15:00,0.2551
12/4/2020 16:00,-0.001
12/4/2020 17:00,-0.001
12/4/2020 18:00,-0.001
12/4/2020 19:00,-0.001
12/4/2020 20:00,-0.001
12/4/2020 21:00,-0.001
12/4/2020 22:00,-0.001
12/4/2020 23:00,-0.001
12/5/2020 0:00,-0.001
12/5/2020 1:00,-0.001
12/5/2020 2:00,-0.001
12/5/2020 3:00,-0.001
12/5/2020 4:00,-0.001
12/5/2020 5:00,-0.001
12/5/2020 6:00,-0.001
12/5/2020 7:00,0.0044
12/5/2020 8:00,0.3849
12/5/2020 9:00,0.7561
12/5/2020 10:00,0.8311
12/5/2020 11:00,0.6716
12/5/2020 12:00,0.6722
12/5/2020 13:00,0.3735
12/5/2020 14:00,0.2007
12/5/2020 15:00,0.0232
12/5/2020 16:00,-0.001
12/5/2020 17:00,-0.001
12/5/2020 18:00,-0.001
12/5/2020 19:00,-0.001
12/5/2020 20:00,-0.001
12/5/2020 21:00,-0.001
12/5/2020 22:00,-0.001
12/5/2020 23:00,-0.001
12/6/2020 0:00,-0.001
12/6/2020 1:00,-0.001
12/6/2020 2:00,-0.001
12/6/2020 3:00,-0.001
12/6/2020 4:00,-0.001
12/6/2020 5:00,-0.001
12/6/2020 6:00,-0.001
12/6/2020 7:00,-0.001
12/6/2020 8:00,0.14
12/6/2020 9:00,0.063
12/6/2020 10:00,0.1557
12/6/2020 11:00,0.7253
12/6/2020 12:00,0.6587
12/6/2020 13:00,0.595
12/6/2020 14:00,0.5952
12/6/2020 15:00,0.2913
12/6/2020 16:00,-0.001
12/6/2020 17:00,-0.001
12/6/2020 18:00,-0.001
12/6/2020 19:00,-0.001
12/6/2020 20:00,-0.001
12/6/2020 21:00,-0.001
12/6/2020 22:00,-0.001
12/6/2020 23:00,-0.001
12/7/2020 0:00,-0.001
12/7/2020 1:00,-0.001
12/7/2020 2:00,-0.001
12/7/2020 3:00,-0.001
12/7/2020 4:00,-0.001
12/7/2020 5:00,-0.001
12/7/2020 6:00,-0.001
12/7/2020 7:00,0.005
12/7/2020 8:00,0.5422
12/7/2020 9:00,0.7762
12/7/2020 10:00,0.9043
12/7/2020 11:00,0.9423
12/7/2020 12:00,0.9202
12/7/2020 13:00,0.8033
12/7/2020 14:00,0.5922
12/7/2020 15:00,0.3111
12/7/2020 16:00,-0.001
12/7/2020 17:00,-0.001
12/7/2020 18:00,-0.001
12/7/2020 19:00,-0.001
12/7/2020 20:00,-0.001
12/7/2020 21:00,-0.001
12/7/2020 22:00,-0.001
12/7/2020 23:00,-0.001
12/8/2020 0:00,-0.001
12/8/2020 1:00,-0.001
12/8/2020 2:00,-0.001
12/8/2020 3:00,-0.001
12/8/2020 4:00,-0.001
12/8/2020 5:00,-0.001
12/8/2020 6:00,-0.001
12/8/2020 7:00,0.0062
12/8/2020 8:00,0.3696
12/8/2020 9:00,0.5615
12/8/2020 10:00,0.7725
12/8/2020 11:00,0.7707
12/8/2020 12:00,0.8002
12/8/2020 13:00,0.5727
12/8/2020 14:00,0.4691
12/8/2020 15:00,0.2001
12/8/2020 16:00,-0.001
12/8/2020 17:00,-0.001
12/8/2020 18:00,-0.001
12/8/2020 19:00,-0.001
12/8/2020 20:00,-0.001
12/8/2020 21:00,-0.001
12/8/2020 22:00,-0.001
12/8/2020 23:00,-0.001
12/9/2020 0:00,-0.001
12/9/2020 1:00,-0.001
12/9/2020 2:00,-0.001
12/9/2020 3:00,-0.001
12/9/2020 4:00,-0.001
12/9/2020 5:00,-0.001
12/9/2020 6:00,-0.001
12/9/2020 7:00,-0.001
12/9/2020 8:00,0.3138
12/9/2020 9:00,0.5679
12/9/2020 10:00,0.5207
12/9/2020 11:00,0.5666
12/9/2020 12:00,0.6628
12/9/2020 13:00,0.7278
12/9/2020 14:00,0.4318
12/9/2020 15:00,0.2351
12/9/2020 16:00,-0.001
12/9/2020 17:00,-0.001
12/9/2020 18:00,-0.001
12/9/2020 19:00,-0.001
12/9/2020 20:00,-0.001
12/9/2020 21:00,-0.001
12/9/2020 22:00,-0.001
12/9/2020 23:00,-0.001
12/10/2020 0:00,-0.001
12/10/2020 1:00,-0.001
12/10/2020 2:00,-0.001
12/10/2020 3:00,-0.001
12/10/2020 4:00,-0.001
12/10/2020 5:00,-0.001
12/10/2020 6:00,-0.001
12/10/2020 7:00,0.0024
12/10/2020 8:00,0.4382
12/10/2020 9:00,0.6417
12/10/2020 10:00,0.774
12/10/2020 11:00,0.8647
12/10/2020 12:00,0.8352
12/10/2020 13:00,0.7195
12/10/2020 14:00,0.5086
12/10/2020 15:00,0.2205
12/10/2020 16:00,-0.001
12/10/2020 17:00,-0.001
12/10/2020 18:00,-0.001
12/10/2020 19:00,-0.001
12/10/2020 20:00,-0.001
12/10/2020 21:00,-0.001
12/10/2020 22:00,-0.001
12/10/2020 23:00,-0.001
12/11/2020 0:00,-0.001
12/11/2020 1:00,-0.001
12/11/2020 2:00,-0.001
12/11/2020 3:00,-0.001
12/11/2020 4:00,-0.001
12/11/2020 5:00,-0.001
12/11/2020 6:00,-0.001
12/11/2020 7:00,0.002
12/11/2020 8:00,0.4487
12/11/2020 9:00,0.6973
12/11/2020 10:00,0.8349
12/11/2020 11:00,0.8971
12/11/2020 12:00,0.8499
12/11/2020 13:00,0.7263
12/11/2020 14:00,0.5262
12/11/2020 15:00,0.2306
12/11/2020 16:00,-0.001
12/11/2020 17:00,-0.001
12/11/2020 18:00,-0.001
12/11/2020 19:00,-0.001
12/11/2020 20:00,-0.001
12/11/2020 21:00,-0.001
12/11/2020 22:00,-0.001
12/11/2020 23:00,-0.001
12/12/2020 0:00,-0.001
12/12/2020 1:00,-0.001
12/12/2020 2:00,-0.001
12/12/2020 3:00,-0.001
12/12/2020 4:00,-0.001
12/12/2020 5:00,-0.001
12/12/2020 6:00,-0.001
12/12/2020 7:00,0.0016
12/12/2020 8:00,0.481
12/12/2020 9:00,0.7273
12/12/2020 10:00,0.8607
12/12/2020 11:00,0.9056
12/12/2020 12:00,0.8778
12/12/2020 13:00,0.7483
12/12/2020 14:00,0.5381
12/12/2020 15:00,0.2329
12/12/2020 16:00,-0.001
12/12/2020 17:00,-0.001
12/12/2020 18:00,-0.001
12/12/2020 19:00,-0.001
12/12/2020 20:00,-0.001
12/12/2020 21:00,-0.001
12/12/2020 22:00,-0.001
12/12/2020 23:00,-0.001
12/13/2020 0:00,-0.001
12/13/2020 1:00,-0.001
12/13/2020 2:00,-0.001
12/13/2020 3:00,-0.001
12/13/2020 4:00,-0.001
12/13/2020 5:00,-0.001
12/13/2020 6:00,-0.001
12/13/2020 7:00,-0.001
12/13/2020 8:00,0.5058
12/13/2020 9:00,0.7489
12/13/2020 10:00,0.8924
12/13/2020 11:00,0.9456
12/13/2020 12:00,0.9112
12/13/2020 13:00,0.7926
12/13/2020 14:00,0.5841
12/13/2020 15:00,0.2964
12/13/2020 16:00,-0.001
12/13/2020 17:00,-0.001
12/13/2020 18:00,-0.001
12/13/2020 19:00,-0.001
12/13/2020 20:00,-0.001
12/13/2020 21:00,-0.001
12/13/2020 22:00,-0.001
12/13/2020 23:00,-0.001
12/14/2020 0:00,-0.001
12/14/2020 1:00,-0.001
12/14/2020 2:00,-0.001
12/14/2020 3:00,-0.001
12/14/2020 4:00,-0.001
12/14/2020 5:00,-0.001
12/14/2020 6:00,-0.001
12/14/2020 7:00,-0.001
12/14/2020 8:00,0.423
12/14/2020 9:00,0.6042
12/14/2020 10:00,0.7242
12/14/2020 11:00,0.6363
12/14/2020 12:00,0.6905
12/14/2020 13:00,0.6404
12/14/2020 14:00,0.5112
12/14/2020 15:00,0.2206
12/14/2020 16:00,-0.001
12/14/2020 17:00,-0.001
12/14/2020 18:00,-0.001
12/14/2020 19:00,-0.001
12/14/2020 20:00,-0.001
12/14/2020 21:00,-0.001
12/14/2020 22:00,-0.001
12/14/2020 23:00,-0.001
12/15/2020 0:00,-0.001
12/15/2020 1:00,-0.001
12/15/2020 2:00,-0.001
12/15/2020 3:00,-0.001
12/15/2020 4:00,-0.001
12/15/2020 5:00,-0.001
12/15/2020 6:00,-0.001
12/15/2020 7:00,-0.001
12/15/2020 8:00,0.4221
12/15/2020 9:00,0.6664
12/15/2020 10:00,0.8098
12/15/2020 11:00,0.7757
12/15/2020 12:00,0.6933
12/15/2020 13:00,0.5864
12/15/2020 14:00,0.4642
12/15/2020 15:00,0.193
12/15/2020 16:00,-0.001
12/15/2020 17:00,-0.001
12/15/2020 18:00,-0.001
12/15/2020 19:00,-0.001
12/15/2020 20:00,-0.001
12/15/2020 21:00,-0.001
12/15/2020 22:00,-0.001
12/15/2020 23:00,-0.001
12/16/2020 0:00,-0.001
12/16/2020 1:00,-0.001
12/16/2020 2:00,-0.001
12/16/2020 3:00,-0.001
12/16/2020 4:00,-0.001
12/16/2020 5:00,-0.001
12/16/2020 6:00,-0.001
12/16/2020 7:00,-0.001
12/16/2020 8:00,0.3926
12/16/2020 9:00,0.64
12/16/2020 10:00,0.8203
12/16/2020 11:00,0.8812
12/16/2020 12:00,0.8653
12/16/2020 13:00,0.777
12/16/2020 14:00,0.5721
12/16/2020 15:00,0.2761
12/16/2020 16:00,-0.001
12/16/2020 17:00,-0.001
12/16/2020 18:00,-0.001
12/16/2020 19:00,-0.001
12/16/2020 20:00,-0.001
12/16/2020 21:00,-0.001
12/16/2020 22:00,-0.001
12/16/2020 23:00,-0.001
12/17/2020 0:00,-0.001
12/17/2020 1:00,-0.001
12/17/2020 2:00,-0.001
12/17/2020 3:00,-0.001
12/17/2020 4:00,-0.001
12/17/2020 5:00,-0.001
12/17/2020 6:00,-0.001
12/17/2020 7:00,-0.001
12/17/2020 8:00,0.4469
12/17/2020 9:00,0.6925
12/17/2020 10:00,0.83
12/17/2020 11:00,0.8532
12/17/2020 12:00,0.8453
12/17/2020 13:00,0.7456
12/17/2020 14:00,0.5093
12/17/2020 15:00,0.2294
12/17/2020 16:00,-0.001
12/17/2020 17:00,-0.001
12/17/2020 18:00,-0.001
12/17/2020 19:00,-0.001
12/17/2020 20:00,-0.001
12/17/2020 21:00,-0.001
12/17/2020 22:00,-0.001
12/17/2020 23:00,-0.001
12/18/2020 0:00,-0.001
12/18/2020 1:00,-0.001
12/18/2020 2:00,-0.001
12/18/2020 3:00,-0.001
12/18/2020 4:00,-0.001
12/18/2020 5:00,-0.001
12/18/2020 6:00,-0.001
12/18/2020 7:00,-0.001
12/18/2020 8:00,0.4578
12/18/2020 9:00,0.7022
12/18/2020 10:00,0.8363
12/18/2020 11:00,0.8949
12/18/2020 12:00,0.881
12/18/2020 13:00,0.7719
12/18/2020 14:00,0.5632
12/18/2020 15:00,0.2847
12/18/2020 16:00,-0.001
12/18/2020 17:00,-0.001
12/18/2020 18:00,-0.001
12/18/2020 19:00,-0.001
12/18/2020 20:00,-0.001
12/18/2020 21:00,-0.001
12/18/2020 22:00,-0.001
12/18/2020 23:00,-0.001
12/19/2020 0:00,-0.001
12/19/2020 1:00,-0.001
12/19/2020 2:00,-0.001
12/19/2020 3:00,-0.001
12/19/2020 4:00,-0.001
12/19/2020 5:00,-0.001
12/19/2020 6:00,-0.001
12/19/2020 7:00,-0.001
12/19/2020 8:00,0.3259
12/19/2020 9:00,0.5924
12/19/2020 10:00,0.7688
12/19/2020 11:00,0.8673
12/19/2020 12:00,0.8402
12/19/2020 13:00,0.7491
12/19/2020 14:00,0.5685
12/19/2020 15:00,0.2951
12/19/2020 16:00,-0.001
12/19/2020 17:00,-0.001
12/19/2020 18:00,-0.001
12/19/2020 19:00,-0.001
12/19/2020 20:00,-0.001
12/19/2020 21:00,-0.001
12/19/2020 22:00,-0.001
12/19/2020 23:00,-0.001
12/20/2020 0:00,-0.001
12/20/2020 1:00,-0.001
12/20/2020 2:00,-0.001
12/20/2020 3:00,-0.001
12/20/2020 4:00,-0.001
12/20/2020 5:00,-0.001
12/20/2020 6:00,-0.001
12/20/2020 7:00,-0.001
12/20/2020 8:00,0.3882
12/20/2020 9:00,0.6469
12/20/2020 10:00,0.8193
12/20/2020 11:00,0.8698
12/20/2020 12:00,0.7372
12/20/2020 13:00,0.5362
12/20/2020 14:00,0.2521
12/20/2020 15:00,0.1532
12/20/2020 16:00,-0.001
12/20/2020 17:00,-0.001
12/20/2020 18:00,-0.001
12/20/2020 19:00,-0.001
12/20/2020 20:00,-0.001
12/20/2020 21:00,-0.001
12/20/2020 22:00,-0.001
12/20/2020 23:00,-0.001
12/21/2020 0:00,-0.001
12/21/2020 1:00,-0.001
12/21/2020 2:00,-0.001
12/21/2020 3:00,-0.001
12/21/2020 4:00,-0.001
12/21/2020 5:00,-0.001
12/21/2020 6:00,-0.001
12/21/2020 7:00,0.0055
12/21/2020 8:00,0.3768
12/21/2020 9:00,0.1957
12/21/2020 10:00,0.0203
12/21/2020 11:00,0.1547
12/21/2020 12:00,0.6622
12/21/2020 13:00,0.4733
12/21/2020 14:00,0.3099
12/21/2020 15:00,0.1727
12/21/2020 16:00,-0.001
12/21/2020 17:00,-0.001
12/21/2020 18:00,-0.001
12/21/2020 19:00,-0.001
12/21/2020 20:00,-0.001
12/21/2020 21:00,-0.001
12/21/2020 22:00,-0.001
12/21/2020 23:00,-0.001
12/22/2020 0:00,-0.001
12/22/2020 1:00,-0.001
12/22/2020 2:00,-0.001
12/22/2020 3:00,-0.001
12/22/2020 4:00,-0.001
12/22/2020 5:00,-0.001
12/22/2020 6:00,-0.001
12/22/2020 7:00,-0.001
12/22/2020 8:00,0.1302
12/22/2020 9:00,0.3988
12/22/2020 10:00,0.6188
12/22/2020 11:00,0.4055
12/22/2020 12:00,0.2936
12/22/2020 13:00,0.5707
12/22/2020 14:00,0.539
12/22/2020 15:00,0.2952
12/22/2020 16:00,-0.001
12/22/2020 17:00,-0.001
12/22/2020 18:00,-0.001
12/22/2020 19:00,-0.001
12/22/2020 20:00,-0.001
12/22/2020 21:00,-0.001
12/22/2020 22:00,-0.001
12/22/2020 23:00,-0.001
12/23/2020 0:00,-0.001
12/23/2020 1:00,-0.001
12/23/2020 2:00,-0.001
12/23/2020 3:00,-0.001
12/23/2020 4:00,-0.001
12/23/2020 5:00,-0.001
12/23/2020 6:00,-0.001
12/23/2020 7:00,-0.001
12/23/2020 8:00,0.0105
12/23/2020 9:00,0.0669
12/23/2020 10:00,0.1446
12/23/2020 11:00,0.1574
12/23/2020 12:00,0.0241
12/23/2020 13:00,0.4917
12/23/2020 14:00,0.5309
12/23/2020 15:00,0.2407
12/23/2020 16:00,-0.001
12/23/2020 17:00,-0.001
12/23/2020 18:00,-0.001
12/23/2020 19:00,-0.001
12/23/2020 20:00,-0.001
12/23/2020 21:00,-0.001
12/23/2020 22:00,-0.001
12/23/2020 23:00,-0.001
12/24/2020 0:00,-0.001
12/24/2020 1:00,-0.001
12/24/2020 2:00,-0.001
12/24/2020 3:00,-0.001
12/24/2020 4:00,-0.001
12/24/2020 5:00,-0.001
12/24/2020 6:00,-0.001
12/24/2020 7:00,-0.001
12/24/2020 8:00,0.3754
12/24/2020 9:00,0.6427
12/24/2020 10:00,0.8067
12/24/2020 11:00,0.8804
12/24/2020 12:00,0.8238
12/24/2020 13:00,0.7552
12/24/2020 14:00,0.5866
12/24/2020 15:00,0.3044
12/24/2020 16:00,-0.001
12/24/2020 17:00,-0.001
12/24/2020 18:00,-0.001
12/24/2020 19:00,-0.001
12/24/2020 20:00,-0.001
12/24/2020 21:00,-0.001
12/24/2020 22:00,-0.001
12/24/2020 23:00,-0.001
12/25/2020 0:00,-0.001
12/25/2020 1:00,-0.001
12/25/2020 2:00,-0.001
12/25/2020 3:00,-0.001
12/25/2020 4:00,-0.001
12/25/2020 5:00,-0.001
12/25/2020 6:00,-0.001
12/25/2020 7:00,-0.001
12/25/2020 8:00,0.3865
12/25/2020 9:00,0.5461
12/25/2020 10:00,0.7178
12/25/2020 11:00,0.808
12/25/2020 12:00,0.5463
12/25/2020 13:00,0.5626
12/25/2020 14:00,0.4258
12/25/2020 15:00,0.2421
12/25/2020 16:00,-0.001
12/25/2020 17:00,-0.001
12/25/2020 18:00,-0.001
12/25/2020 19:00,-0.001
12/25/2020 20:00,-0.001
12/25/2020 21:00,-0.001
12/25/2020 22:00,-0.001
12/25/2020 23:00,-0.001
12/26/2020 0:00,-0.001
12/26/2020 1:00,-0.001
12/26/2020 2:00,-0.001
12/26/2020 3:00,-0.001
12/26/2020 4:00,-0.001
12/26/2020 5:00,-0.001
12/26/2020 6:00,-0.001
12/26/2020 7:00,-0.001
12/26/2020 8:00,0.3876
12/26/2020 9:00,0.6818
12/26/2020 10:00,0.8209
12/26/2020 11:00,0.7594
12/26/2020 12:00,0.573
12/26/2020 13:00,0.3425
12/26/2020 14:00,0.183
12/26/2020 15:00,0.0331
12/26/2020 16:00,-0.001
12/26/2020 17:00,-0.001
12/26/2020 18:00,-0.001
12/26/2020 19:00,-0.001
12/26/2020 20:00,-0.001
12/26/2020 21:00,-0.001
12/26/2020 22:00,-0.001
12/26/2020 23:00,-0.001
12/27/2020 0:00,-0.001
12/27/2020 1:00,-0.001
12/27/2020 2:00,-0.001
12/27/2020 3:00,-0.001
12/27/2020 4:00,-0.001
12/27/2020 5:00,-0.001
12/27/2020 6:00,-0.001
12/27/2020 7:00,-0.001
12/27/2020 8:00,0.1007
12/27/2020 9:00,0.2451
12/27/2020 10:00,0.6646
12/27/2020 11:00,0.853
12/27/2020 12:00,0.6906
12/27/2020 13:00,0.5199
12/27/2020 14:00,0.3078
12/27/2020 15:00,0.0766
12/27/2020 16:00,-0.001
12/27/2020 17:00,-0.001
12/27/2020 18:00,-0.001
12/27/2020 19:00,-0.001
12/27/2020 20:00,-0.001
12/27/2020 21:00,-0.001
12/27/2020 22:00,-0.001
12/27/2020 23:00,-0.001
12/28/2020 0:00,-0.001
12/28/2020 1:00,-0.001
12/28/2020 2:00,-0.001
12/28/2020 3:00,-0.001
12/28/2020 4:00,-0.001
12/28/2020 5:00,-0.001
12/28/2020 6:00,-0.001
12/28/2020 7:00,-0.001
12/28/2020 8:00,0.0511
12/28/2020 9:00,0.0112
12/28/2020 10:00,0.1489
12/28/2020 11:00,0.5852
12/28/2020 12:00,0.218
12/28/2020 13:00,0.1608
12/28/2020 14:00,0.5113
12/28/2020 15:00,0.2459
12/28/2020 16:00,-0.001
12/28/2020 17:00,-0.001
12/28/2020 18:00,-0.001
12/28/2020 19:00,-0.001
12/28/2020 20:00,-0.001
12/28/2020 21:00,-0.001
12/28/2020 22:00,-0.001
12/28/2020 23:00,-0.001
12/29/2020 0:00,-0.001
12/29/2020 1:00,-0.001
12/29/2020 2:00,-0.001
12/29/2020 3:00,-0.001
12/29/2020 4:00,-0.001
12/29/2020 5:00,-0.001
12/29/2020 6:00,-0.001
12/29/2020 7:00,-0.001
12/29/2020 8:00,0.0529
12/29/2020 9:00,0.0847
12/29/2020 10:00,0.1773
12/29/2020 11:00,0.4199
12/29/2020 12:00,0.2327
12/29/2020 13:00,0.1424
12/29/2020 14:00,0.3052
12/29/2020 15:00,0.2281
12/29/2020 16:00,-0.001
12/29/2020 17:00,-0.001
12/29/2020 18:00,-0.001
12/29/2020 19:00,-0.001
12/29/2020 20:00,-0.001
12/29/2020 21:00,-0.001
12/29/2020 22:00,-0.001
12/29/2020 23:00,-0.001
12/30/2020 0:00,-0.001
12/30/2020 1:00,-0.001
12/30/2020 2:00,-0.001
12/30/2020 3:00,-0.001
12/30/2020 4:00,-0.001
12/30/2020 5:00,-0.001
12/30/2020 6:00,-0.001
12/30/2020 7:00,-0.001
12/30/2020 8:00,0.2268
12/30/2020 9:00,0.5592
12/30/2020 10:00,0.7286
12/30/2020 11:00,0.6782
12/30/2020 12:00,0.621
12/30/2020 13:00,0.6256
12/30/2020 14:00,0.587
12/30/2020 15:00,0.3009
12/30/2020 16:00,-0.001
12/30/2020 17:00,-0.001
12/30/2020 18:00,-0.001
12/30/2020 19:00,-0.001
12/30/2020 20:00,-0.001
12/30/2020 21:00,-0.001
12/30/2020 22:00,-0.001
12/30/2020 23:00,-0.001
12/31/2020 0:00,-0.001
12/31/2020 1:00,-0.001
12/31/2020 2:00,-0.001
12/31/2020 3:00,-0.001
12/31/2020 4:00,-0.001
12/31/2020 5:00,-0.001
12/31/2020 6:00,-0.001
12/31/2020 7:00,-0.001
12/31/2020 8:00,0.2268
12/31/2020 9:00,0.5592
12/31/2020 10:00,0.7286
12/31/2020 11:00,0.6782
12/31/2020 12:00,0.621
12/31/2020 13:00,0.6256
12/31/2020 14:00,0.587
12/31/2020 15:00,0.3009
12/31/2020 16:00,-0.001
12/31/2020 17:00,-0.001
12/31/2020 18:00,-0.001
12/31/2020 19:00,-0.001
12/31/2020 20:00,-0.001
12/31/2020 21:00,-0.001
12/31/2020 22:00,-0.001
12/31/2020 23:00,-0.001
