timestamp,hour_index,energy_market_price_with_vat,line_loss_price_with_vat,system_operation_fee_with_vat,transmission_distribution_tariff_with_vat,gov_fund_surcharge,month,peak_valley
1/1/2020 0:00,0,0.30872,0.027,0.05,0.1104,0.04625,1,低谷
1/1/2020 1:00,1,0.30872,0.027,0.05,0.1104,0.04625,1,低谷
1/1/2020 2:00,2,0.30872,0.027,0.05,0.1104,0.04625,1,低谷
1/1/2020 3:00,,0.30872,0.027,0.05,0.1104,0.04625,1,低谷
1/1/2020 4:00,,0.30872,0.027,0.05,0.1104,0.04625,1,低谷
1/1/2020 5:00,,0.30872,0.027,0.05,0.1104,0.04625,1,低谷
1/1/2020 6:00,,0.30872,0.027,0.05,0.1104,0.04625,1,低谷
1/1/2020 7:00,,0.70245,0.027,0.05,0.1104,0.04625,1,平时
1/1/2020 8:00,,0.70245,0.027,0.05,0.1104,0.04625,1,平时
1/1/2020 9:00,,0.70245,0.027,0.05,0.1104,0.04625,1,平时
1/1/2020 10:00,,0.70245,0.027,0.05,0.1104,0.04625,1,平时
1/1/2020 11:00,,1.09617,0.027,0.05,0.1104,0.04625,1,高峰
1/1/2020 12:00,,1.09617,0.027,0.05,0.1104,0.04625,1,高峰
1/1/2020 13:00,,1.09617,0.027,0.05,0.1104,0.04625,1,高峰
1/1/2020 14:00,,0.70245,0.027,0.05,0.1104,0.04625,1,平时
1/1/2020 15:00,,0.70245,0.027,0.05,0.1104,0.04625,1,平时
1/1/2020 16:00,,0.70245,0.027,0.05,0.1104,0.04625,1,平时
1/1/2020 17:00,,0.70245,0.027,0.05,0.1104,0.04625,1,平时
1/1/2020 18:00,,1.30615,0.027,0.05,0.1104,0.04625,1,尖峰
1/1/2020 19:00,,1.30615,0.027,0.05,0.1104,0.04625,1,尖峰
1/1/2020 20:00,,1.30615,0.027,0.05,0.1104,0.04625,1,尖峰
1/1/2020 21:00,,1.30615,0.027,0.05,0.1104,0.04625,1,尖峰
1/1/2020 22:00,,1.09617,0.027,0.05,0.1104,0.04625,1,高峰
1/1/2020 23:00,,0.30872,0.027,0.05,0.1104,0.04625,1,低谷
1/2/2020 0:00,,0.30872,0.027,0.05,0.1104,0.04625,1,低谷
1/2/2020 1:00,,0.30872,0.027,0.05,0.1104,0.04625,1,低谷
1/2/2020 2:00,,0.30872,0.027,0.05,0.1104,0.04625,1,低谷
1/2/2020 3:00,,0.30872,0.027,0.05,0.1104,0.04625,1,低谷
1/2/2020 4:00,,0.30872,0.027,0.05,0.1104,0.04625,1,低谷
1/2/2020 5:00,,0.30872,0.027,0.05,0.1104,0.04625,1,低谷
1/2/2020 6:00,,0.30872,0.027,0.05,0.1104,0.04625,1,低谷
1/2/2020 7:00,,0.70245,0.027,0.05,0.1104,0.04625,1,平时
1/2/2020 8:00,,0.70245,0.027,0.05,0.1104,0.04625,1,平时
1/2/2020 9:00,,0.70245,0.027,0.05,0.1104,0.04625,1,平时
1/2/2020 10:00,,0.70245,0.027,0.05,0.1104,0.04625,1,平时
1/2/2020 11:00,,1.09617,0.027,0.05,0.1104,0.04625,1,高峰
1/2/2020 12:00,,1.09617,0.027,0.05,0.1104,0.04625,1,高峰
1/2/2020 13:00,,1.09617,0.027,0.05,0.1104,0.04625,1,高峰
1/2/2020 14:00,,0.70245,0.027,0.05,0.1104,0.04625,1,平时
1/2/2020 15:00,,0.70245,0.027,0.05,0.1104,0.04625,1,平时
1/2/2020 16:00,,0.70245,0.027,0.05,0.1104,0.04625,1,平时
1/2/2020 17:00,,0.70245,0.027,0.05,0.1104,0.04625,1,平时
1/2/2020 18:00,,1.30615,0.027,0.05,0.1104,0.04625,1,尖峰
1/2/2020 19:00,,1.30615,0.027,0.05,0.1104,0.04625,1,尖峰
1/2/2020 20:00,,1.30615,0.027,0.05,0.1104,0.04625,1,尖峰
1/2/2020 21:00,,1.30615,0.027,0.05,0.1104,0.04625,1,尖峰
1/2/2020 22:00,,1.09617,0.027,0.05,0.1104,0.04625,1,高峰
1/2/2020 23:00,,0.30872,0.027,0.05,0.1104,0.04625,1,低谷
1/3/2020 0:00,,0.30872,0.027,0.05,0.1104,0.04625,1,低谷
1/3/2020 1:00,,0.30872,0.027,0.05,0.1104,0.04625,1,低谷
1/3/2020 2:00,,0.30872,0.027,0.05,0.1104,0.04625,1,低谷
1/3/2020 3:00,,0.30872,0.027,0.05,0.1104,0.04625,1,低谷
1/3/2020 4:00,,0.30872,0.027,0.05,0.1104,0.04625,1,低谷
1/3/2020 5:00,,0.30872,0.027,0.05,0.1104,0.04625,1,低谷
1/3/2020 6:00,,0.30872,0.027,0.05,0.1104,0.04625,1,低谷
1/3/2020 7:00,,0.70245,0.027,0.05,0.1104,0.04625,1,平时
1/3/2020 8:00,,0.70245,0.027,0.05,0.1104,0.04625,1,平时
1/3/2020 9:00,,0.70245,0.027,0.05,0.1104,0.04625,1,平时
1/3/2020 10:00,,0.70245,0.027,0.05,0.1104,0.04625,1,平时
1/3/2020 11:00,,1.09617,0.027,0.05,0.1104,0.04625,1,高峰
1/3/2020 12:00,,1.09617,0.027,0.05,0.1104,0.04625,1,高峰
1/3/2020 13:00,,1.09617,0.027,0.05,0.1104,0.04625,1,高峰
1/3/2020 14:00,,0.70245,0.027,0.05,0.1104,0.04625,1,平时
1/3/2020 15:00,,0.70245,0.027,0.05,0.1104,0.04625,1,平时
1/3/2020 16:00,,0.70245,0.027,0.05,0.1104,0.04625,1,平时
1/3/2020 17:00,,0.70245,0.027,0.05,0.1104,0.04625,1,平时
1/3/2020 18:00,,1.30615,0.027,0.05,0.1104,0.04625,1,尖峰
1/3/2020 19:00,,1.30615,0.027,0.05,0.1104,0.04625,1,尖峰
1/3/2020 20:00,,1.30615,0.027,0.05,0.1104,0.04625,1,尖峰
1/3/2020 21:00,,1.30615,0.027,0.05,0.1104,0.04625,1,尖峰
1/3/2020 22:00,,1.09617,0.027,0.05,0.1104,0.04625,1,高峰
1/3/2020 23:00,,0.30872,0.027,0.05,0.1104,0.04625,1,低谷
1/4/2020 0:00,,0.30872,0.027,0.05,0.1104,0.04625,1,低谷
1/4/2020 1:00,,0.30872,0.027,0.05,0.1104,0.04625,1,低谷
1/4/2020 2:00,,0.30872,0.027,0.05,0.1104,0.04625,1,低谷
1/4/2020 3:00,,0.30872,0.027,0.05,0.1104,0.04625,1,低谷
1/4/2020 4:00,,0.30872,0.027,0.05,0.1104,0.04625,1,低谷
1/4/2020 5:00,,0.30872,0.027,0.05,0.1104,0.04625,1,低谷
1/4/2020 6:00,,0.30872,0.027,0.05,0.1104,0.04625,1,低谷
1/4/2020 7:00,,0.70245,0.027,0.05,0.1104,0.04625,1,平时
1/4/2020 8:00,,0.70245,0.027,0.05,0.1104,0.04625,1,平时
1/4/2020 9:00,,0.70245,0.027,0.05,0.1104,0.04625,1,平时
1/4/2020 10:00,,0.70245,0.027,0.05,0.1104,0.04625,1,平时
1/4/2020 11:00,,1.09617,0.027,0.05,0.1104,0.04625,1,高峰
1/4/2020 12:00,,1.09617,0.027,0.05,0.1104,0.04625,1,高峰
1/4/2020 13:00,,1.09617,0.027,0.05,0.1104,0.04625,1,高峰
1/4/2020 14:00,,0.70245,0.027,0.05,0.1104,0.04625,1,平时
1/4/2020 15:00,,0.70245,0.027,0.05,0.1104,0.04625,1,平时
1/4/2020 16:00,,0.70245,0.027,0.05,0.1104,0.04625,1,平时
1/4/2020 17:00,,0.70245,0.027,0.05,0.1104,0.04625,1,平时
1/4/2020 18:00,,1.30615,0.027,0.05,0.1104,0.04625,1,尖峰
1/4/2020 19:00,,1.30615,0.027,0.05,0.1104,0.04625,1,尖峰
1/4/2020 20:00,,1.30615,0.027,0.05,0.1104,0.04625,1,尖峰
1/4/2020 21:00,,1.30615,0.027,0.05,0.1104,0.04625,1,尖峰
1/4/2020 22:00,,1.09617,0.027,0.05,0.1104,0.04625,1,高峰
1/4/2020 23:00,,0.30872,0.027,0.05,0.1104,0.04625,1,低谷
1/5/2020 0:00,,0.30872,0.027,0.05,0.1104,0.04625,1,低谷
1/5/2020 1:00,,0.30872,0.027,0.05,0.1104,0.04625,1,低谷
1/5/2020 2:00,,0.30872,0.027,0.05,0.1104,0.04625,1,低谷
1/5/2020 3:00,,0.30872,0.027,0.05,0.1104,0.04625,1,低谷
1/5/2020 4:00,,0.30872,0.027,0.05,0.1104,0.04625,1,低谷
1/5/2020 5:00,,0.30872,0.027,0.05,0.1104,0.04625,1,低谷
1/5/2020 6:00,,0.30872,0.027,0.05,0.1104,0.04625,1,低谷
1/5/2020 7:00,,0.70245,0.027,0.05,0.1104,0.04625,1,平时
1/5/2020 8:00,,0.70245,0.027,0.05,0.1104,0.04625,1,平时
1/5/2020 9:00,,0.70245,0.027,0.05,0.1104,0.04625,1,平时
1/5/2020 10:00,,0.70245,0.027,0.05,0.1104,0.04625,1,平时
1/5/2020 11:00,,1.09617,0.027,0.05,0.1104,0.04625,1,高峰
1/5/2020 12:00,,1.09617,0.027,0.05,0.1104,0.04625,1,高峰
1/5/2020 13:00,,1.09617,0.027,0.05,0.1104,0.04625,1,高峰
1/5/2020 14:00,,0.70245,0.027,0.05,0.1104,0.04625,1,平时
1/5/2020 15:00,,0.70245,0.027,0.05,0.1104,0.04625,1,平时
1/5/2020 16:00,,0.70245,0.027,0.05,0.1104,0.04625,1,平时
1/5/2020 17:00,,0.70245,0.027,0.05,0.1104,0.04625,1,平时
1/5/2020 18:00,,1.30615,0.027,0.05,0.1104,0.04625,1,尖峰
1/5/2020 19:00,,1.30615,0.027,0.05,0.1104,0.04625,1,尖峰
1/5/2020 20:00,,1.30615,0.027,0.05,0.1104,0.04625,1,尖峰
1/5/2020 21:00,,1.30615,0.027,0.05,0.1104,0.04625,1,尖峰
1/5/2020 22:00,,1.09617,0.027,0.05,0.1104,0.04625,1,高峰
1/5/2020 23:00,,0.30872,0.027,0.05,0.1104,0.04625,1,低谷
1/6/2020 0:00,,0.30872,0.027,0.05,0.1104,0.04625,1,低谷
1/6/2020 1:00,,0.30872,0.027,0.05,0.1104,0.04625,1,低谷
1/6/2020 2:00,,0.30872,0.027,0.05,0.1104,0.04625,1,低谷
1/6/2020 3:00,,0.30872,0.027,0.05,0.1104,0.04625,1,低谷
1/6/2020 4:00,,0.30872,0.027,0.05,0.1104,0.04625,1,低谷
1/6/2020 5:00,,0.30872,0.027,0.05,0.1104,0.04625,1,低谷
1/6/2020 6:00,,0.30872,0.027,0.05,0.1104,0.04625,1,低谷
1/6/2020 7:00,,0.70245,0.027,0.05,0.1104,0.04625,1,平时
1/6/2020 8:00,,0.70245,0.027,0.05,0.1104,0.04625,1,平时
1/6/2020 9:00,,0.70245,0.027,0.05,0.1104,0.04625,1,平时
1/6/2020 10:00,,0.70245,0.027,0.05,0.1104,0.04625,1,平时
1/6/2020 11:00,,1.09617,0.027,0.05,0.1104,0.04625,1,高峰
1/6/2020 12:00,,1.09617,0.027,0.05,0.1104,0.04625,1,高峰
1/6/2020 13:00,,1.09617,0.027,0.05,0.1104,0.04625,1,高峰
1/6/2020 14:00,,0.70245,0.027,0.05,0.1104,0.04625,1,平时
1/6/2020 15:00,,0.70245,0.027,0.05,0.1104,0.04625,1,平时
1/6/2020 16:00,,0.70245,0.027,0.05,0.1104,0.04625,1,平时
1/6/2020 17:00,,0.70245,0.027,0.05,0.1104,0.04625,1,平时
1/6/2020 18:00,,1.30615,0.027,0.05,0.1104,0.04625,1,尖峰
1/6/2020 19:00,,1.30615,0.027,0.05,0.1104,0.04625,1,尖峰
1/6/2020 20:00,,1.30615,0.027,0.05,0.1104,0.04625,1,尖峰
1/6/2020 21:00,,1.30615,0.027,0.05,0.1104,0.04625,1,尖峰
1/6/2020 22:00,,1.09617,0.027,0.05,0.1104,0.04625,1,高峰
1/6/2020 23:00,,0.30872,0.027,0.05,0.1104,0.04625,1,低谷
1/7/2020 0:00,,0.30872,0.027,0.05,0.1104,0.04625,1,低谷
1/7/2020 1:00,,0.30872,0.027,0.05,0.1104,0.04625,1,低谷
1/7/2020 2:00,,0.30872,0.027,0.05,0.1104,0.04625,1,低谷
1/7/2020 3:00,,0.30872,0.027,0.05,0.1104,0.04625,1,低谷
1/7/2020 4:00,,0.30872,0.027,0.05,0.1104,0.04625,1,低谷
1/7/2020 5:00,,0.30872,0.027,0.05,0.1104,0.04625,1,低谷
1/7/2020 6:00,,0.30872,0.027,0.05,0.1104,0.04625,1,低谷
1/7/2020 7:00,,0.70245,0.027,0.05,0.1104,0.04625,1,平时
1/7/2020 8:00,,0.70245,0.027,0.05,0.1104,0.04625,1,平时
1/7/2020 9:00,,0.70245,0.027,0.05,0.1104,0.04625,1,平时
1/7/2020 10:00,,0.70245,0.027,0.05,0.1104,0.04625,1,平时
1/7/2020 11:00,,1.09617,0.027,0.05,0.1104,0.04625,1,高峰
1/7/2020 12:00,,1.09617,0.027,0.05,0.1104,0.04625,1,高峰
1/7/2020 13:00,,1.09617,0.027,0.05,0.1104,0.04625,1,高峰
1/7/2020 14:00,,0.70245,0.027,0.05,0.1104,0.04625,1,平时
1/7/2020 15:00,,0.70245,0.027,0.05,0.1104,0.04625,1,平时
1/7/2020 16:00,,0.70245,0.027,0.05,0.1104,0.04625,1,平时
1/7/2020 17:00,,0.70245,0.027,0.05,0.1104,0.04625,1,平时
1/7/2020 18:00,,1.30615,0.027,0.05,0.1104,0.04625,1,尖峰
1/7/2020 19:00,,1.30615,0.027,0.05,0.1104,0.04625,1,尖峰
1/7/2020 20:00,,1.30615,0.027,0.05,0.1104,0.04625,1,尖峰
1/7/2020 21:00,,1.30615,0.027,0.05,0.1104,0.04625,1,尖峰
1/7/2020 22:00,,1.09617,0.027,0.05,0.1104,0.04625,1,高峰
1/7/2020 23:00,,0.30872,0.027,0.05,0.1104,0.04625,1,低谷
1/8/2020 0:00,,0.30872,0.027,0.05,0.1104,0.04625,1,低谷
1/8/2020 1:00,,0.30872,0.027,0.05,0.1104,0.04625,1,低谷
1/8/2020 2:00,,0.30872,0.027,0.05,0.1104,0.04625,1,低谷
1/8/2020 3:00,,0.30872,0.027,0.05,0.1104,0.04625,1,低谷
1/8/2020 4:00,,0.30872,0.027,0.05,0.1104,0.04625,1,低谷
1/8/2020 5:00,,0.30872,0.027,0.05,0.1104,0.04625,1,低谷
1/8/2020 6:00,,0.30872,0.027,0.05,0.1104,0.04625,1,低谷
1/8/2020 7:00,,0.70245,0.027,0.05,0.1104,0.04625,1,平时
1/8/2020 8:00,,0.70245,0.027,0.05,0.1104,0.04625,1,平时
1/8/2020 9:00,,0.70245,0.027,0.05,0.1104,0.04625,1,平时
1/8/2020 10:00,,0.70245,0.027,0.05,0.1104,0.04625,1,平时
1/8/2020 11:00,,1.09617,0.027,0.05,0.1104,0.04625,1,高峰
1/8/2020 12:00,,1.09617,0.027,0.05,0.1104,0.04625,1,高峰
1/8/2020 13:00,,1.09617,0.027,0.05,0.1104,0.04625,1,高峰
1/8/2020 14:00,,0.70245,0.027,0.05,0.1104,0.04625,1,平时
1/8/2020 15:00,,0.70245,0.027,0.05,0.1104,0.04625,1,平时
1/8/2020 16:00,,0.70245,0.027,0.05,0.1104,0.04625,1,平时
1/8/2020 17:00,,0.70245,0.027,0.05,0.1104,0.04625,1,平时
1/8/2020 18:00,,1.30615,0.027,0.05,0.1104,0.04625,1,尖峰
1/8/2020 19:00,,1.30615,0.027,0.05,0.1104,0.04625,1,尖峰
1/8/2020 20:00,,1.30615,0.027,0.05,0.1104,0.04625,1,尖峰
1/8/2020 21:00,,1.30615,0.027,0.05,0.1104,0.04625,1,尖峰
1/8/2020 22:00,,1.09617,0.027,0.05,0.1104,0.04625,1,高峰
1/8/2020 23:00,,0.30872,0.027,0.05,0.1104,0.04625,1,低谷
1/9/2020 0:00,,0.30872,0.027,0.05,0.1104,0.04625,1,低谷
1/9/2020 1:00,,0.30872,0.027,0.05,0.1104,0.04625,1,低谷
1/9/2020 2:00,,0.30872,0.027,0.05,0.1104,0.04625,1,低谷
1/9/2020 3:00,,0.30872,0.027,0.05,0.1104,0.04625,1,低谷
1/9/2020 4:00,,0.30872,0.027,0.05,0.1104,0.04625,1,低谷
1/9/2020 5:00,,0.30872,0.027,0.05,0.1104,0.04625,1,低谷
1/9/2020 6:00,,0.30872,0.027,0.05,0.1104,0.04625,1,低谷
1/9/2020 7:00,,0.70245,0.027,0.05,0.1104,0.04625,1,平时
1/9/2020 8:00,,0.70245,0.027,0.05,0.1104,0.04625,1,平时
1/9/2020 9:00,,0.70245,0.027,0.05,0.1104,0.04625,1,平时
1/9/2020 10:00,,0.70245,0.027,0.05,0.1104,0.04625,1,平时
1/9/2020 11:00,,1.09617,0.027,0.05,0.1104,0.04625,1,高峰
1/9/2020 12:00,,1.09617,0.027,0.05,0.1104,0.04625,1,高峰
1/9/2020 13:00,,1.09617,0.027,0.05,0.1104,0.04625,1,高峰
1/9/2020 14:00,,0.70245,0.027,0.05,0.1104,0.04625,1,平时
1/9/2020 15:00,,0.70245,0.027,0.05,0.1104,0.04625,1,平时
1/9/2020 16:00,,0.70245,0.027,0.05,0.1104,0.04625,1,平时
1/9/2020 17:00,,0.70245,0.027,0.05,0.1104,0.04625,1,平时
1/9/2020 18:00,,1.30615,0.027,0.05,0.1104,0.04625,1,尖峰
1/9/2020 19:00,,1.30615,0.027,0.05,0.1104,0.04625,1,尖峰
1/9/2020 20:00,,1.30615,0.027,0.05,0.1104,0.04625,1,尖峰
1/9/2020 21:00,,1.30615,0.027,0.05,0.1104,0.04625,1,尖峰
1/9/2020 22:00,,1.09617,0.027,0.05,0.1104,0.04625,1,高峰
1/9/2020 23:00,,0.30872,0.027,0.05,0.1104,0.04625,1,低谷
1/10/2020 0:00,,0.30872,0.027,0.05,0.1104,0.04625,1,低谷
1/10/2020 1:00,,0.30872,0.027,0.05,0.1104,0.04625,1,低谷
1/10/2020 2:00,,0.30872,0.027,0.05,0.1104,0.04625,1,低谷
1/10/2020 3:00,,0.30872,0.027,0.05,0.1104,0.04625,1,低谷
1/10/2020 4:00,,0.30872,0.027,0.05,0.1104,0.04625,1,低谷
1/10/2020 5:00,,0.30872,0.027,0.05,0.1104,0.04625,1,低谷
1/10/2020 6:00,,0.30872,0.027,0.05,0.1104,0.04625,1,低谷
1/10/2020 7:00,,0.70245,0.027,0.05,0.1104,0.04625,1,平时
1/10/2020 8:00,,0.70245,0.027,0.05,0.1104,0.04625,1,平时
1/10/2020 9:00,,0.70245,0.027,0.05,0.1104,0.04625,1,平时
1/10/2020 10:00,,0.70245,0.027,0.05,0.1104,0.04625,1,平时
1/10/2020 11:00,,1.09617,0.027,0.05,0.1104,0.04625,1,高峰
1/10/2020 12:00,,1.09617,0.027,0.05,0.1104,0.04625,1,高峰
1/10/2020 13:00,,1.09617,0.027,0.05,0.1104,0.04625,1,高峰
1/10/2020 14:00,,0.70245,0.027,0.05,0.1104,0.04625,1,平时
1/10/2020 15:00,,0.70245,0.027,0.05,0.1104,0.04625,1,平时
1/10/2020 16:00,,0.70245,0.027,0.05,0.1104,0.04625,1,平时
1/10/2020 17:00,,0.70245,0.027,0.05,0.1104,0.04625,1,平时
1/10/2020 18:00,,1.30615,0.027,0.05,0.1104,0.04625,1,尖峰
1/10/2020 19:00,,1.30615,0.027,0.05,0.1104,0.04625,1,尖峰
1/10/2020 20:00,,1.30615,0.027,0.05,0.1104,0.04625,1,尖峰
1/10/2020 21:00,,1.30615,0.027,0.05,0.1104,0.04625,1,尖峰
1/10/2020 22:00,,1.09617,0.027,0.05,0.1104,0.04625,1,高峰
1/10/2020 23:00,,0.30872,0.027,0.05,0.1104,0.04625,1,低谷
1/11/2020 0:00,,0.30872,0.027,0.05,0.1104,0.04625,1,低谷
1/11/2020 1:00,,0.30872,0.027,0.05,0.1104,0.04625,1,低谷
1/11/2020 2:00,,0.30872,0.027,0.05,0.1104,0.04625,1,低谷
1/11/2020 3:00,,0.30872,0.027,0.05,0.1104,0.04625,1,低谷
1/11/2020 4:00,,0.30872,0.027,0.05,0.1104,0.04625,1,低谷
1/11/2020 5:00,,0.30872,0.027,0.05,0.1104,0.04625,1,低谷
1/11/2020 6:00,,0.30872,0.027,0.05,0.1104,0.04625,1,低谷
1/11/2020 7:00,,0.70245,0.027,0.05,0.1104,0.04625,1,平时
1/11/2020 8:00,,0.70245,0.027,0.05,0.1104,0.04625,1,平时
1/11/2020 9:00,,0.70245,0.027,0.05,0.1104,0.04625,1,平时
1/11/2020 10:00,,0.70245,0.027,0.05,0.1104,0.04625,1,平时
1/11/2020 11:00,,1.09617,0.027,0.05,0.1104,0.04625,1,高峰
1/11/2020 12:00,,1.09617,0.027,0.05,0.1104,0.04625,1,高峰
1/11/2020 13:00,,1.09617,0.027,0.05,0.1104,0.04625,1,高峰
1/11/2020 14:00,,0.70245,0.027,0.05,0.1104,0.04625,1,平时
1/11/2020 15:00,,0.70245,0.027,0.05,0.1104,0.04625,1,平时
1/11/2020 16:00,,0.70245,0.027,0.05,0.1104,0.04625,1,平时
1/11/2020 17:00,,0.70245,0.027,0.05,0.1104,0.04625,1,平时
1/11/2020 18:00,,1.30615,0.027,0.05,0.1104,0.04625,1,尖峰
1/11/2020 19:00,,1.30615,0.027,0.05,0.1104,0.04625,1,尖峰
1/11/2020 20:00,,1.30615,0.027,0.05,0.1104,0.04625,1,尖峰
1/11/2020 21:00,,1.30615,0.027,0.05,0.1104,0.04625,1,尖峰
1/11/2020 22:00,,1.09617,0.027,0.05,0.1104,0.04625,1,高峰
1/11/2020 23:00,,0.30872,0.027,0.05,0.1104,0.04625,1,低谷
1/12/2020 0:00,,0.30872,0.027,0.05,0.1104,0.04625,1,低谷
1/12/2020 1:00,,0.30872,0.027,0.05,0.1104,0.04625,1,低谷
1/12/2020 2:00,,0.30872,0.027,0.05,0.1104,0.04625,1,低谷
1/12/2020 3:00,,0.30872,0.027,0.05,0.1104,0.04625,1,低谷
1/12/2020 4:00,,0.30872,0.027,0.05,0.1104,0.04625,1,低谷
1/12/2020 5:00,,0.30872,0.027,0.05,0.1104,0.04625,1,低谷
1/12/2020 6:00,,0.30872,0.027,0.05,0.1104,0.04625,1,低谷
1/12/2020 7:00,,0.70245,0.027,0.05,0.1104,0.04625,1,平时
1/12/2020 8:00,,0.70245,0.027,0.05,0.1104,0.04625,1,平时
1/12/2020 9:00,,0.70245,0.027,0.05,0.1104,0.04625,1,平时
1/12/2020 10:00,,0.70245,0.027,0.05,0.1104,0.04625,1,平时
1/12/2020 11:00,,1.09617,0.027,0.05,0.1104,0.04625,1,高峰
1/12/2020 12:00,,1.09617,0.027,0.05,0.1104,0.04625,1,高峰
1/12/2020 13:00,,1.09617,0.027,0.05,0.1104,0.04625,1,高峰
1/12/2020 14:00,,0.70245,0.027,0.05,0.1104,0.04625,1,平时
1/12/2020 15:00,,0.70245,0.027,0.05,0.1104,0.04625,1,平时
1/12/2020 16:00,,0.70245,0.027,0.05,0.1104,0.04625,1,平时
1/12/2020 17:00,,0.70245,0.027,0.05,0.1104,0.04625,1,平时
1/12/2020 18:00,,1.30615,0.027,0.05,0.1104,0.04625,1,尖峰
1/12/2020 19:00,,1.30615,0.027,0.05,0.1104,0.04625,1,尖峰
1/12/2020 20:00,,1.30615,0.027,0.05,0.1104,0.04625,1,尖峰
1/12/2020 21:00,,1.30615,0.027,0.05,0.1104,0.04625,1,尖峰
1/12/2020 22:00,,1.09617,0.027,0.05,0.1104,0.04625,1,高峰
1/12/2020 23:00,,0.30872,0.027,0.05,0.1104,0.04625,1,低谷
1/13/2020 0:00,,0.30872,0.027,0.05,0.1104,0.04625,1,低谷
1/13/2020 1:00,,0.30872,0.027,0.05,0.1104,0.04625,1,低谷
1/13/2020 2:00,,0.30872,0.027,0.05,0.1104,0.04625,1,低谷
1/13/2020 3:00,,0.30872,0.027,0.05,0.1104,0.04625,1,低谷
1/13/2020 4:00,,0.30872,0.027,0.05,0.1104,0.04625,1,低谷
1/13/2020 5:00,,0.30872,0.027,0.05,0.1104,0.04625,1,低谷
1/13/2020 6:00,,0.30872,0.027,0.05,0.1104,0.04625,1,低谷
1/13/2020 7:00,,0.70245,0.027,0.05,0.1104,0.04625,1,平时
1/13/2020 8:00,,0.70245,0.027,0.05,0.1104,0.04625,1,平时
1/13/2020 9:00,,0.70245,0.027,0.05,0.1104,0.04625,1,平时
1/13/2020 10:00,,0.70245,0.027,0.05,0.1104,0.04625,1,平时
1/13/2020 11:00,,1.09617,0.027,0.05,0.1104,0.04625,1,高峰
1/13/2020 12:00,,1.09617,0.027,0.05,0.1104,0.04625,1,高峰
1/13/2020 13:00,,1.09617,0.027,0.05,0.1104,0.04625,1,高峰
1/13/2020 14:00,,0.70245,0.027,0.05,0.1104,0.04625,1,平时
1/13/2020 15:00,,0.70245,0.027,0.05,0.1104,0.04625,1,平时
1/13/2020 16:00,,0.70245,0.027,0.05,0.1104,0.04625,1,平时
1/13/2020 17:00,,0.70245,0.027,0.05,0.1104,0.04625,1,平时
1/13/2020 18:00,,1.30615,0.027,0.05,0.1104,0.04625,1,尖峰
1/13/2020 19:00,,1.30615,0.027,0.05,0.1104,0.04625,1,尖峰
1/13/2020 20:00,,1.30615,0.027,0.05,0.1104,0.04625,1,尖峰
1/13/2020 21:00,,1.30615,0.027,0.05,0.1104,0.04625,1,尖峰
1/13/2020 22:00,,1.09617,0.027,0.05,0.1104,0.04625,1,高峰
1/13/2020 23:00,,0.30872,0.027,0.05,0.1104,0.04625,1,低谷
1/14/2020 0:00,,0.30872,0.027,0.05,0.1104,0.04625,1,低谷
1/14/2020 1:00,,0.30872,0.027,0.05,0.1104,0.04625,1,低谷
1/14/2020 2:00,,0.30872,0.027,0.05,0.1104,0.04625,1,低谷
1/14/2020 3:00,,0.30872,0.027,0.05,0.1104,0.04625,1,低谷
1/14/2020 4:00,,0.30872,0.027,0.05,0.1104,0.04625,1,低谷
1/14/2020 5:00,,0.30872,0.027,0.05,0.1104,0.04625,1,低谷
1/14/2020 6:00,,0.30872,0.027,0.05,0.1104,0.04625,1,低谷
1/14/2020 7:00,,0.70245,0.027,0.05,0.1104,0.04625,1,平时
1/14/2020 8:00,,0.70245,0.027,0.05,0.1104,0.04625,1,平时
1/14/2020 9:00,,0.70245,0.027,0.05,0.1104,0.04625,1,平时
1/14/2020 10:00,,0.70245,0.027,0.05,0.1104,0.04625,1,平时
1/14/2020 11:00,,1.09617,0.027,0.05,0.1104,0.04625,1,高峰
1/14/2020 12:00,,1.09617,0.027,0.05,0.1104,0.04625,1,高峰
1/14/2020 13:00,,1.09617,0.027,0.05,0.1104,0.04625,1,高峰
1/14/2020 14:00,,0.70245,0.027,0.05,0.1104,0.04625,1,平时
1/14/2020 15:00,,0.70245,0.027,0.05,0.1104,0.04625,1,平时
1/14/2020 16:00,,0.70245,0.027,0.05,0.1104,0.04625,1,平时
1/14/2020 17:00,,0.70245,0.027,0.05,0.1104,0.04625,1,平时
1/14/2020 18:00,,1.30615,0.027,0.05,0.1104,0.04625,1,尖峰
1/14/2020 19:00,,1.30615,0.027,0.05,0.1104,0.04625,1,尖峰
1/14/2020 20:00,,1.30615,0.027,0.05,0.1104,0.04625,1,尖峰
1/14/2020 21:00,,1.30615,0.027,0.05,0.1104,0.04625,1,尖峰
1/14/2020 22:00,,1.09617,0.027,0.05,0.1104,0.04625,1,高峰
1/14/2020 23:00,,0.30872,0.027,0.05,0.1104,0.04625,1,低谷
1/15/2020 0:00,,0.30872,0.027,0.05,0.1104,0.04625,1,低谷
1/15/2020 1:00,,0.30872,0.027,0.05,0.1104,0.04625,1,低谷
1/15/2020 2:00,,0.30872,0.027,0.05,0.1104,0.04625,1,低谷
1/15/2020 3:00,,0.30872,0.027,0.05,0.1104,0.04625,1,低谷
1/15/2020 4:00,,0.30872,0.027,0.05,0.1104,0.04625,1,低谷
1/15/2020 5:00,,0.30872,0.027,0.05,0.1104,0.04625,1,低谷
1/15/2020 6:00,,0.30872,0.027,0.05,0.1104,0.04625,1,低谷
1/15/2020 7:00,,0.70245,0.027,0.05,0.1104,0.04625,1,平时
1/15/2020 8:00,,0.70245,0.027,0.05,0.1104,0.04625,1,平时
1/15/2020 9:00,,0.70245,0.027,0.05,0.1104,0.04625,1,平时
1/15/2020 10:00,,0.70245,0.027,0.05,0.1104,0.04625,1,平时
1/15/2020 11:00,,1.09617,0.027,0.05,0.1104,0.04625,1,高峰
1/15/2020 12:00,,1.09617,0.027,0.05,0.1104,0.04625,1,高峰
1/15/2020 13:00,,1.09617,0.027,0.05,0.1104,0.04625,1,高峰
1/15/2020 14:00,,0.70245,0.027,0.05,0.1104,0.04625,1,平时
1/15/2020 15:00,,0.70245,0.027,0.05,0.1104,0.04625,1,平时
1/15/2020 16:00,,0.70245,0.027,0.05,0.1104,0.04625,1,平时
1/15/2020 17:00,,0.70245,0.027,0.05,0.1104,0.04625,1,平时
1/15/2020 18:00,,1.30615,0.027,0.05,0.1104,0.04625,1,尖峰
1/15/2020 19:00,,1.30615,0.027,0.05,0.1104,0.04625,1,尖峰
1/15/2020 20:00,,1.30615,0.027,0.05,0.1104,0.04625,1,尖峰
1/15/2020 21:00,,1.30615,0.027,0.05,0.1104,0.04625,1,尖峰
1/15/2020 22:00,,1.09617,0.027,0.05,0.1104,0.04625,1,高峰
1/15/2020 23:00,,0.30872,0.027,0.05,0.1104,0.04625,1,低谷
1/16/2020 0:00,,0.30872,0.027,0.05,0.1104,0.04625,1,低谷
1/16/2020 1:00,,0.30872,0.027,0.05,0.1104,0.04625,1,低谷
1/16/2020 2:00,,0.30872,0.027,0.05,0.1104,0.04625,1,低谷
1/16/2020 3:00,,0.30872,0.027,0.05,0.1104,0.04625,1,低谷
1/16/2020 4:00,,0.30872,0.027,0.05,0.1104,0.04625,1,低谷
1/16/2020 5:00,,0.30872,0.027,0.05,0.1104,0.04625,1,低谷
1/16/2020 6:00,,0.30872,0.027,0.05,0.1104,0.04625,1,低谷
1/16/2020 7:00,,0.70245,0.027,0.05,0.1104,0.04625,1,平时
1/16/2020 8:00,,0.70245,0.027,0.05,0.1104,0.04625,1,平时
1/16/2020 9:00,,0.70245,0.027,0.05,0.1104,0.04625,1,平时
1/16/2020 10:00,,0.70245,0.027,0.05,0.1104,0.04625,1,平时
1/16/2020 11:00,,1.09617,0.027,0.05,0.1104,0.04625,1,高峰
1/16/2020 12:00,,1.09617,0.027,0.05,0.1104,0.04625,1,高峰
1/16/2020 13:00,,1.09617,0.027,0.05,0.1104,0.04625,1,高峰
1/16/2020 14:00,,0.70245,0.027,0.05,0.1104,0.04625,1,平时
1/16/2020 15:00,,0.70245,0.027,0.05,0.1104,0.04625,1,平时
1/16/2020 16:00,,0.70245,0.027,0.05,0.1104,0.04625,1,平时
1/16/2020 17:00,,0.70245,0.027,0.05,0.1104,0.04625,1,平时
1/16/2020 18:00,,1.30615,0.027,0.05,0.1104,0.04625,1,尖峰
1/16/2020 19:00,,1.30615,0.027,0.05,0.1104,0.04625,1,尖峰
1/16/2020 20:00,,1.30615,0.027,0.05,0.1104,0.04625,1,尖峰
1/16/2020 21:00,,1.30615,0.027,0.05,0.1104,0.04625,1,尖峰
1/16/2020 22:00,,1.09617,0.027,0.05,0.1104,0.04625,1,高峰
1/16/2020 23:00,,0.30872,0.027,0.05,0.1104,0.04625,1,低谷
1/17/2020 0:00,,0.30872,0.027,0.05,0.1104,0.04625,1,低谷
1/17/2020 1:00,,0.30872,0.027,0.05,0.1104,0.04625,1,低谷
1/17/2020 2:00,,0.30872,0.027,0.05,0.1104,0.04625,1,低谷
1/17/2020 3:00,,0.30872,0.027,0.05,0.1104,0.04625,1,低谷
1/17/2020 4:00,,0.30872,0.027,0.05,0.1104,0.04625,1,低谷
1/17/2020 5:00,,0.30872,0.027,0.05,0.1104,0.04625,1,低谷
1/17/2020 6:00,,0.30872,0.027,0.05,0.1104,0.04625,1,低谷
1/17/2020 7:00,,0.70245,0.027,0.05,0.1104,0.04625,1,平时
1/17/2020 8:00,,0.70245,0.027,0.05,0.1104,0.04625,1,平时
1/17/2020 9:00,,0.70245,0.027,0.05,0.1104,0.04625,1,平时
1/17/2020 10:00,,0.70245,0.027,0.05,0.1104,0.04625,1,平时
1/17/2020 11:00,,1.09617,0.027,0.05,0.1104,0.04625,1,高峰
1/17/2020 12:00,,1.09617,0.027,0.05,0.1104,0.04625,1,高峰
1/17/2020 13:00,,1.09617,0.027,0.05,0.1104,0.04625,1,高峰
1/17/2020 14:00,,0.70245,0.027,0.05,0.1104,0.04625,1,平时
1/17/2020 15:00,,0.70245,0.027,0.05,0.1104,0.04625,1,平时
1/17/2020 16:00,,0.70245,0.027,0.05,0.1104,0.04625,1,平时
1/17/2020 17:00,,0.70245,0.027,0.05,0.1104,0.04625,1,平时
1/17/2020 18:00,,1.30615,0.027,0.05,0.1104,0.04625,1,尖峰
1/17/2020 19:00,,1.30615,0.027,0.05,0.1104,0.04625,1,尖峰
1/17/2020 20:00,,1.30615,0.027,0.05,0.1104,0.04625,1,尖峰
1/17/2020 21:00,,1.30615,0.027,0.05,0.1104,0.04625,1,尖峰
1/17/2020 22:00,,1.09617,0.027,0.05,0.1104,0.04625,1,高峰
1/17/2020 23:00,,0.30872,0.027,0.05,0.1104,0.04625,1,低谷
1/18/2020 0:00,,0.30872,0.027,0.05,0.1104,0.04625,1,低谷
1/18/2020 1:00,,0.30872,0.027,0.05,0.1104,0.04625,1,低谷
1/18/2020 2:00,,0.30872,0.027,0.05,0.1104,0.04625,1,低谷
1/18/2020 3:00,,0.30872,0.027,0.05,0.1104,0.04625,1,低谷
1/18/2020 4:00,,0.30872,0.027,0.05,0.1104,0.04625,1,低谷
1/18/2020 5:00,,0.30872,0.027,0.05,0.1104,0.04625,1,低谷
1/18/2020 6:00,,0.30872,0.027,0.05,0.1104,0.04625,1,低谷
1/18/2020 7:00,,0.70245,0.027,0.05,0.1104,0.04625,1,平时
1/18/2020 8:00,,0.70245,0.027,0.05,0.1104,0.04625,1,平时
1/18/2020 9:00,,0.70245,0.027,0.05,0.1104,0.04625,1,平时
1/18/2020 10:00,,0.70245,0.027,0.05,0.1104,0.04625,1,平时
1/18/2020 11:00,,1.09617,0.027,0.05,0.1104,0.04625,1,高峰
1/18/2020 12:00,,1.09617,0.027,0.05,0.1104,0.04625,1,高峰
1/18/2020 13:00,,1.09617,0.027,0.05,0.1104,0.04625,1,高峰
1/18/2020 14:00,,0.70245,0.027,0.05,0.1104,0.04625,1,平时
1/18/2020 15:00,,0.70245,0.027,0.05,0.1104,0.04625,1,平时
1/18/2020 16:00,,0.70245,0.027,0.05,0.1104,0.04625,1,平时
1/18/2020 17:00,,0.70245,0.027,0.05,0.1104,0.04625,1,平时
1/18/2020 18:00,,1.30615,0.027,0.05,0.1104,0.04625,1,尖峰
1/18/2020 19:00,,1.30615,0.027,0.05,0.1104,0.04625,1,尖峰
1/18/2020 20:00,,1.30615,0.027,0.05,0.1104,0.04625,1,尖峰
1/18/2020 21:00,,1.30615,0.027,0.05,0.1104,0.04625,1,尖峰
1/18/2020 22:00,,1.09617,0.027,0.05,0.1104,0.04625,1,高峰
1/18/2020 23:00,,0.30872,0.027,0.05,0.1104,0.04625,1,低谷
1/19/2020 0:00,,0.30872,0.027,0.05,0.1104,0.04625,1,低谷
1/19/2020 1:00,,0.30872,0.027,0.05,0.1104,0.04625,1,低谷
1/19/2020 2:00,,0.30872,0.027,0.05,0.1104,0.04625,1,低谷
1/19/2020 3:00,,0.30872,0.027,0.05,0.1104,0.04625,1,低谷
1/19/2020 4:00,,0.30872,0.027,0.05,0.1104,0.04625,1,低谷
1/19/2020 5:00,,0.30872,0.027,0.05,0.1104,0.04625,1,低谷
1/19/2020 6:00,,0.30872,0.027,0.05,0.1104,0.04625,1,低谷
1/19/2020 7:00,,0.70245,0.027,0.05,0.1104,0.04625,1,平时
1/19/2020 8:00,,0.70245,0.027,0.05,0.1104,0.04625,1,平时
1/19/2020 9:00,,0.70245,0.027,0.05,0.1104,0.04625,1,平时
1/19/2020 10:00,,0.70245,0.027,0.05,0.1104,0.04625,1,平时
1/19/2020 11:00,,1.09617,0.027,0.05,0.1104,0.04625,1,高峰
1/19/2020 12:00,,1.09617,0.027,0.05,0.1104,0.04625,1,高峰
1/19/2020 13:00,,1.09617,0.027,0.05,0.1104,0.04625,1,高峰
1/19/2020 14:00,,0.70245,0.027,0.05,0.1104,0.04625,1,平时
1/19/2020 15:00,,0.70245,0.027,0.05,0.1104,0.04625,1,平时
1/19/2020 16:00,,0.70245,0.027,0.05,0.1104,0.04625,1,平时
1/19/2020 17:00,,0.70245,0.027,0.05,0.1104,0.04625,1,平时
1/19/2020 18:00,,1.30615,0.027,0.05,0.1104,0.04625,1,尖峰
1/19/2020 19:00,,1.30615,0.027,0.05,0.1104,0.04625,1,尖峰
1/19/2020 20:00,,1.30615,0.027,0.05,0.1104,0.04625,1,尖峰
1/19/2020 21:00,,1.30615,0.027,0.05,0.1104,0.04625,1,尖峰
1/19/2020 22:00,,1.09617,0.027,0.05,0.1104,0.04625,1,高峰
1/19/2020 23:00,,0.30872,0.027,0.05,0.1104,0.04625,1,低谷
1/20/2020 0:00,,0.30872,0.027,0.05,0.1104,0.04625,1,低谷
1/20/2020 1:00,,0.30872,0.027,0.05,0.1104,0.04625,1,低谷
1/20/2020 2:00,,0.30872,0.027,0.05,0.1104,0.04625,1,低谷
1/20/2020 3:00,,0.30872,0.027,0.05,0.1104,0.04625,1,低谷
1/20/2020 4:00,,0.30872,0.027,0.05,0.1104,0.04625,1,低谷
1/20/2020 5:00,,0.30872,0.027,0.05,0.1104,0.04625,1,低谷
1/20/2020 6:00,,0.30872,0.027,0.05,0.1104,0.04625,1,低谷
1/20/2020 7:00,,0.70245,0.027,0.05,0.1104,0.04625,1,平时
1/20/2020 8:00,,0.70245,0.027,0.05,0.1104,0.04625,1,平时
1/20/2020 9:00,,0.70245,0.027,0.05,0.1104,0.04625,1,平时
1/20/2020 10:00,,0.70245,0.027,0.05,0.1104,0.04625,1,平时
1/20/2020 11:00,,1.09617,0.027,0.05,0.1104,0.04625,1,高峰
1/20/2020 12:00,,1.09617,0.027,0.05,0.1104,0.04625,1,高峰
1/20/2020 13:00,,1.09617,0.027,0.05,0.1104,0.04625,1,高峰
1/20/2020 14:00,,0.70245,0.027,0.05,0.1104,0.04625,1,平时
1/20/2020 15:00,,0.70245,0.027,0.05,0.1104,0.04625,1,平时
1/20/2020 16:00,,0.70245,0.027,0.05,0.1104,0.04625,1,平时
1/20/2020 17:00,,0.70245,0.027,0.05,0.1104,0.04625,1,平时
1/20/2020 18:00,,1.30615,0.027,0.05,0.1104,0.04625,1,尖峰
1/20/2020 19:00,,1.30615,0.027,0.05,0.1104,0.04625,1,尖峰
1/20/2020 20:00,,1.30615,0.027,0.05,0.1104,0.04625,1,尖峰
1/20/2020 21:00,,1.30615,0.027,0.05,0.1104,0.04625,1,尖峰
1/20/2020 22:00,,1.09617,0.027,0.05,0.1104,0.04625,1,高峰
1/20/2020 23:00,,0.30872,0.027,0.05,0.1104,0.04625,1,低谷
1/21/2020 0:00,,0.30872,0.027,0.05,0.1104,0.04625,1,低谷
1/21/2020 1:00,,0.30872,0.027,0.05,0.1104,0.04625,1,低谷
1/21/2020 2:00,,0.30872,0.027,0.05,0.1104,0.04625,1,低谷
1/21/2020 3:00,,0.30872,0.027,0.05,0.1104,0.04625,1,低谷
1/21/2020 4:00,,0.30872,0.027,0.05,0.1104,0.04625,1,低谷
1/21/2020 5:00,,0.30872,0.027,0.05,0.1104,0.04625,1,低谷
1/21/2020 6:00,,0.30872,0.027,0.05,0.1104,0.04625,1,低谷
1/21/2020 7:00,,0.70245,0.027,0.05,0.1104,0.04625,1,平时
1/21/2020 8:00,,0.70245,0.027,0.05,0.1104,0.04625,1,平时
1/21/2020 9:00,,0.70245,0.027,0.05,0.1104,0.04625,1,平时
1/21/2020 10:00,,0.70245,0.027,0.05,0.1104,0.04625,1,平时
1/21/2020 11:00,,1.09617,0.027,0.05,0.1104,0.04625,1,高峰
1/21/2020 12:00,,1.09617,0.027,0.05,0.1104,0.04625,1,高峰
1/21/2020 13:00,,1.09617,0.027,0.05,0.1104,0.04625,1,高峰
1/21/2020 14:00,,0.70245,0.027,0.05,0.1104,0.04625,1,平时
1/21/2020 15:00,,0.70245,0.027,0.05,0.1104,0.04625,1,平时
1/21/2020 16:00,,0.70245,0.027,0.05,0.1104,0.04625,1,平时
1/21/2020 17:00,,0.70245,0.027,0.05,0.1104,0.04625,1,平时
1/21/2020 18:00,,1.30615,0.027,0.05,0.1104,0.04625,1,尖峰
1/21/2020 19:00,,1.30615,0.027,0.05,0.1104,0.04625,1,尖峰
1/21/2020 20:00,,1.30615,0.027,0.05,0.1104,0.04625,1,尖峰
1/21/2020 21:00,,1.30615,0.027,0.05,0.1104,0.04625,1,尖峰
1/21/2020 22:00,,1.09617,0.027,0.05,0.1104,0.04625,1,高峰
1/21/2020 23:00,,0.30872,0.027,0.05,0.1104,0.04625,1,低谷
1/22/2020 0:00,,0.30872,0.027,0.05,0.1104,0.04625,1,低谷
1/22/2020 1:00,,0.30872,0.027,0.05,0.1104,0.04625,1,低谷
1/22/2020 2:00,,0.30872,0.027,0.05,0.1104,0.04625,1,低谷
1/22/2020 3:00,,0.30872,0.027,0.05,0.1104,0.04625,1,低谷
1/22/2020 4:00,,0.30872,0.027,0.05,0.1104,0.04625,1,低谷
1/22/2020 5:00,,0.30872,0.027,0.05,0.1104,0.04625,1,低谷
1/22/2020 6:00,,0.30872,0.027,0.05,0.1104,0.04625,1,低谷
1/22/2020 7:00,,0.70245,0.027,0.05,0.1104,0.04625,1,平时
1/22/2020 8:00,,0.70245,0.027,0.05,0.1104,0.04625,1,平时
1/22/2020 9:00,,0.70245,0.027,0.05,0.1104,0.04625,1,平时
1/22/2020 10:00,,0.70245,0.027,0.05,0.1104,0.04625,1,平时
1/22/2020 11:00,,1.09617,0.027,0.05,0.1104,0.04625,1,高峰
1/22/2020 12:00,,1.09617,0.027,0.05,0.1104,0.04625,1,高峰
1/22/2020 13:00,,1.09617,0.027,0.05,0.1104,0.04625,1,高峰
1/22/2020 14:00,,0.70245,0.027,0.05,0.1104,0.04625,1,平时
1/22/2020 15:00,,0.70245,0.027,0.05,0.1104,0.04625,1,平时
1/22/2020 16:00,,0.70245,0.027,0.05,0.1104,0.04625,1,平时
1/22/2020 17:00,,0.70245,0.027,0.05,0.1104,0.04625,1,平时
1/22/2020 18:00,,1.30615,0.027,0.05,0.1104,0.04625,1,尖峰
1/22/2020 19:00,,1.30615,0.027,0.05,0.1104,0.04625,1,尖峰
1/22/2020 20:00,,1.30615,0.027,0.05,0.1104,0.04625,1,尖峰
1/22/2020 21:00,,1.30615,0.027,0.05,0.1104,0.04625,1,尖峰
1/22/2020 22:00,,1.09617,0.027,0.05,0.1104,0.04625,1,高峰
1/22/2020 23:00,,0.30872,0.027,0.05,0.1104,0.04625,1,低谷
1/23/2020 0:00,,0.30872,0.027,0.05,0.1104,0.04625,1,低谷
1/23/2020 1:00,,0.30872,0.027,0.05,0.1104,0.04625,1,低谷
1/23/2020 2:00,,0.30872,0.027,0.05,0.1104,0.04625,1,低谷
1/23/2020 3:00,,0.30872,0.027,0.05,0.1104,0.04625,1,低谷
1/23/2020 4:00,,0.30872,0.027,0.05,0.1104,0.04625,1,低谷
1/23/2020 5:00,,0.30872,0.027,0.05,0.1104,0.04625,1,低谷
1/23/2020 6:00,,0.30872,0.027,0.05,0.1104,0.04625,1,低谷
1/23/2020 7:00,,0.70245,0.027,0.05,0.1104,0.04625,1,平时
1/23/2020 8:00,,0.70245,0.027,0.05,0.1104,0.04625,1,平时
1/23/2020 9:00,,0.70245,0.027,0.05,0.1104,0.04625,1,平时
1/23/2020 10:00,,0.70245,0.027,0.05,0.1104,0.04625,1,平时
1/23/2020 11:00,,1.09617,0.027,0.05,0.1104,0.04625,1,高峰
1/23/2020 12:00,,1.09617,0.027,0.05,0.1104,0.04625,1,高峰
1/23/2020 13:00,,1.09617,0.027,0.05,0.1104,0.04625,1,高峰
1/23/2020 14:00,,0.70245,0.027,0.05,0.1104,0.04625,1,平时
1/23/2020 15:00,,0.70245,0.027,0.05,0.1104,0.04625,1,平时
1/23/2020 16:00,,0.70245,0.027,0.05,0.1104,0.04625,1,平时
1/23/2020 17:00,,0.70245,0.027,0.05,0.1104,0.04625,1,平时
1/23/2020 18:00,,1.30615,0.027,0.05,0.1104,0.04625,1,尖峰
1/23/2020 19:00,,1.30615,0.027,0.05,0.1104,0.04625,1,尖峰
1/23/2020 20:00,,1.30615,0.027,0.05,0.1104,0.04625,1,尖峰
1/23/2020 21:00,,1.30615,0.027,0.05,0.1104,0.04625,1,尖峰
1/23/2020 22:00,,1.09617,0.027,0.05,0.1104,0.04625,1,高峰
1/23/2020 23:00,,0.30872,0.027,0.05,0.1104,0.04625,1,低谷
1/24/2020 0:00,,0.30872,0.027,0.05,0.1104,0.04625,1,低谷
1/24/2020 1:00,,0.30872,0.027,0.05,0.1104,0.04625,1,低谷
1/24/2020 2:00,,0.30872,0.027,0.05,0.1104,0.04625,1,低谷
1/24/2020 3:00,,0.30872,0.027,0.05,0.1104,0.04625,1,低谷
1/24/2020 4:00,,0.30872,0.027,0.05,0.1104,0.04625,1,低谷
1/24/2020 5:00,,0.30872,0.027,0.05,0.1104,0.04625,1,低谷
1/24/2020 6:00,,0.30872,0.027,0.05,0.1104,0.04625,1,低谷
1/24/2020 7:00,,0.70245,0.027,0.05,0.1104,0.04625,1,平时
1/24/2020 8:00,,0.70245,0.027,0.05,0.1104,0.04625,1,平时
1/24/2020 9:00,,0.70245,0.027,0.05,0.1104,0.04625,1,平时
1/24/2020 10:00,,0.70245,0.027,0.05,0.1104,0.04625,1,平时
1/24/2020 11:00,,1.09617,0.027,0.05,0.1104,0.04625,1,高峰
1/24/2020 12:00,,1.09617,0.027,0.05,0.1104,0.04625,1,高峰
1/24/2020 13:00,,1.09617,0.027,0.05,0.1104,0.04625,1,高峰
1/24/2020 14:00,,0.70245,0.027,0.05,0.1104,0.04625,1,平时
1/24/2020 15:00,,0.70245,0.027,0.05,0.1104,0.04625,1,平时
1/24/2020 16:00,,0.70245,0.027,0.05,0.1104,0.04625,1,平时
1/24/2020 17:00,,0.70245,0.027,0.05,0.1104,0.04625,1,平时
1/24/2020 18:00,,1.30615,0.027,0.05,0.1104,0.04625,1,尖峰
1/24/2020 19:00,,1.30615,0.027,0.05,0.1104,0.04625,1,尖峰
1/24/2020 20:00,,1.30615,0.027,0.05,0.1104,0.04625,1,尖峰
1/24/2020 21:00,,1.30615,0.027,0.05,0.1104,0.04625,1,尖峰
1/24/2020 22:00,,1.09617,0.027,0.05,0.1104,0.04625,1,高峰
1/24/2020 23:00,,0.30872,0.027,0.05,0.1104,0.04625,1,低谷
1/25/2020 0:00,,0.30872,0.027,0.05,0.1104,0.04625,1,低谷
1/25/2020 1:00,,0.30872,0.027,0.05,0.1104,0.04625,1,低谷
1/25/2020 2:00,,0.30872,0.027,0.05,0.1104,0.04625,1,低谷
1/25/2020 3:00,,0.30872,0.027,0.05,0.1104,0.04625,1,低谷
1/25/2020 4:00,,0.30872,0.027,0.05,0.1104,0.04625,1,低谷
1/25/2020 5:00,,0.30872,0.027,0.05,0.1104,0.04625,1,低谷
1/25/2020 6:00,,0.30872,0.027,0.05,0.1104,0.04625,1,低谷
1/25/2020 7:00,,0.70245,0.027,0.05,0.1104,0.04625,1,平时
1/25/2020 8:00,,0.70245,0.027,0.05,0.1104,0.04625,1,平时
1/25/2020 9:00,,0.70245,0.027,0.05,0.1104,0.04625,1,平时
1/25/2020 10:00,,0.70245,0.027,0.05,0.1104,0.04625,1,平时
1/25/2020 11:00,,1.09617,0.027,0.05,0.1104,0.04625,1,高峰
1/25/2020 12:00,,1.09617,0.027,0.05,0.1104,0.04625,1,高峰
1/25/2020 13:00,,1.09617,0.027,0.05,0.1104,0.04625,1,高峰
1/25/2020 14:00,,0.70245,0.027,0.05,0.1104,0.04625,1,平时
1/25/2020 15:00,,0.70245,0.027,0.05,0.1104,0.04625,1,平时
1/25/2020 16:00,,0.70245,0.027,0.05,0.1104,0.04625,1,平时
1/25/2020 17:00,,0.70245,0.027,0.05,0.1104,0.04625,1,平时
1/25/2020 18:00,,1.30615,0.027,0.05,0.1104,0.04625,1,尖峰
1/25/2020 19:00,,1.30615,0.027,0.05,0.1104,0.04625,1,尖峰
1/25/2020 20:00,,1.30615,0.027,0.05,0.1104,0.04625,1,尖峰
1/25/2020 21:00,,1.30615,0.027,0.05,0.1104,0.04625,1,尖峰
1/25/2020 22:00,,1.09617,0.027,0.05,0.1104,0.04625,1,高峰
1/25/2020 23:00,,0.30872,0.027,0.05,0.1104,0.04625,1,低谷
1/26/2020 0:00,,0.30872,0.027,0.05,0.1104,0.04625,1,低谷
1/26/2020 1:00,,0.30872,0.027,0.05,0.1104,0.04625,1,低谷
1/26/2020 2:00,,0.30872,0.027,0.05,0.1104,0.04625,1,低谷
1/26/2020 3:00,,0.30872,0.027,0.05,0.1104,0.04625,1,低谷
1/26/2020 4:00,,0.30872,0.027,0.05,0.1104,0.04625,1,低谷
1/26/2020 5:00,,0.30872,0.027,0.05,0.1104,0.04625,1,低谷
1/26/2020 6:00,,0.30872,0.027,0.05,0.1104,0.04625,1,低谷
1/26/2020 7:00,,0.70245,0.027,0.05,0.1104,0.04625,1,平时
1/26/2020 8:00,,0.70245,0.027,0.05,0.1104,0.04625,1,平时
1/26/2020 9:00,,0.70245,0.027,0.05,0.1104,0.04625,1,平时
1/26/2020 10:00,,0.70245,0.027,0.05,0.1104,0.04625,1,平时
1/26/2020 11:00,,1.09617,0.027,0.05,0.1104,0.04625,1,高峰
1/26/2020 12:00,,1.09617,0.027,0.05,0.1104,0.04625,1,高峰
1/26/2020 13:00,,1.09617,0.027,0.05,0.1104,0.04625,1,高峰
1/26/2020 14:00,,0.70245,0.027,0.05,0.1104,0.04625,1,平时
1/26/2020 15:00,,0.70245,0.027,0.05,0.1104,0.04625,1,平时
1/26/2020 16:00,,0.70245,0.027,0.05,0.1104,0.04625,1,平时
1/26/2020 17:00,,0.70245,0.027,0.05,0.1104,0.04625,1,平时
1/26/2020 18:00,,1.30615,0.027,0.05,0.1104,0.04625,1,尖峰
1/26/2020 19:00,,1.30615,0.027,0.05,0.1104,0.04625,1,尖峰
1/26/2020 20:00,,1.30615,0.027,0.05,0.1104,0.04625,1,尖峰
1/26/2020 21:00,,1.30615,0.027,0.05,0.1104,0.04625,1,尖峰
1/26/2020 22:00,,1.09617,0.027,0.05,0.1104,0.04625,1,高峰
1/26/2020 23:00,,0.30872,0.027,0.05,0.1104,0.04625,1,低谷
1/27/2020 0:00,,0.30872,0.027,0.05,0.1104,0.04625,1,低谷
1/27/2020 1:00,,0.30872,0.027,0.05,0.1104,0.04625,1,低谷
1/27/2020 2:00,,0.30872,0.027,0.05,0.1104,0.04625,1,低谷
1/27/2020 3:00,,0.30872,0.027,0.05,0.1104,0.04625,1,低谷
1/27/2020 4:00,,0.30872,0.027,0.05,0.1104,0.04625,1,低谷
1/27/2020 5:00,,0.30872,0.027,0.05,0.1104,0.04625,1,低谷
1/27/2020 6:00,,0.30872,0.027,0.05,0.1104,0.04625,1,低谷
1/27/2020 7:00,,0.70245,0.027,0.05,0.1104,0.04625,1,平时
1/27/2020 8:00,,0.70245,0.027,0.05,0.1104,0.04625,1,平时
1/27/2020 9:00,,0.70245,0.027,0.05,0.1104,0.04625,1,平时
1/27/2020 10:00,,0.70245,0.027,0.05,0.1104,0.04625,1,平时
1/27/2020 11:00,,1.09617,0.027,0.05,0.1104,0.04625,1,高峰
1/27/2020 12:00,,1.09617,0.027,0.05,0.1104,0.04625,1,高峰
1/27/2020 13:00,,1.09617,0.027,0.05,0.1104,0.04625,1,高峰
1/27/2020 14:00,,0.70245,0.027,0.05,0.1104,0.04625,1,平时
1/27/2020 15:00,,0.70245,0.027,0.05,0.1104,0.04625,1,平时
1/27/2020 16:00,,0.70245,0.027,0.05,0.1104,0.04625,1,平时
1/27/2020 17:00,,0.70245,0.027,0.05,0.1104,0.04625,1,平时
1/27/2020 18:00,,1.30615,0.027,0.05,0.1104,0.04625,1,尖峰
1/27/2020 19:00,,1.30615,0.027,0.05,0.1104,0.04625,1,尖峰
1/27/2020 20:00,,1.30615,0.027,0.05,0.1104,0.04625,1,尖峰
1/27/2020 21:00,,1.30615,0.027,0.05,0.1104,0.04625,1,尖峰
1/27/2020 22:00,,1.09617,0.027,0.05,0.1104,0.04625,1,高峰
1/27/2020 23:00,,0.30872,0.027,0.05,0.1104,0.04625,1,低谷
1/28/2020 0:00,,0.30872,0.027,0.05,0.1104,0.04625,1,低谷
1/28/2020 1:00,,0.30872,0.027,0.05,0.1104,0.04625,1,低谷
1/28/2020 2:00,,0.30872,0.027,0.05,0.1104,0.04625,1,低谷
1/28/2020 3:00,,0.30872,0.027,0.05,0.1104,0.04625,1,低谷
1/28/2020 4:00,,0.30872,0.027,0.05,0.1104,0.04625,1,低谷
1/28/2020 5:00,,0.30872,0.027,0.05,0.1104,0.04625,1,低谷
1/28/2020 6:00,,0.30872,0.027,0.05,0.1104,0.04625,1,低谷
1/28/2020 7:00,,0.70245,0.027,0.05,0.1104,0.04625,1,平时
1/28/2020 8:00,,0.70245,0.027,0.05,0.1104,0.04625,1,平时
1/28/2020 9:00,,0.70245,0.027,0.05,0.1104,0.04625,1,平时
1/28/2020 10:00,,0.70245,0.027,0.05,0.1104,0.04625,1,平时
1/28/2020 11:00,,1.09617,0.027,0.05,0.1104,0.04625,1,高峰
1/28/2020 12:00,,1.09617,0.027,0.05,0.1104,0.04625,1,高峰
1/28/2020 13:00,,1.09617,0.027,0.05,0.1104,0.04625,1,高峰
1/28/2020 14:00,,0.70245,0.027,0.05,0.1104,0.04625,1,平时
1/28/2020 15:00,,0.70245,0.027,0.05,0.1104,0.04625,1,平时
1/28/2020 16:00,,0.70245,0.027,0.05,0.1104,0.04625,1,平时
1/28/2020 17:00,,0.70245,0.027,0.05,0.1104,0.04625,1,平时
1/28/2020 18:00,,1.30615,0.027,0.05,0.1104,0.04625,1,尖峰
1/28/2020 19:00,,1.30615,0.027,0.05,0.1104,0.04625,1,尖峰
1/28/2020 20:00,,1.30615,0.027,0.05,0.1104,0.04625,1,尖峰
1/28/2020 21:00,,1.30615,0.027,0.05,0.1104,0.04625,1,尖峰
1/28/2020 22:00,,1.09617,0.027,0.05,0.1104,0.04625,1,高峰
1/28/2020 23:00,,0.30872,0.027,0.05,0.1104,0.04625,1,低谷
1/29/2020 0:00,,0.30872,0.027,0.05,0.1104,0.04625,1,低谷
1/29/2020 1:00,,0.30872,0.027,0.05,0.1104,0.04625,1,低谷
1/29/2020 2:00,,0.30872,0.027,0.05,0.1104,0.04625,1,低谷
1/29/2020 3:00,,0.30872,0.027,0.05,0.1104,0.04625,1,低谷
1/29/2020 4:00,,0.30872,0.027,0.05,0.1104,0.04625,1,低谷
1/29/2020 5:00,,0.30872,0.027,0.05,0.1104,0.04625,1,低谷
1/29/2020 6:00,,0.30872,0.027,0.05,0.1104,0.04625,1,低谷
1/29/2020 7:00,,0.70245,0.027,0.05,0.1104,0.04625,1,平时
1/29/2020 8:00,,0.70245,0.027,0.05,0.1104,0.04625,1,平时
1/29/2020 9:00,,0.70245,0.027,0.05,0.1104,0.04625,1,平时
1/29/2020 10:00,,0.70245,0.027,0.05,0.1104,0.04625,1,平时
1/29/2020 11:00,,1.09617,0.027,0.05,0.1104,0.04625,1,高峰
1/29/2020 12:00,,1.09617,0.027,0.05,0.1104,0.04625,1,高峰
1/29/2020 13:00,,1.09617,0.027,0.05,0.1104,0.04625,1,高峰
1/29/2020 14:00,,0.70245,0.027,0.05,0.1104,0.04625,1,平时
1/29/2020 15:00,,0.70245,0.027,0.05,0.1104,0.04625,1,平时
1/29/2020 16:00,,0.70245,0.027,0.05,0.1104,0.04625,1,平时
1/29/2020 17:00,,0.70245,0.027,0.05,0.1104,0.04625,1,平时
1/29/2020 18:00,,1.30615,0.027,0.05,0.1104,0.04625,1,尖峰
1/29/2020 19:00,,1.30615,0.027,0.05,0.1104,0.04625,1,尖峰
1/29/2020 20:00,,1.30615,0.027,0.05,0.1104,0.04625,1,尖峰
1/29/2020 21:00,,1.30615,0.027,0.05,0.1104,0.04625,1,尖峰
1/29/2020 22:00,,1.09617,0.027,0.05,0.1104,0.04625,1,高峰
1/29/2020 23:00,,0.30872,0.027,0.05,0.1104,0.04625,1,低谷
1/30/2020 0:00,,0.30872,0.027,0.05,0.1104,0.04625,1,低谷
1/30/2020 1:00,,0.30872,0.027,0.05,0.1104,0.04625,1,低谷
1/30/2020 2:00,,0.30872,0.027,0.05,0.1104,0.04625,1,低谷
1/30/2020 3:00,,0.30872,0.027,0.05,0.1104,0.04625,1,低谷
1/30/2020 4:00,,0.30872,0.027,0.05,0.1104,0.04625,1,低谷
1/30/2020 5:00,,0.30872,0.027,0.05,0.1104,0.04625,1,低谷
1/30/2020 6:00,,0.30872,0.027,0.05,0.1104,0.04625,1,低谷
1/30/2020 7:00,,0.70245,0.027,0.05,0.1104,0.04625,1,平时
1/30/2020 8:00,,0.70245,0.027,0.05,0.1104,0.04625,1,平时
1/30/2020 9:00,,0.70245,0.027,0.05,0.1104,0.04625,1,平时
1/30/2020 10:00,,0.70245,0.027,0.05,0.1104,0.04625,1,平时
1/30/2020 11:00,,1.09617,0.027,0.05,0.1104,0.04625,1,高峰
1/30/2020 12:00,,1.09617,0.027,0.05,0.1104,0.04625,1,高峰
1/30/2020 13:00,,1.09617,0.027,0.05,0.1104,0.04625,1,高峰
1/30/2020 14:00,,0.70245,0.027,0.05,0.1104,0.04625,1,平时
1/30/2020 15:00,,0.70245,0.027,0.05,0.1104,0.04625,1,平时
1/30/2020 16:00,,0.70245,0.027,0.05,0.1104,0.04625,1,平时
1/30/2020 17:00,,0.70245,0.027,0.05,0.1104,0.04625,1,平时
1/30/2020 18:00,,1.30615,0.027,0.05,0.1104,0.04625,1,尖峰
1/30/2020 19:00,,1.30615,0.027,0.05,0.1104,0.04625,1,尖峰
1/30/2020 20:00,,1.30615,0.027,0.05,0.1104,0.04625,1,尖峰
1/30/2020 21:00,,1.30615,0.027,0.05,0.1104,0.04625,1,尖峰
1/30/2020 22:00,,1.09617,0.027,0.05,0.1104,0.04625,1,高峰
1/30/2020 23:00,,0.30872,0.027,0.05,0.1104,0.04625,1,低谷
1/31/2020 0:00,,0.30872,0.027,0.05,0.1104,0.04625,1,低谷
1/31/2020 1:00,,0.30872,0.027,0.05,0.1104,0.04625,1,低谷
1/31/2020 2:00,,0.30872,0.027,0.05,0.1104,0.04625,1,低谷
1/31/2020 3:00,,0.30872,0.027,0.05,0.1104,0.04625,1,低谷
1/31/2020 4:00,,0.30872,0.027,0.05,0.1104,0.04625,1,低谷
1/31/2020 5:00,,0.30872,0.027,0.05,0.1104,0.04625,1,低谷
1/31/2020 6:00,,0.30872,0.027,0.05,0.1104,0.04625,1,低谷
1/31/2020 7:00,,0.70245,0.027,0.05,0.1104,0.04625,1,平时
1/31/2020 8:00,,0.70245,0.027,0.05,0.1104,0.04625,1,平时
1/31/2020 9:00,,0.70245,0.027,0.05,0.1104,0.04625,1,平时
1/31/2020 10:00,,0.70245,0.027,0.05,0.1104,0.04625,1,平时
1/31/2020 11:00,,1.09617,0.027,0.05,0.1104,0.04625,1,高峰
1/31/2020 12:00,,1.09617,0.027,0.05,0.1104,0.04625,1,高峰
1/31/2020 13:00,,1.09617,0.027,0.05,0.1104,0.04625,1,高峰
1/31/2020 14:00,,0.70245,0.027,0.05,0.1104,0.04625,1,平时
1/31/2020 15:00,,0.70245,0.027,0.05,0.1104,0.04625,1,平时
1/31/2020 16:00,,0.70245,0.027,0.05,0.1104,0.04625,1,平时
1/31/2020 17:00,,0.70245,0.027,0.05,0.1104,0.04625,1,平时
1/31/2020 18:00,,1.30615,0.027,0.05,0.1104,0.04625,1,尖峰
1/31/2020 19:00,,1.30615,0.027,0.05,0.1104,0.04625,1,尖峰
1/31/2020 20:00,,1.30615,0.027,0.05,0.1104,0.04625,1,尖峰
1/31/2020 21:00,,1.30615,0.027,0.05,0.1104,0.04625,1,尖峰
1/31/2020 22:00,,1.09617,0.027,0.05,0.1104,0.04625,1,高峰
1/31/2020 23:00,,0.30872,0.027,0.05,0.1104,0.04625,1,低谷
2/1/2020 0:00,,0.30582,0.027,0.05,0.1104,0.04625,2,低谷
2/1/2020 1:00,,0.30582,0.027,0.05,0.1104,0.04625,2,低谷
2/1/2020 2:00,,0.30582,0.027,0.05,0.1104,0.04625,2,低谷
2/1/2020 3:00,,0.30582,0.027,0.05,0.1104,0.04625,2,低谷
2/1/2020 4:00,,0.30582,0.027,0.05,0.1104,0.04625,2,低谷
2/1/2020 5:00,,0.30582,0.027,0.05,0.1104,0.04625,2,低谷
2/1/2020 6:00,,0.30582,0.027,0.05,0.1104,0.04625,2,低谷
2/1/2020 7:00,,0.68618,0.027,0.05,0.1104,0.04625,2,平时
2/1/2020 8:00,,0.68618,0.027,0.05,0.1104,0.04625,2,平时
2/1/2020 9:00,,0.68618,0.027,0.05,0.1104,0.04625,2,平时
2/1/2020 10:00,,0.68618,0.027,0.05,0.1104,0.04625,2,平时
2/1/2020 11:00,,1.08454,0.027,0.05,0.1104,0.04625,2,高峰
2/1/2020 12:00,,1.08454,0.027,0.05,0.1104,0.04625,2,高峰
2/1/2020 13:00,,1.08454,0.027,0.05,0.1104,0.04625,2,高峰
2/1/2020 14:00,,0.68618,0.027,0.05,0.1104,0.04625,2,平时
2/1/2020 15:00,,0.68618,0.027,0.05,0.1104,0.04625,2,平时
2/1/2020 16:00,,0.68618,0.027,0.05,0.1104,0.04625,2,平时
2/1/2020 17:00,,0.68618,0.027,0.05,0.1104,0.04625,2,平时
2/1/2020 18:00,,1.08454,0.027,0.05,0.1104,0.04625,2,高峰
2/1/2020 19:00,,1.08454,0.027,0.05,0.1104,0.04625,2,高峰
2/1/2020 20:00,,1.08454,0.027,0.05,0.1104,0.04625,2,高峰
2/1/2020 21:00,,1.08454,0.027,0.05,0.1104,0.04625,2,高峰
2/1/2020 22:00,,1.08454,0.027,0.05,0.1104,0.04625,2,高峰
2/1/2020 23:00,,0.30582,0.027,0.05,0.1104,0.04625,2,低谷
2/2/2020 0:00,,0.30582,0.027,0.05,0.1104,0.04625,2,低谷
2/2/2020 1:00,,0.30582,0.027,0.05,0.1104,0.04625,2,低谷
2/2/2020 2:00,,0.30582,0.027,0.05,0.1104,0.04625,2,低谷
2/2/2020 3:00,,0.30582,0.027,0.05,0.1104,0.04625,2,低谷
2/2/2020 4:00,,0.30582,0.027,0.05,0.1104,0.04625,2,低谷
2/2/2020 5:00,,0.30582,0.027,0.05,0.1104,0.04625,2,低谷
2/2/2020 6:00,,0.30582,0.027,0.05,0.1104,0.04625,2,低谷
2/2/2020 7:00,,0.68618,0.027,0.05,0.1104,0.04625,2,平时
2/2/2020 8:00,,0.68618,0.027,0.05,0.1104,0.04625,2,平时
2/2/2020 9:00,,0.68618,0.027,0.05,0.1104,0.04625,2,平时
2/2/2020 10:00,,0.68618,0.027,0.05,0.1104,0.04625,2,平时
2/2/2020 11:00,,1.08454,0.027,0.05,0.1104,0.04625,2,高峰
2/2/2020 12:00,,1.08454,0.027,0.05,0.1104,0.04625,2,高峰
2/2/2020 13:00,,1.08454,0.027,0.05,0.1104,0.04625,2,高峰
2/2/2020 14:00,,0.68618,0.027,0.05,0.1104,0.04625,2,平时
2/2/2020 15:00,,0.68618,0.027,0.05,0.1104,0.04625,2,平时
2/2/2020 16:00,,0.68618,0.027,0.05,0.1104,0.04625,2,平时
2/2/2020 17:00,,0.68618,0.027,0.05,0.1104,0.04625,2,平时
2/2/2020 18:00,,1.08454,0.027,0.05,0.1104,0.04625,2,高峰
2/2/2020 19:00,,1.08454,0.027,0.05,0.1104,0.04625,2,高峰
2/2/2020 20:00,,1.08454,0.027,0.05,0.1104,0.04625,2,高峰
2/2/2020 21:00,,1.08454,0.027,0.05,0.1104,0.04625,2,高峰
2/2/2020 22:00,,1.08454,0.027,0.05,0.1104,0.04625,2,高峰
2/2/2020 23:00,,0.30582,0.027,0.05,0.1104,0.04625,2,低谷
2/3/2020 0:00,,0.30582,0.027,0.05,0.1104,0.04625,2,低谷
2/3/2020 1:00,,0.30582,0.027,0.05,0.1104,0.04625,2,低谷
2/3/2020 2:00,,0.30582,0.027,0.05,0.1104,0.04625,2,低谷
2/3/2020 3:00,,0.30582,0.027,0.05,0.1104,0.04625,2,低谷
2/3/2020 4:00,,0.30582,0.027,0.05,0.1104,0.04625,2,低谷
2/3/2020 5:00,,0.30582,0.027,0.05,0.1104,0.04625,2,低谷
2/3/2020 6:00,,0.30582,0.027,0.05,0.1104,0.04625,2,低谷
2/3/2020 7:00,,0.68618,0.027,0.05,0.1104,0.04625,2,平时
2/3/2020 8:00,,0.68618,0.027,0.05,0.1104,0.04625,2,平时
2/3/2020 9:00,,0.68618,0.027,0.05,0.1104,0.04625,2,平时
2/3/2020 10:00,,0.68618,0.027,0.05,0.1104,0.04625,2,平时
2/3/2020 11:00,,1.08454,0.027,0.05,0.1104,0.04625,2,高峰
2/3/2020 12:00,,1.08454,0.027,0.05,0.1104,0.04625,2,高峰
2/3/2020 13:00,,1.08454,0.027,0.05,0.1104,0.04625,2,高峰
2/3/2020 14:00,,0.68618,0.027,0.05,0.1104,0.04625,2,平时
2/3/2020 15:00,,0.68618,0.027,0.05,0.1104,0.04625,2,平时
2/3/2020 16:00,,0.68618,0.027,0.05,0.1104,0.04625,2,平时
2/3/2020 17:00,,0.68618,0.027,0.05,0.1104,0.04625,2,平时
2/3/2020 18:00,,1.08454,0.027,0.05,0.1104,0.04625,2,高峰
2/3/2020 19:00,,1.08454,0.027,0.05,0.1104,0.04625,2,高峰
2/3/2020 20:00,,1.08454,0.027,0.05,0.1104,0.04625,2,高峰
2/3/2020 21:00,,1.08454,0.027,0.05,0.1104,0.04625,2,高峰
2/3/2020 22:00,,1.08454,0.027,0.05,0.1104,0.04625,2,高峰
2/3/2020 23:00,,0.30582,0.027,0.05,0.1104,0.04625,2,低谷
2/4/2020 0:00,,0.30582,0.027,0.05,0.1104,0.04625,2,低谷
2/4/2020 1:00,,0.30582,0.027,0.05,0.1104,0.04625,2,低谷
2/4/2020 2:00,,0.30582,0.027,0.05,0.1104,0.04625,2,低谷
2/4/2020 3:00,,0.30582,0.027,0.05,0.1104,0.04625,2,低谷
2/4/2020 4:00,,0.30582,0.027,0.05,0.1104,0.04625,2,低谷
2/4/2020 5:00,,0.30582,0.027,0.05,0.1104,0.04625,2,低谷
2/4/2020 6:00,,0.30582,0.027,0.05,0.1104,0.04625,2,低谷
2/4/2020 7:00,,0.68618,0.027,0.05,0.1104,0.04625,2,平时
2/4/2020 8:00,,0.68618,0.027,0.05,0.1104,0.04625,2,平时
2/4/2020 9:00,,0.68618,0.027,0.05,0.1104,0.04625,2,平时
2/4/2020 10:00,,0.68618,0.027,0.05,0.1104,0.04625,2,平时
2/4/2020 11:00,,1.08454,0.027,0.05,0.1104,0.04625,2,高峰
2/4/2020 12:00,,1.08454,0.027,0.05,0.1104,0.04625,2,高峰
2/4/2020 13:00,,1.08454,0.027,0.05,0.1104,0.04625,2,高峰
2/4/2020 14:00,,0.68618,0.027,0.05,0.1104,0.04625,2,平时
2/4/2020 15:00,,0.68618,0.027,0.05,0.1104,0.04625,2,平时
2/4/2020 16:00,,0.68618,0.027,0.05,0.1104,0.04625,2,平时
2/4/2020 17:00,,0.68618,0.027,0.05,0.1104,0.04625,2,平时
2/4/2020 18:00,,1.08454,0.027,0.05,0.1104,0.04625,2,高峰
2/4/2020 19:00,,1.08454,0.027,0.05,0.1104,0.04625,2,高峰
2/4/2020 20:00,,1.08454,0.027,0.05,0.1104,0.04625,2,高峰
2/4/2020 21:00,,1.08454,0.027,0.05,0.1104,0.04625,2,高峰
2/4/2020 22:00,,1.08454,0.027,0.05,0.1104,0.04625,2,高峰
2/4/2020 23:00,,0.30582,0.027,0.05,0.1104,0.04625,2,低谷
2/5/2020 0:00,,0.30582,0.027,0.05,0.1104,0.04625,2,低谷
2/5/2020 1:00,,0.30582,0.027,0.05,0.1104,0.04625,2,低谷
2/5/2020 2:00,,0.30582,0.027,0.05,0.1104,0.04625,2,低谷
2/5/2020 3:00,,0.30582,0.027,0.05,0.1104,0.04625,2,低谷
2/5/2020 4:00,,0.30582,0.027,0.05,0.1104,0.04625,2,低谷
2/5/2020 5:00,,0.30582,0.027,0.05,0.1104,0.04625,2,低谷
2/5/2020 6:00,,0.30582,0.027,0.05,0.1104,0.04625,2,低谷
2/5/2020 7:00,,0.68618,0.027,0.05,0.1104,0.04625,2,平时
2/5/2020 8:00,,0.68618,0.027,0.05,0.1104,0.04625,2,平时
2/5/2020 9:00,,0.68618,0.027,0.05,0.1104,0.04625,2,平时
2/5/2020 10:00,,0.68618,0.027,0.05,0.1104,0.04625,2,平时
2/5/2020 11:00,,1.08454,0.027,0.05,0.1104,0.04625,2,高峰
2/5/2020 12:00,,1.08454,0.027,0.05,0.1104,0.04625,2,高峰
2/5/2020 13:00,,1.08454,0.027,0.05,0.1104,0.04625,2,高峰
2/5/2020 14:00,,0.68618,0.027,0.05,0.1104,0.04625,2,平时
2/5/2020 15:00,,0.68618,0.027,0.05,0.1104,0.04625,2,平时
2/5/2020 16:00,,0.68618,0.027,0.05,0.1104,0.04625,2,平时
2/5/2020 17:00,,0.68618,0.027,0.05,0.1104,0.04625,2,平时
2/5/2020 18:00,,1.08454,0.027,0.05,0.1104,0.04625,2,高峰
2/5/2020 19:00,,1.08454,0.027,0.05,0.1104,0.04625,2,高峰
2/5/2020 20:00,,1.08454,0.027,0.05,0.1104,0.04625,2,高峰
2/5/2020 21:00,,1.08454,0.027,0.05,0.1104,0.04625,2,高峰
2/5/2020 22:00,,1.08454,0.027,0.05,0.1104,0.04625,2,高峰
2/5/2020 23:00,,0.30582,0.027,0.05,0.1104,0.04625,2,低谷
2/6/2020 0:00,,0.30582,0.027,0.05,0.1104,0.04625,2,低谷
2/6/2020 1:00,,0.30582,0.027,0.05,0.1104,0.04625,2,低谷
2/6/2020 2:00,,0.30582,0.027,0.05,0.1104,0.04625,2,低谷
2/6/2020 3:00,,0.30582,0.027,0.05,0.1104,0.04625,2,低谷
2/6/2020 4:00,,0.30582,0.027,0.05,0.1104,0.04625,2,低谷
2/6/2020 5:00,,0.30582,0.027,0.05,0.1104,0.04625,2,低谷
2/6/2020 6:00,,0.30582,0.027,0.05,0.1104,0.04625,2,低谷
2/6/2020 7:00,,0.68618,0.027,0.05,0.1104,0.04625,2,平时
2/6/2020 8:00,,0.68618,0.027,0.05,0.1104,0.04625,2,平时
2/6/2020 9:00,,0.68618,0.027,0.05,0.1104,0.04625,2,平时
2/6/2020 10:00,,0.68618,0.027,0.05,0.1104,0.04625,2,平时
2/6/2020 11:00,,1.08454,0.027,0.05,0.1104,0.04625,2,高峰
2/6/2020 12:00,,1.08454,0.027,0.05,0.1104,0.04625,2,高峰
2/6/2020 13:00,,1.08454,0.027,0.05,0.1104,0.04625,2,高峰
2/6/2020 14:00,,0.68618,0.027,0.05,0.1104,0.04625,2,平时
2/6/2020 15:00,,0.68618,0.027,0.05,0.1104,0.04625,2,平时
2/6/2020 16:00,,0.68618,0.027,0.05,0.1104,0.04625,2,平时
2/6/2020 17:00,,0.68618,0.027,0.05,0.1104,0.04625,2,平时
2/6/2020 18:00,,1.08454,0.027,0.05,0.1104,0.04625,2,高峰
2/6/2020 19:00,,1.08454,0.027,0.05,0.1104,0.04625,2,高峰
2/6/2020 20:00,,1.08454,0.027,0.05,0.1104,0.04625,2,高峰
2/6/2020 21:00,,1.08454,0.027,0.05,0.1104,0.04625,2,高峰
2/6/2020 22:00,,1.08454,0.027,0.05,0.1104,0.04625,2,高峰
2/6/2020 23:00,,0.30582,0.027,0.05,0.1104,0.04625,2,低谷
2/7/2020 0:00,,0.30582,0.027,0.05,0.1104,0.04625,2,低谷
2/7/2020 1:00,,0.30582,0.027,0.05,0.1104,0.04625,2,低谷
2/7/2020 2:00,,0.30582,0.027,0.05,0.1104,0.04625,2,低谷
2/7/2020 3:00,,0.30582,0.027,0.05,0.1104,0.04625,2,低谷
2/7/2020 4:00,,0.30582,0.027,0.05,0.1104,0.04625,2,低谷
2/7/2020 5:00,,0.30582,0.027,0.05,0.1104,0.04625,2,低谷
2/7/2020 6:00,,0.30582,0.027,0.05,0.1104,0.04625,2,低谷
2/7/2020 7:00,,0.68618,0.027,0.05,0.1104,0.04625,2,平时
2/7/2020 8:00,,0.68618,0.027,0.05,0.1104,0.04625,2,平时
2/7/2020 9:00,,0.68618,0.027,0.05,0.1104,0.04625,2,平时
2/7/2020 10:00,,0.68618,0.027,0.05,0.1104,0.04625,2,平时
2/7/2020 11:00,,1.08454,0.027,0.05,0.1104,0.04625,2,高峰
2/7/2020 12:00,,1.08454,0.027,0.05,0.1104,0.04625,2,高峰
2/7/2020 13:00,,1.08454,0.027,0.05,0.1104,0.04625,2,高峰
2/7/2020 14:00,,0.68618,0.027,0.05,0.1104,0.04625,2,平时
2/7/2020 15:00,,0.68618,0.027,0.05,0.1104,0.04625,2,平时
2/7/2020 16:00,,0.68618,0.027,0.05,0.1104,0.04625,2,平时
2/7/2020 17:00,,0.68618,0.027,0.05,0.1104,0.04625,2,平时
2/7/2020 18:00,,1.08454,0.027,0.05,0.1104,0.04625,2,高峰
2/7/2020 19:00,,1.08454,0.027,0.05,0.1104,0.04625,2,高峰
2/7/2020 20:00,,1.08454,0.027,0.05,0.1104,0.04625,2,高峰
2/7/2020 21:00,,1.08454,0.027,0.05,0.1104,0.04625,2,高峰
2/7/2020 22:00,,1.08454,0.027,0.05,0.1104,0.04625,2,高峰
2/7/2020 23:00,,0.30582,0.027,0.05,0.1104,0.04625,2,低谷
2/8/2020 0:00,,0.30582,0.027,0.05,0.1104,0.04625,2,低谷
2/8/2020 1:00,,0.30582,0.027,0.05,0.1104,0.04625,2,低谷
2/8/2020 2:00,,0.30582,0.027,0.05,0.1104,0.04625,2,低谷
2/8/2020 3:00,,0.30582,0.027,0.05,0.1104,0.04625,2,低谷
2/8/2020 4:00,,0.30582,0.027,0.05,0.1104,0.04625,2,低谷
2/8/2020 5:00,,0.30582,0.027,0.05,0.1104,0.04625,2,低谷
2/8/2020 6:00,,0.30582,0.027,0.05,0.1104,0.04625,2,低谷
2/8/2020 7:00,,0.68618,0.027,0.05,0.1104,0.04625,2,平时
2/8/2020 8:00,,0.68618,0.027,0.05,0.1104,0.04625,2,平时
2/8/2020 9:00,,0.68618,0.027,0.05,0.1104,0.04625,2,平时
2/8/2020 10:00,,0.68618,0.027,0.05,0.1104,0.04625,2,平时
2/8/2020 11:00,,1.08454,0.027,0.05,0.1104,0.04625,2,高峰
2/8/2020 12:00,,1.08454,0.027,0.05,0.1104,0.04625,2,高峰
2/8/2020 13:00,,1.08454,0.027,0.05,0.1104,0.04625,2,高峰
2/8/2020 14:00,,0.68618,0.027,0.05,0.1104,0.04625,2,平时
2/8/2020 15:00,,0.68618,0.027,0.05,0.1104,0.04625,2,平时
2/8/2020 16:00,,0.68618,0.027,0.05,0.1104,0.04625,2,平时
2/8/2020 17:00,,0.68618,0.027,0.05,0.1104,0.04625,2,平时
2/8/2020 18:00,,1.08454,0.027,0.05,0.1104,0.04625,2,高峰
2/8/2020 19:00,,1.08454,0.027,0.05,0.1104,0.04625,2,高峰
2/8/2020 20:00,,1.08454,0.027,0.05,0.1104,0.04625,2,高峰
2/8/2020 21:00,,1.08454,0.027,0.05,0.1104,0.04625,2,高峰
2/8/2020 22:00,,1.08454,0.027,0.05,0.1104,0.04625,2,高峰
2/8/2020 23:00,,0.30582,0.027,0.05,0.1104,0.04625,2,低谷
2/9/2020 0:00,,0.30582,0.027,0.05,0.1104,0.04625,2,低谷
2/9/2020 1:00,,0.30582,0.027,0.05,0.1104,0.04625,2,低谷
2/9/2020 2:00,,0.30582,0.027,0.05,0.1104,0.04625,2,低谷
2/9/2020 3:00,,0.30582,0.027,0.05,0.1104,0.04625,2,低谷
2/9/2020 4:00,,0.30582,0.027,0.05,0.1104,0.04625,2,低谷
2/9/2020 5:00,,0.30582,0.027,0.05,0.1104,0.04625,2,低谷
2/9/2020 6:00,,0.30582,0.027,0.05,0.1104,0.04625,2,低谷
2/9/2020 7:00,,0.68618,0.027,0.05,0.1104,0.04625,2,平时
2/9/2020 8:00,,0.68618,0.027,0.05,0.1104,0.04625,2,平时
2/9/2020 9:00,,0.68618,0.027,0.05,0.1104,0.04625,2,平时
2/9/2020 10:00,,0.68618,0.027,0.05,0.1104,0.04625,2,平时
2/9/2020 11:00,,1.08454,0.027,0.05,0.1104,0.04625,2,高峰
2/9/2020 12:00,,1.08454,0.027,0.05,0.1104,0.04625,2,高峰
2/9/2020 13:00,,1.08454,0.027,0.05,0.1104,0.04625,2,高峰
2/9/2020 14:00,,0.68618,0.027,0.05,0.1104,0.04625,2,平时
2/9/2020 15:00,,0.68618,0.027,0.05,0.1104,0.04625,2,平时
2/9/2020 16:00,,0.68618,0.027,0.05,0.1104,0.04625,2,平时
2/9/2020 17:00,,0.68618,0.027,0.05,0.1104,0.04625,2,平时
2/9/2020 18:00,,1.08454,0.027,0.05,0.1104,0.04625,2,高峰
2/9/2020 19:00,,1.08454,0.027,0.05,0.1104,0.04625,2,高峰
2/9/2020 20:00,,1.08454,0.027,0.05,0.1104,0.04625,2,高峰
2/9/2020 21:00,,1.08454,0.027,0.05,0.1104,0.04625,2,高峰
2/9/2020 22:00,,1.08454,0.027,0.05,0.1104,0.04625,2,高峰
2/9/2020 23:00,,0.30582,0.027,0.05,0.1104,0.04625,2,低谷
2/10/2020 0:00,,0.30582,0.027,0.05,0.1104,0.04625,2,低谷
2/10/2020 1:00,,0.30582,0.027,0.05,0.1104,0.04625,2,低谷
2/10/2020 2:00,,0.30582,0.027,0.05,0.1104,0.04625,2,低谷
2/10/2020 3:00,,0.30582,0.027,0.05,0.1104,0.04625,2,低谷
2/10/2020 4:00,,0.30582,0.027,0.05,0.1104,0.04625,2,低谷
2/10/2020 5:00,,0.30582,0.027,0.05,0.1104,0.04625,2,低谷
2/10/2020 6:00,,0.30582,0.027,0.05,0.1104,0.04625,2,低谷
2/10/2020 7:00,,0.68618,0.027,0.05,0.1104,0.04625,2,平时
2/10/2020 8:00,,0.68618,0.027,0.05,0.1104,0.04625,2,平时
2/10/2020 9:00,,0.68618,0.027,0.05,0.1104,0.04625,2,平时
2/10/2020 10:00,,0.68618,0.027,0.05,0.1104,0.04625,2,平时
2/10/2020 11:00,,1.08454,0.027,0.05,0.1104,0.04625,2,高峰
2/10/2020 12:00,,1.08454,0.027,0.05,0.1104,0.04625,2,高峰
2/10/2020 13:00,,1.08454,0.027,0.05,0.1104,0.04625,2,高峰
2/10/2020 14:00,,0.68618,0.027,0.05,0.1104,0.04625,2,平时
2/10/2020 15:00,,0.68618,0.027,0.05,0.1104,0.04625,2,平时
2/10/2020 16:00,,0.68618,0.027,0.05,0.1104,0.04625,2,平时
2/10/2020 17:00,,0.68618,0.027,0.05,0.1104,0.04625,2,平时
2/10/2020 18:00,,1.08454,0.027,0.05,0.1104,0.04625,2,高峰
2/10/2020 19:00,,1.08454,0.027,0.05,0.1104,0.04625,2,高峰
2/10/2020 20:00,,1.08454,0.027,0.05,0.1104,0.04625,2,高峰
2/10/2020 21:00,,1.08454,0.027,0.05,0.1104,0.04625,2,高峰
2/10/2020 22:00,,1.08454,0.027,0.05,0.1104,0.04625,2,高峰
2/10/2020 23:00,,0.30582,0.027,0.05,0.1104,0.04625,2,低谷
2/11/2020 0:00,,0.30582,0.027,0.05,0.1104,0.04625,2,低谷
2/11/2020 1:00,,0.30582,0.027,0.05,0.1104,0.04625,2,低谷
2/11/2020 2:00,,0.30582,0.027,0.05,0.1104,0.04625,2,低谷
2/11/2020 3:00,,0.30582,0.027,0.05,0.1104,0.04625,2,低谷
2/11/2020 4:00,,0.30582,0.027,0.05,0.1104,0.04625,2,低谷
2/11/2020 5:00,,0.30582,0.027,0.05,0.1104,0.04625,2,低谷
2/11/2020 6:00,,0.30582,0.027,0.05,0.1104,0.04625,2,低谷
2/11/2020 7:00,,0.68618,0.027,0.05,0.1104,0.04625,2,平时
2/11/2020 8:00,,0.68618,0.027,0.05,0.1104,0.04625,2,平时
2/11/2020 9:00,,0.68618,0.027,0.05,0.1104,0.04625,2,平时
2/11/2020 10:00,,0.68618,0.027,0.05,0.1104,0.04625,2,平时
2/11/2020 11:00,,1.08454,0.027,0.05,0.1104,0.04625,2,高峰
2/11/2020 12:00,,1.08454,0.027,0.05,0.1104,0.04625,2,高峰
2/11/2020 13:00,,1.08454,0.027,0.05,0.1104,0.04625,2,高峰
2/11/2020 14:00,,0.68618,0.027,0.05,0.1104,0.04625,2,平时
2/11/2020 15:00,,0.68618,0.027,0.05,0.1104,0.04625,2,平时
2/11/2020 16:00,,0.68618,0.027,0.05,0.1104,0.04625,2,平时
2/11/2020 17:00,,0.68618,0.027,0.05,0.1104,0.04625,2,平时
2/11/2020 18:00,,1.08454,0.027,0.05,0.1104,0.04625,2,高峰
2/11/2020 19:00,,1.08454,0.027,0.05,0.1104,0.04625,2,高峰
2/11/2020 20:00,,1.08454,0.027,0.05,0.1104,0.04625,2,高峰
2/11/2020 21:00,,1.08454,0.027,0.05,0.1104,0.04625,2,高峰
2/11/2020 22:00,,1.08454,0.027,0.05,0.1104,0.04625,2,高峰
2/11/2020 23:00,,0.30582,0.027,0.05,0.1104,0.04625,2,低谷
2/12/2020 0:00,,0.30582,0.027,0.05,0.1104,0.04625,2,低谷
2/12/2020 1:00,,0.30582,0.027,0.05,0.1104,0.04625,2,低谷
2/12/2020 2:00,,0.30582,0.027,0.05,0.1104,0.04625,2,低谷
2/12/2020 3:00,,0.30582,0.027,0.05,0.1104,0.04625,2,低谷
2/12/2020 4:00,,0.30582,0.027,0.05,0.1104,0.04625,2,低谷
2/12/2020 5:00,,0.30582,0.027,0.05,0.1104,0.04625,2,低谷
2/12/2020 6:00,,0.30582,0.027,0.05,0.1104,0.04625,2,低谷
2/12/2020 7:00,,0.68618,0.027,0.05,0.1104,0.04625,2,平时
2/12/2020 8:00,,0.68618,0.027,0.05,0.1104,0.04625,2,平时
2/12/2020 9:00,,0.68618,0.027,0.05,0.1104,0.04625,2,平时
2/12/2020 10:00,,0.68618,0.027,0.05,0.1104,0.04625,2,平时
2/12/2020 11:00,,1.08454,0.027,0.05,0.1104,0.04625,2,高峰
2/12/2020 12:00,,1.08454,0.027,0.05,0.1104,0.04625,2,高峰
2/12/2020 13:00,,1.08454,0.027,0.05,0.1104,0.04625,2,高峰
2/12/2020 14:00,,0.68618,0.027,0.05,0.1104,0.04625,2,平时
2/12/2020 15:00,,0.68618,0.027,0.05,0.1104,0.04625,2,平时
2/12/2020 16:00,,0.68618,0.027,0.05,0.1104,0.04625,2,平时
2/12/2020 17:00,,0.68618,0.027,0.05,0.1104,0.04625,2,平时
2/12/2020 18:00,,1.08454,0.027,0.05,0.1104,0.04625,2,高峰
2/12/2020 19:00,,1.08454,0.027,0.05,0.1104,0.04625,2,高峰
2/12/2020 20:00,,1.08454,0.027,0.05,0.1104,0.04625,2,高峰
2/12/2020 21:00,,1.08454,0.027,0.05,0.1104,0.04625,2,高峰
2/12/2020 22:00,,1.08454,0.027,0.05,0.1104,0.04625,2,高峰
2/12/2020 23:00,,0.30582,0.027,0.05,0.1104,0.04625,2,低谷
2/13/2020 0:00,,0.30582,0.027,0.05,0.1104,0.04625,2,低谷
2/13/2020 1:00,,0.30582,0.027,0.05,0.1104,0.04625,2,低谷
2/13/2020 2:00,,0.30582,0.027,0.05,0.1104,0.04625,2,低谷
2/13/2020 3:00,,0.30582,0.027,0.05,0.1104,0.04625,2,低谷
2/13/2020 4:00,,0.30582,0.027,0.05,0.1104,0.04625,2,低谷
2/13/2020 5:00,,0.30582,0.027,0.05,0.1104,0.04625,2,低谷
2/13/2020 6:00,,0.30582,0.027,0.05,0.1104,0.04625,2,低谷
2/13/2020 7:00,,0.68618,0.027,0.05,0.1104,0.04625,2,平时
2/13/2020 8:00,,0.68618,0.027,0.05,0.1104,0.04625,2,平时
2/13/2020 9:00,,0.68618,0.027,0.05,0.1104,0.04625,2,平时
2/13/2020 10:00,,0.68618,0.027,0.05,0.1104,0.04625,2,平时
2/13/2020 11:00,,1.08454,0.027,0.05,0.1104,0.04625,2,高峰
2/13/2020 12:00,,1.08454,0.027,0.05,0.1104,0.04625,2,高峰
2/13/2020 13:00,,1.08454,0.027,0.05,0.1104,0.04625,2,高峰
2/13/2020 14:00,,0.68618,0.027,0.05,0.1104,0.04625,2,平时
2/13/2020 15:00,,0.68618,0.027,0.05,0.1104,0.04625,2,平时
2/13/2020 16:00,,0.68618,0.027,0.05,0.1104,0.04625,2,平时
2/13/2020 17:00,,0.68618,0.027,0.05,0.1104,0.04625,2,平时
2/13/2020 18:00,,1.08454,0.027,0.05,0.1104,0.04625,2,高峰
2/13/2020 19:00,,1.08454,0.027,0.05,0.1104,0.04625,2,高峰
2/13/2020 20:00,,1.08454,0.027,0.05,0.1104,0.04625,2,高峰
2/13/2020 21:00,,1.08454,0.027,0.05,0.1104,0.04625,2,高峰
2/13/2020 22:00,,1.08454,0.027,0.05,0.1104,0.04625,2,高峰
2/13/2020 23:00,,0.30582,0.027,0.05,0.1104,0.04625,2,低谷
2/14/2020 0:00,,0.30582,0.027,0.05,0.1104,0.04625,2,低谷
2/14/2020 1:00,,0.30582,0.027,0.05,0.1104,0.04625,2,低谷
2/14/2020 2:00,,0.30582,0.027,0.05,0.1104,0.04625,2,低谷
2/14/2020 3:00,,0.30582,0.027,0.05,0.1104,0.04625,2,低谷
2/14/2020 4:00,,0.30582,0.027,0.05,0.1104,0.04625,2,低谷
2/14/2020 5:00,,0.30582,0.027,0.05,0.1104,0.04625,2,低谷
2/14/2020 6:00,,0.30582,0.027,0.05,0.1104,0.04625,2,低谷
2/14/2020 7:00,,0.68618,0.027,0.05,0.1104,0.04625,2,平时
2/14/2020 8:00,,0.68618,0.027,0.05,0.1104,0.04625,2,平时
2/14/2020 9:00,,0.68618,0.027,0.05,0.1104,0.04625,2,平时
2/14/2020 10:00,,0.68618,0.027,0.05,0.1104,0.04625,2,平时
2/14/2020 11:00,,1.08454,0.027,0.05,0.1104,0.04625,2,高峰
2/14/2020 12:00,,1.08454,0.027,0.05,0.1104,0.04625,2,高峰
2/14/2020 13:00,,1.08454,0.027,0.05,0.1104,0.04625,2,高峰
2/14/2020 14:00,,0.68618,0.027,0.05,0.1104,0.04625,2,平时
2/14/2020 15:00,,0.68618,0.027,0.05,0.1104,0.04625,2,平时
2/14/2020 16:00,,0.68618,0.027,0.05,0.1104,0.04625,2,平时
2/14/2020 17:00,,0.68618,0.027,0.05,0.1104,0.04625,2,平时
2/14/2020 18:00,,1.08454,0.027,0.05,0.1104,0.04625,2,高峰
2/14/2020 19:00,,1.08454,0.027,0.05,0.1104,0.04625,2,高峰
2/14/2020 20:00,,1.08454,0.027,0.05,0.1104,0.04625,2,高峰
2/14/2020 21:00,,1.08454,0.027,0.05,0.1104,0.04625,2,高峰
2/14/2020 22:00,,1.08454,0.027,0.05,0.1104,0.04625,2,高峰
2/14/2020 23:00,,0.30582,0.027,0.05,0.1104,0.04625,2,低谷
2/15/2020 0:00,,0.30582,0.027,0.05,0.1104,0.04625,2,低谷
2/15/2020 1:00,,0.30582,0.027,0.05,0.1104,0.04625,2,低谷
2/15/2020 2:00,,0.30582,0.027,0.05,0.1104,0.04625,2,低谷
2/15/2020 3:00,,0.30582,0.027,0.05,0.1104,0.04625,2,低谷
2/15/2020 4:00,,0.30582,0.027,0.05,0.1104,0.04625,2,低谷
2/15/2020 5:00,,0.30582,0.027,0.05,0.1104,0.04625,2,低谷
2/15/2020 6:00,,0.30582,0.027,0.05,0.1104,0.04625,2,低谷
2/15/2020 7:00,,0.68618,0.027,0.05,0.1104,0.04625,2,平时
2/15/2020 8:00,,0.68618,0.027,0.05,0.1104,0.04625,2,平时
2/15/2020 9:00,,0.68618,0.027,0.05,0.1104,0.04625,2,平时
2/15/2020 10:00,,0.68618,0.027,0.05,0.1104,0.04625,2,平时
2/15/2020 11:00,,1.08454,0.027,0.05,0.1104,0.04625,2,高峰
2/15/2020 12:00,,1.08454,0.027,0.05,0.1104,0.04625,2,高峰
2/15/2020 13:00,,1.08454,0.027,0.05,0.1104,0.04625,2,高峰
2/15/2020 14:00,,0.68618,0.027,0.05,0.1104,0.04625,2,平时
2/15/2020 15:00,,0.68618,0.027,0.05,0.1104,0.04625,2,平时
2/15/2020 16:00,,0.68618,0.027,0.05,0.1104,0.04625,2,平时
2/15/2020 17:00,,0.68618,0.027,0.05,0.1104,0.04625,2,平时
2/15/2020 18:00,,1.08454,0.027,0.05,0.1104,0.04625,2,高峰
2/15/2020 19:00,,1.08454,0.027,0.05,0.1104,0.04625,2,高峰
2/15/2020 20:00,,1.08454,0.027,0.05,0.1104,0.04625,2,高峰
2/15/2020 21:00,,1.08454,0.027,0.05,0.1104,0.04625,2,高峰
2/15/2020 22:00,,1.08454,0.027,0.05,0.1104,0.04625,2,高峰
2/15/2020 23:00,,0.30582,0.027,0.05,0.1104,0.04625,2,低谷
2/16/2020 0:00,,0.30582,0.027,0.05,0.1104,0.04625,2,低谷
2/16/2020 1:00,,0.30582,0.027,0.05,0.1104,0.04625,2,低谷
2/16/2020 2:00,,0.30582,0.027,0.05,0.1104,0.04625,2,低谷
2/16/2020 3:00,,0.30582,0.027,0.05,0.1104,0.04625,2,低谷
2/16/2020 4:00,,0.30582,0.027,0.05,0.1104,0.04625,2,低谷
2/16/2020 5:00,,0.30582,0.027,0.05,0.1104,0.04625,2,低谷
2/16/2020 6:00,,0.30582,0.027,0.05,0.1104,0.04625,2,低谷
2/16/2020 7:00,,0.68618,0.027,0.05,0.1104,0.04625,2,平时
2/16/2020 8:00,,0.68618,0.027,0.05,0.1104,0.04625,2,平时
2/16/2020 9:00,,0.68618,0.027,0.05,0.1104,0.04625,2,平时
2/16/2020 10:00,,0.68618,0.027,0.05,0.1104,0.04625,2,平时
2/16/2020 11:00,,1.08454,0.027,0.05,0.1104,0.04625,2,高峰
2/16/2020 12:00,,1.08454,0.027,0.05,0.1104,0.04625,2,高峰
2/16/2020 13:00,,1.08454,0.027,0.05,0.1104,0.04625,2,高峰
2/16/2020 14:00,,0.68618,0.027,0.05,0.1104,0.04625,2,平时
2/16/2020 15:00,,0.68618,0.027,0.05,0.1104,0.04625,2,平时
2/16/2020 16:00,,0.68618,0.027,0.05,0.1104,0.04625,2,平时
2/16/2020 17:00,,0.68618,0.027,0.05,0.1104,0.04625,2,平时
2/16/2020 18:00,,1.08454,0.027,0.05,0.1104,0.04625,2,高峰
2/16/2020 19:00,,1.08454,0.027,0.05,0.1104,0.04625,2,高峰
2/16/2020 20:00,,1.08454,0.027,0.05,0.1104,0.04625,2,高峰
2/16/2020 21:00,,1.08454,0.027,0.05,0.1104,0.04625,2,高峰
2/16/2020 22:00,,1.08454,0.027,0.05,0.1104,0.04625,2,高峰
2/16/2020 23:00,,0.30582,0.027,0.05,0.1104,0.04625,2,低谷
2/17/2020 0:00,,0.30582,0.027,0.05,0.1104,0.04625,2,低谷
2/17/2020 1:00,,0.30582,0.027,0.05,0.1104,0.04625,2,低谷
2/17/2020 2:00,,0.30582,0.027,0.05,0.1104,0.04625,2,低谷
2/17/2020 3:00,,0.30582,0.027,0.05,0.1104,0.04625,2,低谷
2/17/2020 4:00,,0.30582,0.027,0.05,0.1104,0.04625,2,低谷
2/17/2020 5:00,,0.30582,0.027,0.05,0.1104,0.04625,2,低谷
2/17/2020 6:00,,0.30582,0.027,0.05,0.1104,0.04625,2,低谷
2/17/2020 7:00,,0.68618,0.027,0.05,0.1104,0.04625,2,平时
2/17/2020 8:00,,0.68618,0.027,0.05,0.1104,0.04625,2,平时
2/17/2020 9:00,,0.68618,0.027,0.05,0.1104,0.04625,2,平时
2/17/2020 10:00,,0.68618,0.027,0.05,0.1104,0.04625,2,平时
2/17/2020 11:00,,1.08454,0.027,0.05,0.1104,0.04625,2,高峰
2/17/2020 12:00,,1.08454,0.027,0.05,0.1104,0.04625,2,高峰
2/17/2020 13:00,,1.08454,0.027,0.05,0.1104,0.04625,2,高峰
2/17/2020 14:00,,0.68618,0.027,0.05,0.1104,0.04625,2,平时
2/17/2020 15:00,,0.68618,0.027,0.05,0.1104,0.04625,2,平时
2/17/2020 16:00,,0.68618,0.027,0.05,0.1104,0.04625,2,平时
2/17/2020 17:00,,0.68618,0.027,0.05,0.1104,0.04625,2,平时
2/17/2020 18:00,,1.08454,0.027,0.05,0.1104,0.04625,2,高峰
2/17/2020 19:00,,1.08454,0.027,0.05,0.1104,0.04625,2,高峰
2/17/2020 20:00,,1.08454,0.027,0.05,0.1104,0.04625,2,高峰
2/17/2020 21:00,,1.08454,0.027,0.05,0.1104,0.04625,2,高峰
2/17/2020 22:00,,1.08454,0.027,0.05,0.1104,0.04625,2,高峰
2/17/2020 23:00,,0.30582,0.027,0.05,0.1104,0.04625,2,低谷
2/18/2020 0:00,,0.30582,0.027,0.05,0.1104,0.04625,2,低谷
2/18/2020 1:00,,0.30582,0.027,0.05,0.1104,0.04625,2,低谷
2/18/2020 2:00,,0.30582,0.027,0.05,0.1104,0.04625,2,低谷
2/18/2020 3:00,,0.30582,0.027,0.05,0.1104,0.04625,2,低谷
2/18/2020 4:00,,0.30582,0.027,0.05,0.1104,0.04625,2,低谷
2/18/2020 5:00,,0.30582,0.027,0.05,0.1104,0.04625,2,低谷
2/18/2020 6:00,,0.30582,0.027,0.05,0.1104,0.04625,2,低谷
2/18/2020 7:00,,0.68618,0.027,0.05,0.1104,0.04625,2,平时
2/18/2020 8:00,,0.68618,0.027,0.05,0.1104,0.04625,2,平时
2/18/2020 9:00,,0.68618,0.027,0.05,0.1104,0.04625,2,平时
2/18/2020 10:00,,0.68618,0.027,0.05,0.1104,0.04625,2,平时
2/18/2020 11:00,,1.08454,0.027,0.05,0.1104,0.04625,2,高峰
2/18/2020 12:00,,1.08454,0.027,0.05,0.1104,0.04625,2,高峰
2/18/2020 13:00,,1.08454,0.027,0.05,0.1104,0.04625,2,高峰
2/18/2020 14:00,,0.68618,0.027,0.05,0.1104,0.04625,2,平时
2/18/2020 15:00,,0.68618,0.027,0.05,0.1104,0.04625,2,平时
2/18/2020 16:00,,0.68618,0.027,0.05,0.1104,0.04625,2,平时
2/18/2020 17:00,,0.68618,0.027,0.05,0.1104,0.04625,2,平时
2/18/2020 18:00,,1.08454,0.027,0.05,0.1104,0.04625,2,高峰
2/18/2020 19:00,,1.08454,0.027,0.05,0.1104,0.04625,2,高峰
2/18/2020 20:00,,1.08454,0.027,0.05,0.1104,0.04625,2,高峰
2/18/2020 21:00,,1.08454,0.027,0.05,0.1104,0.04625,2,高峰
2/18/2020 22:00,,1.08454,0.027,0.05,0.1104,0.04625,2,高峰
2/18/2020 23:00,,0.30582,0.027,0.05,0.1104,0.04625,2,低谷
2/19/2020 0:00,,0.30582,0.027,0.05,0.1104,0.04625,2,低谷
2/19/2020 1:00,,0.30582,0.027,0.05,0.1104,0.04625,2,低谷
2/19/2020 2:00,,0.30582,0.027,0.05,0.1104,0.04625,2,低谷
2/19/2020 3:00,,0.30582,0.027,0.05,0.1104,0.04625,2,低谷
2/19/2020 4:00,,0.30582,0.027,0.05,0.1104,0.04625,2,低谷
2/19/2020 5:00,,0.30582,0.027,0.05,0.1104,0.04625,2,低谷
2/19/2020 6:00,,0.30582,0.027,0.05,0.1104,0.04625,2,低谷
2/19/2020 7:00,,0.68618,0.027,0.05,0.1104,0.04625,2,平时
2/19/2020 8:00,,0.68618,0.027,0.05,0.1104,0.04625,2,平时
2/19/2020 9:00,,0.68618,0.027,0.05,0.1104,0.04625,2,平时
2/19/2020 10:00,,0.68618,0.027,0.05,0.1104,0.04625,2,平时
2/19/2020 11:00,,1.08454,0.027,0.05,0.1104,0.04625,2,高峰
2/19/2020 12:00,,1.08454,0.027,0.05,0.1104,0.04625,2,高峰
2/19/2020 13:00,,1.08454,0.027,0.05,0.1104,0.04625,2,高峰
2/19/2020 14:00,,0.68618,0.027,0.05,0.1104,0.04625,2,平时
2/19/2020 15:00,,0.68618,0.027,0.05,0.1104,0.04625,2,平时
2/19/2020 16:00,,0.68618,0.027,0.05,0.1104,0.04625,2,平时
2/19/2020 17:00,,0.68618,0.027,0.05,0.1104,0.04625,2,平时
2/19/2020 18:00,,1.08454,0.027,0.05,0.1104,0.04625,2,高峰
2/19/2020 19:00,,1.08454,0.027,0.05,0.1104,0.04625,2,高峰
2/19/2020 20:00,,1.08454,0.027,0.05,0.1104,0.04625,2,高峰
2/19/2020 21:00,,1.08454,0.027,0.05,0.1104,0.04625,2,高峰
2/19/2020 22:00,,1.08454,0.027,0.05,0.1104,0.04625,2,高峰
2/19/2020 23:00,,0.30582,0.027,0.05,0.1104,0.04625,2,低谷
2/20/2020 0:00,,0.30582,0.027,0.05,0.1104,0.04625,2,低谷
2/20/2020 1:00,,0.30582,0.027,0.05,0.1104,0.04625,2,低谷
2/20/2020 2:00,,0.30582,0.027,0.05,0.1104,0.04625,2,低谷
2/20/2020 3:00,,0.30582,0.027,0.05,0.1104,0.04625,2,低谷
2/20/2020 4:00,,0.30582,0.027,0.05,0.1104,0.04625,2,低谷
2/20/2020 5:00,,0.30582,0.027,0.05,0.1104,0.04625,2,低谷
2/20/2020 6:00,,0.30582,0.027,0.05,0.1104,0.04625,2,低谷
2/20/2020 7:00,,0.68618,0.027,0.05,0.1104,0.04625,2,平时
2/20/2020 8:00,,0.68618,0.027,0.05,0.1104,0.04625,2,平时
2/20/2020 9:00,,0.68618,0.027,0.05,0.1104,0.04625,2,平时
2/20/2020 10:00,,0.68618,0.027,0.05,0.1104,0.04625,2,平时
2/20/2020 11:00,,1.08454,0.027,0.05,0.1104,0.04625,2,高峰
2/20/2020 12:00,,1.08454,0.027,0.05,0.1104,0.04625,2,高峰
2/20/2020 13:00,,1.08454,0.027,0.05,0.1104,0.04625,2,高峰
2/20/2020 14:00,,0.68618,0.027,0.05,0.1104,0.04625,2,平时
2/20/2020 15:00,,0.68618,0.027,0.05,0.1104,0.04625,2,平时
2/20/2020 16:00,,0.68618,0.027,0.05,0.1104,0.04625,2,平时
2/20/2020 17:00,,0.68618,0.027,0.05,0.1104,0.04625,2,平时
2/20/2020 18:00,,1.08454,0.027,0.05,0.1104,0.04625,2,高峰
2/20/2020 19:00,,1.08454,0.027,0.05,0.1104,0.04625,2,高峰
2/20/2020 20:00,,1.08454,0.027,0.05,0.1104,0.04625,2,高峰
2/20/2020 21:00,,1.08454,0.027,0.05,0.1104,0.04625,2,高峰
2/20/2020 22:00,,1.08454,0.027,0.05,0.1104,0.04625,2,高峰
2/20/2020 23:00,,0.30582,0.027,0.05,0.1104,0.04625,2,低谷
2/21/2020 0:00,,0.30582,0.027,0.05,0.1104,0.04625,2,低谷
2/21/2020 1:00,,0.30582,0.027,0.05,0.1104,0.04625,2,低谷
2/21/2020 2:00,,0.30582,0.027,0.05,0.1104,0.04625,2,低谷
2/21/2020 3:00,,0.30582,0.027,0.05,0.1104,0.04625,2,低谷
2/21/2020 4:00,,0.30582,0.027,0.05,0.1104,0.04625,2,低谷
2/21/2020 5:00,,0.30582,0.027,0.05,0.1104,0.04625,2,低谷
2/21/2020 6:00,,0.30582,0.027,0.05,0.1104,0.04625,2,低谷
2/21/2020 7:00,,0.68618,0.027,0.05,0.1104,0.04625,2,平时
2/21/2020 8:00,,0.68618,0.027,0.05,0.1104,0.04625,2,平时
2/21/2020 9:00,,0.68618,0.027,0.05,0.1104,0.04625,2,平时
2/21/2020 10:00,,0.68618,0.027,0.05,0.1104,0.04625,2,平时
2/21/2020 11:00,,1.08454,0.027,0.05,0.1104,0.04625,2,高峰
2/21/2020 12:00,,1.08454,0.027,0.05,0.1104,0.04625,2,高峰
2/21/2020 13:00,,1.08454,0.027,0.05,0.1104,0.04625,2,高峰
2/21/2020 14:00,,0.68618,0.027,0.05,0.1104,0.04625,2,平时
2/21/2020 15:00,,0.68618,0.027,0.05,0.1104,0.04625,2,平时
2/21/2020 16:00,,0.68618,0.027,0.05,0.1104,0.04625,2,平时
2/21/2020 17:00,,0.68618,0.027,0.05,0.1104,0.04625,2,平时
2/21/2020 18:00,,1.08454,0.027,0.05,0.1104,0.04625,2,高峰
2/21/2020 19:00,,1.08454,0.027,0.05,0.1104,0.04625,2,高峰
2/21/2020 20:00,,1.08454,0.027,0.05,0.1104,0.04625,2,高峰
2/21/2020 21:00,,1.08454,0.027,0.05,0.1104,0.04625,2,高峰
2/21/2020 22:00,,1.08454,0.027,0.05,0.1104,0.04625,2,高峰
2/21/2020 23:00,,0.30582,0.027,0.05,0.1104,0.04625,2,低谷
2/22/2020 0:00,,0.30582,0.027,0.05,0.1104,0.04625,2,低谷
2/22/2020 1:00,,0.30582,0.027,0.05,0.1104,0.04625,2,低谷
2/22/2020 2:00,,0.30582,0.027,0.05,0.1104,0.04625,2,低谷
2/22/2020 3:00,,0.30582,0.027,0.05,0.1104,0.04625,2,低谷
2/22/2020 4:00,,0.30582,0.027,0.05,0.1104,0.04625,2,低谷
2/22/2020 5:00,,0.30582,0.027,0.05,0.1104,0.04625,2,低谷
2/22/2020 6:00,,0.30582,0.027,0.05,0.1104,0.04625,2,低谷
2/22/2020 7:00,,0.68618,0.027,0.05,0.1104,0.04625,2,平时
2/22/2020 8:00,,0.68618,0.027,0.05,0.1104,0.04625,2,平时
2/22/2020 9:00,,0.68618,0.027,0.05,0.1104,0.04625,2,平时
2/22/2020 10:00,,0.68618,0.027,0.05,0.1104,0.04625,2,平时
2/22/2020 11:00,,1.08454,0.027,0.05,0.1104,0.04625,2,高峰
2/22/2020 12:00,,1.08454,0.027,0.05,0.1104,0.04625,2,高峰
2/22/2020 13:00,,1.08454,0.027,0.05,0.1104,0.04625,2,高峰
2/22/2020 14:00,,0.68618,0.027,0.05,0.1104,0.04625,2,平时
2/22/2020 15:00,,0.68618,0.027,0.05,0.1104,0.04625,2,平时
2/22/2020 16:00,,0.68618,0.027,0.05,0.1104,0.04625,2,平时
2/22/2020 17:00,,0.68618,0.027,0.05,0.1104,0.04625,2,平时
2/22/2020 18:00,,1.08454,0.027,0.05,0.1104,0.04625,2,高峰
2/22/2020 19:00,,1.08454,0.027,0.05,0.1104,0.04625,2,高峰
2/22/2020 20:00,,1.08454,0.027,0.05,0.1104,0.04625,2,高峰
2/22/2020 21:00,,1.08454,0.027,0.05,0.1104,0.04625,2,高峰
2/22/2020 22:00,,1.08454,0.027,0.05,0.1104,0.04625,2,高峰
2/22/2020 23:00,,0.30582,0.027,0.05,0.1104,0.04625,2,低谷
2/23/2020 0:00,,0.30582,0.027,0.05,0.1104,0.04625,2,低谷
2/23/2020 1:00,,0.30582,0.027,0.05,0.1104,0.04625,2,低谷
2/23/2020 2:00,,0.30582,0.027,0.05,0.1104,0.04625,2,低谷
2/23/2020 3:00,,0.30582,0.027,0.05,0.1104,0.04625,2,低谷
2/23/2020 4:00,,0.30582,0.027,0.05,0.1104,0.04625,2,低谷
2/23/2020 5:00,,0.30582,0.027,0.05,0.1104,0.04625,2,低谷
2/23/2020 6:00,,0.30582,0.027,0.05,0.1104,0.04625,2,低谷
2/23/2020 7:00,,0.68618,0.027,0.05,0.1104,0.04625,2,平时
2/23/2020 8:00,,0.68618,0.027,0.05,0.1104,0.04625,2,平时
2/23/2020 9:00,,0.68618,0.027,0.05,0.1104,0.04625,2,平时
2/23/2020 10:00,,0.68618,0.027,0.05,0.1104,0.04625,2,平时
2/23/2020 11:00,,1.08454,0.027,0.05,0.1104,0.04625,2,高峰
2/23/2020 12:00,,1.08454,0.027,0.05,0.1104,0.04625,2,高峰
2/23/2020 13:00,,1.08454,0.027,0.05,0.1104,0.04625,2,高峰
2/23/2020 14:00,,0.68618,0.027,0.05,0.1104,0.04625,2,平时
2/23/2020 15:00,,0.68618,0.027,0.05,0.1104,0.04625,2,平时
2/23/2020 16:00,,0.68618,0.027,0.05,0.1104,0.04625,2,平时
2/23/2020 17:00,,0.68618,0.027,0.05,0.1104,0.04625,2,平时
2/23/2020 18:00,,1.08454,0.027,0.05,0.1104,0.04625,2,高峰
2/23/2020 19:00,,1.08454,0.027,0.05,0.1104,0.04625,2,高峰
2/23/2020 20:00,,1.08454,0.027,0.05,0.1104,0.04625,2,高峰
2/23/2020 21:00,,1.08454,0.027,0.05,0.1104,0.04625,2,高峰
2/23/2020 22:00,,1.08454,0.027,0.05,0.1104,0.04625,2,高峰
2/23/2020 23:00,,0.30582,0.027,0.05,0.1104,0.04625,2,低谷
2/24/2020 0:00,,0.30582,0.027,0.05,0.1104,0.04625,2,低谷
2/24/2020 1:00,,0.30582,0.027,0.05,0.1104,0.04625,2,低谷
2/24/2020 2:00,,0.30582,0.027,0.05,0.1104,0.04625,2,低谷
2/24/2020 3:00,,0.30582,0.027,0.05,0.1104,0.04625,2,低谷
2/24/2020 4:00,,0.30582,0.027,0.05,0.1104,0.04625,2,低谷
2/24/2020 5:00,,0.30582,0.027,0.05,0.1104,0.04625,2,低谷
2/24/2020 6:00,,0.30582,0.027,0.05,0.1104,0.04625,2,低谷
2/24/2020 7:00,,0.68618,0.027,0.05,0.1104,0.04625,2,平时
2/24/2020 8:00,,0.68618,0.027,0.05,0.1104,0.04625,2,平时
2/24/2020 9:00,,0.68618,0.027,0.05,0.1104,0.04625,2,平时
2/24/2020 10:00,,0.68618,0.027,0.05,0.1104,0.04625,2,平时
2/24/2020 11:00,,1.08454,0.027,0.05,0.1104,0.04625,2,高峰
2/24/2020 12:00,,1.08454,0.027,0.05,0.1104,0.04625,2,高峰
2/24/2020 13:00,,1.08454,0.027,0.05,0.1104,0.04625,2,高峰
2/24/2020 14:00,,0.68618,0.027,0.05,0.1104,0.04625,2,平时
2/24/2020 15:00,,0.68618,0.027,0.05,0.1104,0.04625,2,平时
2/24/2020 16:00,,0.68618,0.027,0.05,0.1104,0.04625,2,平时
2/24/2020 17:00,,0.68618,0.027,0.05,0.1104,0.04625,2,平时
2/24/2020 18:00,,1.08454,0.027,0.05,0.1104,0.04625,2,高峰
2/24/2020 19:00,,1.08454,0.027,0.05,0.1104,0.04625,2,高峰
2/24/2020 20:00,,1.08454,0.027,0.05,0.1104,0.04625,2,高峰
2/24/2020 21:00,,1.08454,0.027,0.05,0.1104,0.04625,2,高峰
2/24/2020 22:00,,1.08454,0.027,0.05,0.1104,0.04625,2,高峰
2/24/2020 23:00,,0.30582,0.027,0.05,0.1104,0.04625,2,低谷
2/25/2020 0:00,,0.30582,0.027,0.05,0.1104,0.04625,2,低谷
2/25/2020 1:00,,0.30582,0.027,0.05,0.1104,0.04625,2,低谷
2/25/2020 2:00,,0.30582,0.027,0.05,0.1104,0.04625,2,低谷
2/25/2020 3:00,,0.30582,0.027,0.05,0.1104,0.04625,2,低谷
2/25/2020 4:00,,0.30582,0.027,0.05,0.1104,0.04625,2,低谷
2/25/2020 5:00,,0.30582,0.027,0.05,0.1104,0.04625,2,低谷
2/25/2020 6:00,,0.30582,0.027,0.05,0.1104,0.04625,2,低谷
2/25/2020 7:00,,0.68618,0.027,0.05,0.1104,0.04625,2,平时
2/25/2020 8:00,,0.68618,0.027,0.05,0.1104,0.04625,2,平时
2/25/2020 9:00,,0.68618,0.027,0.05,0.1104,0.04625,2,平时
2/25/2020 10:00,,0.68618,0.027,0.05,0.1104,0.04625,2,平时
2/25/2020 11:00,,1.08454,0.027,0.05,0.1104,0.04625,2,高峰
2/25/2020 12:00,,1.08454,0.027,0.05,0.1104,0.04625,2,高峰
2/25/2020 13:00,,1.08454,0.027,0.05,0.1104,0.04625,2,高峰
2/25/2020 14:00,,0.68618,0.027,0.05,0.1104,0.04625,2,平时
2/25/2020 15:00,,0.68618,0.027,0.05,0.1104,0.04625,2,平时
2/25/2020 16:00,,0.68618,0.027,0.05,0.1104,0.04625,2,平时
2/25/2020 17:00,,0.68618,0.027,0.05,0.1104,0.04625,2,平时
2/25/2020 18:00,,1.08454,0.027,0.05,0.1104,0.04625,2,高峰
2/25/2020 19:00,,1.08454,0.027,0.05,0.1104,0.04625,2,高峰
2/25/2020 20:00,,1.08454,0.027,0.05,0.1104,0.04625,2,高峰
2/25/2020 21:00,,1.08454,0.027,0.05,0.1104,0.04625,2,高峰
2/25/2020 22:00,,1.08454,0.027,0.05,0.1104,0.04625,2,高峰
2/25/2020 23:00,,0.30582,0.027,0.05,0.1104,0.04625,2,低谷
2/26/2020 0:00,,0.30582,0.027,0.05,0.1104,0.04625,2,低谷
2/26/2020 1:00,,0.30582,0.027,0.05,0.1104,0.04625,2,低谷
2/26/2020 2:00,,0.30582,0.027,0.05,0.1104,0.04625,2,低谷
2/26/2020 3:00,,0.30582,0.027,0.05,0.1104,0.04625,2,低谷
2/26/2020 4:00,,0.30582,0.027,0.05,0.1104,0.04625,2,低谷
2/26/2020 5:00,,0.30582,0.027,0.05,0.1104,0.04625,2,低谷
2/26/2020 6:00,,0.30582,0.027,0.05,0.1104,0.04625,2,低谷
2/26/2020 7:00,,0.68618,0.027,0.05,0.1104,0.04625,2,平时
2/26/2020 8:00,,0.68618,0.027,0.05,0.1104,0.04625,2,平时
2/26/2020 9:00,,0.68618,0.027,0.05,0.1104,0.04625,2,平时
2/26/2020 10:00,,0.68618,0.027,0.05,0.1104,0.04625,2,平时
2/26/2020 11:00,,1.08454,0.027,0.05,0.1104,0.04625,2,高峰
2/26/2020 12:00,,1.08454,0.027,0.05,0.1104,0.04625,2,高峰
2/26/2020 13:00,,1.08454,0.027,0.05,0.1104,0.04625,2,高峰
2/26/2020 14:00,,0.68618,0.027,0.05,0.1104,0.04625,2,平时
2/26/2020 15:00,,0.68618,0.027,0.05,0.1104,0.04625,2,平时
2/26/2020 16:00,,0.68618,0.027,0.05,0.1104,0.04625,2,平时
2/26/2020 17:00,,0.68618,0.027,0.05,0.1104,0.04625,2,平时
2/26/2020 18:00,,1.08454,0.027,0.05,0.1104,0.04625,2,高峰
2/26/2020 19:00,,1.08454,0.027,0.05,0.1104,0.04625,2,高峰
2/26/2020 20:00,,1.08454,0.027,0.05,0.1104,0.04625,2,高峰
2/26/2020 21:00,,1.08454,0.027,0.05,0.1104,0.04625,2,高峰
2/26/2020 22:00,,1.08454,0.027,0.05,0.1104,0.04625,2,高峰
2/26/2020 23:00,,0.30582,0.027,0.05,0.1104,0.04625,2,低谷
2/27/2020 0:00,,0.30582,0.027,0.05,0.1104,0.04625,2,低谷
2/27/2020 1:00,,0.30582,0.027,0.05,0.1104,0.04625,2,低谷
2/27/2020 2:00,,0.30582,0.027,0.05,0.1104,0.04625,2,低谷
2/27/2020 3:00,,0.30582,0.027,0.05,0.1104,0.04625,2,低谷
2/27/2020 4:00,,0.30582,0.027,0.05,0.1104,0.04625,2,低谷
2/27/2020 5:00,,0.30582,0.027,0.05,0.1104,0.04625,2,低谷
2/27/2020 6:00,,0.30582,0.027,0.05,0.1104,0.04625,2,低谷
2/27/2020 7:00,,0.68618,0.027,0.05,0.1104,0.04625,2,平时
2/27/2020 8:00,,0.68618,0.027,0.05,0.1104,0.04625,2,平时
2/27/2020 9:00,,0.68618,0.027,0.05,0.1104,0.04625,2,平时
2/27/2020 10:00,,0.68618,0.027,0.05,0.1104,0.04625,2,平时
2/27/2020 11:00,,1.08454,0.027,0.05,0.1104,0.04625,2,高峰
2/27/2020 12:00,,1.08454,0.027,0.05,0.1104,0.04625,2,高峰
2/27/2020 13:00,,1.08454,0.027,0.05,0.1104,0.04625,2,高峰
2/27/2020 14:00,,0.68618,0.027,0.05,0.1104,0.04625,2,平时
2/27/2020 15:00,,0.68618,0.027,0.05,0.1104,0.04625,2,平时
2/27/2020 16:00,,0.68618,0.027,0.05,0.1104,0.04625,2,平时
2/27/2020 17:00,,0.68618,0.027,0.05,0.1104,0.04625,2,平时
2/27/2020 18:00,,1.08454,0.027,0.05,0.1104,0.04625,2,高峰
2/27/2020 19:00,,1.08454,0.027,0.05,0.1104,0.04625,2,高峰
2/27/2020 20:00,,1.08454,0.027,0.05,0.1104,0.04625,2,高峰
2/27/2020 21:00,,1.08454,0.027,0.05,0.1104,0.04625,2,高峰
2/27/2020 22:00,,1.08454,0.027,0.05,0.1104,0.04625,2,高峰
2/27/2020 23:00,,0.30582,0.027,0.05,0.1104,0.04625,2,低谷
2/28/2020 0:00,,0.30582,0.027,0.05,0.1104,0.04625,2,低谷
2/28/2020 1:00,,0.30582,0.027,0.05,0.1104,0.04625,2,低谷
2/28/2020 2:00,,0.30582,0.027,0.05,0.1104,0.04625,2,低谷
2/28/2020 3:00,,0.30582,0.027,0.05,0.1104,0.04625,2,低谷
2/28/2020 4:00,,0.30582,0.027,0.05,0.1104,0.04625,2,低谷
2/28/2020 5:00,,0.30582,0.027,0.05,0.1104,0.04625,2,低谷
2/28/2020 6:00,,0.30582,0.027,0.05,0.1104,0.04625,2,低谷
2/28/2020 7:00,,0.68618,0.027,0.05,0.1104,0.04625,2,平时
2/28/2020 8:00,,0.68618,0.027,0.05,0.1104,0.04625,2,平时
2/28/2020 9:00,,0.68618,0.027,0.05,0.1104,0.04625,2,平时
2/28/2020 10:00,,0.68618,0.027,0.05,0.1104,0.04625,2,平时
2/28/2020 11:00,,1.08454,0.027,0.05,0.1104,0.04625,2,高峰
2/28/2020 12:00,,1.08454,0.027,0.05,0.1104,0.04625,2,高峰
2/28/2020 13:00,,1.08454,0.027,0.05,0.1104,0.04625,2,高峰
2/28/2020 14:00,,0.68618,0.027,0.05,0.1104,0.04625,2,平时
2/28/2020 15:00,,0.68618,0.027,0.05,0.1104,0.04625,2,平时
2/28/2020 16:00,,0.68618,0.027,0.05,0.1104,0.04625,2,平时
2/28/2020 17:00,,0.68618,0.027,0.05,0.1104,0.04625,2,平时
2/28/2020 18:00,,1.08454,0.027,0.05,0.1104,0.04625,2,高峰
2/28/2020 19:00,,1.08454,0.027,0.05,0.1104,0.04625,2,高峰
2/28/2020 20:00,,1.08454,0.027,0.05,0.1104,0.04625,2,高峰
2/28/2020 21:00,,1.08454,0.027,0.05,0.1104,0.04625,2,高峰
2/28/2020 22:00,,1.08454,0.027,0.05,0.1104,0.04625,2,高峰
2/28/2020 23:00,,0.30582,0.027,0.05,0.1104,0.04625,2,低谷
3/1/2020 0:00,,0.30325,0.027,0.05,0.1104,0.04625,3,低谷
3/1/2020 1:00,,0.30325,0.027,0.05,0.1104,0.04625,3,低谷
3/1/2020 2:00,,0.30325,0.027,0.05,0.1104,0.04625,3,低谷
3/1/2020 3:00,,0.30325,0.027,0.05,0.1104,0.04625,3,低谷
3/1/2020 4:00,,0.30325,0.027,0.05,0.1104,0.04625,3,低谷
3/1/2020 5:00,,0.30325,0.027,0.05,0.1104,0.04625,3,低谷
3/1/2020 6:00,,0.30325,0.027,0.05,0.1104,0.04625,3,低谷
3/1/2020 7:00,,0.8482,0.027,0.05,0.1104,0.04625,3,平时
3/1/2020 8:00,,0.8482,0.027,0.05,0.1104,0.04625,3,平时
3/1/2020 9:00,,0.8482,0.027,0.05,0.1104,0.04625,3,平时
3/1/2020 10:00,,0.8482,0.027,0.05,0.1104,0.04625,3,平时
3/1/2020 11:00,,1.07427,0.027,0.05,0.1104,0.04625,3,高峰
3/1/2020 12:00,,1.07427,0.027,0.05,0.1104,0.04625,3,高峰
3/1/2020 13:00,,1.07427,0.027,0.05,0.1104,0.04625,3,高峰
3/1/2020 14:00,,0.8482,0.027,0.05,0.1104,0.04625,3,平时
3/1/2020 15:00,,0.8482,0.027,0.05,0.1104,0.04625,3,平时
3/1/2020 16:00,,0.8482,0.027,0.05,0.1104,0.04625,3,平时
3/1/2020 17:00,,0.8482,0.027,0.05,0.1104,0.04625,3,平时
3/1/2020 18:00,,1.07427,0.027,0.05,0.1104,0.04625,3,高峰
3/1/2020 19:00,,1.07427,0.027,0.05,0.1104,0.04625,3,高峰
3/1/2020 20:00,,1.07427,0.027,0.05,0.1104,0.04625,3,高峰
3/1/2020 21:00,,1.07427,0.027,0.05,0.1104,0.04625,3,高峰
3/1/2020 22:00,,1.07427,0.027,0.05,0.1104,0.04625,3,高峰
3/1/2020 23:00,,0.30325,0.027,0.05,0.1104,0.04625,3,低谷
3/2/2020 0:00,,0.30325,0.027,0.05,0.1104,0.04625,3,低谷
3/2/2020 1:00,,0.30325,0.027,0.05,0.1104,0.04625,3,低谷
3/2/2020 2:00,,0.30325,0.027,0.05,0.1104,0.04625,3,低谷
3/2/2020 3:00,,0.30325,0.027,0.05,0.1104,0.04625,3,低谷
3/2/2020 4:00,,0.30325,0.027,0.05,0.1104,0.04625,3,低谷
3/2/2020 5:00,,0.30325,0.027,0.05,0.1104,0.04625,3,低谷
3/2/2020 6:00,,0.30325,0.027,0.05,0.1104,0.04625,3,低谷
3/2/2020 7:00,,0.8482,0.027,0.05,0.1104,0.04625,3,平时
3/2/2020 8:00,,0.8482,0.027,0.05,0.1104,0.04625,3,平时
3/2/2020 9:00,,0.8482,0.027,0.05,0.1104,0.04625,3,平时
3/2/2020 10:00,,0.8482,0.027,0.05,0.1104,0.04625,3,平时
3/2/2020 11:00,,1.07427,0.027,0.05,0.1104,0.04625,3,高峰
3/2/2020 12:00,,1.07427,0.027,0.05,0.1104,0.04625,3,高峰
3/2/2020 13:00,,1.07427,0.027,0.05,0.1104,0.04625,3,高峰
3/2/2020 14:00,,0.8482,0.027,0.05,0.1104,0.04625,3,平时
3/2/2020 15:00,,0.8482,0.027,0.05,0.1104,0.04625,3,平时
3/2/2020 16:00,,0.8482,0.027,0.05,0.1104,0.04625,3,平时
3/2/2020 17:00,,0.8482,0.027,0.05,0.1104,0.04625,3,平时
3/2/2020 18:00,,1.07427,0.027,0.05,0.1104,0.04625,3,高峰
3/2/2020 19:00,,1.07427,0.027,0.05,0.1104,0.04625,3,高峰
3/2/2020 20:00,,1.07427,0.027,0.05,0.1104,0.04625,3,高峰
3/2/2020 21:00,,1.07427,0.027,0.05,0.1104,0.04625,3,高峰
3/2/2020 22:00,,1.07427,0.027,0.05,0.1104,0.04625,3,高峰
3/2/2020 23:00,,0.30325,0.027,0.05,0.1104,0.04625,3,低谷
3/3/2020 0:00,,0.30325,0.027,0.05,0.1104,0.04625,3,低谷
3/3/2020 1:00,,0.30325,0.027,0.05,0.1104,0.04625,3,低谷
3/3/2020 2:00,,0.30325,0.027,0.05,0.1104,0.04625,3,低谷
3/3/2020 3:00,,0.30325,0.027,0.05,0.1104,0.04625,3,低谷
3/3/2020 4:00,,0.30325,0.027,0.05,0.1104,0.04625,3,低谷
3/3/2020 5:00,,0.30325,0.027,0.05,0.1104,0.04625,3,低谷
3/3/2020 6:00,,0.30325,0.027,0.05,0.1104,0.04625,3,低谷
3/3/2020 7:00,,0.8482,0.027,0.05,0.1104,0.04625,3,平时
3/3/2020 8:00,,0.8482,0.027,0.05,0.1104,0.04625,3,平时
3/3/2020 9:00,,0.8482,0.027,0.05,0.1104,0.04625,3,平时
3/3/2020 10:00,,0.8482,0.027,0.05,0.1104,0.04625,3,平时
3/3/2020 11:00,,1.07427,0.027,0.05,0.1104,0.04625,3,高峰
3/3/2020 12:00,,1.07427,0.027,0.05,0.1104,0.04625,3,高峰
3/3/2020 13:00,,1.07427,0.027,0.05,0.1104,0.04625,3,高峰
3/3/2020 14:00,,0.8482,0.027,0.05,0.1104,0.04625,3,平时
3/3/2020 15:00,,0.8482,0.027,0.05,0.1104,0.04625,3,平时
3/3/2020 16:00,,0.8482,0.027,0.05,0.1104,0.04625,3,平时
3/3/2020 17:00,,0.8482,0.027,0.05,0.1104,0.04625,3,平时
3/3/2020 18:00,,1.07427,0.027,0.05,0.1104,0.04625,3,高峰
3/3/2020 19:00,,1.07427,0.027,0.05,0.1104,0.04625,3,高峰
3/3/2020 20:00,,1.07427,0.027,0.05,0.1104,0.04625,3,高峰
3/3/2020 21:00,,1.07427,0.027,0.05,0.1104,0.04625,3,高峰
3/3/2020 22:00,,1.07427,0.027,0.05,0.1104,0.04625,3,高峰
3/3/2020 23:00,,0.30325,0.027,0.05,0.1104,0.04625,3,低谷
3/4/2020 0:00,,0.30325,0.027,0.05,0.1104,0.04625,3,低谷
3/4/2020 1:00,,0.30325,0.027,0.05,0.1104,0.04625,3,低谷
3/4/2020 2:00,,0.30325,0.027,0.05,0.1104,0.04625,3,低谷
3/4/2020 3:00,,0.30325,0.027,0.05,0.1104,0.04625,3,低谷
3/4/2020 4:00,,0.30325,0.027,0.05,0.1104,0.04625,3,低谷
3/4/2020 5:00,,0.30325,0.027,0.05,0.1104,0.04625,3,低谷
3/4/2020 6:00,,0.30325,0.027,0.05,0.1104,0.04625,3,低谷
3/4/2020 7:00,,0.8482,0.027,0.05,0.1104,0.04625,3,平时
3/4/2020 8:00,,0.8482,0.027,0.05,0.1104,0.04625,3,平时
3/4/2020 9:00,,0.8482,0.027,0.05,0.1104,0.04625,3,平时
3/4/2020 10:00,,0.8482,0.027,0.05,0.1104,0.04625,3,平时
3/4/2020 11:00,,1.07427,0.027,0.05,0.1104,0.04625,3,高峰
3/4/2020 12:00,,1.07427,0.027,0.05,0.1104,0.04625,3,高峰
3/4/2020 13:00,,1.07427,0.027,0.05,0.1104,0.04625,3,高峰
3/4/2020 14:00,,0.8482,0.027,0.05,0.1104,0.04625,3,平时
3/4/2020 15:00,,0.8482,0.027,0.05,0.1104,0.04625,3,平时
3/4/2020 16:00,,0.8482,0.027,0.05,0.1104,0.04625,3,平时
3/4/2020 17:00,,0.8482,0.027,0.05,0.1104,0.04625,3,平时
3/4/2020 18:00,,1.07427,0.027,0.05,0.1104,0.04625,3,高峰
3/4/2020 19:00,,1.07427,0.027,0.05,0.1104,0.04625,3,高峰
3/4/2020 20:00,,1.07427,0.027,0.05,0.1104,0.04625,3,高峰
3/4/2020 21:00,,1.07427,0.027,0.05,0.1104,0.04625,3,高峰
3/4/2020 22:00,,1.07427,0.027,0.05,0.1104,0.04625,3,高峰
3/4/2020 23:00,,0.30325,0.027,0.05,0.1104,0.04625,3,低谷
3/5/2020 0:00,,0.30325,0.027,0.05,0.1104,0.04625,3,低谷
3/5/2020 1:00,,0.30325,0.027,0.05,0.1104,0.04625,3,低谷
3/5/2020 2:00,,0.30325,0.027,0.05,0.1104,0.04625,3,低谷
3/5/2020 3:00,,0.30325,0.027,0.05,0.1104,0.04625,3,低谷
3/5/2020 4:00,,0.30325,0.027,0.05,0.1104,0.04625,3,低谷
3/5/2020 5:00,,0.30325,0.027,0.05,0.1104,0.04625,3,低谷
3/5/2020 6:00,,0.30325,0.027,0.05,0.1104,0.04625,3,低谷
3/5/2020 7:00,,0.8482,0.027,0.05,0.1104,0.04625,3,平时
3/5/2020 8:00,,0.8482,0.027,0.05,0.1104,0.04625,3,平时
3/5/2020 9:00,,0.8482,0.027,0.05,0.1104,0.04625,3,平时
3/5/2020 10:00,,0.8482,0.027,0.05,0.1104,0.04625,3,平时
3/5/2020 11:00,,1.07427,0.027,0.05,0.1104,0.04625,3,高峰
3/5/2020 12:00,,1.07427,0.027,0.05,0.1104,0.04625,3,高峰
3/5/2020 13:00,,1.07427,0.027,0.05,0.1104,0.04625,3,高峰
3/5/2020 14:00,,0.8482,0.027,0.05,0.1104,0.04625,3,平时
3/5/2020 15:00,,0.8482,0.027,0.05,0.1104,0.04625,3,平时
3/5/2020 16:00,,0.8482,0.027,0.05,0.1104,0.04625,3,平时
3/5/2020 17:00,,0.8482,0.027,0.05,0.1104,0.04625,3,平时
3/5/2020 18:00,,1.07427,0.027,0.05,0.1104,0.04625,3,高峰
3/5/2020 19:00,,1.07427,0.027,0.05,0.1104,0.04625,3,高峰
3/5/2020 20:00,,1.07427,0.027,0.05,0.1104,0.04625,3,高峰
3/5/2020 21:00,,1.07427,0.027,0.05,0.1104,0.04625,3,高峰
3/5/2020 22:00,,1.07427,0.027,0.05,0.1104,0.04625,3,高峰
3/5/2020 23:00,,0.30325,0.027,0.05,0.1104,0.04625,3,低谷
3/6/2020 0:00,,0.30325,0.027,0.05,0.1104,0.04625,3,低谷
3/6/2020 1:00,,0.30325,0.027,0.05,0.1104,0.04625,3,低谷
3/6/2020 2:00,,0.30325,0.027,0.05,0.1104,0.04625,3,低谷
3/6/2020 3:00,,0.30325,0.027,0.05,0.1104,0.04625,3,低谷
3/6/2020 4:00,,0.30325,0.027,0.05,0.1104,0.04625,3,低谷
3/6/2020 5:00,,0.30325,0.027,0.05,0.1104,0.04625,3,低谷
3/6/2020 6:00,,0.30325,0.027,0.05,0.1104,0.04625,3,低谷
3/6/2020 7:00,,0.8482,0.027,0.05,0.1104,0.04625,3,平时
3/6/2020 8:00,,0.8482,0.027,0.05,0.1104,0.04625,3,平时
3/6/2020 9:00,,0.8482,0.027,0.05,0.1104,0.04625,3,平时
3/6/2020 10:00,,0.8482,0.027,0.05,0.1104,0.04625,3,平时
3/6/2020 11:00,,1.07427,0.027,0.05,0.1104,0.04625,3,高峰
3/6/2020 12:00,,1.07427,0.027,0.05,0.1104,0.04625,3,高峰
3/6/2020 13:00,,1.07427,0.027,0.05,0.1104,0.04625,3,高峰
3/6/2020 14:00,,0.8482,0.027,0.05,0.1104,0.04625,3,平时
3/6/2020 15:00,,0.8482,0.027,0.05,0.1104,0.04625,3,平时
3/6/2020 16:00,,0.8482,0.027,0.05,0.1104,0.04625,3,平时
3/6/2020 17:00,,0.8482,0.027,0.05,0.1104,0.04625,3,平时
3/6/2020 18:00,,1.07427,0.027,0.05,0.1104,0.04625,3,高峰
3/6/2020 19:00,,1.07427,0.027,0.05,0.1104,0.04625,3,高峰
3/6/2020 20:00,,1.07427,0.027,0.05,0.1104,0.04625,3,高峰
3/6/2020 21:00,,1.07427,0.027,0.05,0.1104,0.04625,3,高峰
3/6/2020 22:00,,1.07427,0.027,0.05,0.1104,0.04625,3,高峰
3/6/2020 23:00,,0.30325,0.027,0.05,0.1104,0.04625,3,低谷
3/7/2020 0:00,,0.30325,0.027,0.05,0.1104,0.04625,3,低谷
3/7/2020 1:00,,0.30325,0.027,0.05,0.1104,0.04625,3,低谷
3/7/2020 2:00,,0.30325,0.027,0.05,0.1104,0.04625,3,低谷
3/7/2020 3:00,,0.30325,0.027,0.05,0.1104,0.04625,3,低谷
3/7/2020 4:00,,0.30325,0.027,0.05,0.1104,0.04625,3,低谷
3/7/2020 5:00,,0.30325,0.027,0.05,0.1104,0.04625,3,低谷
3/7/2020 6:00,,0.30325,0.027,0.05,0.1104,0.04625,3,低谷
3/7/2020 7:00,,0.8482,0.027,0.05,0.1104,0.04625,3,平时
3/7/2020 8:00,,0.8482,0.027,0.05,0.1104,0.04625,3,平时
3/7/2020 9:00,,0.8482,0.027,0.05,0.1104,0.04625,3,平时
3/7/2020 10:00,,0.8482,0.027,0.05,0.1104,0.04625,3,平时
3/7/2020 11:00,,1.07427,0.027,0.05,0.1104,0.04625,3,高峰
3/7/2020 12:00,,1.07427,0.027,0.05,0.1104,0.04625,3,高峰
3/7/2020 13:00,,1.07427,0.027,0.05,0.1104,0.04625,3,高峰
3/7/2020 14:00,,0.8482,0.027,0.05,0.1104,0.04625,3,平时
3/7/2020 15:00,,0.8482,0.027,0.05,0.1104,0.04625,3,平时
3/7/2020 16:00,,0.8482,0.027,0.05,0.1104,0.04625,3,平时
3/7/2020 17:00,,0.8482,0.027,0.05,0.1104,0.04625,3,平时
3/7/2020 18:00,,1.07427,0.027,0.05,0.1104,0.04625,3,高峰
3/7/2020 19:00,,1.07427,0.027,0.05,0.1104,0.04625,3,高峰
3/7/2020 20:00,,1.07427,0.027,0.05,0.1104,0.04625,3,高峰
3/7/2020 21:00,,1.07427,0.027,0.05,0.1104,0.04625,3,高峰
3/7/2020 22:00,,1.07427,0.027,0.05,0.1104,0.04625,3,高峰
3/7/2020 23:00,,0.30325,0.027,0.05,0.1104,0.04625,3,低谷
3/8/2020 0:00,,0.30325,0.027,0.05,0.1104,0.04625,3,低谷
3/8/2020 1:00,,0.30325,0.027,0.05,0.1104,0.04625,3,低谷
3/8/2020 2:00,,0.30325,0.027,0.05,0.1104,0.04625,3,低谷
3/8/2020 3:00,,0.30325,0.027,0.05,0.1104,0.04625,3,低谷
3/8/2020 4:00,,0.30325,0.027,0.05,0.1104,0.04625,3,低谷
3/8/2020 5:00,,0.30325,0.027,0.05,0.1104,0.04625,3,低谷
3/8/2020 6:00,,0.30325,0.027,0.05,0.1104,0.04625,3,低谷
3/8/2020 7:00,,0.8482,0.027,0.05,0.1104,0.04625,3,平时
3/8/2020 8:00,,0.8482,0.027,0.05,0.1104,0.04625,3,平时
3/8/2020 9:00,,0.8482,0.027,0.05,0.1104,0.04625,3,平时
3/8/2020 10:00,,0.8482,0.027,0.05,0.1104,0.04625,3,平时
3/8/2020 11:00,,1.07427,0.027,0.05,0.1104,0.04625,3,高峰
3/8/2020 12:00,,1.07427,0.027,0.05,0.1104,0.04625,3,高峰
3/8/2020 13:00,,1.07427,0.027,0.05,0.1104,0.04625,3,高峰
3/8/2020 14:00,,0.8482,0.027,0.05,0.1104,0.04625,3,平时
3/8/2020 15:00,,0.8482,0.027,0.05,0.1104,0.04625,3,平时
3/8/2020 16:00,,0.8482,0.027,0.05,0.1104,0.04625,3,平时
3/8/2020 17:00,,0.8482,0.027,0.05,0.1104,0.04625,3,平时
3/8/2020 18:00,,1.07427,0.027,0.05,0.1104,0.04625,3,高峰
3/8/2020 19:00,,1.07427,0.027,0.05,0.1104,0.04625,3,高峰
3/8/2020 20:00,,1.07427,0.027,0.05,0.1104,0.04625,3,高峰
3/8/2020 21:00,,1.07427,0.027,0.05,0.1104,0.04625,3,高峰
3/8/2020 22:00,,1.07427,0.027,0.05,0.1104,0.04625,3,高峰
3/8/2020 23:00,,0.30325,0.027,0.05,0.1104,0.04625,3,低谷
3/9/2020 0:00,,0.30325,0.027,0.05,0.1104,0.04625,3,低谷
3/9/2020 1:00,,0.30325,0.027,0.05,0.1104,0.04625,3,低谷
3/9/2020 2:00,,0.30325,0.027,0.05,0.1104,0.04625,3,低谷
3/9/2020 3:00,,0.30325,0.027,0.05,0.1104,0.04625,3,低谷
3/9/2020 4:00,,0.30325,0.027,0.05,0.1104,0.04625,3,低谷
3/9/2020 5:00,,0.30325,0.027,0.05,0.1104,0.04625,3,低谷
3/9/2020 6:00,,0.30325,0.027,0.05,0.1104,0.04625,3,低谷
3/9/2020 7:00,,0.8482,0.027,0.05,0.1104,0.04625,3,平时
3/9/2020 8:00,,0.8482,0.027,0.05,0.1104,0.04625,3,平时
3/9/2020 9:00,,0.8482,0.027,0.05,0.1104,0.04625,3,平时
3/9/2020 10:00,,0.8482,0.027,0.05,0.1104,0.04625,3,平时
3/9/2020 11:00,,1.07427,0.027,0.05,0.1104,0.04625,3,高峰
3/9/2020 12:00,,1.07427,0.027,0.05,0.1104,0.04625,3,高峰
3/9/2020 13:00,,1.07427,0.027,0.05,0.1104,0.04625,3,高峰
3/9/2020 14:00,,0.8482,0.027,0.05,0.1104,0.04625,3,平时
3/9/2020 15:00,,0.8482,0.027,0.05,0.1104,0.04625,3,平时
3/9/2020 16:00,,0.8482,0.027,0.05,0.1104,0.04625,3,平时
3/9/2020 17:00,,0.8482,0.027,0.05,0.1104,0.04625,3,平时
3/9/2020 18:00,,1.07427,0.027,0.05,0.1104,0.04625,3,高峰
3/9/2020 19:00,,1.07427,0.027,0.05,0.1104,0.04625,3,高峰
3/9/2020 20:00,,1.07427,0.027,0.05,0.1104,0.04625,3,高峰
3/9/2020 21:00,,1.07427,0.027,0.05,0.1104,0.04625,3,高峰
3/9/2020 22:00,,1.07427,0.027,0.05,0.1104,0.04625,3,高峰
3/9/2020 23:00,,0.30325,0.027,0.05,0.1104,0.04625,3,低谷
3/10/2020 0:00,,0.30325,0.027,0.05,0.1104,0.04625,3,低谷
3/10/2020 1:00,,0.30325,0.027,0.05,0.1104,0.04625,3,低谷
3/10/2020 2:00,,0.30325,0.027,0.05,0.1104,0.04625,3,低谷
3/10/2020 3:00,,0.30325,0.027,0.05,0.1104,0.04625,3,低谷
3/10/2020 4:00,,0.30325,0.027,0.05,0.1104,0.04625,3,低谷
3/10/2020 5:00,,0.30325,0.027,0.05,0.1104,0.04625,3,低谷
3/10/2020 6:00,,0.30325,0.027,0.05,0.1104,0.04625,3,低谷
3/10/2020 7:00,,0.8482,0.027,0.05,0.1104,0.04625,3,平时
3/10/2020 8:00,,0.8482,0.027,0.05,0.1104,0.04625,3,平时
3/10/2020 9:00,,0.8482,0.027,0.05,0.1104,0.04625,3,平时
3/10/2020 10:00,,0.8482,0.027,0.05,0.1104,0.04625,3,平时
3/10/2020 11:00,,1.07427,0.027,0.05,0.1104,0.04625,3,高峰
3/10/2020 12:00,,1.07427,0.027,0.05,0.1104,0.04625,3,高峰
3/10/2020 13:00,,1.07427,0.027,0.05,0.1104,0.04625,3,高峰
3/10/2020 14:00,,0.8482,0.027,0.05,0.1104,0.04625,3,平时
3/10/2020 15:00,,0.8482,0.027,0.05,0.1104,0.04625,3,平时
3/10/2020 16:00,,0.8482,0.027,0.05,0.1104,0.04625,3,平时
3/10/2020 17:00,,0.8482,0.027,0.05,0.1104,0.04625,3,平时
3/10/2020 18:00,,1.07427,0.027,0.05,0.1104,0.04625,3,高峰
3/10/2020 19:00,,1.07427,0.027,0.05,0.1104,0.04625,3,高峰
3/10/2020 20:00,,1.07427,0.027,0.05,0.1104,0.04625,3,高峰
3/10/2020 21:00,,1.07427,0.027,0.05,0.1104,0.04625,3,高峰
3/10/2020 22:00,,1.07427,0.027,0.05,0.1104,0.04625,3,高峰
3/10/2020 23:00,,0.30325,0.027,0.05,0.1104,0.04625,3,低谷
3/11/2020 0:00,,0.30325,0.027,0.05,0.1104,0.04625,3,低谷
3/11/2020 1:00,,0.30325,0.027,0.05,0.1104,0.04625,3,低谷
3/11/2020 2:00,,0.30325,0.027,0.05,0.1104,0.04625,3,低谷
3/11/2020 3:00,,0.30325,0.027,0.05,0.1104,0.04625,3,低谷
3/11/2020 4:00,,0.30325,0.027,0.05,0.1104,0.04625,3,低谷
3/11/2020 5:00,,0.30325,0.027,0.05,0.1104,0.04625,3,低谷
3/11/2020 6:00,,0.30325,0.027,0.05,0.1104,0.04625,3,低谷
3/11/2020 7:00,,0.8482,0.027,0.05,0.1104,0.04625,3,平时
3/11/2020 8:00,,0.8482,0.027,0.05,0.1104,0.04625,3,平时
3/11/2020 9:00,,0.8482,0.027,0.05,0.1104,0.04625,3,平时
3/11/2020 10:00,,0.8482,0.027,0.05,0.1104,0.04625,3,平时
3/11/2020 11:00,,1.07427,0.027,0.05,0.1104,0.04625,3,高峰
3/11/2020 12:00,,1.07427,0.027,0.05,0.1104,0.04625,3,高峰
3/11/2020 13:00,,1.07427,0.027,0.05,0.1104,0.04625,3,高峰
3/11/2020 14:00,,0.8482,0.027,0.05,0.1104,0.04625,3,平时
3/11/2020 15:00,,0.8482,0.027,0.05,0.1104,0.04625,3,平时
3/11/2020 16:00,,0.8482,0.027,0.05,0.1104,0.04625,3,平时
3/11/2020 17:00,,0.8482,0.027,0.05,0.1104,0.04625,3,平时
3/11/2020 18:00,,1.07427,0.027,0.05,0.1104,0.04625,3,高峰
3/11/2020 19:00,,1.07427,0.027,0.05,0.1104,0.04625,3,高峰
3/11/2020 20:00,,1.07427,0.027,0.05,0.1104,0.04625,3,高峰
3/11/2020 21:00,,1.07427,0.027,0.05,0.1104,0.04625,3,高峰
3/11/2020 22:00,,1.07427,0.027,0.05,0.1104,0.04625,3,高峰
3/11/2020 23:00,,0.30325,0.027,0.05,0.1104,0.04625,3,低谷
3/12/2020 0:00,,0.30325,0.027,0.05,0.1104,0.04625,3,低谷
3/12/2020 1:00,,0.30325,0.027,0.05,0.1104,0.04625,3,低谷
3/12/2020 2:00,,0.30325,0.027,0.05,0.1104,0.04625,3,低谷
3/12/2020 3:00,,0.30325,0.027,0.05,0.1104,0.04625,3,低谷
3/12/2020 4:00,,0.30325,0.027,0.05,0.1104,0.04625,3,低谷
3/12/2020 5:00,,0.30325,0.027,0.05,0.1104,0.04625,3,低谷
3/12/2020 6:00,,0.30325,0.027,0.05,0.1104,0.04625,3,低谷
3/12/2020 7:00,,0.8482,0.027,0.05,0.1104,0.04625,3,平时
3/12/2020 8:00,,0.8482,0.027,0.05,0.1104,0.04625,3,平时
3/12/2020 9:00,,0.8482,0.027,0.05,0.1104,0.04625,3,平时
3/12/2020 10:00,,0.8482,0.027,0.05,0.1104,0.04625,3,平时
3/12/2020 11:00,,1.07427,0.027,0.05,0.1104,0.04625,3,高峰
3/12/2020 12:00,,1.07427,0.027,0.05,0.1104,0.04625,3,高峰
3/12/2020 13:00,,1.07427,0.027,0.05,0.1104,0.04625,3,高峰
3/12/2020 14:00,,0.8482,0.027,0.05,0.1104,0.04625,3,平时
3/12/2020 15:00,,0.8482,0.027,0.05,0.1104,0.04625,3,平时
3/12/2020 16:00,,0.8482,0.027,0.05,0.1104,0.04625,3,平时
3/12/2020 17:00,,0.8482,0.027,0.05,0.1104,0.04625,3,平时
3/12/2020 18:00,,1.07427,0.027,0.05,0.1104,0.04625,3,高峰
3/12/2020 19:00,,1.07427,0.027,0.05,0.1104,0.04625,3,高峰
3/12/2020 20:00,,1.07427,0.027,0.05,0.1104,0.04625,3,高峰
3/12/2020 21:00,,1.07427,0.027,0.05,0.1104,0.04625,3,高峰
3/12/2020 22:00,,1.07427,0.027,0.05,0.1104,0.04625,3,高峰
3/12/2020 23:00,,0.30325,0.027,0.05,0.1104,0.04625,3,低谷
3/13/2020 0:00,,0.30325,0.027,0.05,0.1104,0.04625,3,低谷
3/13/2020 1:00,,0.30325,0.027,0.05,0.1104,0.04625,3,低谷
3/13/2020 2:00,,0.30325,0.027,0.05,0.1104,0.04625,3,低谷
3/13/2020 3:00,,0.30325,0.027,0.05,0.1104,0.04625,3,低谷
3/13/2020 4:00,,0.30325,0.027,0.05,0.1104,0.04625,3,低谷
3/13/2020 5:00,,0.30325,0.027,0.05,0.1104,0.04625,3,低谷
3/13/2020 6:00,,0.30325,0.027,0.05,0.1104,0.04625,3,低谷
3/13/2020 7:00,,0.8482,0.027,0.05,0.1104,0.04625,3,平时
3/13/2020 8:00,,0.8482,0.027,0.05,0.1104,0.04625,3,平时
3/13/2020 9:00,,0.8482,0.027,0.05,0.1104,0.04625,3,平时
3/13/2020 10:00,,0.8482,0.027,0.05,0.1104,0.04625,3,平时
3/13/2020 11:00,,1.07427,0.027,0.05,0.1104,0.04625,3,高峰
3/13/2020 12:00,,1.07427,0.027,0.05,0.1104,0.04625,3,高峰
3/13/2020 13:00,,1.07427,0.027,0.05,0.1104,0.04625,3,高峰
3/13/2020 14:00,,0.8482,0.027,0.05,0.1104,0.04625,3,平时
3/13/2020 15:00,,0.8482,0.027,0.05,0.1104,0.04625,3,平时
3/13/2020 16:00,,0.8482,0.027,0.05,0.1104,0.04625,3,平时
3/13/2020 17:00,,0.8482,0.027,0.05,0.1104,0.04625,3,平时
3/13/2020 18:00,,1.07427,0.027,0.05,0.1104,0.04625,3,高峰
3/13/2020 19:00,,1.07427,0.027,0.05,0.1104,0.04625,3,高峰
3/13/2020 20:00,,1.07427,0.027,0.05,0.1104,0.04625,3,高峰
3/13/2020 21:00,,1.07427,0.027,0.05,0.1104,0.04625,3,高峰
3/13/2020 22:00,,1.07427,0.027,0.05,0.1104,0.04625,3,高峰
3/13/2020 23:00,,0.30325,0.027,0.05,0.1104,0.04625,3,低谷
3/14/2020 0:00,,0.30325,0.027,0.05,0.1104,0.04625,3,低谷
3/14/2020 1:00,,0.30325,0.027,0.05,0.1104,0.04625,3,低谷
3/14/2020 2:00,,0.30325,0.027,0.05,0.1104,0.04625,3,低谷
3/14/2020 3:00,,0.30325,0.027,0.05,0.1104,0.04625,3,低谷
3/14/2020 4:00,,0.30325,0.027,0.05,0.1104,0.04625,3,低谷
3/14/2020 5:00,,0.30325,0.027,0.05,0.1104,0.04625,3,低谷
3/14/2020 6:00,,0.30325,0.027,0.05,0.1104,0.04625,3,低谷
3/14/2020 7:00,,0.8482,0.027,0.05,0.1104,0.04625,3,平时
3/14/2020 8:00,,0.8482,0.027,0.05,0.1104,0.04625,3,平时
3/14/2020 9:00,,0.8482,0.027,0.05,0.1104,0.04625,3,平时
3/14/2020 10:00,,0.8482,0.027,0.05,0.1104,0.04625,3,平时
3/14/2020 11:00,,1.07427,0.027,0.05,0.1104,0.04625,3,高峰
3/14/2020 12:00,,1.07427,0.027,0.05,0.1104,0.04625,3,高峰
3/14/2020 13:00,,1.07427,0.027,0.05,0.1104,0.04625,3,高峰
3/14/2020 14:00,,0.8482,0.027,0.05,0.1104,0.04625,3,平时
3/14/2020 15:00,,0.8482,0.027,0.05,0.1104,0.04625,3,平时
3/14/2020 16:00,,0.8482,0.027,0.05,0.1104,0.04625,3,平时
3/14/2020 17:00,,0.8482,0.027,0.05,0.1104,0.04625,3,平时
3/14/2020 18:00,,1.07427,0.027,0.05,0.1104,0.04625,3,高峰
3/14/2020 19:00,,1.07427,0.027,0.05,0.1104,0.04625,3,高峰
3/14/2020 20:00,,1.07427,0.027,0.05,0.1104,0.04625,3,高峰
3/14/2020 21:00,,1.07427,0.027,0.05,0.1104,0.04625,3,高峰
3/14/2020 22:00,,1.07427,0.027,0.05,0.1104,0.04625,3,高峰
3/14/2020 23:00,,0.30325,0.027,0.05,0.1104,0.04625,3,低谷
3/15/2020 0:00,,0.30325,0.027,0.05,0.1104,0.04625,3,低谷
3/15/2020 1:00,,0.30325,0.027,0.05,0.1104,0.04625,3,低谷
3/15/2020 2:00,,0.30325,0.027,0.05,0.1104,0.04625,3,低谷
3/15/2020 3:00,,0.30325,0.027,0.05,0.1104,0.04625,3,低谷
3/15/2020 4:00,,0.30325,0.027,0.05,0.1104,0.04625,3,低谷
3/15/2020 5:00,,0.30325,0.027,0.05,0.1104,0.04625,3,低谷
3/15/2020 6:00,,0.30325,0.027,0.05,0.1104,0.04625,3,低谷
3/15/2020 7:00,,0.8482,0.027,0.05,0.1104,0.04625,3,平时
3/15/2020 8:00,,0.8482,0.027,0.05,0.1104,0.04625,3,平时
3/15/2020 9:00,,0.8482,0.027,0.05,0.1104,0.04625,3,平时
3/15/2020 10:00,,0.8482,0.027,0.05,0.1104,0.04625,3,平时
3/15/2020 11:00,,1.07427,0.027,0.05,0.1104,0.04625,3,高峰
3/15/2020 12:00,,1.07427,0.027,0.05,0.1104,0.04625,3,高峰
3/15/2020 13:00,,1.07427,0.027,0.05,0.1104,0.04625,3,高峰
3/15/2020 14:00,,0.8482,0.027,0.05,0.1104,0.04625,3,平时
3/15/2020 15:00,,0.8482,0.027,0.05,0.1104,0.04625,3,平时
3/15/2020 16:00,,0.8482,0.027,0.05,0.1104,0.04625,3,平时
3/15/2020 17:00,,0.8482,0.027,0.05,0.1104,0.04625,3,平时
3/15/2020 18:00,,1.07427,0.027,0.05,0.1104,0.04625,3,高峰
3/15/2020 19:00,,1.07427,0.027,0.05,0.1104,0.04625,3,高峰
3/15/2020 20:00,,1.07427,0.027,0.05,0.1104,0.04625,3,高峰
3/15/2020 21:00,,1.07427,0.027,0.05,0.1104,0.04625,3,高峰
3/15/2020 22:00,,1.07427,0.027,0.05,0.1104,0.04625,3,高峰
3/15/2020 23:00,,0.30325,0.027,0.05,0.1104,0.04625,3,低谷
3/16/2020 0:00,,0.30325,0.027,0.05,0.1104,0.04625,3,低谷
3/16/2020 1:00,,0.30325,0.027,0.05,0.1104,0.04625,3,低谷
3/16/2020 2:00,,0.30325,0.027,0.05,0.1104,0.04625,3,低谷
3/16/2020 3:00,,0.30325,0.027,0.05,0.1104,0.04625,3,低谷
3/16/2020 4:00,,0.30325,0.027,0.05,0.1104,0.04625,3,低谷
3/16/2020 5:00,,0.30325,0.027,0.05,0.1104,0.04625,3,低谷
3/16/2020 6:00,,0.30325,0.027,0.05,0.1104,0.04625,3,低谷
3/16/2020 7:00,,0.8482,0.027,0.05,0.1104,0.04625,3,平时
3/16/2020 8:00,,0.8482,0.027,0.05,0.1104,0.04625,3,平时
3/16/2020 9:00,,0.8482,0.027,0.05,0.1104,0.04625,3,平时
3/16/2020 10:00,,0.8482,0.027,0.05,0.1104,0.04625,3,平时
3/16/2020 11:00,,1.07427,0.027,0.05,0.1104,0.04625,3,高峰
3/16/2020 12:00,,1.07427,0.027,0.05,0.1104,0.04625,3,高峰
3/16/2020 13:00,,1.07427,0.027,0.05,0.1104,0.04625,3,高峰
3/16/2020 14:00,,0.8482,0.027,0.05,0.1104,0.04625,3,平时
3/16/2020 15:00,,0.8482,0.027,0.05,0.1104,0.04625,3,平时
3/16/2020 16:00,,0.8482,0.027,0.05,0.1104,0.04625,3,平时
3/16/2020 17:00,,0.8482,0.027,0.05,0.1104,0.04625,3,平时
3/16/2020 18:00,,1.07427,0.027,0.05,0.1104,0.04625,3,高峰
3/16/2020 19:00,,1.07427,0.027,0.05,0.1104,0.04625,3,高峰
3/16/2020 20:00,,1.07427,0.027,0.05,0.1104,0.04625,3,高峰
3/16/2020 21:00,,1.07427,0.027,0.05,0.1104,0.04625,3,高峰
3/16/2020 22:00,,1.07427,0.027,0.05,0.1104,0.04625,3,高峰
3/16/2020 23:00,,0.30325,0.027,0.05,0.1104,0.04625,3,低谷
3/17/2020 0:00,,0.30325,0.027,0.05,0.1104,0.04625,3,低谷
3/17/2020 1:00,,0.30325,0.027,0.05,0.1104,0.04625,3,低谷
3/17/2020 2:00,,0.30325,0.027,0.05,0.1104,0.04625,3,低谷
3/17/2020 3:00,,0.30325,0.027,0.05,0.1104,0.04625,3,低谷
3/17/2020 4:00,,0.30325,0.027,0.05,0.1104,0.04625,3,低谷
3/17/2020 5:00,,0.30325,0.027,0.05,0.1104,0.04625,3,低谷
3/17/2020 6:00,,0.30325,0.027,0.05,0.1104,0.04625,3,低谷
3/17/2020 7:00,,0.8482,0.027,0.05,0.1104,0.04625,3,平时
3/17/2020 8:00,,0.8482,0.027,0.05,0.1104,0.04625,3,平时
3/17/2020 9:00,,0.8482,0.027,0.05,0.1104,0.04625,3,平时
3/17/2020 10:00,,0.8482,0.027,0.05,0.1104,0.04625,3,平时
3/17/2020 11:00,,1.07427,0.027,0.05,0.1104,0.04625,3,高峰
3/17/2020 12:00,,1.07427,0.027,0.05,0.1104,0.04625,3,高峰
3/17/2020 13:00,,1.07427,0.027,0.05,0.1104,0.04625,3,高峰
3/17/2020 14:00,,0.8482,0.027,0.05,0.1104,0.04625,3,平时
3/17/2020 15:00,,0.8482,0.027,0.05,0.1104,0.04625,3,平时
3/17/2020 16:00,,0.8482,0.027,0.05,0.1104,0.04625,3,平时
3/17/2020 17:00,,0.8482,0.027,0.05,0.1104,0.04625,3,平时
3/17/2020 18:00,,1.07427,0.027,0.05,0.1104,0.04625,3,高峰
3/17/2020 19:00,,1.07427,0.027,0.05,0.1104,0.04625,3,高峰
3/17/2020 20:00,,1.07427,0.027,0.05,0.1104,0.04625,3,高峰
3/17/2020 21:00,,1.07427,0.027,0.05,0.1104,0.04625,3,高峰
3/17/2020 22:00,,1.07427,0.027,0.05,0.1104,0.04625,3,高峰
3/17/2020 23:00,,0.30325,0.027,0.05,0.1104,0.04625,3,低谷
3/18/2020 0:00,,0.30325,0.027,0.05,0.1104,0.04625,3,低谷
3/18/2020 1:00,,0.30325,0.027,0.05,0.1104,0.04625,3,低谷
3/18/2020 2:00,,0.30325,0.027,0.05,0.1104,0.04625,3,低谷
3/18/2020 3:00,,0.30325,0.027,0.05,0.1104,0.04625,3,低谷
3/18/2020 4:00,,0.30325,0.027,0.05,0.1104,0.04625,3,低谷
3/18/2020 5:00,,0.30325,0.027,0.05,0.1104,0.04625,3,低谷
3/18/2020 6:00,,0.30325,0.027,0.05,0.1104,0.04625,3,低谷
3/18/2020 7:00,,0.8482,0.027,0.05,0.1104,0.04625,3,平时
3/18/2020 8:00,,0.8482,0.027,0.05,0.1104,0.04625,3,平时
3/18/2020 9:00,,0.8482,0.027,0.05,0.1104,0.04625,3,平时
3/18/2020 10:00,,0.8482,0.027,0.05,0.1104,0.04625,3,平时
3/18/2020 11:00,,1.07427,0.027,0.05,0.1104,0.04625,3,高峰
3/18/2020 12:00,,1.07427,0.027,0.05,0.1104,0.04625,3,高峰
3/18/2020 13:00,,1.07427,0.027,0.05,0.1104,0.04625,3,高峰
3/18/2020 14:00,,0.8482,0.027,0.05,0.1104,0.04625,3,平时
3/18/2020 15:00,,0.8482,0.027,0.05,0.1104,0.04625,3,平时
3/18/2020 16:00,,0.8482,0.027,0.05,0.1104,0.04625,3,平时
3/18/2020 17:00,,0.8482,0.027,0.05,0.1104,0.04625,3,平时
3/18/2020 18:00,,1.07427,0.027,0.05,0.1104,0.04625,3,高峰
3/18/2020 19:00,,1.07427,0.027,0.05,0.1104,0.04625,3,高峰
3/18/2020 20:00,,1.07427,0.027,0.05,0.1104,0.04625,3,高峰
3/18/2020 21:00,,1.07427,0.027,0.05,0.1104,0.04625,3,高峰
3/18/2020 22:00,,1.07427,0.027,0.05,0.1104,0.04625,3,高峰
3/18/2020 23:00,,0.30325,0.027,0.05,0.1104,0.04625,3,低谷
3/19/2020 0:00,,0.30325,0.027,0.05,0.1104,0.04625,3,低谷
3/19/2020 1:00,,0.30325,0.027,0.05,0.1104,0.04625,3,低谷
3/19/2020 2:00,,0.30325,0.027,0.05,0.1104,0.04625,3,低谷
3/19/2020 3:00,,0.30325,0.027,0.05,0.1104,0.04625,3,低谷
3/19/2020 4:00,,0.30325,0.027,0.05,0.1104,0.04625,3,低谷
3/19/2020 5:00,,0.30325,0.027,0.05,0.1104,0.04625,3,低谷
3/19/2020 6:00,,0.30325,0.027,0.05,0.1104,0.04625,3,低谷
3/19/2020 7:00,,0.8482,0.027,0.05,0.1104,0.04625,3,平时
3/19/2020 8:00,,0.8482,0.027,0.05,0.1104,0.04625,3,平时
3/19/2020 9:00,,0.8482,0.027,0.05,0.1104,0.04625,3,平时
3/19/2020 10:00,,0.8482,0.027,0.05,0.1104,0.04625,3,平时
3/19/2020 11:00,,1.07427,0.027,0.05,0.1104,0.04625,3,高峰
3/19/2020 12:00,,1.07427,0.027,0.05,0.1104,0.04625,3,高峰
3/19/2020 13:00,,1.07427,0.027,0.05,0.1104,0.04625,3,高峰
3/19/2020 14:00,,0.8482,0.027,0.05,0.1104,0.04625,3,平时
3/19/2020 15:00,,0.8482,0.027,0.05,0.1104,0.04625,3,平时
3/19/2020 16:00,,0.8482,0.027,0.05,0.1104,0.04625,3,平时
3/19/2020 17:00,,0.8482,0.027,0.05,0.1104,0.04625,3,平时
3/19/2020 18:00,,1.07427,0.027,0.05,0.1104,0.04625,3,高峰
3/19/2020 19:00,,1.07427,0.027,0.05,0.1104,0.04625,3,高峰
3/19/2020 20:00,,1.07427,0.027,0.05,0.1104,0.04625,3,高峰
3/19/2020 21:00,,1.07427,0.027,0.05,0.1104,0.04625,3,高峰
3/19/2020 22:00,,1.07427,0.027,0.05,0.1104,0.04625,3,高峰
3/19/2020 23:00,,0.30325,0.027,0.05,0.1104,0.04625,3,低谷
3/20/2020 0:00,,0.30325,0.027,0.05,0.1104,0.04625,3,低谷
3/20/2020 1:00,,0.30325,0.027,0.05,0.1104,0.04625,3,低谷
3/20/2020 2:00,,0.30325,0.027,0.05,0.1104,0.04625,3,低谷
3/20/2020 3:00,,0.30325,0.027,0.05,0.1104,0.04625,3,低谷
3/20/2020 4:00,,0.30325,0.027,0.05,0.1104,0.04625,3,低谷
3/20/2020 5:00,,0.30325,0.027,0.05,0.1104,0.04625,3,低谷
3/20/2020 6:00,,0.30325,0.027,0.05,0.1104,0.04625,3,低谷
3/20/2020 7:00,,0.8482,0.027,0.05,0.1104,0.04625,3,平时
3/20/2020 8:00,,0.8482,0.027,0.05,0.1104,0.04625,3,平时
3/20/2020 9:00,,0.8482,0.027,0.05,0.1104,0.04625,3,平时
3/20/2020 10:00,,0.8482,0.027,0.05,0.1104,0.04625,3,平时
3/20/2020 11:00,,1.07427,0.027,0.05,0.1104,0.04625,3,高峰
3/20/2020 12:00,,1.07427,0.027,0.05,0.1104,0.04625,3,高峰
3/20/2020 13:00,,1.07427,0.027,0.05,0.1104,0.04625,3,高峰
3/20/2020 14:00,,0.8482,0.027,0.05,0.1104,0.04625,3,平时
3/20/2020 15:00,,0.8482,0.027,0.05,0.1104,0.04625,3,平时
3/20/2020 16:00,,0.8482,0.027,0.05,0.1104,0.04625,3,平时
3/20/2020 17:00,,0.8482,0.027,0.05,0.1104,0.04625,3,平时
3/20/2020 18:00,,1.07427,0.027,0.05,0.1104,0.04625,3,高峰
3/20/2020 19:00,,1.07427,0.027,0.05,0.1104,0.04625,3,高峰
3/20/2020 20:00,,1.07427,0.027,0.05,0.1104,0.04625,3,高峰
3/20/2020 21:00,,1.07427,0.027,0.05,0.1104,0.04625,3,高峰
3/20/2020 22:00,,1.07427,0.027,0.05,0.1104,0.04625,3,高峰
3/20/2020 23:00,,0.30325,0.027,0.05,0.1104,0.04625,3,低谷
3/21/2020 0:00,,0.30325,0.027,0.05,0.1104,0.04625,3,低谷
3/21/2020 1:00,,0.30325,0.027,0.05,0.1104,0.04625,3,低谷
3/21/2020 2:00,,0.30325,0.027,0.05,0.1104,0.04625,3,低谷
3/21/2020 3:00,,0.30325,0.027,0.05,0.1104,0.04625,3,低谷
3/21/2020 4:00,,0.30325,0.027,0.05,0.1104,0.04625,3,低谷
3/21/2020 5:00,,0.30325,0.027,0.05,0.1104,0.04625,3,低谷
3/21/2020 6:00,,0.30325,0.027,0.05,0.1104,0.04625,3,低谷
3/21/2020 7:00,,0.8482,0.027,0.05,0.1104,0.04625,3,平时
3/21/2020 8:00,,0.8482,0.027,0.05,0.1104,0.04625,3,平时
3/21/2020 9:00,,0.8482,0.027,0.05,0.1104,0.04625,3,平时
3/21/2020 10:00,,0.8482,0.027,0.05,0.1104,0.04625,3,平时
3/21/2020 11:00,,1.07427,0.027,0.05,0.1104,0.04625,3,高峰
3/21/2020 12:00,,1.07427,0.027,0.05,0.1104,0.04625,3,高峰
3/21/2020 13:00,,1.07427,0.027,0.05,0.1104,0.04625,3,高峰
3/21/2020 14:00,,0.8482,0.027,0.05,0.1104,0.04625,3,平时
3/21/2020 15:00,,0.8482,0.027,0.05,0.1104,0.04625,3,平时
3/21/2020 16:00,,0.8482,0.027,0.05,0.1104,0.04625,3,平时
3/21/2020 17:00,,0.8482,0.027,0.05,0.1104,0.04625,3,平时
3/21/2020 18:00,,1.07427,0.027,0.05,0.1104,0.04625,3,高峰
3/21/2020 19:00,,1.07427,0.027,0.05,0.1104,0.04625,3,高峰
3/21/2020 20:00,,1.07427,0.027,0.05,0.1104,0.04625,3,高峰
3/21/2020 21:00,,1.07427,0.027,0.05,0.1104,0.04625,3,高峰
3/21/2020 22:00,,1.07427,0.027,0.05,0.1104,0.04625,3,高峰
3/21/2020 23:00,,0.30325,0.027,0.05,0.1104,0.04625,3,低谷
3/22/2020 0:00,,0.30325,0.027,0.05,0.1104,0.04625,3,低谷
3/22/2020 1:00,,0.30325,0.027,0.05,0.1104,0.04625,3,低谷
3/22/2020 2:00,,0.30325,0.027,0.05,0.1104,0.04625,3,低谷
3/22/2020 3:00,,0.30325,0.027,0.05,0.1104,0.04625,3,低谷
3/22/2020 4:00,,0.30325,0.027,0.05,0.1104,0.04625,3,低谷
3/22/2020 5:00,,0.30325,0.027,0.05,0.1104,0.04625,3,低谷
3/22/2020 6:00,,0.30325,0.027,0.05,0.1104,0.04625,3,低谷
3/22/2020 7:00,,0.8482,0.027,0.05,0.1104,0.04625,3,平时
3/22/2020 8:00,,0.8482,0.027,0.05,0.1104,0.04625,3,平时
3/22/2020 9:00,,0.8482,0.027,0.05,0.1104,0.04625,3,平时
3/22/2020 10:00,,0.8482,0.027,0.05,0.1104,0.04625,3,平时
3/22/2020 11:00,,1.07427,0.027,0.05,0.1104,0.04625,3,高峰
3/22/2020 12:00,,1.07427,0.027,0.05,0.1104,0.04625,3,高峰
3/22/2020 13:00,,1.07427,0.027,0.05,0.1104,0.04625,3,高峰
3/22/2020 14:00,,0.8482,0.027,0.05,0.1104,0.04625,3,平时
3/22/2020 15:00,,0.8482,0.027,0.05,0.1104,0.04625,3,平时
3/22/2020 16:00,,0.8482,0.027,0.05,0.1104,0.04625,3,平时
3/22/2020 17:00,,0.8482,0.027,0.05,0.1104,0.04625,3,平时
3/22/2020 18:00,,1.07427,0.027,0.05,0.1104,0.04625,3,高峰
3/22/2020 19:00,,1.07427,0.027,0.05,0.1104,0.04625,3,高峰
3/22/2020 20:00,,1.07427,0.027,0.05,0.1104,0.04625,3,高峰
3/22/2020 21:00,,1.07427,0.027,0.05,0.1104,0.04625,3,高峰
3/22/2020 22:00,,1.07427,0.027,0.05,0.1104,0.04625,3,高峰
3/22/2020 23:00,,0.30325,0.027,0.05,0.1104,0.04625,3,低谷
3/23/2020 0:00,,0.30325,0.027,0.05,0.1104,0.04625,3,低谷
3/23/2020 1:00,,0.30325,0.027,0.05,0.1104,0.04625,3,低谷
3/23/2020 2:00,,0.30325,0.027,0.05,0.1104,0.04625,3,低谷
3/23/2020 3:00,,0.30325,0.027,0.05,0.1104,0.04625,3,低谷
3/23/2020 4:00,,0.30325,0.027,0.05,0.1104,0.04625,3,低谷
3/23/2020 5:00,,0.30325,0.027,0.05,0.1104,0.04625,3,低谷
3/23/2020 6:00,,0.30325,0.027,0.05,0.1104,0.04625,3,低谷
3/23/2020 7:00,,0.8482,0.027,0.05,0.1104,0.04625,3,平时
3/23/2020 8:00,,0.8482,0.027,0.05,0.1104,0.04625,3,平时
3/23/2020 9:00,,0.8482,0.027,0.05,0.1104,0.04625,3,平时
3/23/2020 10:00,,0.8482,0.027,0.05,0.1104,0.04625,3,平时
3/23/2020 11:00,,1.07427,0.027,0.05,0.1104,0.04625,3,高峰
3/23/2020 12:00,,1.07427,0.027,0.05,0.1104,0.04625,3,高峰
3/23/2020 13:00,,1.07427,0.027,0.05,0.1104,0.04625,3,高峰
3/23/2020 14:00,,0.8482,0.027,0.05,0.1104,0.04625,3,平时
3/23/2020 15:00,,0.8482,0.027,0.05,0.1104,0.04625,3,平时
3/23/2020 16:00,,0.8482,0.027,0.05,0.1104,0.04625,3,平时
3/23/2020 17:00,,0.8482,0.027,0.05,0.1104,0.04625,3,平时
3/23/2020 18:00,,1.07427,0.027,0.05,0.1104,0.04625,3,高峰
3/23/2020 19:00,,1.07427,0.027,0.05,0.1104,0.04625,3,高峰
3/23/2020 20:00,,1.07427,0.027,0.05,0.1104,0.04625,3,高峰
3/23/2020 21:00,,1.07427,0.027,0.05,0.1104,0.04625,3,高峰
3/23/2020 22:00,,1.07427,0.027,0.05,0.1104,0.04625,3,高峰
3/23/2020 23:00,,0.30325,0.027,0.05,0.1104,0.04625,3,低谷
3/24/2020 0:00,,0.30325,0.027,0.05,0.1104,0.04625,3,低谷
3/24/2020 1:00,,0.30325,0.027,0.05,0.1104,0.04625,3,低谷
3/24/2020 2:00,,0.30325,0.027,0.05,0.1104,0.04625,3,低谷
3/24/2020 3:00,,0.30325,0.027,0.05,0.1104,0.04625,3,低谷
3/24/2020 4:00,,0.30325,0.027,0.05,0.1104,0.04625,3,低谷
3/24/2020 5:00,,0.30325,0.027,0.05,0.1104,0.04625,3,低谷
3/24/2020 6:00,,0.30325,0.027,0.05,0.1104,0.04625,3,低谷
3/24/2020 7:00,,0.8482,0.027,0.05,0.1104,0.04625,3,平时
3/24/2020 8:00,,0.8482,0.027,0.05,0.1104,0.04625,3,平时
3/24/2020 9:00,,0.8482,0.027,0.05,0.1104,0.04625,3,平时
3/24/2020 10:00,,0.8482,0.027,0.05,0.1104,0.04625,3,平时
3/24/2020 11:00,,1.07427,0.027,0.05,0.1104,0.04625,3,高峰
3/24/2020 12:00,,1.07427,0.027,0.05,0.1104,0.04625,3,高峰
3/24/2020 13:00,,1.07427,0.027,0.05,0.1104,0.04625,3,高峰
3/24/2020 14:00,,0.8482,0.027,0.05,0.1104,0.04625,3,平时
3/24/2020 15:00,,0.8482,0.027,0.05,0.1104,0.04625,3,平时
3/24/2020 16:00,,0.8482,0.027,0.05,0.1104,0.04625,3,平时
3/24/2020 17:00,,0.8482,0.027,0.05,0.1104,0.04625,3,平时
3/24/2020 18:00,,1.07427,0.027,0.05,0.1104,0.04625,3,高峰
3/24/2020 19:00,,1.07427,0.027,0.05,0.1104,0.04625,3,高峰
3/24/2020 20:00,,1.07427,0.027,0.05,0.1104,0.04625,3,高峰
3/24/2020 21:00,,1.07427,0.027,0.05,0.1104,0.04625,3,高峰
3/24/2020 22:00,,1.07427,0.027,0.05,0.1104,0.04625,3,高峰
3/24/2020 23:00,,0.30325,0.027,0.05,0.1104,0.04625,3,低谷
3/25/2020 0:00,,0.30325,0.027,0.05,0.1104,0.04625,3,低谷
3/25/2020 1:00,,0.30325,0.027,0.05,0.1104,0.04625,3,低谷
3/25/2020 2:00,,0.30325,0.027,0.05,0.1104,0.04625,3,低谷
3/25/2020 3:00,,0.30325,0.027,0.05,0.1104,0.04625,3,低谷
3/25/2020 4:00,,0.30325,0.027,0.05,0.1104,0.04625,3,低谷
3/25/2020 5:00,,0.30325,0.027,0.05,0.1104,0.04625,3,低谷
3/25/2020 6:00,,0.30325,0.027,0.05,0.1104,0.04625,3,低谷
3/25/2020 7:00,,0.8482,0.027,0.05,0.1104,0.04625,3,平时
3/25/2020 8:00,,0.8482,0.027,0.05,0.1104,0.04625,3,平时
3/25/2020 9:00,,0.8482,0.027,0.05,0.1104,0.04625,3,平时
3/25/2020 10:00,,0.8482,0.027,0.05,0.1104,0.04625,3,平时
3/25/2020 11:00,,1.07427,0.027,0.05,0.1104,0.04625,3,高峰
3/25/2020 12:00,,1.07427,0.027,0.05,0.1104,0.04625,3,高峰
3/25/2020 13:00,,1.07427,0.027,0.05,0.1104,0.04625,3,高峰
3/25/2020 14:00,,0.8482,0.027,0.05,0.1104,0.04625,3,平时
3/25/2020 15:00,,0.8482,0.027,0.05,0.1104,0.04625,3,平时
3/25/2020 16:00,,0.8482,0.027,0.05,0.1104,0.04625,3,平时
3/25/2020 17:00,,0.8482,0.027,0.05,0.1104,0.04625,3,平时
3/25/2020 18:00,,1.07427,0.027,0.05,0.1104,0.04625,3,高峰
3/25/2020 19:00,,1.07427,0.027,0.05,0.1104,0.04625,3,高峰
3/25/2020 20:00,,1.07427,0.027,0.05,0.1104,0.04625,3,高峰
3/25/2020 21:00,,1.07427,0.027,0.05,0.1104,0.04625,3,高峰
3/25/2020 22:00,,1.07427,0.027,0.05,0.1104,0.04625,3,高峰
3/25/2020 23:00,,0.30325,0.027,0.05,0.1104,0.04625,3,低谷
3/26/2020 0:00,,0.30325,0.027,0.05,0.1104,0.04625,3,低谷
3/26/2020 1:00,,0.30325,0.027,0.05,0.1104,0.04625,3,低谷
3/26/2020 2:00,,0.30325,0.027,0.05,0.1104,0.04625,3,低谷
3/26/2020 3:00,,0.30325,0.027,0.05,0.1104,0.04625,3,低谷
3/26/2020 4:00,,0.30325,0.027,0.05,0.1104,0.04625,3,低谷
3/26/2020 5:00,,0.30325,0.027,0.05,0.1104,0.04625,3,低谷
3/26/2020 6:00,,0.30325,0.027,0.05,0.1104,0.04625,3,低谷
3/26/2020 7:00,,0.8482,0.027,0.05,0.1104,0.04625,3,平时
3/26/2020 8:00,,0.8482,0.027,0.05,0.1104,0.04625,3,平时
3/26/2020 9:00,,0.8482,0.027,0.05,0.1104,0.04625,3,平时
3/26/2020 10:00,,0.8482,0.027,0.05,0.1104,0.04625,3,平时
3/26/2020 11:00,,1.07427,0.027,0.05,0.1104,0.04625,3,高峰
3/26/2020 12:00,,1.07427,0.027,0.05,0.1104,0.04625,3,高峰
3/26/2020 13:00,,1.07427,0.027,0.05,0.1104,0.04625,3,高峰
3/26/2020 14:00,,0.8482,0.027,0.05,0.1104,0.04625,3,平时
3/26/2020 15:00,,0.8482,0.027,0.05,0.1104,0.04625,3,平时
3/26/2020 16:00,,0.8482,0.027,0.05,0.1104,0.04625,3,平时
3/26/2020 17:00,,0.8482,0.027,0.05,0.1104,0.04625,3,平时
3/26/2020 18:00,,1.07427,0.027,0.05,0.1104,0.04625,3,高峰
3/26/2020 19:00,,1.07427,0.027,0.05,0.1104,0.04625,3,高峰
3/26/2020 20:00,,1.07427,0.027,0.05,0.1104,0.04625,3,高峰
3/26/2020 21:00,,1.07427,0.027,0.05,0.1104,0.04625,3,高峰
3/26/2020 22:00,,1.07427,0.027,0.05,0.1104,0.04625,3,高峰
3/26/2020 23:00,,0.30325,0.027,0.05,0.1104,0.04625,3,低谷
3/27/2020 0:00,,0.30325,0.027,0.05,0.1104,0.04625,3,低谷
3/27/2020 1:00,,0.30325,0.027,0.05,0.1104,0.04625,3,低谷
3/27/2020 2:00,,0.30325,0.027,0.05,0.1104,0.04625,3,低谷
3/27/2020 3:00,,0.30325,0.027,0.05,0.1104,0.04625,3,低谷
3/27/2020 4:00,,0.30325,0.027,0.05,0.1104,0.04625,3,低谷
3/27/2020 5:00,,0.30325,0.027,0.05,0.1104,0.04625,3,低谷
3/27/2020 6:00,,0.30325,0.027,0.05,0.1104,0.04625,3,低谷
3/27/2020 7:00,,0.8482,0.027,0.05,0.1104,0.04625,3,平时
3/27/2020 8:00,,0.8482,0.027,0.05,0.1104,0.04625,3,平时
3/27/2020 9:00,,0.8482,0.027,0.05,0.1104,0.04625,3,平时
3/27/2020 10:00,,0.8482,0.027,0.05,0.1104,0.04625,3,平时
3/27/2020 11:00,,1.07427,0.027,0.05,0.1104,0.04625,3,高峰
3/27/2020 12:00,,1.07427,0.027,0.05,0.1104,0.04625,3,高峰
3/27/2020 13:00,,1.07427,0.027,0.05,0.1104,0.04625,3,高峰
3/27/2020 14:00,,0.8482,0.027,0.05,0.1104,0.04625,3,平时
3/27/2020 15:00,,0.8482,0.027,0.05,0.1104,0.04625,3,平时
3/27/2020 16:00,,0.8482,0.027,0.05,0.1104,0.04625,3,平时
3/27/2020 17:00,,0.8482,0.027,0.05,0.1104,0.04625,3,平时
3/27/2020 18:00,,1.07427,0.027,0.05,0.1104,0.04625,3,高峰
3/27/2020 19:00,,1.07427,0.027,0.05,0.1104,0.04625,3,高峰
3/27/2020 20:00,,1.07427,0.027,0.05,0.1104,0.04625,3,高峰
3/27/2020 21:00,,1.07427,0.027,0.05,0.1104,0.04625,3,高峰
3/27/2020 22:00,,1.07427,0.027,0.05,0.1104,0.04625,3,高峰
3/27/2020 23:00,,0.30325,0.027,0.05,0.1104,0.04625,3,低谷
3/28/2020 0:00,,0.30325,0.027,0.05,0.1104,0.04625,3,低谷
3/28/2020 1:00,,0.30325,0.027,0.05,0.1104,0.04625,3,低谷
3/28/2020 2:00,,0.30325,0.027,0.05,0.1104,0.04625,3,低谷
3/28/2020 3:00,,0.30325,0.027,0.05,0.1104,0.04625,3,低谷
3/28/2020 4:00,,0.30325,0.027,0.05,0.1104,0.04625,3,低谷
3/28/2020 5:00,,0.30325,0.027,0.05,0.1104,0.04625,3,低谷
3/28/2020 6:00,,0.30325,0.027,0.05,0.1104,0.04625,3,低谷
3/28/2020 7:00,,0.8482,0.027,0.05,0.1104,0.04625,3,平时
3/28/2020 8:00,,0.8482,0.027,0.05,0.1104,0.04625,3,平时
3/28/2020 9:00,,0.8482,0.027,0.05,0.1104,0.04625,3,平时
3/28/2020 10:00,,0.8482,0.027,0.05,0.1104,0.04625,3,平时
3/28/2020 11:00,,1.07427,0.027,0.05,0.1104,0.04625,3,高峰
3/28/2020 12:00,,1.07427,0.027,0.05,0.1104,0.04625,3,高峰
3/28/2020 13:00,,1.07427,0.027,0.05,0.1104,0.04625,3,高峰
3/28/2020 14:00,,0.8482,0.027,0.05,0.1104,0.04625,3,平时
3/28/2020 15:00,,0.8482,0.027,0.05,0.1104,0.04625,3,平时
3/28/2020 16:00,,0.8482,0.027,0.05,0.1104,0.04625,3,平时
3/28/2020 17:00,,0.8482,0.027,0.05,0.1104,0.04625,3,平时
3/28/2020 18:00,,1.07427,0.027,0.05,0.1104,0.04625,3,高峰
3/28/2020 19:00,,1.07427,0.027,0.05,0.1104,0.04625,3,高峰
3/28/2020 20:00,,1.07427,0.027,0.05,0.1104,0.04625,3,高峰
3/28/2020 21:00,,1.07427,0.027,0.05,0.1104,0.04625,3,高峰
3/28/2020 22:00,,1.07427,0.027,0.05,0.1104,0.04625,3,高峰
3/28/2020 23:00,,0.30325,0.027,0.05,0.1104,0.04625,3,低谷
3/29/2020 0:00,,0.30325,0.027,0.05,0.1104,0.04625,3,低谷
3/29/2020 1:00,,0.30325,0.027,0.05,0.1104,0.04625,3,低谷
3/29/2020 2:00,,0.30325,0.027,0.05,0.1104,0.04625,3,低谷
3/29/2020 3:00,,0.30325,0.027,0.05,0.1104,0.04625,3,低谷
3/29/2020 4:00,,0.30325,0.027,0.05,0.1104,0.04625,3,低谷
3/29/2020 5:00,,0.30325,0.027,0.05,0.1104,0.04625,3,低谷
3/29/2020 6:00,,0.30325,0.027,0.05,0.1104,0.04625,3,低谷
3/29/2020 7:00,,0.8482,0.027,0.05,0.1104,0.04625,3,平时
3/29/2020 8:00,,0.8482,0.027,0.05,0.1104,0.04625,3,平时
3/29/2020 9:00,,0.8482,0.027,0.05,0.1104,0.04625,3,平时
3/29/2020 10:00,,0.8482,0.027,0.05,0.1104,0.04625,3,平时
3/29/2020 11:00,,1.07427,0.027,0.05,0.1104,0.04625,3,高峰
3/29/2020 12:00,,1.07427,0.027,0.05,0.1104,0.04625,3,高峰
3/29/2020 13:00,,1.07427,0.027,0.05,0.1104,0.04625,3,高峰
3/29/2020 14:00,,0.8482,0.027,0.05,0.1104,0.04625,3,平时
3/29/2020 15:00,,0.8482,0.027,0.05,0.1104,0.04625,3,平时
3/29/2020 16:00,,0.8482,0.027,0.05,0.1104,0.04625,3,平时
3/29/2020 17:00,,0.8482,0.027,0.05,0.1104,0.04625,3,平时
3/29/2020 18:00,,1.07427,0.027,0.05,0.1104,0.04625,3,高峰
3/29/2020 19:00,,1.07427,0.027,0.05,0.1104,0.04625,3,高峰
3/29/2020 20:00,,1.07427,0.027,0.05,0.1104,0.04625,3,高峰
3/29/2020 21:00,,1.07427,0.027,0.05,0.1104,0.04625,3,高峰
3/29/2020 22:00,,1.07427,0.027,0.05,0.1104,0.04625,3,高峰
3/29/2020 23:00,,0.30325,0.027,0.05,0.1104,0.04625,3,低谷
3/30/2020 0:00,,0.30325,0.027,0.05,0.1104,0.04625,3,低谷
3/30/2020 1:00,,0.30325,0.027,0.05,0.1104,0.04625,3,低谷
3/30/2020 2:00,,0.30325,0.027,0.05,0.1104,0.04625,3,低谷
3/30/2020 3:00,,0.30325,0.027,0.05,0.1104,0.04625,3,低谷
3/30/2020 4:00,,0.30325,0.027,0.05,0.1104,0.04625,3,低谷
3/30/2020 5:00,,0.30325,0.027,0.05,0.1104,0.04625,3,低谷
3/30/2020 6:00,,0.30325,0.027,0.05,0.1104,0.04625,3,低谷
3/30/2020 7:00,,0.8482,0.027,0.05,0.1104,0.04625,3,平时
3/30/2020 8:00,,0.8482,0.027,0.05,0.1104,0.04625,3,平时
3/30/2020 9:00,,0.8482,0.027,0.05,0.1104,0.04625,3,平时
3/30/2020 10:00,,0.8482,0.027,0.05,0.1104,0.04625,3,平时
3/30/2020 11:00,,1.07427,0.027,0.05,0.1104,0.04625,3,高峰
3/30/2020 12:00,,1.07427,0.027,0.05,0.1104,0.04625,3,高峰
3/30/2020 13:00,,1.07427,0.027,0.05,0.1104,0.04625,3,高峰
3/30/2020 14:00,,0.8482,0.027,0.05,0.1104,0.04625,3,平时
3/30/2020 15:00,,0.8482,0.027,0.05,0.1104,0.04625,3,平时
3/30/2020 16:00,,0.8482,0.027,0.05,0.1104,0.04625,3,平时
3/30/2020 17:00,,0.8482,0.027,0.05,0.1104,0.04625,3,平时
3/30/2020 18:00,,1.07427,0.027,0.05,0.1104,0.04625,3,高峰
3/30/2020 19:00,,1.07427,0.027,0.05,0.1104,0.04625,3,高峰
3/30/2020 20:00,,1.07427,0.027,0.05,0.1104,0.04625,3,高峰
3/30/2020 21:00,,1.07427,0.027,0.05,0.1104,0.04625,3,高峰
3/30/2020 22:00,,1.07427,0.027,0.05,0.1104,0.04625,3,高峰
3/30/2020 23:00,,0.30325,0.027,0.05,0.1104,0.04625,3,低谷
3/31/2020 0:00,,0.30325,0.027,0.05,0.1104,0.04625,3,低谷
3/31/2020 1:00,,0.30325,0.027,0.05,0.1104,0.04625,3,低谷
3/31/2020 2:00,,0.30325,0.027,0.05,0.1104,0.04625,3,低谷
3/31/2020 3:00,,0.30325,0.027,0.05,0.1104,0.04625,3,低谷
3/31/2020 4:00,,0.30325,0.027,0.05,0.1104,0.04625,3,低谷
3/31/2020 5:00,,0.30325,0.027,0.05,0.1104,0.04625,3,低谷
3/31/2020 6:00,,0.30325,0.027,0.05,0.1104,0.04625,3,低谷
3/31/2020 7:00,,0.8482,0.027,0.05,0.1104,0.04625,3,平时
3/31/2020 8:00,,0.8482,0.027,0.05,0.1104,0.04625,3,平时
3/31/2020 9:00,,0.8482,0.027,0.05,0.1104,0.04625,3,平时
3/31/2020 10:00,,0.8482,0.027,0.05,0.1104,0.04625,3,平时
3/31/2020 11:00,,1.07427,0.027,0.05,0.1104,0.04625,3,高峰
3/31/2020 12:00,,1.07427,0.027,0.05,0.1104,0.04625,3,高峰
3/31/2020 13:00,,1.07427,0.027,0.05,0.1104,0.04625,3,高峰
3/31/2020 14:00,,0.8482,0.027,0.05,0.1104,0.04625,3,平时
3/31/2020 15:00,,0.8482,0.027,0.05,0.1104,0.04625,3,平时
3/31/2020 16:00,,0.8482,0.027,0.05,0.1104,0.04625,3,平时
3/31/2020 17:00,,0.8482,0.027,0.05,0.1104,0.04625,3,平时
3/31/2020 18:00,,1.07427,0.027,0.05,0.1104,0.04625,3,高峰
3/31/2020 19:00,,1.07427,0.027,0.05,0.1104,0.04625,3,高峰
3/31/2020 20:00,,1.07427,0.027,0.05,0.1104,0.04625,3,高峰
3/31/2020 21:00,,1.07427,0.027,0.05,0.1104,0.04625,3,高峰
3/31/2020 22:00,,1.07427,0.027,0.05,0.1104,0.04625,3,高峰
3/31/2020 23:00,,0.30325,0.027,0.05,0.1104,0.04625,3,低谷
4/1/2020 0:00,,0.30325,0.027,0.05,0.1104,0.04625,4,低谷
4/1/2020 1:00,,0.30325,0.027,0.05,0.1104,0.04625,4,低谷
4/1/2020 2:00,,0.30325,0.027,0.05,0.1104,0.04625,4,低谷
4/1/2020 3:00,,0.30325,0.027,0.05,0.1104,0.04625,4,低谷
4/1/2020 4:00,,0.30325,0.027,0.05,0.1104,0.04625,4,低谷
4/1/2020 5:00,,0.30325,0.027,0.05,0.1104,0.04625,4,低谷
4/1/2020 6:00,,0.30325,0.027,0.05,0.1104,0.04625,4,低谷
4/1/2020 7:00,,0.8482,0.027,0.05,0.1104,0.04625,4,平时
4/1/2020 8:00,,0.8482,0.027,0.05,0.1104,0.04625,4,平时
4/1/2020 9:00,,0.8482,0.027,0.05,0.1104,0.04625,4,平时
4/1/2020 10:00,,0.8482,0.027,0.05,0.1104,0.04625,4,平时
4/1/2020 11:00,,1.07427,0.027,0.05,0.1104,0.04625,4,高峰
4/1/2020 12:00,,1.07427,0.027,0.05,0.1104,0.04625,4,高峰
4/1/2020 13:00,,1.07427,0.027,0.05,0.1104,0.04625,4,高峰
4/1/2020 14:00,,0.8482,0.027,0.05,0.1104,0.04625,4,平时
4/1/2020 15:00,,0.8482,0.027,0.05,0.1104,0.04625,4,平时
4/1/2020 16:00,,0.8482,0.027,0.05,0.1104,0.04625,4,平时
4/1/2020 17:00,,0.8482,0.027,0.05,0.1104,0.04625,4,平时
4/1/2020 18:00,,1.07427,0.027,0.05,0.1104,0.04625,4,高峰
4/1/2020 19:00,,1.07427,0.027,0.05,0.1104,0.04625,4,高峰
4/1/2020 20:00,,1.07427,0.027,0.05,0.1104,0.04625,4,高峰
4/1/2020 21:00,,1.07427,0.027,0.05,0.1104,0.04625,4,高峰
4/1/2020 22:00,,1.07427,0.027,0.05,0.1104,0.04625,4,高峰
4/1/2020 23:00,,0.30325,0.027,0.05,0.1104,0.04625,4,低谷
4/2/2020 0:00,,0.30325,0.027,0.05,0.1104,0.04625,4,低谷
4/2/2020 1:00,,0.30325,0.027,0.05,0.1104,0.04625,4,低谷
4/2/2020 2:00,,0.30325,0.027,0.05,0.1104,0.04625,4,低谷
4/2/2020 3:00,,0.30325,0.027,0.05,0.1104,0.04625,4,低谷
4/2/2020 4:00,,0.30325,0.027,0.05,0.1104,0.04625,4,低谷
4/2/2020 5:00,,0.30325,0.027,0.05,0.1104,0.04625,4,低谷
4/2/2020 6:00,,0.30325,0.027,0.05,0.1104,0.04625,4,低谷
4/2/2020 7:00,,0.8482,0.027,0.05,0.1104,0.04625,4,平时
4/2/2020 8:00,,0.8482,0.027,0.05,0.1104,0.04625,4,平时
4/2/2020 9:00,,0.8482,0.027,0.05,0.1104,0.04625,4,平时
4/2/2020 10:00,,0.8482,0.027,0.05,0.1104,0.04625,4,平时
4/2/2020 11:00,,1.07427,0.027,0.05,0.1104,0.04625,4,高峰
4/2/2020 12:00,,1.07427,0.027,0.05,0.1104,0.04625,4,高峰
4/2/2020 13:00,,1.07427,0.027,0.05,0.1104,0.04625,4,高峰
4/2/2020 14:00,,0.8482,0.027,0.05,0.1104,0.04625,4,平时
4/2/2020 15:00,,0.8482,0.027,0.05,0.1104,0.04625,4,平时
4/2/2020 16:00,,0.8482,0.027,0.05,0.1104,0.04625,4,平时
4/2/2020 17:00,,0.8482,0.027,0.05,0.1104,0.04625,4,平时
4/2/2020 18:00,,1.07427,0.027,0.05,0.1104,0.04625,4,高峰
4/2/2020 19:00,,1.07427,0.027,0.05,0.1104,0.04625,4,高峰
4/2/2020 20:00,,1.07427,0.027,0.05,0.1104,0.04625,4,高峰
4/2/2020 21:00,,1.07427,0.027,0.05,0.1104,0.04625,4,高峰
4/2/2020 22:00,,1.07427,0.027,0.05,0.1104,0.04625,4,高峰
4/2/2020 23:00,,0.30325,0.027,0.05,0.1104,0.04625,4,低谷
4/3/2020 0:00,,0.30325,0.027,0.05,0.1104,0.04625,4,低谷
4/3/2020 1:00,,0.30325,0.027,0.05,0.1104,0.04625,4,低谷
4/3/2020 2:00,,0.30325,0.027,0.05,0.1104,0.04625,4,低谷
4/3/2020 3:00,,0.30325,0.027,0.05,0.1104,0.04625,4,低谷
4/3/2020 4:00,,0.30325,0.027,0.05,0.1104,0.04625,4,低谷
4/3/2020 5:00,,0.30325,0.027,0.05,0.1104,0.04625,4,低谷
4/3/2020 6:00,,0.30325,0.027,0.05,0.1104,0.04625,4,低谷
4/3/2020 7:00,,0.8482,0.027,0.05,0.1104,0.04625,4,平时
4/3/2020 8:00,,0.8482,0.027,0.05,0.1104,0.04625,4,平时
4/3/2020 9:00,,0.8482,0.027,0.05,0.1104,0.04625,4,平时
4/3/2020 10:00,,0.8482,0.027,0.05,0.1104,0.04625,4,平时
4/3/2020 11:00,,1.07427,0.027,0.05,0.1104,0.04625,4,高峰
4/3/2020 12:00,,1.07427,0.027,0.05,0.1104,0.04625,4,高峰
4/3/2020 13:00,,1.07427,0.027,0.05,0.1104,0.04625,4,高峰
4/3/2020 14:00,,0.8482,0.027,0.05,0.1104,0.04625,4,平时
4/3/2020 15:00,,0.8482,0.027,0.05,0.1104,0.04625,4,平时
4/3/2020 16:00,,0.8482,0.027,0.05,0.1104,0.04625,4,平时
4/3/2020 17:00,,0.8482,0.027,0.05,0.1104,0.04625,4,平时
4/3/2020 18:00,,1.07427,0.027,0.05,0.1104,0.04625,4,高峰
4/3/2020 19:00,,1.07427,0.027,0.05,0.1104,0.04625,4,高峰
4/3/2020 20:00,,1.07427,0.027,0.05,0.1104,0.04625,4,高峰
4/3/2020 21:00,,1.07427,0.027,0.05,0.1104,0.04625,4,高峰
4/3/2020 22:00,,1.07427,0.027,0.05,0.1104,0.04625,4,高峰
4/3/2020 23:00,,0.30325,0.027,0.05,0.1104,0.04625,4,低谷
4/4/2020 0:00,,0.30325,0.027,0.05,0.1104,0.04625,4,低谷
4/4/2020 1:00,,0.30325,0.027,0.05,0.1104,0.04625,4,低谷
4/4/2020 2:00,,0.30325,0.027,0.05,0.1104,0.04625,4,低谷
4/4/2020 3:00,,0.30325,0.027,0.05,0.1104,0.04625,4,低谷
4/4/2020 4:00,,0.30325,0.027,0.05,0.1104,0.04625,4,低谷
4/4/2020 5:00,,0.30325,0.027,0.05,0.1104,0.04625,4,低谷
4/4/2020 6:00,,0.30325,0.027,0.05,0.1104,0.04625,4,低谷
4/4/2020 7:00,,0.8482,0.027,0.05,0.1104,0.04625,4,平时
4/4/2020 8:00,,0.8482,0.027,0.05,0.1104,0.04625,4,平时
4/4/2020 9:00,,0.8482,0.027,0.05,0.1104,0.04625,4,平时
4/4/2020 10:00,,0.8482,0.027,0.05,0.1104,0.04625,4,平时
4/4/2020 11:00,,1.07427,0.027,0.05,0.1104,0.04625,4,高峰
4/4/2020 12:00,,1.07427,0.027,0.05,0.1104,0.04625,4,高峰
4/4/2020 13:00,,1.07427,0.027,0.05,0.1104,0.04625,4,高峰
4/4/2020 14:00,,0.8482,0.027,0.05,0.1104,0.04625,4,平时
4/4/2020 15:00,,0.8482,0.027,0.05,0.1104,0.04625,4,平时
4/4/2020 16:00,,0.8482,0.027,0.05,0.1104,0.04625,4,平时
4/4/2020 17:00,,0.8482,0.027,0.05,0.1104,0.04625,4,平时
4/4/2020 18:00,,1.07427,0.027,0.05,0.1104,0.04625,4,高峰
4/4/2020 19:00,,1.07427,0.027,0.05,0.1104,0.04625,4,高峰
4/4/2020 20:00,,1.07427,0.027,0.05,0.1104,0.04625,4,高峰
4/4/2020 21:00,,1.07427,0.027,0.05,0.1104,0.04625,4,高峰
4/4/2020 22:00,,1.07427,0.027,0.05,0.1104,0.04625,4,高峰
4/4/2020 23:00,,0.30325,0.027,0.05,0.1104,0.04625,4,低谷
4/5/2020 0:00,,0.30325,0.027,0.05,0.1104,0.04625,4,低谷
4/5/2020 1:00,,0.30325,0.027,0.05,0.1104,0.04625,4,低谷
4/5/2020 2:00,,0.30325,0.027,0.05,0.1104,0.04625,4,低谷
4/5/2020 3:00,,0.30325,0.027,0.05,0.1104,0.04625,4,低谷
4/5/2020 4:00,,0.30325,0.027,0.05,0.1104,0.04625,4,低谷
4/5/2020 5:00,,0.30325,0.027,0.05,0.1104,0.04625,4,低谷
4/5/2020 6:00,,0.30325,0.027,0.05,0.1104,0.04625,4,低谷
4/5/2020 7:00,,0.8482,0.027,0.05,0.1104,0.04625,4,平时
4/5/2020 8:00,,0.8482,0.027,0.05,0.1104,0.04625,4,平时
4/5/2020 9:00,,0.8482,0.027,0.05,0.1104,0.04625,4,平时
4/5/2020 10:00,,0.8482,0.027,0.05,0.1104,0.04625,4,平时
4/5/2020 11:00,,1.07427,0.027,0.05,0.1104,0.04625,4,高峰
4/5/2020 12:00,,1.07427,0.027,0.05,0.1104,0.04625,4,高峰
4/5/2020 13:00,,1.07427,0.027,0.05,0.1104,0.04625,4,高峰
4/5/2020 14:00,,0.8482,0.027,0.05,0.1104,0.04625,4,平时
4/5/2020 15:00,,0.8482,0.027,0.05,0.1104,0.04625,4,平时
4/5/2020 16:00,,0.8482,0.027,0.05,0.1104,0.04625,4,平时
4/5/2020 17:00,,0.8482,0.027,0.05,0.1104,0.04625,4,平时
4/5/2020 18:00,,1.07427,0.027,0.05,0.1104,0.04625,4,高峰
4/5/2020 19:00,,1.07427,0.027,0.05,0.1104,0.04625,4,高峰
4/5/2020 20:00,,1.07427,0.027,0.05,0.1104,0.04625,4,高峰
4/5/2020 21:00,,1.07427,0.027,0.05,0.1104,0.04625,4,高峰
4/5/2020 22:00,,1.07427,0.027,0.05,0.1104,0.04625,4,高峰
4/5/2020 23:00,,0.30325,0.027,0.05,0.1104,0.04625,4,低谷
4/6/2020 0:00,,0.30325,0.027,0.05,0.1104,0.04625,4,低谷
4/6/2020 1:00,,0.30325,0.027,0.05,0.1104,0.04625,4,低谷
4/6/2020 2:00,,0.30325,0.027,0.05,0.1104,0.04625,4,低谷
4/6/2020 3:00,,0.30325,0.027,0.05,0.1104,0.04625,4,低谷
4/6/2020 4:00,,0.30325,0.027,0.05,0.1104,0.04625,4,低谷
4/6/2020 5:00,,0.30325,0.027,0.05,0.1104,0.04625,4,低谷
4/6/2020 6:00,,0.30325,0.027,0.05,0.1104,0.04625,4,低谷
4/6/2020 7:00,,0.8482,0.027,0.05,0.1104,0.04625,4,平时
4/6/2020 8:00,,0.8482,0.027,0.05,0.1104,0.04625,4,平时
4/6/2020 9:00,,0.8482,0.027,0.05,0.1104,0.04625,4,平时
4/6/2020 10:00,,0.8482,0.027,0.05,0.1104,0.04625,4,平时
4/6/2020 11:00,,1.07427,0.027,0.05,0.1104,0.04625,4,高峰
4/6/2020 12:00,,1.07427,0.027,0.05,0.1104,0.04625,4,高峰
4/6/2020 13:00,,1.07427,0.027,0.05,0.1104,0.04625,4,高峰
4/6/2020 14:00,,0.8482,0.027,0.05,0.1104,0.04625,4,平时
4/6/2020 15:00,,0.8482,0.027,0.05,0.1104,0.04625,4,平时
4/6/2020 16:00,,0.8482,0.027,0.05,0.1104,0.04625,4,平时
4/6/2020 17:00,,0.8482,0.027,0.05,0.1104,0.04625,4,平时
4/6/2020 18:00,,1.07427,0.027,0.05,0.1104,0.04625,4,高峰
4/6/2020 19:00,,1.07427,0.027,0.05,0.1104,0.04625,4,高峰
4/6/2020 20:00,,1.07427,0.027,0.05,0.1104,0.04625,4,高峰
4/6/2020 21:00,,1.07427,0.027,0.05,0.1104,0.04625,4,高峰
4/6/2020 22:00,,1.07427,0.027,0.05,0.1104,0.04625,4,高峰
4/6/2020 23:00,,0.30325,0.027,0.05,0.1104,0.04625,4,低谷
4/7/2020 0:00,,0.30325,0.027,0.05,0.1104,0.04625,4,低谷
4/7/2020 1:00,,0.30325,0.027,0.05,0.1104,0.04625,4,低谷
4/7/2020 2:00,,0.30325,0.027,0.05,0.1104,0.04625,4,低谷
4/7/2020 3:00,,0.30325,0.027,0.05,0.1104,0.04625,4,低谷
4/7/2020 4:00,,0.30325,0.027,0.05,0.1104,0.04625,4,低谷
4/7/2020 5:00,,0.30325,0.027,0.05,0.1104,0.04625,4,低谷
4/7/2020 6:00,,0.30325,0.027,0.05,0.1104,0.04625,4,低谷
4/7/2020 7:00,,0.8482,0.027,0.05,0.1104,0.04625,4,平时
4/7/2020 8:00,,0.8482,0.027,0.05,0.1104,0.04625,4,平时
4/7/2020 9:00,,0.8482,0.027,0.05,0.1104,0.04625,4,平时
4/7/2020 10:00,,0.8482,0.027,0.05,0.1104,0.04625,4,平时
4/7/2020 11:00,,1.07427,0.027,0.05,0.1104,0.04625,4,高峰
4/7/2020 12:00,,1.07427,0.027,0.05,0.1104,0.04625,4,高峰
4/7/2020 13:00,,1.07427,0.027,0.05,0.1104,0.04625,4,高峰
4/7/2020 14:00,,0.8482,0.027,0.05,0.1104,0.04625,4,平时
4/7/2020 15:00,,0.8482,0.027,0.05,0.1104,0.04625,4,平时
4/7/2020 16:00,,0.8482,0.027,0.05,0.1104,0.04625,4,平时
4/7/2020 17:00,,0.8482,0.027,0.05,0.1104,0.04625,4,平时
4/7/2020 18:00,,1.07427,0.027,0.05,0.1104,0.04625,4,高峰
4/7/2020 19:00,,1.07427,0.027,0.05,0.1104,0.04625,4,高峰
4/7/2020 20:00,,1.07427,0.027,0.05,0.1104,0.04625,4,高峰
4/7/2020 21:00,,1.07427,0.027,0.05,0.1104,0.04625,4,高峰
4/7/2020 22:00,,1.07427,0.027,0.05,0.1104,0.04625,4,高峰
4/7/2020 23:00,,0.30325,0.027,0.05,0.1104,0.04625,4,低谷
4/8/2020 0:00,,0.30325,0.027,0.05,0.1104,0.04625,4,低谷
4/8/2020 1:00,,0.30325,0.027,0.05,0.1104,0.04625,4,低谷
4/8/2020 2:00,,0.30325,0.027,0.05,0.1104,0.04625,4,低谷
4/8/2020 3:00,,0.30325,0.027,0.05,0.1104,0.04625,4,低谷
4/8/2020 4:00,,0.30325,0.027,0.05,0.1104,0.04625,4,低谷
4/8/2020 5:00,,0.30325,0.027,0.05,0.1104,0.04625,4,低谷
4/8/2020 6:00,,0.30325,0.027,0.05,0.1104,0.04625,4,低谷
4/8/2020 7:00,,0.8482,0.027,0.05,0.1104,0.04625,4,平时
4/8/2020 8:00,,0.8482,0.027,0.05,0.1104,0.04625,4,平时
4/8/2020 9:00,,0.8482,0.027,0.05,0.1104,0.04625,4,平时
4/8/2020 10:00,,0.8482,0.027,0.05,0.1104,0.04625,4,平时
4/8/2020 11:00,,1.07427,0.027,0.05,0.1104,0.04625,4,高峰
4/8/2020 12:00,,1.07427,0.027,0.05,0.1104,0.04625,4,高峰
4/8/2020 13:00,,1.07427,0.027,0.05,0.1104,0.04625,4,高峰
4/8/2020 14:00,,0.8482,0.027,0.05,0.1104,0.04625,4,平时
4/8/2020 15:00,,0.8482,0.027,0.05,0.1104,0.04625,4,平时
4/8/2020 16:00,,0.8482,0.027,0.05,0.1104,0.04625,4,平时
4/8/2020 17:00,,0.8482,0.027,0.05,0.1104,0.04625,4,平时
4/8/2020 18:00,,1.07427,0.027,0.05,0.1104,0.04625,4,高峰
4/8/2020 19:00,,1.07427,0.027,0.05,0.1104,0.04625,4,高峰
4/8/2020 20:00,,1.07427,0.027,0.05,0.1104,0.04625,4,高峰
4/8/2020 21:00,,1.07427,0.027,0.05,0.1104,0.04625,4,高峰
4/8/2020 22:00,,1.07427,0.027,0.05,0.1104,0.04625,4,高峰
4/8/2020 23:00,,0.30325,0.027,0.05,0.1104,0.04625,4,低谷
4/9/2020 0:00,,0.30325,0.027,0.05,0.1104,0.04625,4,低谷
4/9/2020 1:00,,0.30325,0.027,0.05,0.1104,0.04625,4,低谷
4/9/2020 2:00,,0.30325,0.027,0.05,0.1104,0.04625,4,低谷
4/9/2020 3:00,,0.30325,0.027,0.05,0.1104,0.04625,4,低谷
4/9/2020 4:00,,0.30325,0.027,0.05,0.1104,0.04625,4,低谷
4/9/2020 5:00,,0.30325,0.027,0.05,0.1104,0.04625,4,低谷
4/9/2020 6:00,,0.30325,0.027,0.05,0.1104,0.04625,4,低谷
4/9/2020 7:00,,0.8482,0.027,0.05,0.1104,0.04625,4,平时
4/9/2020 8:00,,0.8482,0.027,0.05,0.1104,0.04625,4,平时
4/9/2020 9:00,,0.8482,0.027,0.05,0.1104,0.04625,4,平时
4/9/2020 10:00,,0.8482,0.027,0.05,0.1104,0.04625,4,平时
4/9/2020 11:00,,1.07427,0.027,0.05,0.1104,0.04625,4,高峰
4/9/2020 12:00,,1.07427,0.027,0.05,0.1104,0.04625,4,高峰
4/9/2020 13:00,,1.07427,0.027,0.05,0.1104,0.04625,4,高峰
4/9/2020 14:00,,0.8482,0.027,0.05,0.1104,0.04625,4,平时
4/9/2020 15:00,,0.8482,0.027,0.05,0.1104,0.04625,4,平时
4/9/2020 16:00,,0.8482,0.027,0.05,0.1104,0.04625,4,平时
4/9/2020 17:00,,0.8482,0.027,0.05,0.1104,0.04625,4,平时
4/9/2020 18:00,,1.07427,0.027,0.05,0.1104,0.04625,4,高峰
4/9/2020 19:00,,1.07427,0.027,0.05,0.1104,0.04625,4,高峰
4/9/2020 20:00,,1.07427,0.027,0.05,0.1104,0.04625,4,高峰
4/9/2020 21:00,,1.07427,0.027,0.05,0.1104,0.04625,4,高峰
4/9/2020 22:00,,1.07427,0.027,0.05,0.1104,0.04625,4,高峰
4/9/2020 23:00,,0.30325,0.027,0.05,0.1104,0.04625,4,低谷
4/10/2020 0:00,,0.30325,0.027,0.05,0.1104,0.04625,4,低谷
4/10/2020 1:00,,0.30325,0.027,0.05,0.1104,0.04625,4,低谷
4/10/2020 2:00,,0.30325,0.027,0.05,0.1104,0.04625,4,低谷
4/10/2020 3:00,,0.30325,0.027,0.05,0.1104,0.04625,4,低谷
4/10/2020 4:00,,0.30325,0.027,0.05,0.1104,0.04625,4,低谷
4/10/2020 5:00,,0.30325,0.027,0.05,0.1104,0.04625,4,低谷
4/10/2020 6:00,,0.30325,0.027,0.05,0.1104,0.04625,4,低谷
4/10/2020 7:00,,0.8482,0.027,0.05,0.1104,0.04625,4,平时
4/10/2020 8:00,,0.8482,0.027,0.05,0.1104,0.04625,4,平时
4/10/2020 9:00,,0.8482,0.027,0.05,0.1104,0.04625,4,平时
4/10/2020 10:00,,0.8482,0.027,0.05,0.1104,0.04625,4,平时
4/10/2020 11:00,,1.07427,0.027,0.05,0.1104,0.04625,4,高峰
4/10/2020 12:00,,1.07427,0.027,0.05,0.1104,0.04625,4,高峰
4/10/2020 13:00,,1.07427,0.027,0.05,0.1104,0.04625,4,高峰
4/10/2020 14:00,,0.8482,0.027,0.05,0.1104,0.04625,4,平时
4/10/2020 15:00,,0.8482,0.027,0.05,0.1104,0.04625,4,平时
4/10/2020 16:00,,0.8482,0.027,0.05,0.1104,0.04625,4,平时
4/10/2020 17:00,,0.8482,0.027,0.05,0.1104,0.04625,4,平时
4/10/2020 18:00,,1.07427,0.027,0.05,0.1104,0.04625,4,高峰
4/10/2020 19:00,,1.07427,0.027,0.05,0.1104,0.04625,4,高峰
4/10/2020 20:00,,1.07427,0.027,0.05,0.1104,0.04625,4,高峰
4/10/2020 21:00,,1.07427,0.027,0.05,0.1104,0.04625,4,高峰
4/10/2020 22:00,,1.07427,0.027,0.05,0.1104,0.04625,4,高峰
4/10/2020 23:00,,0.30325,0.027,0.05,0.1104,0.04625,4,低谷
4/11/2020 0:00,,0.30325,0.027,0.05,0.1104,0.04625,4,低谷
4/11/2020 1:00,,0.30325,0.027,0.05,0.1104,0.04625,4,低谷
4/11/2020 2:00,,0.30325,0.027,0.05,0.1104,0.04625,4,低谷
4/11/2020 3:00,,0.30325,0.027,0.05,0.1104,0.04625,4,低谷
4/11/2020 4:00,,0.30325,0.027,0.05,0.1104,0.04625,4,低谷
4/11/2020 5:00,,0.30325,0.027,0.05,0.1104,0.04625,4,低谷
4/11/2020 6:00,,0.30325,0.027,0.05,0.1104,0.04625,4,低谷
4/11/2020 7:00,,0.8482,0.027,0.05,0.1104,0.04625,4,平时
4/11/2020 8:00,,0.8482,0.027,0.05,0.1104,0.04625,4,平时
4/11/2020 9:00,,0.8482,0.027,0.05,0.1104,0.04625,4,平时
4/11/2020 10:00,,0.8482,0.027,0.05,0.1104,0.04625,4,平时
4/11/2020 11:00,,1.07427,0.027,0.05,0.1104,0.04625,4,高峰
4/11/2020 12:00,,1.07427,0.027,0.05,0.1104,0.04625,4,高峰
4/11/2020 13:00,,1.07427,0.027,0.05,0.1104,0.04625,4,高峰
4/11/2020 14:00,,0.8482,0.027,0.05,0.1104,0.04625,4,平时
4/11/2020 15:00,,0.8482,0.027,0.05,0.1104,0.04625,4,平时
4/11/2020 16:00,,0.8482,0.027,0.05,0.1104,0.04625,4,平时
4/11/2020 17:00,,0.8482,0.027,0.05,0.1104,0.04625,4,平时
4/11/2020 18:00,,1.07427,0.027,0.05,0.1104,0.04625,4,高峰
4/11/2020 19:00,,1.07427,0.027,0.05,0.1104,0.04625,4,高峰
4/11/2020 20:00,,1.07427,0.027,0.05,0.1104,0.04625,4,高峰
4/11/2020 21:00,,1.07427,0.027,0.05,0.1104,0.04625,4,高峰
4/11/2020 22:00,,1.07427,0.027,0.05,0.1104,0.04625,4,高峰
4/11/2020 23:00,,0.30325,0.027,0.05,0.1104,0.04625,4,低谷
4/12/2020 0:00,,0.30325,0.027,0.05,0.1104,0.04625,4,低谷
4/12/2020 1:00,,0.30325,0.027,0.05,0.1104,0.04625,4,低谷
4/12/2020 2:00,,0.30325,0.027,0.05,0.1104,0.04625,4,低谷
4/12/2020 3:00,,0.30325,0.027,0.05,0.1104,0.04625,4,低谷
4/12/2020 4:00,,0.30325,0.027,0.05,0.1104,0.04625,4,低谷
4/12/2020 5:00,,0.30325,0.027,0.05,0.1104,0.04625,4,低谷
4/12/2020 6:00,,0.30325,0.027,0.05,0.1104,0.04625,4,低谷
4/12/2020 7:00,,0.8482,0.027,0.05,0.1104,0.04625,4,平时
4/12/2020 8:00,,0.8482,0.027,0.05,0.1104,0.04625,4,平时
4/12/2020 9:00,,0.8482,0.027,0.05,0.1104,0.04625,4,平时
4/12/2020 10:00,,0.8482,0.027,0.05,0.1104,0.04625,4,平时
4/12/2020 11:00,,1.07427,0.027,0.05,0.1104,0.04625,4,高峰
4/12/2020 12:00,,1.07427,0.027,0.05,0.1104,0.04625,4,高峰
4/12/2020 13:00,,1.07427,0.027,0.05,0.1104,0.04625,4,高峰
4/12/2020 14:00,,0.8482,0.027,0.05,0.1104,0.04625,4,平时
4/12/2020 15:00,,0.8482,0.027,0.05,0.1104,0.04625,4,平时
4/12/2020 16:00,,0.8482,0.027,0.05,0.1104,0.04625,4,平时
4/12/2020 17:00,,0.8482,0.027,0.05,0.1104,0.04625,4,平时
4/12/2020 18:00,,1.07427,0.027,0.05,0.1104,0.04625,4,高峰
4/12/2020 19:00,,1.07427,0.027,0.05,0.1104,0.04625,4,高峰
4/12/2020 20:00,,1.07427,0.027,0.05,0.1104,0.04625,4,高峰
4/12/2020 21:00,,1.07427,0.027,0.05,0.1104,0.04625,4,高峰
4/12/2020 22:00,,1.07427,0.027,0.05,0.1104,0.04625,4,高峰
4/12/2020 23:00,,0.30325,0.027,0.05,0.1104,0.04625,4,低谷
4/13/2020 0:00,,0.30325,0.027,0.05,0.1104,0.04625,4,低谷
4/13/2020 1:00,,0.30325,0.027,0.05,0.1104,0.04625,4,低谷
4/13/2020 2:00,,0.30325,0.027,0.05,0.1104,0.04625,4,低谷
4/13/2020 3:00,,0.30325,0.027,0.05,0.1104,0.04625,4,低谷
4/13/2020 4:00,,0.30325,0.027,0.05,0.1104,0.04625,4,低谷
4/13/2020 5:00,,0.30325,0.027,0.05,0.1104,0.04625,4,低谷
4/13/2020 6:00,,0.30325,0.027,0.05,0.1104,0.04625,4,低谷
4/13/2020 7:00,,0.8482,0.027,0.05,0.1104,0.04625,4,平时
4/13/2020 8:00,,0.8482,0.027,0.05,0.1104,0.04625,4,平时
4/13/2020 9:00,,0.8482,0.027,0.05,0.1104,0.04625,4,平时
4/13/2020 10:00,,0.8482,0.027,0.05,0.1104,0.04625,4,平时
4/13/2020 11:00,,1.07427,0.027,0.05,0.1104,0.04625,4,高峰
4/13/2020 12:00,,1.07427,0.027,0.05,0.1104,0.04625,4,高峰
4/13/2020 13:00,,1.07427,0.027,0.05,0.1104,0.04625,4,高峰
4/13/2020 14:00,,0.8482,0.027,0.05,0.1104,0.04625,4,平时
4/13/2020 15:00,,0.8482,0.027,0.05,0.1104,0.04625,4,平时
4/13/2020 16:00,,0.8482,0.027,0.05,0.1104,0.04625,4,平时
4/13/2020 17:00,,0.8482,0.027,0.05,0.1104,0.04625,4,平时
4/13/2020 18:00,,1.07427,0.027,0.05,0.1104,0.04625,4,高峰
4/13/2020 19:00,,1.07427,0.027,0.05,0.1104,0.04625,4,高峰
4/13/2020 20:00,,1.07427,0.027,0.05,0.1104,0.04625,4,高峰
4/13/2020 21:00,,1.07427,0.027,0.05,0.1104,0.04625,4,高峰
4/13/2020 22:00,,1.07427,0.027,0.05,0.1104,0.04625,4,高峰
4/13/2020 23:00,,0.30325,0.027,0.05,0.1104,0.04625,4,低谷
4/14/2020 0:00,,0.30325,0.027,0.05,0.1104,0.04625,4,低谷
4/14/2020 1:00,,0.30325,0.027,0.05,0.1104,0.04625,4,低谷
4/14/2020 2:00,,0.30325,0.027,0.05,0.1104,0.04625,4,低谷
4/14/2020 3:00,,0.30325,0.027,0.05,0.1104,0.04625,4,低谷
4/14/2020 4:00,,0.30325,0.027,0.05,0.1104,0.04625,4,低谷
4/14/2020 5:00,,0.30325,0.027,0.05,0.1104,0.04625,4,低谷
4/14/2020 6:00,,0.30325,0.027,0.05,0.1104,0.04625,4,低谷
4/14/2020 7:00,,0.8482,0.027,0.05,0.1104,0.04625,4,平时
4/14/2020 8:00,,0.8482,0.027,0.05,0.1104,0.04625,4,平时
4/14/2020 9:00,,0.8482,0.027,0.05,0.1104,0.04625,4,平时
4/14/2020 10:00,,0.8482,0.027,0.05,0.1104,0.04625,4,平时
4/14/2020 11:00,,1.07427,0.027,0.05,0.1104,0.04625,4,高峰
4/14/2020 12:00,,1.07427,0.027,0.05,0.1104,0.04625,4,高峰
4/14/2020 13:00,,1.07427,0.027,0.05,0.1104,0.04625,4,高峰
4/14/2020 14:00,,0.8482,0.027,0.05,0.1104,0.04625,4,平时
4/14/2020 15:00,,0.8482,0.027,0.05,0.1104,0.04625,4,平时
4/14/2020 16:00,,0.8482,0.027,0.05,0.1104,0.04625,4,平时
4/14/2020 17:00,,0.8482,0.027,0.05,0.1104,0.04625,4,平时
4/14/2020 18:00,,1.07427,0.027,0.05,0.1104,0.04625,4,高峰
4/14/2020 19:00,,1.07427,0.027,0.05,0.1104,0.04625,4,高峰
4/14/2020 20:00,,1.07427,0.027,0.05,0.1104,0.04625,4,高峰
4/14/2020 21:00,,1.07427,0.027,0.05,0.1104,0.04625,4,高峰
4/14/2020 22:00,,1.07427,0.027,0.05,0.1104,0.04625,4,高峰
4/14/2020 23:00,,0.30325,0.027,0.05,0.1104,0.04625,4,低谷
4/15/2020 0:00,,0.30325,0.027,0.05,0.1104,0.04625,4,低谷
4/15/2020 1:00,,0.30325,0.027,0.05,0.1104,0.04625,4,低谷
4/15/2020 2:00,,0.30325,0.027,0.05,0.1104,0.04625,4,低谷
4/15/2020 3:00,,0.30325,0.027,0.05,0.1104,0.04625,4,低谷
4/15/2020 4:00,,0.30325,0.027,0.05,0.1104,0.04625,4,低谷
4/15/2020 5:00,,0.30325,0.027,0.05,0.1104,0.04625,4,低谷
4/15/2020 6:00,,0.30325,0.027,0.05,0.1104,0.04625,4,低谷
4/15/2020 7:00,,0.8482,0.027,0.05,0.1104,0.04625,4,平时
4/15/2020 8:00,,0.8482,0.027,0.05,0.1104,0.04625,4,平时
4/15/2020 9:00,,0.8482,0.027,0.05,0.1104,0.04625,4,平时
4/15/2020 10:00,,0.8482,0.027,0.05,0.1104,0.04625,4,平时
4/15/2020 11:00,,1.07427,0.027,0.05,0.1104,0.04625,4,高峰
4/15/2020 12:00,,1.07427,0.027,0.05,0.1104,0.04625,4,高峰
4/15/2020 13:00,,1.07427,0.027,0.05,0.1104,0.04625,4,高峰
4/15/2020 14:00,,0.8482,0.027,0.05,0.1104,0.04625,4,平时
4/15/2020 15:00,,0.8482,0.027,0.05,0.1104,0.04625,4,平时
4/15/2020 16:00,,0.8482,0.027,0.05,0.1104,0.04625,4,平时
4/15/2020 17:00,,0.8482,0.027,0.05,0.1104,0.04625,4,平时
4/15/2020 18:00,,1.07427,0.027,0.05,0.1104,0.04625,4,高峰
4/15/2020 19:00,,1.07427,0.027,0.05,0.1104,0.04625,4,高峰
4/15/2020 20:00,,1.07427,0.027,0.05,0.1104,0.04625,4,高峰
4/15/2020 21:00,,1.07427,0.027,0.05,0.1104,0.04625,4,高峰
4/15/2020 22:00,,1.07427,0.027,0.05,0.1104,0.04625,4,高峰
4/15/2020 23:00,,0.30325,0.027,0.05,0.1104,0.04625,4,低谷
4/16/2020 0:00,,0.30325,0.027,0.05,0.1104,0.04625,4,低谷
4/16/2020 1:00,,0.30325,0.027,0.05,0.1104,0.04625,4,低谷
4/16/2020 2:00,,0.30325,0.027,0.05,0.1104,0.04625,4,低谷
4/16/2020 3:00,,0.30325,0.027,0.05,0.1104,0.04625,4,低谷
4/16/2020 4:00,,0.30325,0.027,0.05,0.1104,0.04625,4,低谷
4/16/2020 5:00,,0.30325,0.027,0.05,0.1104,0.04625,4,低谷
4/16/2020 6:00,,0.30325,0.027,0.05,0.1104,0.04625,4,低谷
4/16/2020 7:00,,0.8482,0.027,0.05,0.1104,0.04625,4,平时
4/16/2020 8:00,,0.8482,0.027,0.05,0.1104,0.04625,4,平时
4/16/2020 9:00,,0.8482,0.027,0.05,0.1104,0.04625,4,平时
4/16/2020 10:00,,0.8482,0.027,0.05,0.1104,0.04625,4,平时
4/16/2020 11:00,,1.07427,0.027,0.05,0.1104,0.04625,4,高峰
4/16/2020 12:00,,1.07427,0.027,0.05,0.1104,0.04625,4,高峰
4/16/2020 13:00,,1.07427,0.027,0.05,0.1104,0.04625,4,高峰
4/16/2020 14:00,,0.8482,0.027,0.05,0.1104,0.04625,4,平时
4/16/2020 15:00,,0.8482,0.027,0.05,0.1104,0.04625,4,平时
4/16/2020 16:00,,0.8482,0.027,0.05,0.1104,0.04625,4,平时
4/16/2020 17:00,,0.8482,0.027,0.05,0.1104,0.04625,4,平时
4/16/2020 18:00,,1.07427,0.027,0.05,0.1104,0.04625,4,高峰
4/16/2020 19:00,,1.07427,0.027,0.05,0.1104,0.04625,4,高峰
4/16/2020 20:00,,1.07427,0.027,0.05,0.1104,0.04625,4,高峰
4/16/2020 21:00,,1.07427,0.027,0.05,0.1104,0.04625,4,高峰
4/16/2020 22:00,,1.07427,0.027,0.05,0.1104,0.04625,4,高峰
4/16/2020 23:00,,0.30325,0.027,0.05,0.1104,0.04625,4,低谷
4/17/2020 0:00,,0.30325,0.027,0.05,0.1104,0.04625,4,低谷
4/17/2020 1:00,,0.30325,0.027,0.05,0.1104,0.04625,4,低谷
4/17/2020 2:00,,0.30325,0.027,0.05,0.1104,0.04625,4,低谷
4/17/2020 3:00,,0.30325,0.027,0.05,0.1104,0.04625,4,低谷
4/17/2020 4:00,,0.30325,0.027,0.05,0.1104,0.04625,4,低谷
4/17/2020 5:00,,0.30325,0.027,0.05,0.1104,0.04625,4,低谷
4/17/2020 6:00,,0.30325,0.027,0.05,0.1104,0.04625,4,低谷
4/17/2020 7:00,,0.8482,0.027,0.05,0.1104,0.04625,4,平时
4/17/2020 8:00,,0.8482,0.027,0.05,0.1104,0.04625,4,平时
4/17/2020 9:00,,0.8482,0.027,0.05,0.1104,0.04625,4,平时
4/17/2020 10:00,,0.8482,0.027,0.05,0.1104,0.04625,4,平时
4/17/2020 11:00,,1.07427,0.027,0.05,0.1104,0.04625,4,高峰
4/17/2020 12:00,,1.07427,0.027,0.05,0.1104,0.04625,4,高峰
4/17/2020 13:00,,1.07427,0.027,0.05,0.1104,0.04625,4,高峰
4/17/2020 14:00,,0.8482,0.027,0.05,0.1104,0.04625,4,平时
4/17/2020 15:00,,0.8482,0.027,0.05,0.1104,0.04625,4,平时
4/17/2020 16:00,,0.8482,0.027,0.05,0.1104,0.04625,4,平时
4/17/2020 17:00,,0.8482,0.027,0.05,0.1104,0.04625,4,平时
4/17/2020 18:00,,1.07427,0.027,0.05,0.1104,0.04625,4,高峰
4/17/2020 19:00,,1.07427,0.027,0.05,0.1104,0.04625,4,高峰
4/17/2020 20:00,,1.07427,0.027,0.05,0.1104,0.04625,4,高峰
4/17/2020 21:00,,1.07427,0.027,0.05,0.1104,0.04625,4,高峰
4/17/2020 22:00,,1.07427,0.027,0.05,0.1104,0.04625,4,高峰
4/17/2020 23:00,,0.30325,0.027,0.05,0.1104,0.04625,4,低谷
4/18/2020 0:00,,0.30325,0.027,0.05,0.1104,0.04625,4,低谷
4/18/2020 1:00,,0.30325,0.027,0.05,0.1104,0.04625,4,低谷
4/18/2020 2:00,,0.30325,0.027,0.05,0.1104,0.04625,4,低谷
4/18/2020 3:00,,0.30325,0.027,0.05,0.1104,0.04625,4,低谷
4/18/2020 4:00,,0.30325,0.027,0.05,0.1104,0.04625,4,低谷
4/18/2020 5:00,,0.30325,0.027,0.05,0.1104,0.04625,4,低谷
4/18/2020 6:00,,0.30325,0.027,0.05,0.1104,0.04625,4,低谷
4/18/2020 7:00,,0.8482,0.027,0.05,0.1104,0.04625,4,平时
4/18/2020 8:00,,0.8482,0.027,0.05,0.1104,0.04625,4,平时
4/18/2020 9:00,,0.8482,0.027,0.05,0.1104,0.04625,4,平时
4/18/2020 10:00,,0.8482,0.027,0.05,0.1104,0.04625,4,平时
4/18/2020 11:00,,1.07427,0.027,0.05,0.1104,0.04625,4,高峰
4/18/2020 12:00,,1.07427,0.027,0.05,0.1104,0.04625,4,高峰
4/18/2020 13:00,,1.07427,0.027,0.05,0.1104,0.04625,4,高峰
4/18/2020 14:00,,0.8482,0.027,0.05,0.1104,0.04625,4,平时
4/18/2020 15:00,,0.8482,0.027,0.05,0.1104,0.04625,4,平时
4/18/2020 16:00,,0.8482,0.027,0.05,0.1104,0.04625,4,平时
4/18/2020 17:00,,0.8482,0.027,0.05,0.1104,0.04625,4,平时
4/18/2020 18:00,,1.07427,0.027,0.05,0.1104,0.04625,4,高峰
4/18/2020 19:00,,1.07427,0.027,0.05,0.1104,0.04625,4,高峰
4/18/2020 20:00,,1.07427,0.027,0.05,0.1104,0.04625,4,高峰
4/18/2020 21:00,,1.07427,0.027,0.05,0.1104,0.04625,4,高峰
4/18/2020 22:00,,1.07427,0.027,0.05,0.1104,0.04625,4,高峰
4/18/2020 23:00,,0.30325,0.027,0.05,0.1104,0.04625,4,低谷
4/19/2020 0:00,,0.30325,0.027,0.05,0.1104,0.04625,4,低谷
4/19/2020 1:00,,0.30325,0.027,0.05,0.1104,0.04625,4,低谷
4/19/2020 2:00,,0.30325,0.027,0.05,0.1104,0.04625,4,低谷
4/19/2020 3:00,,0.30325,0.027,0.05,0.1104,0.04625,4,低谷
4/19/2020 4:00,,0.30325,0.027,0.05,0.1104,0.04625,4,低谷
4/19/2020 5:00,,0.30325,0.027,0.05,0.1104,0.04625,4,低谷
4/19/2020 6:00,,0.30325,0.027,0.05,0.1104,0.04625,4,低谷
4/19/2020 7:00,,0.8482,0.027,0.05,0.1104,0.04625,4,平时
4/19/2020 8:00,,0.8482,0.027,0.05,0.1104,0.04625,4,平时
4/19/2020 9:00,,0.8482,0.027,0.05,0.1104,0.04625,4,平时
4/19/2020 10:00,,0.8482,0.027,0.05,0.1104,0.04625,4,平时
4/19/2020 11:00,,1.07427,0.027,0.05,0.1104,0.04625,4,高峰
4/19/2020 12:00,,1.07427,0.027,0.05,0.1104,0.04625,4,高峰
4/19/2020 13:00,,1.07427,0.027,0.05,0.1104,0.04625,4,高峰
4/19/2020 14:00,,0.8482,0.027,0.05,0.1104,0.04625,4,平时
4/19/2020 15:00,,0.8482,0.027,0.05,0.1104,0.04625,4,平时
4/19/2020 16:00,,0.8482,0.027,0.05,0.1104,0.04625,4,平时
4/19/2020 17:00,,0.8482,0.027,0.05,0.1104,0.04625,4,平时
4/19/2020 18:00,,1.07427,0.027,0.05,0.1104,0.04625,4,高峰
4/19/2020 19:00,,1.07427,0.027,0.05,0.1104,0.04625,4,高峰
4/19/2020 20:00,,1.07427,0.027,0.05,0.1104,0.04625,4,高峰
4/19/2020 21:00,,1.07427,0.027,0.05,0.1104,0.04625,4,高峰
4/19/2020 22:00,,1.07427,0.027,0.05,0.1104,0.04625,4,高峰
4/19/2020 23:00,,0.30325,0.027,0.05,0.1104,0.04625,4,低谷
4/20/2020 0:00,,0.30325,0.027,0.05,0.1104,0.04625,4,低谷
4/20/2020 1:00,,0.30325,0.027,0.05,0.1104,0.04625,4,低谷
4/20/2020 2:00,,0.30325,0.027,0.05,0.1104,0.04625,4,低谷
4/20/2020 3:00,,0.30325,0.027,0.05,0.1104,0.04625,4,低谷
4/20/2020 4:00,,0.30325,0.027,0.05,0.1104,0.04625,4,低谷
4/20/2020 5:00,,0.30325,0.027,0.05,0.1104,0.04625,4,低谷
4/20/2020 6:00,,0.30325,0.027,0.05,0.1104,0.04625,4,低谷
4/20/2020 7:00,,0.8482,0.027,0.05,0.1104,0.04625,4,平时
4/20/2020 8:00,,0.8482,0.027,0.05,0.1104,0.04625,4,平时
4/20/2020 9:00,,0.8482,0.027,0.05,0.1104,0.04625,4,平时
4/20/2020 10:00,,0.8482,0.027,0.05,0.1104,0.04625,4,平时
4/20/2020 11:00,,1.07427,0.027,0.05,0.1104,0.04625,4,高峰
4/20/2020 12:00,,1.07427,0.027,0.05,0.1104,0.04625,4,高峰
4/20/2020 13:00,,1.07427,0.027,0.05,0.1104,0.04625,4,高峰
4/20/2020 14:00,,0.8482,0.027,0.05,0.1104,0.04625,4,平时
4/20/2020 15:00,,0.8482,0.027,0.05,0.1104,0.04625,4,平时
4/20/2020 16:00,,0.8482,0.027,0.05,0.1104,0.04625,4,平时
4/20/2020 17:00,,0.8482,0.027,0.05,0.1104,0.04625,4,平时
4/20/2020 18:00,,1.07427,0.027,0.05,0.1104,0.04625,4,高峰
4/20/2020 19:00,,1.07427,0.027,0.05,0.1104,0.04625,4,高峰
4/20/2020 20:00,,1.07427,0.027,0.05,0.1104,0.04625,4,高峰
4/20/2020 21:00,,1.07427,0.027,0.05,0.1104,0.04625,4,高峰
4/20/2020 22:00,,1.07427,0.027,0.05,0.1104,0.04625,4,高峰
4/20/2020 23:00,,0.30325,0.027,0.05,0.1104,0.04625,4,低谷
4/21/2020 0:00,,0.30325,0.027,0.05,0.1104,0.04625,4,低谷
4/21/2020 1:00,,0.30325,0.027,0.05,0.1104,0.04625,4,低谷
4/21/2020 2:00,,0.30325,0.027,0.05,0.1104,0.04625,4,低谷
4/21/2020 3:00,,0.30325,0.027,0.05,0.1104,0.04625,4,低谷
4/21/2020 4:00,,0.30325,0.027,0.05,0.1104,0.04625,4,低谷
4/21/2020 5:00,,0.30325,0.027,0.05,0.1104,0.04625,4,低谷
4/21/2020 6:00,,0.30325,0.027,0.05,0.1104,0.04625,4,低谷
4/21/2020 7:00,,0.8482,0.027,0.05,0.1104,0.04625,4,平时
4/21/2020 8:00,,0.8482,0.027,0.05,0.1104,0.04625,4,平时
4/21/2020 9:00,,0.8482,0.027,0.05,0.1104,0.04625,4,平时
4/21/2020 10:00,,0.8482,0.027,0.05,0.1104,0.04625,4,平时
4/21/2020 11:00,,1.07427,0.027,0.05,0.1104,0.04625,4,高峰
4/21/2020 12:00,,1.07427,0.027,0.05,0.1104,0.04625,4,高峰
4/21/2020 13:00,,1.07427,0.027,0.05,0.1104,0.04625,4,高峰
4/21/2020 14:00,,0.8482,0.027,0.05,0.1104,0.04625,4,平时
4/21/2020 15:00,,0.8482,0.027,0.05,0.1104,0.04625,4,平时
4/21/2020 16:00,,0.8482,0.027,0.05,0.1104,0.04625,4,平时
4/21/2020 17:00,,0.8482,0.027,0.05,0.1104,0.04625,4,平时
4/21/2020 18:00,,1.07427,0.027,0.05,0.1104,0.04625,4,高峰
4/21/2020 19:00,,1.07427,0.027,0.05,0.1104,0.04625,4,高峰
4/21/2020 20:00,,1.07427,0.027,0.05,0.1104,0.04625,4,高峰
4/21/2020 21:00,,1.07427,0.027,0.05,0.1104,0.04625,4,高峰
4/21/2020 22:00,,1.07427,0.027,0.05,0.1104,0.04625,4,高峰
4/21/2020 23:00,,0.30325,0.027,0.05,0.1104,0.04625,4,低谷
4/22/2020 0:00,,0.30325,0.027,0.05,0.1104,0.04625,4,低谷
4/22/2020 1:00,,0.30325,0.027,0.05,0.1104,0.04625,4,低谷
4/22/2020 2:00,,0.30325,0.027,0.05,0.1104,0.04625,4,低谷
4/22/2020 3:00,,0.30325,0.027,0.05,0.1104,0.04625,4,低谷
4/22/2020 4:00,,0.30325,0.027,0.05,0.1104,0.04625,4,低谷
4/22/2020 5:00,,0.30325,0.027,0.05,0.1104,0.04625,4,低谷
4/22/2020 6:00,,0.30325,0.027,0.05,0.1104,0.04625,4,低谷
4/22/2020 7:00,,0.8482,0.027,0.05,0.1104,0.04625,4,平时
4/22/2020 8:00,,0.8482,0.027,0.05,0.1104,0.04625,4,平时
4/22/2020 9:00,,0.8482,0.027,0.05,0.1104,0.04625,4,平时
4/22/2020 10:00,,0.8482,0.027,0.05,0.1104,0.04625,4,平时
4/22/2020 11:00,,1.07427,0.027,0.05,0.1104,0.04625,4,高峰
4/22/2020 12:00,,1.07427,0.027,0.05,0.1104,0.04625,4,高峰
4/22/2020 13:00,,1.07427,0.027,0.05,0.1104,0.04625,4,高峰
4/22/2020 14:00,,0.8482,0.027,0.05,0.1104,0.04625,4,平时
4/22/2020 15:00,,0.8482,0.027,0.05,0.1104,0.04625,4,平时
4/22/2020 16:00,,0.8482,0.027,0.05,0.1104,0.04625,4,平时
4/22/2020 17:00,,0.8482,0.027,0.05,0.1104,0.04625,4,平时
4/22/2020 18:00,,1.07427,0.027,0.05,0.1104,0.04625,4,高峰
4/22/2020 19:00,,1.07427,0.027,0.05,0.1104,0.04625,4,高峰
4/22/2020 20:00,,1.07427,0.027,0.05,0.1104,0.04625,4,高峰
4/22/2020 21:00,,1.07427,0.027,0.05,0.1104,0.04625,4,高峰
4/22/2020 22:00,,1.07427,0.027,0.05,0.1104,0.04625,4,高峰
4/22/2020 23:00,,0.30325,0.027,0.05,0.1104,0.04625,4,低谷
4/23/2020 0:00,,0.30325,0.027,0.05,0.1104,0.04625,4,低谷
4/23/2020 1:00,,0.30325,0.027,0.05,0.1104,0.04625,4,低谷
4/23/2020 2:00,,0.30325,0.027,0.05,0.1104,0.04625,4,低谷
4/23/2020 3:00,,0.30325,0.027,0.05,0.1104,0.04625,4,低谷
4/23/2020 4:00,,0.30325,0.027,0.05,0.1104,0.04625,4,低谷
4/23/2020 5:00,,0.30325,0.027,0.05,0.1104,0.04625,4,低谷
4/23/2020 6:00,,0.30325,0.027,0.05,0.1104,0.04625,4,低谷
4/23/2020 7:00,,0.8482,0.027,0.05,0.1104,0.04625,4,平时
4/23/2020 8:00,,0.8482,0.027,0.05,0.1104,0.04625,4,平时
4/23/2020 9:00,,0.8482,0.027,0.05,0.1104,0.04625,4,平时
4/23/2020 10:00,,0.8482,0.027,0.05,0.1104,0.04625,4,平时
4/23/2020 11:00,,1.07427,0.027,0.05,0.1104,0.04625,4,高峰
4/23/2020 12:00,,1.07427,0.027,0.05,0.1104,0.04625,4,高峰
4/23/2020 13:00,,1.07427,0.027,0.05,0.1104,0.04625,4,高峰
4/23/2020 14:00,,0.8482,0.027,0.05,0.1104,0.04625,4,平时
4/23/2020 15:00,,0.8482,0.027,0.05,0.1104,0.04625,4,平时
4/23/2020 16:00,,0.8482,0.027,0.05,0.1104,0.04625,4,平时
4/23/2020 17:00,,0.8482,0.027,0.05,0.1104,0.04625,4,平时
4/23/2020 18:00,,1.07427,0.027,0.05,0.1104,0.04625,4,高峰
4/23/2020 19:00,,1.07427,0.027,0.05,0.1104,0.04625,4,高峰
4/23/2020 20:00,,1.07427,0.027,0.05,0.1104,0.04625,4,高峰
4/23/2020 21:00,,1.07427,0.027,0.05,0.1104,0.04625,4,高峰
4/23/2020 22:00,,1.07427,0.027,0.05,0.1104,0.04625,4,高峰
4/23/2020 23:00,,0.30325,0.027,0.05,0.1104,0.04625,4,低谷
4/24/2020 0:00,,0.30325,0.027,0.05,0.1104,0.04625,4,低谷
4/24/2020 1:00,,0.30325,0.027,0.05,0.1104,0.04625,4,低谷
4/24/2020 2:00,,0.30325,0.027,0.05,0.1104,0.04625,4,低谷
4/24/2020 3:00,,0.30325,0.027,0.05,0.1104,0.04625,4,低谷
4/24/2020 4:00,,0.30325,0.027,0.05,0.1104,0.04625,4,低谷
4/24/2020 5:00,,0.30325,0.027,0.05,0.1104,0.04625,4,低谷
4/24/2020 6:00,,0.30325,0.027,0.05,0.1104,0.04625,4,低谷
4/24/2020 7:00,,0.8482,0.027,0.05,0.1104,0.04625,4,平时
4/24/2020 8:00,,0.8482,0.027,0.05,0.1104,0.04625,4,平时
4/24/2020 9:00,,0.8482,0.027,0.05,0.1104,0.04625,4,平时
4/24/2020 10:00,,0.8482,0.027,0.05,0.1104,0.04625,4,平时
4/24/2020 11:00,,1.07427,0.027,0.05,0.1104,0.04625,4,高峰
4/24/2020 12:00,,1.07427,0.027,0.05,0.1104,0.04625,4,高峰
4/24/2020 13:00,,1.07427,0.027,0.05,0.1104,0.04625,4,高峰
4/24/2020 14:00,,0.8482,0.027,0.05,0.1104,0.04625,4,平时
4/24/2020 15:00,,0.8482,0.027,0.05,0.1104,0.04625,4,平时
4/24/2020 16:00,,0.8482,0.027,0.05,0.1104,0.04625,4,平时
4/24/2020 17:00,,0.8482,0.027,0.05,0.1104,0.04625,4,平时
4/24/2020 18:00,,1.07427,0.027,0.05,0.1104,0.04625,4,高峰
4/24/2020 19:00,,1.07427,0.027,0.05,0.1104,0.04625,4,高峰
4/24/2020 20:00,,1.07427,0.027,0.05,0.1104,0.04625,4,高峰
4/24/2020 21:00,,1.07427,0.027,0.05,0.1104,0.04625,4,高峰
4/24/2020 22:00,,1.07427,0.027,0.05,0.1104,0.04625,4,高峰
4/24/2020 23:00,,0.30325,0.027,0.05,0.1104,0.04625,4,低谷
4/25/2020 0:00,,0.30325,0.027,0.05,0.1104,0.04625,4,低谷
4/25/2020 1:00,,0.30325,0.027,0.05,0.1104,0.04625,4,低谷
4/25/2020 2:00,,0.30325,0.027,0.05,0.1104,0.04625,4,低谷
4/25/2020 3:00,,0.30325,0.027,0.05,0.1104,0.04625,4,低谷
4/25/2020 4:00,,0.30325,0.027,0.05,0.1104,0.04625,4,低谷
4/25/2020 5:00,,0.30325,0.027,0.05,0.1104,0.04625,4,低谷
4/25/2020 6:00,,0.30325,0.027,0.05,0.1104,0.04625,4,低谷
4/25/2020 7:00,,0.8482,0.027,0.05,0.1104,0.04625,4,平时
4/25/2020 8:00,,0.8482,0.027,0.05,0.1104,0.04625,4,平时
4/25/2020 9:00,,0.8482,0.027,0.05,0.1104,0.04625,4,平时
4/25/2020 10:00,,0.8482,0.027,0.05,0.1104,0.04625,4,平时
4/25/2020 11:00,,1.07427,0.027,0.05,0.1104,0.04625,4,高峰
4/25/2020 12:00,,1.07427,0.027,0.05,0.1104,0.04625,4,高峰
4/25/2020 13:00,,1.07427,0.027,0.05,0.1104,0.04625,4,高峰
4/25/2020 14:00,,0.8482,0.027,0.05,0.1104,0.04625,4,平时
4/25/2020 15:00,,0.8482,0.027,0.05,0.1104,0.04625,4,平时
4/25/2020 16:00,,0.8482,0.027,0.05,0.1104,0.04625,4,平时
4/25/2020 17:00,,0.8482,0.027,0.05,0.1104,0.04625,4,平时
4/25/2020 18:00,,1.07427,0.027,0.05,0.1104,0.04625,4,高峰
4/25/2020 19:00,,1.07427,0.027,0.05,0.1104,0.04625,4,高峰
4/25/2020 20:00,,1.07427,0.027,0.05,0.1104,0.04625,4,高峰
4/25/2020 21:00,,1.07427,0.027,0.05,0.1104,0.04625,4,高峰
4/25/2020 22:00,,1.07427,0.027,0.05,0.1104,0.04625,4,高峰
4/25/2020 23:00,,0.30325,0.027,0.05,0.1104,0.04625,4,低谷
4/26/2020 0:00,,0.30325,0.027,0.05,0.1104,0.04625,4,低谷
4/26/2020 1:00,,0.30325,0.027,0.05,0.1104,0.04625,4,低谷
4/26/2020 2:00,,0.30325,0.027,0.05,0.1104,0.04625,4,低谷
4/26/2020 3:00,,0.30325,0.027,0.05,0.1104,0.04625,4,低谷
4/26/2020 4:00,,0.30325,0.027,0.05,0.1104,0.04625,4,低谷
4/26/2020 5:00,,0.30325,0.027,0.05,0.1104,0.04625,4,低谷
4/26/2020 6:00,,0.30325,0.027,0.05,0.1104,0.04625,4,低谷
4/26/2020 7:00,,0.8482,0.027,0.05,0.1104,0.04625,4,平时
4/26/2020 8:00,,0.8482,0.027,0.05,0.1104,0.04625,4,平时
4/26/2020 9:00,,0.8482,0.027,0.05,0.1104,0.04625,4,平时
4/26/2020 10:00,,0.8482,0.027,0.05,0.1104,0.04625,4,平时
4/26/2020 11:00,,1.07427,0.027,0.05,0.1104,0.04625,4,高峰
4/26/2020 12:00,,1.07427,0.027,0.05,0.1104,0.04625,4,高峰
4/26/2020 13:00,,1.07427,0.027,0.05,0.1104,0.04625,4,高峰
4/26/2020 14:00,,0.8482,0.027,0.05,0.1104,0.04625,4,平时
4/26/2020 15:00,,0.8482,0.027,0.05,0.1104,0.04625,4,平时
4/26/2020 16:00,,0.8482,0.027,0.05,0.1104,0.04625,4,平时
4/26/2020 17:00,,0.8482,0.027,0.05,0.1104,0.04625,4,平时
4/26/2020 18:00,,1.07427,0.027,0.05,0.1104,0.04625,4,高峰
4/26/2020 19:00,,1.07427,0.027,0.05,0.1104,0.04625,4,高峰
4/26/2020 20:00,,1.07427,0.027,0.05,0.1104,0.04625,4,高峰
4/26/2020 21:00,,1.07427,0.027,0.05,0.1104,0.04625,4,高峰
4/26/2020 22:00,,1.07427,0.027,0.05,0.1104,0.04625,4,高峰
4/26/2020 23:00,,0.30325,0.027,0.05,0.1104,0.04625,4,低谷
4/27/2020 0:00,,0.30325,0.027,0.05,0.1104,0.04625,4,低谷
4/27/2020 1:00,,0.30325,0.027,0.05,0.1104,0.04625,4,低谷
4/27/2020 2:00,,0.30325,0.027,0.05,0.1104,0.04625,4,低谷
4/27/2020 3:00,,0.30325,0.027,0.05,0.1104,0.04625,4,低谷
4/27/2020 4:00,,0.30325,0.027,0.05,0.1104,0.04625,4,低谷
4/27/2020 5:00,,0.30325,0.027,0.05,0.1104,0.04625,4,低谷
4/27/2020 6:00,,0.30325,0.027,0.05,0.1104,0.04625,4,低谷
4/27/2020 7:00,,0.8482,0.027,0.05,0.1104,0.04625,4,平时
4/27/2020 8:00,,0.8482,0.027,0.05,0.1104,0.04625,4,平时
4/27/2020 9:00,,0.8482,0.027,0.05,0.1104,0.04625,4,平时
4/27/2020 10:00,,0.8482,0.027,0.05,0.1104,0.04625,4,平时
4/27/2020 11:00,,1.07427,0.027,0.05,0.1104,0.04625,4,高峰
4/27/2020 12:00,,1.07427,0.027,0.05,0.1104,0.04625,4,高峰
4/27/2020 13:00,,1.07427,0.027,0.05,0.1104,0.04625,4,高峰
4/27/2020 14:00,,0.8482,0.027,0.05,0.1104,0.04625,4,平时
4/27/2020 15:00,,0.8482,0.027,0.05,0.1104,0.04625,4,平时
4/27/2020 16:00,,0.8482,0.027,0.05,0.1104,0.04625,4,平时
4/27/2020 17:00,,0.8482,0.027,0.05,0.1104,0.04625,4,平时
4/27/2020 18:00,,1.07427,0.027,0.05,0.1104,0.04625,4,高峰
4/27/2020 19:00,,1.07427,0.027,0.05,0.1104,0.04625,4,高峰
4/27/2020 20:00,,1.07427,0.027,0.05,0.1104,0.04625,4,高峰
4/27/2020 21:00,,1.07427,0.027,0.05,0.1104,0.04625,4,高峰
4/27/2020 22:00,,1.07427,0.027,0.05,0.1104,0.04625,4,高峰
4/27/2020 23:00,,0.30325,0.027,0.05,0.1104,0.04625,4,低谷
4/28/2020 0:00,,0.30325,0.027,0.05,0.1104,0.04625,4,低谷
4/28/2020 1:00,,0.30325,0.027,0.05,0.1104,0.04625,4,低谷
4/28/2020 2:00,,0.30325,0.027,0.05,0.1104,0.04625,4,低谷
4/28/2020 3:00,,0.30325,0.027,0.05,0.1104,0.04625,4,低谷
4/28/2020 4:00,,0.30325,0.027,0.05,0.1104,0.04625,4,低谷
4/28/2020 5:00,,0.30325,0.027,0.05,0.1104,0.04625,4,低谷
4/28/2020 6:00,,0.30325,0.027,0.05,0.1104,0.04625,4,低谷
4/28/2020 7:00,,0.8482,0.027,0.05,0.1104,0.04625,4,平时
4/28/2020 8:00,,0.8482,0.027,0.05,0.1104,0.04625,4,平时
4/28/2020 9:00,,0.8482,0.027,0.05,0.1104,0.04625,4,平时
4/28/2020 10:00,,0.8482,0.027,0.05,0.1104,0.04625,4,平时
4/28/2020 11:00,,1.07427,0.027,0.05,0.1104,0.04625,4,高峰
4/28/2020 12:00,,1.07427,0.027,0.05,0.1104,0.04625,4,高峰
4/28/2020 13:00,,1.07427,0.027,0.05,0.1104,0.04625,4,高峰
4/28/2020 14:00,,0.8482,0.027,0.05,0.1104,0.04625,4,平时
4/28/2020 15:00,,0.8482,0.027,0.05,0.1104,0.04625,4,平时
4/28/2020 16:00,,0.8482,0.027,0.05,0.1104,0.04625,4,平时
4/28/2020 17:00,,0.8482,0.027,0.05,0.1104,0.04625,4,平时
4/28/2020 18:00,,1.07427,0.027,0.05,0.1104,0.04625,4,高峰
4/28/2020 19:00,,1.07427,0.027,0.05,0.1104,0.04625,4,高峰
4/28/2020 20:00,,1.07427,0.027,0.05,0.1104,0.04625,4,高峰
4/28/2020 21:00,,1.07427,0.027,0.05,0.1104,0.04625,4,高峰
4/28/2020 22:00,,1.07427,0.027,0.05,0.1104,0.04625,4,高峰
4/28/2020 23:00,,0.30325,0.027,0.05,0.1104,0.04625,4,低谷
4/29/2020 0:00,,0.30325,0.027,0.05,0.1104,0.04625,4,低谷
4/29/2020 1:00,,0.30325,0.027,0.05,0.1104,0.04625,4,低谷
4/29/2020 2:00,,0.30325,0.027,0.05,0.1104,0.04625,4,低谷
4/29/2020 3:00,,0.30325,0.027,0.05,0.1104,0.04625,4,低谷
4/29/2020 4:00,,0.30325,0.027,0.05,0.1104,0.04625,4,低谷
4/29/2020 5:00,,0.30325,0.027,0.05,0.1104,0.04625,4,低谷
4/29/2020 6:00,,0.30325,0.027,0.05,0.1104,0.04625,4,低谷
4/29/2020 7:00,,0.8482,0.027,0.05,0.1104,0.04625,4,平时
4/29/2020 8:00,,0.8482,0.027,0.05,0.1104,0.04625,4,平时
4/29/2020 9:00,,0.8482,0.027,0.05,0.1104,0.04625,4,平时
4/29/2020 10:00,,0.8482,0.027,0.05,0.1104,0.04625,4,平时
4/29/2020 11:00,,1.07427,0.027,0.05,0.1104,0.04625,4,高峰
4/29/2020 12:00,,1.07427,0.027,0.05,0.1104,0.04625,4,高峰
4/29/2020 13:00,,1.07427,0.027,0.05,0.1104,0.04625,4,高峰
4/29/2020 14:00,,0.8482,0.027,0.05,0.1104,0.04625,4,平时
4/29/2020 15:00,,0.8482,0.027,0.05,0.1104,0.04625,4,平时
4/29/2020 16:00,,0.8482,0.027,0.05,0.1104,0.04625,4,平时
4/29/2020 17:00,,0.8482,0.027,0.05,0.1104,0.04625,4,平时
4/29/2020 18:00,,1.07427,0.027,0.05,0.1104,0.04625,4,高峰
4/29/2020 19:00,,1.07427,0.027,0.05,0.1104,0.04625,4,高峰
4/29/2020 20:00,,1.07427,0.027,0.05,0.1104,0.04625,4,高峰
4/29/2020 21:00,,1.07427,0.027,0.05,0.1104,0.04625,4,高峰
4/29/2020 22:00,,1.07427,0.027,0.05,0.1104,0.04625,4,高峰
4/29/2020 23:00,,0.30325,0.027,0.05,0.1104,0.04625,4,低谷
4/30/2020 0:00,,0.30325,0.027,0.05,0.1104,0.04625,4,低谷
4/30/2020 1:00,,0.30325,0.027,0.05,0.1104,0.04625,4,低谷
4/30/2020 2:00,,0.30325,0.027,0.05,0.1104,0.04625,4,低谷
4/30/2020 3:00,,0.30325,0.027,0.05,0.1104,0.04625,4,低谷
4/30/2020 4:00,,0.30325,0.027,0.05,0.1104,0.04625,4,低谷
4/30/2020 5:00,,0.30325,0.027,0.05,0.1104,0.04625,4,低谷
4/30/2020 6:00,,0.30325,0.027,0.05,0.1104,0.04625,4,低谷
4/30/2020 7:00,,0.8482,0.027,0.05,0.1104,0.04625,4,平时
4/30/2020 8:00,,0.8482,0.027,0.05,0.1104,0.04625,4,平时
4/30/2020 9:00,,0.8482,0.027,0.05,0.1104,0.04625,4,平时
4/30/2020 10:00,,0.8482,0.027,0.05,0.1104,0.04625,4,平时
4/30/2020 11:00,,1.07427,0.027,0.05,0.1104,0.04625,4,高峰
4/30/2020 12:00,,1.07427,0.027,0.05,0.1104,0.04625,4,高峰
4/30/2020 13:00,,1.07427,0.027,0.05,0.1104,0.04625,4,高峰
4/30/2020 14:00,,0.8482,0.027,0.05,0.1104,0.04625,4,平时
4/30/2020 15:00,,0.8482,0.027,0.05,0.1104,0.04625,4,平时
4/30/2020 16:00,,0.8482,0.027,0.05,0.1104,0.04625,4,平时
4/30/2020 17:00,,0.8482,0.027,0.05,0.1104,0.04625,4,平时
4/30/2020 18:00,,1.07427,0.027,0.05,0.1104,0.04625,4,高峰
4/30/2020 19:00,,1.07427,0.027,0.05,0.1104,0.04625,4,高峰
4/30/2020 20:00,,1.07427,0.027,0.05,0.1104,0.04625,4,高峰
4/30/2020 21:00,,1.07427,0.027,0.05,0.1104,0.04625,4,高峰
4/30/2020 22:00,,1.07427,0.027,0.05,0.1104,0.04625,4,高峰
4/30/2020 23:00,,0.30325,0.027,0.05,0.1104,0.04625,4,低谷
5/1/2020 0:00,,0.29589,0.027,0.05,0.1104,0.04625,5,低谷
5/1/2020 1:00,,0.29589,0.027,0.05,0.1104,0.04625,5,低谷
5/1/2020 2:00,,0.29589,0.027,0.05,0.1104,0.04625,5,低谷
5/1/2020 3:00,,0.29589,0.027,0.05,0.1104,0.04625,5,低谷
5/1/2020 4:00,,0.29589,0.027,0.05,0.1104,0.04625,5,低谷
5/1/2020 5:00,,0.29589,0.027,0.05,0.1104,0.04625,5,低谷
5/1/2020 6:00,,0.29589,0.027,0.05,0.1104,0.04625,5,低谷
5/1/2020 7:00,,0.8286,0.027,0.05,0.1104,0.04625,5,平时
5/1/2020 8:00,,0.8286,0.027,0.05,0.1104,0.04625,5,平时
5/1/2020 9:00,,0.8286,0.027,0.05,0.1104,0.04625,5,平时
5/1/2020 10:00,,0.8286,0.027,0.05,0.1104,0.04625,5,平时
5/1/2020 11:00,,1.04253,0.027,0.05,0.1104,0.04625,5,高峰
5/1/2020 12:00,,1.04253,0.027,0.05,0.1104,0.04625,5,高峰
5/1/2020 13:00,,1.04253,0.027,0.05,0.1104,0.04625,5,高峰
5/1/2020 14:00,,0.8286,0.027,0.05,0.1104,0.04625,5,平时
5/1/2020 15:00,,0.8286,0.027,0.05,0.1104,0.04625,5,平时
5/1/2020 16:00,,0.8286,0.027,0.05,0.1104,0.04625,5,平时
5/1/2020 17:00,,0.8286,0.027,0.05,0.1104,0.04625,5,平时
5/1/2020 18:00,,1.04253,0.027,0.05,0.1104,0.04625,5,高峰
5/1/2020 19:00,,1.04253,0.027,0.05,0.1104,0.04625,5,高峰
5/1/2020 20:00,,1.04253,0.027,0.05,0.1104,0.04625,5,高峰
5/1/2020 21:00,,1.04253,0.027,0.05,0.1104,0.04625,5,高峰
5/1/2020 22:00,,1.04253,0.027,0.05,0.1104,0.04625,5,高峰
5/1/2020 23:00,,0.29589,0.027,0.05,0.1104,0.04625,5,低谷
5/2/2020 0:00,,0.29589,0.027,0.05,0.1104,0.04625,5,低谷
5/2/2020 1:00,,0.29589,0.027,0.05,0.1104,0.04625,5,低谷
5/2/2020 2:00,,0.29589,0.027,0.05,0.1104,0.04625,5,低谷
5/2/2020 3:00,,0.29589,0.027,0.05,0.1104,0.04625,5,低谷
5/2/2020 4:00,,0.29589,0.027,0.05,0.1104,0.04625,5,低谷
5/2/2020 5:00,,0.29589,0.027,0.05,0.1104,0.04625,5,低谷
5/2/2020 6:00,,0.29589,0.027,0.05,0.1104,0.04625,5,低谷
5/2/2020 7:00,,0.8286,0.027,0.05,0.1104,0.04625,5,平时
5/2/2020 8:00,,0.8286,0.027,0.05,0.1104,0.04625,5,平时
5/2/2020 9:00,,0.8286,0.027,0.05,0.1104,0.04625,5,平时
5/2/2020 10:00,,0.8286,0.027,0.05,0.1104,0.04625,5,平时
5/2/2020 11:00,,1.04253,0.027,0.05,0.1104,0.04625,5,高峰
5/2/2020 12:00,,1.04253,0.027,0.05,0.1104,0.04625,5,高峰
5/2/2020 13:00,,1.04253,0.027,0.05,0.1104,0.04625,5,高峰
5/2/2020 14:00,,0.8286,0.027,0.05,0.1104,0.04625,5,平时
5/2/2020 15:00,,0.8286,0.027,0.05,0.1104,0.04625,5,平时
5/2/2020 16:00,,0.8286,0.027,0.05,0.1104,0.04625,5,平时
5/2/2020 17:00,,0.8286,0.027,0.05,0.1104,0.04625,5,平时
5/2/2020 18:00,,1.04253,0.027,0.05,0.1104,0.04625,5,高峰
5/2/2020 19:00,,1.04253,0.027,0.05,0.1104,0.04625,5,高峰
5/2/2020 20:00,,1.04253,0.027,0.05,0.1104,0.04625,5,高峰
5/2/2020 21:00,,1.04253,0.027,0.05,0.1104,0.04625,5,高峰
5/2/2020 22:00,,1.04253,0.027,0.05,0.1104,0.04625,5,高峰
5/2/2020 23:00,,0.29589,0.027,0.05,0.1104,0.04625,5,低谷
5/3/2020 0:00,,0.29589,0.027,0.05,0.1104,0.04625,5,低谷
5/3/2020 1:00,,0.29589,0.027,0.05,0.1104,0.04625,5,低谷
5/3/2020 2:00,,0.29589,0.027,0.05,0.1104,0.04625,5,低谷
5/3/2020 3:00,,0.29589,0.027,0.05,0.1104,0.04625,5,低谷
5/3/2020 4:00,,0.29589,0.027,0.05,0.1104,0.04625,5,低谷
5/3/2020 5:00,,0.29589,0.027,0.05,0.1104,0.04625,5,低谷
5/3/2020 6:00,,0.29589,0.027,0.05,0.1104,0.04625,5,低谷
5/3/2020 7:00,,0.8286,0.027,0.05,0.1104,0.04625,5,平时
5/3/2020 8:00,,0.8286,0.027,0.05,0.1104,0.04625,5,平时
5/3/2020 9:00,,0.8286,0.027,0.05,0.1104,0.04625,5,平时
5/3/2020 10:00,,0.8286,0.027,0.05,0.1104,0.04625,5,平时
5/3/2020 11:00,,1.04253,0.027,0.05,0.1104,0.04625,5,高峰
5/3/2020 12:00,,1.04253,0.027,0.05,0.1104,0.04625,5,高峰
5/3/2020 13:00,,1.04253,0.027,0.05,0.1104,0.04625,5,高峰
5/3/2020 14:00,,0.8286,0.027,0.05,0.1104,0.04625,5,平时
5/3/2020 15:00,,0.8286,0.027,0.05,0.1104,0.04625,5,平时
5/3/2020 16:00,,0.8286,0.027,0.05,0.1104,0.04625,5,平时
5/3/2020 17:00,,0.8286,0.027,0.05,0.1104,0.04625,5,平时
5/3/2020 18:00,,1.04253,0.027,0.05,0.1104,0.04625,5,高峰
5/3/2020 19:00,,1.04253,0.027,0.05,0.1104,0.04625,5,高峰
5/3/2020 20:00,,1.04253,0.027,0.05,0.1104,0.04625,5,高峰
5/3/2020 21:00,,1.04253,0.027,0.05,0.1104,0.04625,5,高峰
5/3/2020 22:00,,1.04253,0.027,0.05,0.1104,0.04625,5,高峰
5/3/2020 23:00,,0.29589,0.027,0.05,0.1104,0.04625,5,低谷
5/4/2020 0:00,,0.29589,0.027,0.05,0.1104,0.04625,5,低谷
5/4/2020 1:00,,0.29589,0.027,0.05,0.1104,0.04625,5,低谷
5/4/2020 2:00,,0.29589,0.027,0.05,0.1104,0.04625,5,低谷
5/4/2020 3:00,,0.29589,0.027,0.05,0.1104,0.04625,5,低谷
5/4/2020 4:00,,0.29589,0.027,0.05,0.1104,0.04625,5,低谷
5/4/2020 5:00,,0.29589,0.027,0.05,0.1104,0.04625,5,低谷
5/4/2020 6:00,,0.29589,0.027,0.05,0.1104,0.04625,5,低谷
5/4/2020 7:00,,0.8286,0.027,0.05,0.1104,0.04625,5,平时
5/4/2020 8:00,,0.8286,0.027,0.05,0.1104,0.04625,5,平时
5/4/2020 9:00,,0.8286,0.027,0.05,0.1104,0.04625,5,平时
5/4/2020 10:00,,0.8286,0.027,0.05,0.1104,0.04625,5,平时
5/4/2020 11:00,,1.04253,0.027,0.05,0.1104,0.04625,5,高峰
5/4/2020 12:00,,1.04253,0.027,0.05,0.1104,0.04625,5,高峰
5/4/2020 13:00,,1.04253,0.027,0.05,0.1104,0.04625,5,高峰
5/4/2020 14:00,,0.8286,0.027,0.05,0.1104,0.04625,5,平时
5/4/2020 15:00,,0.8286,0.027,0.05,0.1104,0.04625,5,平时
5/4/2020 16:00,,0.8286,0.027,0.05,0.1104,0.04625,5,平时
5/4/2020 17:00,,0.8286,0.027,0.05,0.1104,0.04625,5,平时
5/4/2020 18:00,,1.04253,0.027,0.05,0.1104,0.04625,5,高峰
5/4/2020 19:00,,1.04253,0.027,0.05,0.1104,0.04625,5,高峰
5/4/2020 20:00,,1.04253,0.027,0.05,0.1104,0.04625,5,高峰
5/4/2020 21:00,,1.04253,0.027,0.05,0.1104,0.04625,5,高峰
5/4/2020 22:00,,1.04253,0.027,0.05,0.1104,0.04625,5,高峰
5/4/2020 23:00,,0.29589,0.027,0.05,0.1104,0.04625,5,低谷
5/5/2020 0:00,,0.29589,0.027,0.05,0.1104,0.04625,5,低谷
5/5/2020 1:00,,0.29589,0.027,0.05,0.1104,0.04625,5,低谷
5/5/2020 2:00,,0.29589,0.027,0.05,0.1104,0.04625,5,低谷
5/5/2020 3:00,,0.29589,0.027,0.05,0.1104,0.04625,5,低谷
5/5/2020 4:00,,0.29589,0.027,0.05,0.1104,0.04625,5,低谷
5/5/2020 5:00,,0.29589,0.027,0.05,0.1104,0.04625,5,低谷
5/5/2020 6:00,,0.29589,0.027,0.05,0.1104,0.04625,5,低谷
5/5/2020 7:00,,0.8286,0.027,0.05,0.1104,0.04625,5,平时
5/5/2020 8:00,,0.8286,0.027,0.05,0.1104,0.04625,5,平时
5/5/2020 9:00,,0.8286,0.027,0.05,0.1104,0.04625,5,平时
5/5/2020 10:00,,0.8286,0.027,0.05,0.1104,0.04625,5,平时
5/5/2020 11:00,,1.04253,0.027,0.05,0.1104,0.04625,5,高峰
5/5/2020 12:00,,1.04253,0.027,0.05,0.1104,0.04625,5,高峰
5/5/2020 13:00,,1.04253,0.027,0.05,0.1104,0.04625,5,高峰
5/5/2020 14:00,,0.8286,0.027,0.05,0.1104,0.04625,5,平时
5/5/2020 15:00,,0.8286,0.027,0.05,0.1104,0.04625,5,平时
5/5/2020 16:00,,0.8286,0.027,0.05,0.1104,0.04625,5,平时
5/5/2020 17:00,,0.8286,0.027,0.05,0.1104,0.04625,5,平时
5/5/2020 18:00,,1.04253,0.027,0.05,0.1104,0.04625,5,高峰
5/5/2020 19:00,,1.04253,0.027,0.05,0.1104,0.04625,5,高峰
5/5/2020 20:00,,1.04253,0.027,0.05,0.1104,0.04625,5,高峰
5/5/2020 21:00,,1.04253,0.027,0.05,0.1104,0.04625,5,高峰
5/5/2020 22:00,,1.04253,0.027,0.05,0.1104,0.04625,5,高峰
5/5/2020 23:00,,0.29589,0.027,0.05,0.1104,0.04625,5,低谷
5/6/2020 0:00,,0.29589,0.027,0.05,0.1104,0.04625,5,低谷
5/6/2020 1:00,,0.29589,0.027,0.05,0.1104,0.04625,5,低谷
5/6/2020 2:00,,0.29589,0.027,0.05,0.1104,0.04625,5,低谷
5/6/2020 3:00,,0.29589,0.027,0.05,0.1104,0.04625,5,低谷
5/6/2020 4:00,,0.29589,0.027,0.05,0.1104,0.04625,5,低谷
5/6/2020 5:00,,0.29589,0.027,0.05,0.1104,0.04625,5,低谷
5/6/2020 6:00,,0.29589,0.027,0.05,0.1104,0.04625,5,低谷
5/6/2020 7:00,,0.8286,0.027,0.05,0.1104,0.04625,5,平时
5/6/2020 8:00,,0.8286,0.027,0.05,0.1104,0.04625,5,平时
5/6/2020 9:00,,0.8286,0.027,0.05,0.1104,0.04625,5,平时
5/6/2020 10:00,,0.8286,0.027,0.05,0.1104,0.04625,5,平时
5/6/2020 11:00,,1.04253,0.027,0.05,0.1104,0.04625,5,高峰
5/6/2020 12:00,,1.04253,0.027,0.05,0.1104,0.04625,5,高峰
5/6/2020 13:00,,1.04253,0.027,0.05,0.1104,0.04625,5,高峰
5/6/2020 14:00,,0.8286,0.027,0.05,0.1104,0.04625,5,平时
5/6/2020 15:00,,0.8286,0.027,0.05,0.1104,0.04625,5,平时
5/6/2020 16:00,,0.8286,0.027,0.05,0.1104,0.04625,5,平时
5/6/2020 17:00,,0.8286,0.027,0.05,0.1104,0.04625,5,平时
5/6/2020 18:00,,1.04253,0.027,0.05,0.1104,0.04625,5,高峰
5/6/2020 19:00,,1.04253,0.027,0.05,0.1104,0.04625,5,高峰
5/6/2020 20:00,,1.04253,0.027,0.05,0.1104,0.04625,5,高峰
5/6/2020 21:00,,1.04253,0.027,0.05,0.1104,0.04625,5,高峰
5/6/2020 22:00,,1.04253,0.027,0.05,0.1104,0.04625,5,高峰
5/6/2020 23:00,,0.29589,0.027,0.05,0.1104,0.04625,5,低谷
5/7/2020 0:00,,0.29589,0.027,0.05,0.1104,0.04625,5,低谷
5/7/2020 1:00,,0.29589,0.027,0.05,0.1104,0.04625,5,低谷
5/7/2020 2:00,,0.29589,0.027,0.05,0.1104,0.04625,5,低谷
5/7/2020 3:00,,0.29589,0.027,0.05,0.1104,0.04625,5,低谷
5/7/2020 4:00,,0.29589,0.027,0.05,0.1104,0.04625,5,低谷
5/7/2020 5:00,,0.29589,0.027,0.05,0.1104,0.04625,5,低谷
5/7/2020 6:00,,0.29589,0.027,0.05,0.1104,0.04625,5,低谷
5/7/2020 7:00,,0.8286,0.027,0.05,0.1104,0.04625,5,平时
5/7/2020 8:00,,0.8286,0.027,0.05,0.1104,0.04625,5,平时
5/7/2020 9:00,,0.8286,0.027,0.05,0.1104,0.04625,5,平时
5/7/2020 10:00,,0.8286,0.027,0.05,0.1104,0.04625,5,平时
5/7/2020 11:00,,1.04253,0.027,0.05,0.1104,0.04625,5,高峰
5/7/2020 12:00,,1.04253,0.027,0.05,0.1104,0.04625,5,高峰
5/7/2020 13:00,,1.04253,0.027,0.05,0.1104,0.04625,5,高峰
5/7/2020 14:00,,0.8286,0.027,0.05,0.1104,0.04625,5,平时
5/7/2020 15:00,,0.8286,0.027,0.05,0.1104,0.04625,5,平时
5/7/2020 16:00,,0.8286,0.027,0.05,0.1104,0.04625,5,平时
5/7/2020 17:00,,0.8286,0.027,0.05,0.1104,0.04625,5,平时
5/7/2020 18:00,,1.04253,0.027,0.05,0.1104,0.04625,5,高峰
5/7/2020 19:00,,1.04253,0.027,0.05,0.1104,0.04625,5,高峰
5/7/2020 20:00,,1.04253,0.027,0.05,0.1104,0.04625,5,高峰
5/7/2020 21:00,,1.04253,0.027,0.05,0.1104,0.04625,5,高峰
5/7/2020 22:00,,1.04253,0.027,0.05,0.1104,0.04625,5,高峰
5/7/2020 23:00,,0.29589,0.027,0.05,0.1104,0.04625,5,低谷
5/8/2020 0:00,,0.29589,0.027,0.05,0.1104,0.04625,5,低谷
5/8/2020 1:00,,0.29589,0.027,0.05,0.1104,0.04625,5,低谷
5/8/2020 2:00,,0.29589,0.027,0.05,0.1104,0.04625,5,低谷
5/8/2020 3:00,,0.29589,0.027,0.05,0.1104,0.04625,5,低谷
5/8/2020 4:00,,0.29589,0.027,0.05,0.1104,0.04625,5,低谷
5/8/2020 5:00,,0.29589,0.027,0.05,0.1104,0.04625,5,低谷
5/8/2020 6:00,,0.29589,0.027,0.05,0.1104,0.04625,5,低谷
5/8/2020 7:00,,0.8286,0.027,0.05,0.1104,0.04625,5,平时
5/8/2020 8:00,,0.8286,0.027,0.05,0.1104,0.04625,5,平时
5/8/2020 9:00,,0.8286,0.027,0.05,0.1104,0.04625,5,平时
5/8/2020 10:00,,0.8286,0.027,0.05,0.1104,0.04625,5,平时
5/8/2020 11:00,,1.04253,0.027,0.05,0.1104,0.04625,5,高峰
5/8/2020 12:00,,1.04253,0.027,0.05,0.1104,0.04625,5,高峰
5/8/2020 13:00,,1.04253,0.027,0.05,0.1104,0.04625,5,高峰
5/8/2020 14:00,,0.8286,0.027,0.05,0.1104,0.04625,5,平时
5/8/2020 15:00,,0.8286,0.027,0.05,0.1104,0.04625,5,平时
5/8/2020 16:00,,0.8286,0.027,0.05,0.1104,0.04625,5,平时
5/8/2020 17:00,,0.8286,0.027,0.05,0.1104,0.04625,5,平时
5/8/2020 18:00,,1.04253,0.027,0.05,0.1104,0.04625,5,高峰
5/8/2020 19:00,,1.04253,0.027,0.05,0.1104,0.04625,5,高峰
5/8/2020 20:00,,1.04253,0.027,0.05,0.1104,0.04625,5,高峰
5/8/2020 21:00,,1.04253,0.027,0.05,0.1104,0.04625,5,高峰
5/8/2020 22:00,,1.04253,0.027,0.05,0.1104,0.04625,5,高峰
5/8/2020 23:00,,0.29589,0.027,0.05,0.1104,0.04625,5,低谷
5/9/2020 0:00,,0.29589,0.027,0.05,0.1104,0.04625,5,低谷
5/9/2020 1:00,,0.29589,0.027,0.05,0.1104,0.04625,5,低谷
5/9/2020 2:00,,0.29589,0.027,0.05,0.1104,0.04625,5,低谷
5/9/2020 3:00,,0.29589,0.027,0.05,0.1104,0.04625,5,低谷
5/9/2020 4:00,,0.29589,0.027,0.05,0.1104,0.04625,5,低谷
5/9/2020 5:00,,0.29589,0.027,0.05,0.1104,0.04625,5,低谷
5/9/2020 6:00,,0.29589,0.027,0.05,0.1104,0.04625,5,低谷
5/9/2020 7:00,,0.8286,0.027,0.05,0.1104,0.04625,5,平时
5/9/2020 8:00,,0.8286,0.027,0.05,0.1104,0.04625,5,平时
5/9/2020 9:00,,0.8286,0.027,0.05,0.1104,0.04625,5,平时
5/9/2020 10:00,,0.8286,0.027,0.05,0.1104,0.04625,5,平时
5/9/2020 11:00,,1.04253,0.027,0.05,0.1104,0.04625,5,高峰
5/9/2020 12:00,,1.04253,0.027,0.05,0.1104,0.04625,5,高峰
5/9/2020 13:00,,1.04253,0.027,0.05,0.1104,0.04625,5,高峰
5/9/2020 14:00,,0.8286,0.027,0.05,0.1104,0.04625,5,平时
5/9/2020 15:00,,0.8286,0.027,0.05,0.1104,0.04625,5,平时
5/9/2020 16:00,,0.8286,0.027,0.05,0.1104,0.04625,5,平时
5/9/2020 17:00,,0.8286,0.027,0.05,0.1104,0.04625,5,平时
5/9/2020 18:00,,1.04253,0.027,0.05,0.1104,0.04625,5,高峰
5/9/2020 19:00,,1.04253,0.027,0.05,0.1104,0.04625,5,高峰
5/9/2020 20:00,,1.04253,0.027,0.05,0.1104,0.04625,5,高峰
5/9/2020 21:00,,1.04253,0.027,0.05,0.1104,0.04625,5,高峰
5/9/2020 22:00,,1.04253,0.027,0.05,0.1104,0.04625,5,高峰
5/9/2020 23:00,,0.29589,0.027,0.05,0.1104,0.04625,5,低谷
5/10/2020 0:00,,0.29589,0.027,0.05,0.1104,0.04625,5,低谷
5/10/2020 1:00,,0.29589,0.027,0.05,0.1104,0.04625,5,低谷
5/10/2020 2:00,,0.29589,0.027,0.05,0.1104,0.04625,5,低谷
5/10/2020 3:00,,0.29589,0.027,0.05,0.1104,0.04625,5,低谷
5/10/2020 4:00,,0.29589,0.027,0.05,0.1104,0.04625,5,低谷
5/10/2020 5:00,,0.29589,0.027,0.05,0.1104,0.04625,5,低谷
5/10/2020 6:00,,0.29589,0.027,0.05,0.1104,0.04625,5,低谷
5/10/2020 7:00,,0.8286,0.027,0.05,0.1104,0.04625,5,平时
5/10/2020 8:00,,0.8286,0.027,0.05,0.1104,0.04625,5,平时
5/10/2020 9:00,,0.8286,0.027,0.05,0.1104,0.04625,5,平时
5/10/2020 10:00,,0.8286,0.027,0.05,0.1104,0.04625,5,平时
5/10/2020 11:00,,1.04253,0.027,0.05,0.1104,0.04625,5,高峰
5/10/2020 12:00,,1.04253,0.027,0.05,0.1104,0.04625,5,高峰
5/10/2020 13:00,,1.04253,0.027,0.05,0.1104,0.04625,5,高峰
5/10/2020 14:00,,0.8286,0.027,0.05,0.1104,0.04625,5,平时
5/10/2020 15:00,,0.8286,0.027,0.05,0.1104,0.04625,5,平时
5/10/2020 16:00,,0.8286,0.027,0.05,0.1104,0.04625,5,平时
5/10/2020 17:00,,0.8286,0.027,0.05,0.1104,0.04625,5,平时
5/10/2020 18:00,,1.04253,0.027,0.05,0.1104,0.04625,5,高峰
5/10/2020 19:00,,1.04253,0.027,0.05,0.1104,0.04625,5,高峰
5/10/2020 20:00,,1.04253,0.027,0.05,0.1104,0.04625,5,高峰
5/10/2020 21:00,,1.04253,0.027,0.05,0.1104,0.04625,5,高峰
5/10/2020 22:00,,1.04253,0.027,0.05,0.1104,0.04625,5,高峰
5/10/2020 23:00,,0.29589,0.027,0.05,0.1104,0.04625,5,低谷
5/11/2020 0:00,,0.29589,0.027,0.05,0.1104,0.04625,5,低谷
5/11/2020 1:00,,0.29589,0.027,0.05,0.1104,0.04625,5,低谷
5/11/2020 2:00,,0.29589,0.027,0.05,0.1104,0.04625,5,低谷
5/11/2020 3:00,,0.29589,0.027,0.05,0.1104,0.04625,5,低谷
5/11/2020 4:00,,0.29589,0.027,0.05,0.1104,0.04625,5,低谷
5/11/2020 5:00,,0.29589,0.027,0.05,0.1104,0.04625,5,低谷
5/11/2020 6:00,,0.29589,0.027,0.05,0.1104,0.04625,5,低谷
5/11/2020 7:00,,0.8286,0.027,0.05,0.1104,0.04625,5,平时
5/11/2020 8:00,,0.8286,0.027,0.05,0.1104,0.04625,5,平时
5/11/2020 9:00,,0.8286,0.027,0.05,0.1104,0.04625,5,平时
5/11/2020 10:00,,0.8286,0.027,0.05,0.1104,0.04625,5,平时
5/11/2020 11:00,,1.04253,0.027,0.05,0.1104,0.04625,5,高峰
5/11/2020 12:00,,1.04253,0.027,0.05,0.1104,0.04625,5,高峰
5/11/2020 13:00,,1.04253,0.027,0.05,0.1104,0.04625,5,高峰
5/11/2020 14:00,,0.8286,0.027,0.05,0.1104,0.04625,5,平时
5/11/2020 15:00,,0.8286,0.027,0.05,0.1104,0.04625,5,平时
5/11/2020 16:00,,0.8286,0.027,0.05,0.1104,0.04625,5,平时
5/11/2020 17:00,,0.8286,0.027,0.05,0.1104,0.04625,5,平时
5/11/2020 18:00,,1.04253,0.027,0.05,0.1104,0.04625,5,高峰
5/11/2020 19:00,,1.04253,0.027,0.05,0.1104,0.04625,5,高峰
5/11/2020 20:00,,1.04253,0.027,0.05,0.1104,0.04625,5,高峰
5/11/2020 21:00,,1.04253,0.027,0.05,0.1104,0.04625,5,高峰
5/11/2020 22:00,,1.04253,0.027,0.05,0.1104,0.04625,5,高峰
5/11/2020 23:00,,0.29589,0.027,0.05,0.1104,0.04625,5,低谷
5/12/2020 0:00,,0.29589,0.027,0.05,0.1104,0.04625,5,低谷
5/12/2020 1:00,,0.29589,0.027,0.05,0.1104,0.04625,5,低谷
5/12/2020 2:00,,0.29589,0.027,0.05,0.1104,0.04625,5,低谷
5/12/2020 3:00,,0.29589,0.027,0.05,0.1104,0.04625,5,低谷
5/12/2020 4:00,,0.29589,0.027,0.05,0.1104,0.04625,5,低谷
5/12/2020 5:00,,0.29589,0.027,0.05,0.1104,0.04625,5,低谷
5/12/2020 6:00,,0.29589,0.027,0.05,0.1104,0.04625,5,低谷
5/12/2020 7:00,,0.8286,0.027,0.05,0.1104,0.04625,5,平时
5/12/2020 8:00,,0.8286,0.027,0.05,0.1104,0.04625,5,平时
5/12/2020 9:00,,0.8286,0.027,0.05,0.1104,0.04625,5,平时
5/12/2020 10:00,,0.8286,0.027,0.05,0.1104,0.04625,5,平时
5/12/2020 11:00,,1.04253,0.027,0.05,0.1104,0.04625,5,高峰
5/12/2020 12:00,,1.04253,0.027,0.05,0.1104,0.04625,5,高峰
5/12/2020 13:00,,1.04253,0.027,0.05,0.1104,0.04625,5,高峰
5/12/2020 14:00,,0.8286,0.027,0.05,0.1104,0.04625,5,平时
5/12/2020 15:00,,0.8286,0.027,0.05,0.1104,0.04625,5,平时
5/12/2020 16:00,,0.8286,0.027,0.05,0.1104,0.04625,5,平时
5/12/2020 17:00,,0.8286,0.027,0.05,0.1104,0.04625,5,平时
5/12/2020 18:00,,1.04253,0.027,0.05,0.1104,0.04625,5,高峰
5/12/2020 19:00,,1.04253,0.027,0.05,0.1104,0.04625,5,高峰
5/12/2020 20:00,,1.04253,0.027,0.05,0.1104,0.04625,5,高峰
5/12/2020 21:00,,1.04253,0.027,0.05,0.1104,0.04625,5,高峰
5/12/2020 22:00,,1.04253,0.027,0.05,0.1104,0.04625,5,高峰
5/12/2020 23:00,,0.29589,0.027,0.05,0.1104,0.04625,5,低谷
5/13/2020 0:00,,0.29589,0.027,0.05,0.1104,0.04625,5,低谷
5/13/2020 1:00,,0.29589,0.027,0.05,0.1104,0.04625,5,低谷
5/13/2020 2:00,,0.29589,0.027,0.05,0.1104,0.04625,5,低谷
5/13/2020 3:00,,0.29589,0.027,0.05,0.1104,0.04625,5,低谷
5/13/2020 4:00,,0.29589,0.027,0.05,0.1104,0.04625,5,低谷
5/13/2020 5:00,,0.29589,0.027,0.05,0.1104,0.04625,5,低谷
5/13/2020 6:00,,0.29589,0.027,0.05,0.1104,0.04625,5,低谷
5/13/2020 7:00,,0.8286,0.027,0.05,0.1104,0.04625,5,平时
5/13/2020 8:00,,0.8286,0.027,0.05,0.1104,0.04625,5,平时
5/13/2020 9:00,,0.8286,0.027,0.05,0.1104,0.04625,5,平时
5/13/2020 10:00,,0.8286,0.027,0.05,0.1104,0.04625,5,平时
5/13/2020 11:00,,1.04253,0.027,0.05,0.1104,0.04625,5,高峰
5/13/2020 12:00,,1.04253,0.027,0.05,0.1104,0.04625,5,高峰
5/13/2020 13:00,,1.04253,0.027,0.05,0.1104,0.04625,5,高峰
5/13/2020 14:00,,0.8286,0.027,0.05,0.1104,0.04625,5,平时
5/13/2020 15:00,,0.8286,0.027,0.05,0.1104,0.04625,5,平时
5/13/2020 16:00,,0.8286,0.027,0.05,0.1104,0.04625,5,平时
5/13/2020 17:00,,0.8286,0.027,0.05,0.1104,0.04625,5,平时
5/13/2020 18:00,,1.04253,0.027,0.05,0.1104,0.04625,5,高峰
5/13/2020 19:00,,1.04253,0.027,0.05,0.1104,0.04625,5,高峰
5/13/2020 20:00,,1.04253,0.027,0.05,0.1104,0.04625,5,高峰
5/13/2020 21:00,,1.04253,0.027,0.05,0.1104,0.04625,5,高峰
5/13/2020 22:00,,1.04253,0.027,0.05,0.1104,0.04625,5,高峰
5/13/2020 23:00,,0.29589,0.027,0.05,0.1104,0.04625,5,低谷
5/14/2020 0:00,,0.29589,0.027,0.05,0.1104,0.04625,5,低谷
5/14/2020 1:00,,0.29589,0.027,0.05,0.1104,0.04625,5,低谷
5/14/2020 2:00,,0.29589,0.027,0.05,0.1104,0.04625,5,低谷
5/14/2020 3:00,,0.29589,0.027,0.05,0.1104,0.04625,5,低谷
5/14/2020 4:00,,0.29589,0.027,0.05,0.1104,0.04625,5,低谷
5/14/2020 5:00,,0.29589,0.027,0.05,0.1104,0.04625,5,低谷
5/14/2020 6:00,,0.29589,0.027,0.05,0.1104,0.04625,5,低谷
5/14/2020 7:00,,0.8286,0.027,0.05,0.1104,0.04625,5,平时
5/14/2020 8:00,,0.8286,0.027,0.05,0.1104,0.04625,5,平时
5/14/2020 9:00,,0.8286,0.027,0.05,0.1104,0.04625,5,平时
5/14/2020 10:00,,0.8286,0.027,0.05,0.1104,0.04625,5,平时
5/14/2020 11:00,,1.04253,0.027,0.05,0.1104,0.04625,5,高峰
5/14/2020 12:00,,1.04253,0.027,0.05,0.1104,0.04625,5,高峰
5/14/2020 13:00,,1.04253,0.027,0.05,0.1104,0.04625,5,高峰
5/14/2020 14:00,,0.8286,0.027,0.05,0.1104,0.04625,5,平时
5/14/2020 15:00,,0.8286,0.027,0.05,0.1104,0.04625,5,平时
5/14/2020 16:00,,0.8286,0.027,0.05,0.1104,0.04625,5,平时
5/14/2020 17:00,,0.8286,0.027,0.05,0.1104,0.04625,5,平时
5/14/2020 18:00,,1.04253,0.027,0.05,0.1104,0.04625,5,高峰
5/14/2020 19:00,,1.04253,0.027,0.05,0.1104,0.04625,5,高峰
5/14/2020 20:00,,1.04253,0.027,0.05,0.1104,0.04625,5,高峰
5/14/2020 21:00,,1.04253,0.027,0.05,0.1104,0.04625,5,高峰
5/14/2020 22:00,,1.04253,0.027,0.05,0.1104,0.04625,5,高峰
5/14/2020 23:00,,0.29589,0.027,0.05,0.1104,0.04625,5,低谷
5/15/2020 0:00,,0.29589,0.027,0.05,0.1104,0.04625,5,低谷
5/15/2020 1:00,,0.29589,0.027,0.05,0.1104,0.04625,5,低谷
5/15/2020 2:00,,0.29589,0.027,0.05,0.1104,0.04625,5,低谷
5/15/2020 3:00,,0.29589,0.027,0.05,0.1104,0.04625,5,低谷
5/15/2020 4:00,,0.29589,0.027,0.05,0.1104,0.04625,5,低谷
5/15/2020 5:00,,0.29589,0.027,0.05,0.1104,0.04625,5,低谷
5/15/2020 6:00,,0.29589,0.027,0.05,0.1104,0.04625,5,低谷
5/15/2020 7:00,,0.8286,0.027,0.05,0.1104,0.04625,5,平时
5/15/2020 8:00,,0.8286,0.027,0.05,0.1104,0.04625,5,平时
5/15/2020 9:00,,0.8286,0.027,0.05,0.1104,0.04625,5,平时
5/15/2020 10:00,,0.8286,0.027,0.05,0.1104,0.04625,5,平时
5/15/2020 11:00,,1.04253,0.027,0.05,0.1104,0.04625,5,高峰
5/15/2020 12:00,,1.04253,0.027,0.05,0.1104,0.04625,5,高峰
5/15/2020 13:00,,1.04253,0.027,0.05,0.1104,0.04625,5,高峰
5/15/2020 14:00,,0.8286,0.027,0.05,0.1104,0.04625,5,平时
5/15/2020 15:00,,0.8286,0.027,0.05,0.1104,0.04625,5,平时
5/15/2020 16:00,,0.8286,0.027,0.05,0.1104,0.04625,5,平时
5/15/2020 17:00,,0.8286,0.027,0.05,0.1104,0.04625,5,平时
5/15/2020 18:00,,1.04253,0.027,0.05,0.1104,0.04625,5,高峰
5/15/2020 19:00,,1.04253,0.027,0.05,0.1104,0.04625,5,高峰
5/15/2020 20:00,,1.04253,0.027,0.05,0.1104,0.04625,5,高峰
5/15/2020 21:00,,1.04253,0.027,0.05,0.1104,0.04625,5,高峰
5/15/2020 22:00,,1.04253,0.027,0.05,0.1104,0.04625,5,高峰
5/15/2020 23:00,,0.29589,0.027,0.05,0.1104,0.04625,5,低谷
5/16/2020 0:00,,0.29589,0.027,0.05,0.1104,0.04625,5,低谷
5/16/2020 1:00,,0.29589,0.027,0.05,0.1104,0.04625,5,低谷
5/16/2020 2:00,,0.29589,0.027,0.05,0.1104,0.04625,5,低谷
5/16/2020 3:00,,0.29589,0.027,0.05,0.1104,0.04625,5,低谷
5/16/2020 4:00,,0.29589,0.027,0.05,0.1104,0.04625,5,低谷
5/16/2020 5:00,,0.29589,0.027,0.05,0.1104,0.04625,5,低谷
5/16/2020 6:00,,0.29589,0.027,0.05,0.1104,0.04625,5,低谷
5/16/2020 7:00,,0.8286,0.027,0.05,0.1104,0.04625,5,平时
5/16/2020 8:00,,0.8286,0.027,0.05,0.1104,0.04625,5,平时
5/16/2020 9:00,,0.8286,0.027,0.05,0.1104,0.04625,5,平时
5/16/2020 10:00,,0.8286,0.027,0.05,0.1104,0.04625,5,平时
5/16/2020 11:00,,1.04253,0.027,0.05,0.1104,0.04625,5,高峰
5/16/2020 12:00,,1.04253,0.027,0.05,0.1104,0.04625,5,高峰
5/16/2020 13:00,,1.04253,0.027,0.05,0.1104,0.04625,5,高峰
5/16/2020 14:00,,0.8286,0.027,0.05,0.1104,0.04625,5,平时
5/16/2020 15:00,,0.8286,0.027,0.05,0.1104,0.04625,5,平时
5/16/2020 16:00,,0.8286,0.027,0.05,0.1104,0.04625,5,平时
5/16/2020 17:00,,0.8286,0.027,0.05,0.1104,0.04625,5,平时
5/16/2020 18:00,,1.04253,0.027,0.05,0.1104,0.04625,5,高峰
5/16/2020 19:00,,1.04253,0.027,0.05,0.1104,0.04625,5,高峰
5/16/2020 20:00,,1.04253,0.027,0.05,0.1104,0.04625,5,高峰
5/16/2020 21:00,,1.04253,0.027,0.05,0.1104,0.04625,5,高峰
5/16/2020 22:00,,1.04253,0.027,0.05,0.1104,0.04625,5,高峰
5/16/2020 23:00,,0.29589,0.027,0.05,0.1104,0.04625,5,低谷
5/17/2020 0:00,,0.29589,0.027,0.05,0.1104,0.04625,5,低谷
5/17/2020 1:00,,0.29589,0.027,0.05,0.1104,0.04625,5,低谷
5/17/2020 2:00,,0.29589,0.027,0.05,0.1104,0.04625,5,低谷
5/17/2020 3:00,,0.29589,0.027,0.05,0.1104,0.04625,5,低谷
5/17/2020 4:00,,0.29589,0.027,0.05,0.1104,0.04625,5,低谷
5/17/2020 5:00,,0.29589,0.027,0.05,0.1104,0.04625,5,低谷
5/17/2020 6:00,,0.29589,0.027,0.05,0.1104,0.04625,5,低谷
5/17/2020 7:00,,0.8286,0.027,0.05,0.1104,0.04625,5,平时
5/17/2020 8:00,,0.8286,0.027,0.05,0.1104,0.04625,5,平时
5/17/2020 9:00,,0.8286,0.027,0.05,0.1104,0.04625,5,平时
5/17/2020 10:00,,0.8286,0.027,0.05,0.1104,0.04625,5,平时
5/17/2020 11:00,,1.04253,0.027,0.05,0.1104,0.04625,5,高峰
5/17/2020 12:00,,1.04253,0.027,0.05,0.1104,0.04625,5,高峰
5/17/2020 13:00,,1.04253,0.027,0.05,0.1104,0.04625,5,高峰
5/17/2020 14:00,,0.8286,0.027,0.05,0.1104,0.04625,5,平时
5/17/2020 15:00,,0.8286,0.027,0.05,0.1104,0.04625,5,平时
5/17/2020 16:00,,0.8286,0.027,0.05,0.1104,0.04625,5,平时
5/17/2020 17:00,,0.8286,0.027,0.05,0.1104,0.04625,5,平时
5/17/2020 18:00,,1.04253,0.027,0.05,0.1104,0.04625,5,高峰
5/17/2020 19:00,,1.04253,0.027,0.05,0.1104,0.04625,5,高峰
5/17/2020 20:00,,1.04253,0.027,0.05,0.1104,0.04625,5,高峰
5/17/2020 21:00,,1.04253,0.027,0.05,0.1104,0.04625,5,高峰
5/17/2020 22:00,,1.04253,0.027,0.05,0.1104,0.04625,5,高峰
5/17/2020 23:00,,0.29589,0.027,0.05,0.1104,0.04625,5,低谷
5/18/2020 0:00,,0.29589,0.027,0.05,0.1104,0.04625,5,低谷
5/18/2020 1:00,,0.29589,0.027,0.05,0.1104,0.04625,5,低谷
5/18/2020 2:00,,0.29589,0.027,0.05,0.1104,0.04625,5,低谷
5/18/2020 3:00,,0.29589,0.027,0.05,0.1104,0.04625,5,低谷
5/18/2020 4:00,,0.29589,0.027,0.05,0.1104,0.04625,5,低谷
5/18/2020 5:00,,0.29589,0.027,0.05,0.1104,0.04625,5,低谷
5/18/2020 6:00,,0.29589,0.027,0.05,0.1104,0.04625,5,低谷
5/18/2020 7:00,,0.8286,0.027,0.05,0.1104,0.04625,5,平时
5/18/2020 8:00,,0.8286,0.027,0.05,0.1104,0.04625,5,平时
5/18/2020 9:00,,0.8286,0.027,0.05,0.1104,0.04625,5,平时
5/18/2020 10:00,,0.8286,0.027,0.05,0.1104,0.04625,5,平时
5/18/2020 11:00,,1.04253,0.027,0.05,0.1104,0.04625,5,高峰
5/18/2020 12:00,,1.04253,0.027,0.05,0.1104,0.04625,5,高峰
5/18/2020 13:00,,1.04253,0.027,0.05,0.1104,0.04625,5,高峰
5/18/2020 14:00,,0.8286,0.027,0.05,0.1104,0.04625,5,平时
5/18/2020 15:00,,0.8286,0.027,0.05,0.1104,0.04625,5,平时
5/18/2020 16:00,,0.8286,0.027,0.05,0.1104,0.04625,5,平时
5/18/2020 17:00,,0.8286,0.027,0.05,0.1104,0.04625,5,平时
5/18/2020 18:00,,1.04253,0.027,0.05,0.1104,0.04625,5,高峰
5/18/2020 19:00,,1.04253,0.027,0.05,0.1104,0.04625,5,高峰
5/18/2020 20:00,,1.04253,0.027,0.05,0.1104,0.04625,5,高峰
5/18/2020 21:00,,1.04253,0.027,0.05,0.1104,0.04625,5,高峰
5/18/2020 22:00,,1.04253,0.027,0.05,0.1104,0.04625,5,高峰
5/18/2020 23:00,,0.29589,0.027,0.05,0.1104,0.04625,5,低谷
5/19/2020 0:00,,0.29589,0.027,0.05,0.1104,0.04625,5,低谷
5/19/2020 1:00,,0.29589,0.027,0.05,0.1104,0.04625,5,低谷
5/19/2020 2:00,,0.29589,0.027,0.05,0.1104,0.04625,5,低谷
5/19/2020 3:00,,0.29589,0.027,0.05,0.1104,0.04625,5,低谷
5/19/2020 4:00,,0.29589,0.027,0.05,0.1104,0.04625,5,低谷
5/19/2020 5:00,,0.29589,0.027,0.05,0.1104,0.04625,5,低谷
5/19/2020 6:00,,0.29589,0.027,0.05,0.1104,0.04625,5,低谷
5/19/2020 7:00,,0.8286,0.027,0.05,0.1104,0.04625,5,平时
5/19/2020 8:00,,0.8286,0.027,0.05,0.1104,0.04625,5,平时
5/19/2020 9:00,,0.8286,0.027,0.05,0.1104,0.04625,5,平时
5/19/2020 10:00,,0.8286,0.027,0.05,0.1104,0.04625,5,平时
5/19/2020 11:00,,1.04253,0.027,0.05,0.1104,0.04625,5,高峰
5/19/2020 12:00,,1.04253,0.027,0.05,0.1104,0.04625,5,高峰
5/19/2020 13:00,,1.04253,0.027,0.05,0.1104,0.04625,5,高峰
5/19/2020 14:00,,0.8286,0.027,0.05,0.1104,0.04625,5,平时
5/19/2020 15:00,,0.8286,0.027,0.05,0.1104,0.04625,5,平时
5/19/2020 16:00,,0.8286,0.027,0.05,0.1104,0.04625,5,平时
5/19/2020 17:00,,0.8286,0.027,0.05,0.1104,0.04625,5,平时
5/19/2020 18:00,,1.04253,0.027,0.05,0.1104,0.04625,5,高峰
5/19/2020 19:00,,1.04253,0.027,0.05,0.1104,0.04625,5,高峰
5/19/2020 20:00,,1.04253,0.027,0.05,0.1104,0.04625,5,高峰
5/19/2020 21:00,,1.04253,0.027,0.05,0.1104,0.04625,5,高峰
5/19/2020 22:00,,1.04253,0.027,0.05,0.1104,0.04625,5,高峰
5/19/2020 23:00,,0.29589,0.027,0.05,0.1104,0.04625,5,低谷
5/20/2020 0:00,,0.29589,0.027,0.05,0.1104,0.04625,5,低谷
5/20/2020 1:00,,0.29589,0.027,0.05,0.1104,0.04625,5,低谷
5/20/2020 2:00,,0.29589,0.027,0.05,0.1104,0.04625,5,低谷
5/20/2020 3:00,,0.29589,0.027,0.05,0.1104,0.04625,5,低谷
5/20/2020 4:00,,0.29589,0.027,0.05,0.1104,0.04625,5,低谷
5/20/2020 5:00,,0.29589,0.027,0.05,0.1104,0.04625,5,低谷
5/20/2020 6:00,,0.29589,0.027,0.05,0.1104,0.04625,5,低谷
5/20/2020 7:00,,0.8286,0.027,0.05,0.1104,0.04625,5,平时
5/20/2020 8:00,,0.8286,0.027,0.05,0.1104,0.04625,5,平时
5/20/2020 9:00,,0.8286,0.027,0.05,0.1104,0.04625,5,平时
5/20/2020 10:00,,0.8286,0.027,0.05,0.1104,0.04625,5,平时
5/20/2020 11:00,,1.04253,0.027,0.05,0.1104,0.04625,5,高峰
5/20/2020 12:00,,1.04253,0.027,0.05,0.1104,0.04625,5,高峰
5/20/2020 13:00,,1.04253,0.027,0.05,0.1104,0.04625,5,高峰
5/20/2020 14:00,,0.8286,0.027,0.05,0.1104,0.04625,5,平时
5/20/2020 15:00,,0.8286,0.027,0.05,0.1104,0.04625,5,平时
5/20/2020 16:00,,0.8286,0.027,0.05,0.1104,0.04625,5,平时
5/20/2020 17:00,,0.8286,0.027,0.05,0.1104,0.04625,5,平时
5/20/2020 18:00,,1.04253,0.027,0.05,0.1104,0.04625,5,高峰
5/20/2020 19:00,,1.04253,0.027,0.05,0.1104,0.04625,5,高峰
5/20/2020 20:00,,1.04253,0.027,0.05,0.1104,0.04625,5,高峰
5/20/2020 21:00,,1.04253,0.027,0.05,0.1104,0.04625,5,高峰
5/20/2020 22:00,,1.04253,0.027,0.05,0.1104,0.04625,5,高峰
5/20/2020 23:00,,0.29589,0.027,0.05,0.1104,0.04625,5,低谷
5/21/2020 0:00,,0.29589,0.027,0.05,0.1104,0.04625,5,低谷
5/21/2020 1:00,,0.29589,0.027,0.05,0.1104,0.04625,5,低谷
5/21/2020 2:00,,0.29589,0.027,0.05,0.1104,0.04625,5,低谷
5/21/2020 3:00,,0.29589,0.027,0.05,0.1104,0.04625,5,低谷
5/21/2020 4:00,,0.29589,0.027,0.05,0.1104,0.04625,5,低谷
5/21/2020 5:00,,0.29589,0.027,0.05,0.1104,0.04625,5,低谷
5/21/2020 6:00,,0.29589,0.027,0.05,0.1104,0.04625,5,低谷
5/21/2020 7:00,,0.8286,0.027,0.05,0.1104,0.04625,5,平时
5/21/2020 8:00,,0.8286,0.027,0.05,0.1104,0.04625,5,平时
5/21/2020 9:00,,0.8286,0.027,0.05,0.1104,0.04625,5,平时
5/21/2020 10:00,,0.8286,0.027,0.05,0.1104,0.04625,5,平时
5/21/2020 11:00,,1.04253,0.027,0.05,0.1104,0.04625,5,高峰
5/21/2020 12:00,,1.04253,0.027,0.05,0.1104,0.04625,5,高峰
5/21/2020 13:00,,1.04253,0.027,0.05,0.1104,0.04625,5,高峰
5/21/2020 14:00,,0.8286,0.027,0.05,0.1104,0.04625,5,平时
5/21/2020 15:00,,0.8286,0.027,0.05,0.1104,0.04625,5,平时
5/21/2020 16:00,,0.8286,0.027,0.05,0.1104,0.04625,5,平时
5/21/2020 17:00,,0.8286,0.027,0.05,0.1104,0.04625,5,平时
5/21/2020 18:00,,1.04253,0.027,0.05,0.1104,0.04625,5,高峰
5/21/2020 19:00,,1.04253,0.027,0.05,0.1104,0.04625,5,高峰
5/21/2020 20:00,,1.04253,0.027,0.05,0.1104,0.04625,5,高峰
5/21/2020 21:00,,1.04253,0.027,0.05,0.1104,0.04625,5,高峰
5/21/2020 22:00,,1.04253,0.027,0.05,0.1104,0.04625,5,高峰
5/21/2020 23:00,,0.29589,0.027,0.05,0.1104,0.04625,5,低谷
5/22/2020 0:00,,0.29589,0.027,0.05,0.1104,0.04625,5,低谷
5/22/2020 1:00,,0.29589,0.027,0.05,0.1104,0.04625,5,低谷
5/22/2020 2:00,,0.29589,0.027,0.05,0.1104,0.04625,5,低谷
5/22/2020 3:00,,0.29589,0.027,0.05,0.1104,0.04625,5,低谷
5/22/2020 4:00,,0.29589,0.027,0.05,0.1104,0.04625,5,低谷
5/22/2020 5:00,,0.29589,0.027,0.05,0.1104,0.04625,5,低谷
5/22/2020 6:00,,0.29589,0.027,0.05,0.1104,0.04625,5,低谷
5/22/2020 7:00,,0.8286,0.027,0.05,0.1104,0.04625,5,平时
5/22/2020 8:00,,0.8286,0.027,0.05,0.1104,0.04625,5,平时
5/22/2020 9:00,,0.8286,0.027,0.05,0.1104,0.04625,5,平时
5/22/2020 10:00,,0.8286,0.027,0.05,0.1104,0.04625,5,平时
5/22/2020 11:00,,1.04253,0.027,0.05,0.1104,0.04625,5,高峰
5/22/2020 12:00,,1.04253,0.027,0.05,0.1104,0.04625,5,高峰
5/22/2020 13:00,,1.04253,0.027,0.05,0.1104,0.04625,5,高峰
5/22/2020 14:00,,0.8286,0.027,0.05,0.1104,0.04625,5,平时
5/22/2020 15:00,,0.8286,0.027,0.05,0.1104,0.04625,5,平时
5/22/2020 16:00,,0.8286,0.027,0.05,0.1104,0.04625,5,平时
5/22/2020 17:00,,0.8286,0.027,0.05,0.1104,0.04625,5,平时
5/22/2020 18:00,,1.04253,0.027,0.05,0.1104,0.04625,5,高峰
5/22/2020 19:00,,1.04253,0.027,0.05,0.1104,0.04625,5,高峰
5/22/2020 20:00,,1.04253,0.027,0.05,0.1104,0.04625,5,高峰
5/22/2020 21:00,,1.04253,0.027,0.05,0.1104,0.04625,5,高峰
5/22/2020 22:00,,1.04253,0.027,0.05,0.1104,0.04625,5,高峰
5/22/2020 23:00,,0.29589,0.027,0.05,0.1104,0.04625,5,低谷
5/23/2020 0:00,,0.29589,0.027,0.05,0.1104,0.04625,5,低谷
5/23/2020 1:00,,0.29589,0.027,0.05,0.1104,0.04625,5,低谷
5/23/2020 2:00,,0.29589,0.027,0.05,0.1104,0.04625,5,低谷
5/23/2020 3:00,,0.29589,0.027,0.05,0.1104,0.04625,5,低谷
5/23/2020 4:00,,0.29589,0.027,0.05,0.1104,0.04625,5,低谷
5/23/2020 5:00,,0.29589,0.027,0.05,0.1104,0.04625,5,低谷
5/23/2020 6:00,,0.29589,0.027,0.05,0.1104,0.04625,5,低谷
5/23/2020 7:00,,0.8286,0.027,0.05,0.1104,0.04625,5,平时
5/23/2020 8:00,,0.8286,0.027,0.05,0.1104,0.04625,5,平时
5/23/2020 9:00,,0.8286,0.027,0.05,0.1104,0.04625,5,平时
5/23/2020 10:00,,0.8286,0.027,0.05,0.1104,0.04625,5,平时
5/23/2020 11:00,,1.04253,0.027,0.05,0.1104,0.04625,5,高峰
5/23/2020 12:00,,1.04253,0.027,0.05,0.1104,0.04625,5,高峰
5/23/2020 13:00,,1.04253,0.027,0.05,0.1104,0.04625,5,高峰
5/23/2020 14:00,,0.8286,0.027,0.05,0.1104,0.04625,5,平时
5/23/2020 15:00,,0.8286,0.027,0.05,0.1104,0.04625,5,平时
5/23/2020 16:00,,0.8286,0.027,0.05,0.1104,0.04625,5,平时
5/23/2020 17:00,,0.8286,0.027,0.05,0.1104,0.04625,5,平时
5/23/2020 18:00,,1.04253,0.027,0.05,0.1104,0.04625,5,高峰
5/23/2020 19:00,,1.04253,0.027,0.05,0.1104,0.04625,5,高峰
5/23/2020 20:00,,1.04253,0.027,0.05,0.1104,0.04625,5,高峰
5/23/2020 21:00,,1.04253,0.027,0.05,0.1104,0.04625,5,高峰
5/23/2020 22:00,,1.04253,0.027,0.05,0.1104,0.04625,5,高峰
5/23/2020 23:00,,0.29589,0.027,0.05,0.1104,0.04625,5,低谷
5/24/2020 0:00,,0.29589,0.027,0.05,0.1104,0.04625,5,低谷
5/24/2020 1:00,,0.29589,0.027,0.05,0.1104,0.04625,5,低谷
5/24/2020 2:00,,0.29589,0.027,0.05,0.1104,0.04625,5,低谷
5/24/2020 3:00,,0.29589,0.027,0.05,0.1104,0.04625,5,低谷
5/24/2020 4:00,,0.29589,0.027,0.05,0.1104,0.04625,5,低谷
5/24/2020 5:00,,0.29589,0.027,0.05,0.1104,0.04625,5,低谷
5/24/2020 6:00,,0.29589,0.027,0.05,0.1104,0.04625,5,低谷
5/24/2020 7:00,,0.8286,0.027,0.05,0.1104,0.04625,5,平时
5/24/2020 8:00,,0.8286,0.027,0.05,0.1104,0.04625,5,平时
5/24/2020 9:00,,0.8286,0.027,0.05,0.1104,0.04625,5,平时
5/24/2020 10:00,,0.8286,0.027,0.05,0.1104,0.04625,5,平时
5/24/2020 11:00,,1.04253,0.027,0.05,0.1104,0.04625,5,高峰
5/24/2020 12:00,,1.04253,0.027,0.05,0.1104,0.04625,5,高峰
5/24/2020 13:00,,1.04253,0.027,0.05,0.1104,0.04625,5,高峰
5/24/2020 14:00,,0.8286,0.027,0.05,0.1104,0.04625,5,平时
5/24/2020 15:00,,0.8286,0.027,0.05,0.1104,0.04625,5,平时
5/24/2020 16:00,,0.8286,0.027,0.05,0.1104,0.04625,5,平时
5/24/2020 17:00,,0.8286,0.027,0.05,0.1104,0.04625,5,平时
5/24/2020 18:00,,1.04253,0.027,0.05,0.1104,0.04625,5,高峰
5/24/2020 19:00,,1.04253,0.027,0.05,0.1104,0.04625,5,高峰
5/24/2020 20:00,,1.04253,0.027,0.05,0.1104,0.04625,5,高峰
5/24/2020 21:00,,1.04253,0.027,0.05,0.1104,0.04625,5,高峰
5/24/2020 22:00,,1.04253,0.027,0.05,0.1104,0.04625,5,高峰
5/24/2020 23:00,,0.29589,0.027,0.05,0.1104,0.04625,5,低谷
5/25/2020 0:00,,0.29589,0.027,0.05,0.1104,0.04625,5,低谷
5/25/2020 1:00,,0.29589,0.027,0.05,0.1104,0.04625,5,低谷
5/25/2020 2:00,,0.29589,0.027,0.05,0.1104,0.04625,5,低谷
5/25/2020 3:00,,0.29589,0.027,0.05,0.1104,0.04625,5,低谷
5/25/2020 4:00,,0.29589,0.027,0.05,0.1104,0.04625,5,低谷
5/25/2020 5:00,,0.29589,0.027,0.05,0.1104,0.04625,5,低谷
5/25/2020 6:00,,0.29589,0.027,0.05,0.1104,0.04625,5,低谷
5/25/2020 7:00,,0.8286,0.027,0.05,0.1104,0.04625,5,平时
5/25/2020 8:00,,0.8286,0.027,0.05,0.1104,0.04625,5,平时
5/25/2020 9:00,,0.8286,0.027,0.05,0.1104,0.04625,5,平时
5/25/2020 10:00,,0.8286,0.027,0.05,0.1104,0.04625,5,平时
5/25/2020 11:00,,1.04253,0.027,0.05,0.1104,0.04625,5,高峰
5/25/2020 12:00,,1.04253,0.027,0.05,0.1104,0.04625,5,高峰
5/25/2020 13:00,,1.04253,0.027,0.05,0.1104,0.04625,5,高峰
5/25/2020 14:00,,0.8286,0.027,0.05,0.1104,0.04625,5,平时
5/25/2020 15:00,,0.8286,0.027,0.05,0.1104,0.04625,5,平时
5/25/2020 16:00,,0.8286,0.027,0.05,0.1104,0.04625,5,平时
5/25/2020 17:00,,0.8286,0.027,0.05,0.1104,0.04625,5,平时
5/25/2020 18:00,,1.04253,0.027,0.05,0.1104,0.04625,5,高峰
5/25/2020 19:00,,1.04253,0.027,0.05,0.1104,0.04625,5,高峰
5/25/2020 20:00,,1.04253,0.027,0.05,0.1104,0.04625,5,高峰
5/25/2020 21:00,,1.04253,0.027,0.05,0.1104,0.04625,5,高峰
5/25/2020 22:00,,1.04253,0.027,0.05,0.1104,0.04625,5,高峰
5/25/2020 23:00,,0.29589,0.027,0.05,0.1104,0.04625,5,低谷
5/26/2020 0:00,,0.29589,0.027,0.05,0.1104,0.04625,5,低谷
5/26/2020 1:00,,0.29589,0.027,0.05,0.1104,0.04625,5,低谷
5/26/2020 2:00,,0.29589,0.027,0.05,0.1104,0.04625,5,低谷
5/26/2020 3:00,,0.29589,0.027,0.05,0.1104,0.04625,5,低谷
5/26/2020 4:00,,0.29589,0.027,0.05,0.1104,0.04625,5,低谷
5/26/2020 5:00,,0.29589,0.027,0.05,0.1104,0.04625,5,低谷
5/26/2020 6:00,,0.29589,0.027,0.05,0.1104,0.04625,5,低谷
5/26/2020 7:00,,0.8286,0.027,0.05,0.1104,0.04625,5,平时
5/26/2020 8:00,,0.8286,0.027,0.05,0.1104,0.04625,5,平时
5/26/2020 9:00,,0.8286,0.027,0.05,0.1104,0.04625,5,平时
5/26/2020 10:00,,0.8286,0.027,0.05,0.1104,0.04625,5,平时
5/26/2020 11:00,,1.04253,0.027,0.05,0.1104,0.04625,5,高峰
5/26/2020 12:00,,1.04253,0.027,0.05,0.1104,0.04625,5,高峰
5/26/2020 13:00,,1.04253,0.027,0.05,0.1104,0.04625,5,高峰
5/26/2020 14:00,,0.8286,0.027,0.05,0.1104,0.04625,5,平时
5/26/2020 15:00,,0.8286,0.027,0.05,0.1104,0.04625,5,平时
5/26/2020 16:00,,0.8286,0.027,0.05,0.1104,0.04625,5,平时
5/26/2020 17:00,,0.8286,0.027,0.05,0.1104,0.04625,5,平时
5/26/2020 18:00,,1.04253,0.027,0.05,0.1104,0.04625,5,高峰
5/26/2020 19:00,,1.04253,0.027,0.05,0.1104,0.04625,5,高峰
5/26/2020 20:00,,1.04253,0.027,0.05,0.1104,0.04625,5,高峰
5/26/2020 21:00,,1.04253,0.027,0.05,0.1104,0.04625,5,高峰
5/26/2020 22:00,,1.04253,0.027,0.05,0.1104,0.04625,5,高峰
5/26/2020 23:00,,0.29589,0.027,0.05,0.1104,0.04625,5,低谷
5/27/2020 0:00,,0.29589,0.027,0.05,0.1104,0.04625,5,低谷
5/27/2020 1:00,,0.29589,0.027,0.05,0.1104,0.04625,5,低谷
5/27/2020 2:00,,0.29589,0.027,0.05,0.1104,0.04625,5,低谷
5/27/2020 3:00,,0.29589,0.027,0.05,0.1104,0.04625,5,低谷
5/27/2020 4:00,,0.29589,0.027,0.05,0.1104,0.04625,5,低谷
5/27/2020 5:00,,0.29589,0.027,0.05,0.1104,0.04625,5,低谷
5/27/2020 6:00,,0.29589,0.027,0.05,0.1104,0.04625,5,低谷
5/27/2020 7:00,,0.8286,0.027,0.05,0.1104,0.04625,5,平时
5/27/2020 8:00,,0.8286,0.027,0.05,0.1104,0.04625,5,平时
5/27/2020 9:00,,0.8286,0.027,0.05,0.1104,0.04625,5,平时
5/27/2020 10:00,,0.8286,0.027,0.05,0.1104,0.04625,5,平时
5/27/2020 11:00,,1.04253,0.027,0.05,0.1104,0.04625,5,高峰
5/27/2020 12:00,,1.04253,0.027,0.05,0.1104,0.04625,5,高峰
5/27/2020 13:00,,1.04253,0.027,0.05,0.1104,0.04625,5,高峰
5/27/2020 14:00,,0.8286,0.027,0.05,0.1104,0.04625,5,平时
5/27/2020 15:00,,0.8286,0.027,0.05,0.1104,0.04625,5,平时
5/27/2020 16:00,,0.8286,0.027,0.05,0.1104,0.04625,5,平时
5/27/2020 17:00,,0.8286,0.027,0.05,0.1104,0.04625,5,平时
5/27/2020 18:00,,1.04253,0.027,0.05,0.1104,0.04625,5,高峰
5/27/2020 19:00,,1.04253,0.027,0.05,0.1104,0.04625,5,高峰
5/27/2020 20:00,,1.04253,0.027,0.05,0.1104,0.04625,5,高峰
5/27/2020 21:00,,1.04253,0.027,0.05,0.1104,0.04625,5,高峰
5/27/2020 22:00,,1.04253,0.027,0.05,0.1104,0.04625,5,高峰
5/27/2020 23:00,,0.29589,0.027,0.05,0.1104,0.04625,5,低谷
5/28/2020 0:00,,0.29589,0.027,0.05,0.1104,0.04625,5,低谷
5/28/2020 1:00,,0.29589,0.027,0.05,0.1104,0.04625,5,低谷
5/28/2020 2:00,,0.29589,0.027,0.05,0.1104,0.04625,5,低谷
5/28/2020 3:00,,0.29589,0.027,0.05,0.1104,0.04625,5,低谷
5/28/2020 4:00,,0.29589,0.027,0.05,0.1104,0.04625,5,低谷
5/28/2020 5:00,,0.29589,0.027,0.05,0.1104,0.04625,5,低谷
5/28/2020 6:00,,0.29589,0.027,0.05,0.1104,0.04625,5,低谷
5/28/2020 7:00,,0.8286,0.027,0.05,0.1104,0.04625,5,平时
5/28/2020 8:00,,0.8286,0.027,0.05,0.1104,0.04625,5,平时
5/28/2020 9:00,,0.8286,0.027,0.05,0.1104,0.04625,5,平时
5/28/2020 10:00,,0.8286,0.027,0.05,0.1104,0.04625,5,平时
5/28/2020 11:00,,1.04253,0.027,0.05,0.1104,0.04625,5,高峰
5/28/2020 12:00,,1.04253,0.027,0.05,0.1104,0.04625,5,高峰
5/28/2020 13:00,,1.04253,0.027,0.05,0.1104,0.04625,5,高峰
5/28/2020 14:00,,0.8286,0.027,0.05,0.1104,0.04625,5,平时
5/28/2020 15:00,,0.8286,0.027,0.05,0.1104,0.04625,5,平时
5/28/2020 16:00,,0.8286,0.027,0.05,0.1104,0.04625,5,平时
5/28/2020 17:00,,0.8286,0.027,0.05,0.1104,0.04625,5,平时
5/28/2020 18:00,,1.04253,0.027,0.05,0.1104,0.04625,5,高峰
5/28/2020 19:00,,1.04253,0.027,0.05,0.1104,0.04625,5,高峰
5/28/2020 20:00,,1.04253,0.027,0.05,0.1104,0.04625,5,高峰
5/28/2020 21:00,,1.04253,0.027,0.05,0.1104,0.04625,5,高峰
5/28/2020 22:00,,1.04253,0.027,0.05,0.1104,0.04625,5,高峰
5/28/2020 23:00,,0.29589,0.027,0.05,0.1104,0.04625,5,低谷
5/29/2020 0:00,,0.29589,0.027,0.05,0.1104,0.04625,5,低谷
5/29/2020 1:00,,0.29589,0.027,0.05,0.1104,0.04625,5,低谷
5/29/2020 2:00,,0.29589,0.027,0.05,0.1104,0.04625,5,低谷
5/29/2020 3:00,,0.29589,0.027,0.05,0.1104,0.04625,5,低谷
5/29/2020 4:00,,0.29589,0.027,0.05,0.1104,0.04625,5,低谷
5/29/2020 5:00,,0.29589,0.027,0.05,0.1104,0.04625,5,低谷
5/29/2020 6:00,,0.29589,0.027,0.05,0.1104,0.04625,5,低谷
5/29/2020 7:00,,0.8286,0.027,0.05,0.1104,0.04625,5,平时
5/29/2020 8:00,,0.8286,0.027,0.05,0.1104,0.04625,5,平时
5/29/2020 9:00,,0.8286,0.027,0.05,0.1104,0.04625,5,平时
5/29/2020 10:00,,0.8286,0.027,0.05,0.1104,0.04625,5,平时
5/29/2020 11:00,,1.04253,0.027,0.05,0.1104,0.04625,5,高峰
5/29/2020 12:00,,1.04253,0.027,0.05,0.1104,0.04625,5,高峰
5/29/2020 13:00,,1.04253,0.027,0.05,0.1104,0.04625,5,高峰
5/29/2020 14:00,,0.8286,0.027,0.05,0.1104,0.04625,5,平时
5/29/2020 15:00,,0.8286,0.027,0.05,0.1104,0.04625,5,平时
5/29/2020 16:00,,0.8286,0.027,0.05,0.1104,0.04625,5,平时
5/29/2020 17:00,,0.8286,0.027,0.05,0.1104,0.04625,5,平时
5/29/2020 18:00,,1.04253,0.027,0.05,0.1104,0.04625,5,高峰
5/29/2020 19:00,,1.04253,0.027,0.05,0.1104,0.04625,5,高峰
5/29/2020 20:00,,1.04253,0.027,0.05,0.1104,0.04625,5,高峰
5/29/2020 21:00,,1.04253,0.027,0.05,0.1104,0.04625,5,高峰
5/29/2020 22:00,,1.04253,0.027,0.05,0.1104,0.04625,5,高峰
5/29/2020 23:00,,0.29589,0.027,0.05,0.1104,0.04625,5,低谷
5/30/2020 0:00,,0.29589,0.027,0.05,0.1104,0.04625,5,低谷
5/30/2020 1:00,,0.29589,0.027,0.05,0.1104,0.04625,5,低谷
5/30/2020 2:00,,0.29589,0.027,0.05,0.1104,0.04625,5,低谷
5/30/2020 3:00,,0.29589,0.027,0.05,0.1104,0.04625,5,低谷
5/30/2020 4:00,,0.29589,0.027,0.05,0.1104,0.04625,5,低谷
5/30/2020 5:00,,0.29589,0.027,0.05,0.1104,0.04625,5,低谷
5/30/2020 6:00,,0.29589,0.027,0.05,0.1104,0.04625,5,低谷
5/30/2020 7:00,,0.8286,0.027,0.05,0.1104,0.04625,5,平时
5/30/2020 8:00,,0.8286,0.027,0.05,0.1104,0.04625,5,平时
5/30/2020 9:00,,0.8286,0.027,0.05,0.1104,0.04625,5,平时
5/30/2020 10:00,,0.8286,0.027,0.05,0.1104,0.04625,5,平时
5/30/2020 11:00,,1.04253,0.027,0.05,0.1104,0.04625,5,高峰
5/30/2020 12:00,,1.04253,0.027,0.05,0.1104,0.04625,5,高峰
5/30/2020 13:00,,1.04253,0.027,0.05,0.1104,0.04625,5,高峰
5/30/2020 14:00,,0.8286,0.027,0.05,0.1104,0.04625,5,平时
5/30/2020 15:00,,0.8286,0.027,0.05,0.1104,0.04625,5,平时
5/30/2020 16:00,,0.8286,0.027,0.05,0.1104,0.04625,5,平时
5/30/2020 17:00,,0.8286,0.027,0.05,0.1104,0.04625,5,平时
5/30/2020 18:00,,1.04253,0.027,0.05,0.1104,0.04625,5,高峰
5/30/2020 19:00,,1.04253,0.027,0.05,0.1104,0.04625,5,高峰
5/30/2020 20:00,,1.04253,0.027,0.05,0.1104,0.04625,5,高峰
5/30/2020 21:00,,1.04253,0.027,0.05,0.1104,0.04625,5,高峰
5/30/2020 22:00,,1.04253,0.027,0.05,0.1104,0.04625,5,高峰
5/30/2020 23:00,,0.29589,0.027,0.05,0.1104,0.04625,5,低谷
5/31/2020 0:00,,0.29589,0.027,0.05,0.1104,0.04625,5,低谷
5/31/2020 1:00,,0.29589,0.027,0.05,0.1104,0.04625,5,低谷
5/31/2020 2:00,,0.29589,0.027,0.05,0.1104,0.04625,5,低谷
5/31/2020 3:00,,0.29589,0.027,0.05,0.1104,0.04625,5,低谷
5/31/2020 4:00,,0.29589,0.027,0.05,0.1104,0.04625,5,低谷
5/31/2020 5:00,,0.29589,0.027,0.05,0.1104,0.04625,5,低谷
5/31/2020 6:00,,0.29589,0.027,0.05,0.1104,0.04625,5,低谷
5/31/2020 7:00,,0.8286,0.027,0.05,0.1104,0.04625,5,平时
5/31/2020 8:00,,0.8286,0.027,0.05,0.1104,0.04625,5,平时
5/31/2020 9:00,,0.8286,0.027,0.05,0.1104,0.04625,5,平时
5/31/2020 10:00,,0.8286,0.027,0.05,0.1104,0.04625,5,平时
5/31/2020 11:00,,1.04253,0.027,0.05,0.1104,0.04625,5,高峰
5/31/2020 12:00,,1.04253,0.027,0.05,0.1104,0.04625,5,高峰
5/31/2020 13:00,,1.04253,0.027,0.05,0.1104,0.04625,5,高峰
5/31/2020 14:00,,0.8286,0.027,0.05,0.1104,0.04625,5,平时
5/31/2020 15:00,,0.8286,0.027,0.05,0.1104,0.04625,5,平时
5/31/2020 16:00,,0.8286,0.027,0.05,0.1104,0.04625,5,平时
5/31/2020 17:00,,0.8286,0.027,0.05,0.1104,0.04625,5,平时
5/31/2020 18:00,,1.04253,0.027,0.05,0.1104,0.04625,5,高峰
5/31/2020 19:00,,1.04253,0.027,0.05,0.1104,0.04625,5,高峰
5/31/2020 20:00,,1.04253,0.027,0.05,0.1104,0.04625,5,高峰
5/31/2020 21:00,,1.04253,0.027,0.05,0.1104,0.04625,5,高峰
5/31/2020 22:00,,1.04253,0.027,0.05,0.1104,0.04625,5,高峰
5/31/2020 23:00,,0.29589,0.027,0.05,0.1104,0.04625,5,低谷
6/1/2020 0:00,,0.28981,0.027,0.05,0.1104,0.04625,6,低谷
6/1/2020 1:00,,0.28981,0.027,0.05,0.1104,0.04625,6,低谷
6/1/2020 2:00,,0.28981,0.027,0.05,0.1104,0.04625,6,低谷
6/1/2020 3:00,,0.28981,0.027,0.05,0.1104,0.04625,6,低谷
6/1/2020 4:00,,0.28981,0.027,0.05,0.1104,0.04625,6,低谷
6/1/2020 5:00,,0.28981,0.027,0.05,0.1104,0.04625,6,低谷
6/1/2020 6:00,,0.28981,0.027,0.05,0.1104,0.04625,6,低谷
6/1/2020 7:00,,0.8122,0.027,0.05,0.1104,0.04625,6,平时
6/1/2020 8:00,,0.8122,0.027,0.05,0.1104,0.04625,6,平时
6/1/2020 9:00,,0.8122,0.027,0.05,0.1104,0.04625,6,平时
6/1/2020 10:00,,0.8122,0.027,0.05,0.1104,0.04625,6,平时
6/1/2020 11:00,,1.01816,0.027,0.05,0.1104,0.04625,6,高峰
6/1/2020 12:00,,1.01816,0.027,0.05,0.1104,0.04625,6,高峰
6/1/2020 13:00,,1.01816,0.027,0.05,0.1104,0.04625,6,高峰
6/1/2020 14:00,,0.8122,0.027,0.05,0.1104,0.04625,6,平时
6/1/2020 15:00,,0.8122,0.027,0.05,0.1104,0.04625,6,平时
6/1/2020 16:00,,0.8122,0.027,0.05,0.1104,0.04625,6,平时
6/1/2020 17:00,,0.8122,0.027,0.05,0.1104,0.04625,6,平时
6/1/2020 18:00,,1.01816,0.027,0.05,0.1104,0.04625,6,高峰
6/1/2020 19:00,,1.01816,0.027,0.05,0.1104,0.04625,6,高峰
6/1/2020 20:00,,1.01816,0.027,0.05,0.1104,0.04625,6,高峰
6/1/2020 21:00,,1.01816,0.027,0.05,0.1104,0.04625,6,高峰
6/1/2020 22:00,,1.01816,0.027,0.05,0.1104,0.04625,6,高峰
6/1/2020 23:00,,0.28981,0.027,0.05,0.1104,0.04625,6,低谷
6/2/2020 0:00,,0.28981,0.027,0.05,0.1104,0.04625,6,低谷
6/2/2020 1:00,,0.28981,0.027,0.05,0.1104,0.04625,6,低谷
6/2/2020 2:00,,0.28981,0.027,0.05,0.1104,0.04625,6,低谷
6/2/2020 3:00,,0.28981,0.027,0.05,0.1104,0.04625,6,低谷
6/2/2020 4:00,,0.28981,0.027,0.05,0.1104,0.04625,6,低谷
6/2/2020 5:00,,0.28981,0.027,0.05,0.1104,0.04625,6,低谷
6/2/2020 6:00,,0.28981,0.027,0.05,0.1104,0.04625,6,低谷
6/2/2020 7:00,,0.8122,0.027,0.05,0.1104,0.04625,6,平时
6/2/2020 8:00,,0.8122,0.027,0.05,0.1104,0.04625,6,平时
6/2/2020 9:00,,0.8122,0.027,0.05,0.1104,0.04625,6,平时
6/2/2020 10:00,,0.8122,0.027,0.05,0.1104,0.04625,6,平时
6/2/2020 11:00,,1.01816,0.027,0.05,0.1104,0.04625,6,高峰
6/2/2020 12:00,,1.01816,0.027,0.05,0.1104,0.04625,6,高峰
6/2/2020 13:00,,1.01816,0.027,0.05,0.1104,0.04625,6,高峰
6/2/2020 14:00,,0.8122,0.027,0.05,0.1104,0.04625,6,平时
6/2/2020 15:00,,0.8122,0.027,0.05,0.1104,0.04625,6,平时
6/2/2020 16:00,,0.8122,0.027,0.05,0.1104,0.04625,6,平时
6/2/2020 17:00,,0.8122,0.027,0.05,0.1104,0.04625,6,平时
6/2/2020 18:00,,1.01816,0.027,0.05,0.1104,0.04625,6,高峰
6/2/2020 19:00,,1.01816,0.027,0.05,0.1104,0.04625,6,高峰
6/2/2020 20:00,,1.01816,0.027,0.05,0.1104,0.04625,6,高峰
6/2/2020 21:00,,1.01816,0.027,0.05,0.1104,0.04625,6,高峰
6/2/2020 22:00,,1.01816,0.027,0.05,0.1104,0.04625,6,高峰
6/2/2020 23:00,,0.28981,0.027,0.05,0.1104,0.04625,6,低谷
6/3/2020 0:00,,0.28981,0.027,0.05,0.1104,0.04625,6,低谷
6/3/2020 1:00,,0.28981,0.027,0.05,0.1104,0.04625,6,低谷
6/3/2020 2:00,,0.28981,0.027,0.05,0.1104,0.04625,6,低谷
6/3/2020 3:00,,0.28981,0.027,0.05,0.1104,0.04625,6,低谷
6/3/2020 4:00,,0.28981,0.027,0.05,0.1104,0.04625,6,低谷
6/3/2020 5:00,,0.28981,0.027,0.05,0.1104,0.04625,6,低谷
6/3/2020 6:00,,0.28981,0.027,0.05,0.1104,0.04625,6,低谷
6/3/2020 7:00,,0.8122,0.027,0.05,0.1104,0.04625,6,平时
6/3/2020 8:00,,0.8122,0.027,0.05,0.1104,0.04625,6,平时
6/3/2020 9:00,,0.8122,0.027,0.05,0.1104,0.04625,6,平时
6/3/2020 10:00,,0.8122,0.027,0.05,0.1104,0.04625,6,平时
6/3/2020 11:00,,1.01816,0.027,0.05,0.1104,0.04625,6,高峰
6/3/2020 12:00,,1.01816,0.027,0.05,0.1104,0.04625,6,高峰
6/3/2020 13:00,,1.01816,0.027,0.05,0.1104,0.04625,6,高峰
6/3/2020 14:00,,0.8122,0.027,0.05,0.1104,0.04625,6,平时
6/3/2020 15:00,,0.8122,0.027,0.05,0.1104,0.04625,6,平时
6/3/2020 16:00,,0.8122,0.027,0.05,0.1104,0.04625,6,平时
6/3/2020 17:00,,0.8122,0.027,0.05,0.1104,0.04625,6,平时
6/3/2020 18:00,,1.01816,0.027,0.05,0.1104,0.04625,6,高峰
6/3/2020 19:00,,1.01816,0.027,0.05,0.1104,0.04625,6,高峰
6/3/2020 20:00,,1.01816,0.027,0.05,0.1104,0.04625,6,高峰
6/3/2020 21:00,,1.01816,0.027,0.05,0.1104,0.04625,6,高峰
6/3/2020 22:00,,1.01816,0.027,0.05,0.1104,0.04625,6,高峰
6/3/2020 23:00,,0.28981,0.027,0.05,0.1104,0.04625,6,低谷
6/4/2020 0:00,,0.28981,0.027,0.05,0.1104,0.04625,6,低谷
6/4/2020 1:00,,0.28981,0.027,0.05,0.1104,0.04625,6,低谷
6/4/2020 2:00,,0.28981,0.027,0.05,0.1104,0.04625,6,低谷
6/4/2020 3:00,,0.28981,0.027,0.05,0.1104,0.04625,6,低谷
6/4/2020 4:00,,0.28981,0.027,0.05,0.1104,0.04625,6,低谷
6/4/2020 5:00,,0.28981,0.027,0.05,0.1104,0.04625,6,低谷
6/4/2020 6:00,,0.28981,0.027,0.05,0.1104,0.04625,6,低谷
6/4/2020 7:00,,0.8122,0.027,0.05,0.1104,0.04625,6,平时
6/4/2020 8:00,,0.8122,0.027,0.05,0.1104,0.04625,6,平时
6/4/2020 9:00,,0.8122,0.027,0.05,0.1104,0.04625,6,平时
6/4/2020 10:00,,0.8122,0.027,0.05,0.1104,0.04625,6,平时
6/4/2020 11:00,,1.01816,0.027,0.05,0.1104,0.04625,6,高峰
6/4/2020 12:00,,1.01816,0.027,0.05,0.1104,0.04625,6,高峰
6/4/2020 13:00,,1.01816,0.027,0.05,0.1104,0.04625,6,高峰
6/4/2020 14:00,,0.8122,0.027,0.05,0.1104,0.04625,6,平时
6/4/2020 15:00,,0.8122,0.027,0.05,0.1104,0.04625,6,平时
6/4/2020 16:00,,0.8122,0.027,0.05,0.1104,0.04625,6,平时
6/4/2020 17:00,,0.8122,0.027,0.05,0.1104,0.04625,6,平时
6/4/2020 18:00,,1.01816,0.027,0.05,0.1104,0.04625,6,高峰
6/4/2020 19:00,,1.01816,0.027,0.05,0.1104,0.04625,6,高峰
6/4/2020 20:00,,1.01816,0.027,0.05,0.1104,0.04625,6,高峰
6/4/2020 21:00,,1.01816,0.027,0.05,0.1104,0.04625,6,高峰
6/4/2020 22:00,,1.01816,0.027,0.05,0.1104,0.04625,6,高峰
6/4/2020 23:00,,0.28981,0.027,0.05,0.1104,0.04625,6,低谷
6/5/2020 0:00,,0.28981,0.027,0.05,0.1104,0.04625,6,低谷
6/5/2020 1:00,,0.28981,0.027,0.05,0.1104,0.04625,6,低谷
6/5/2020 2:00,,0.28981,0.027,0.05,0.1104,0.04625,6,低谷
6/5/2020 3:00,,0.28981,0.027,0.05,0.1104,0.04625,6,低谷
6/5/2020 4:00,,0.28981,0.027,0.05,0.1104,0.04625,6,低谷
6/5/2020 5:00,,0.28981,0.027,0.05,0.1104,0.04625,6,低谷
6/5/2020 6:00,,0.28981,0.027,0.05,0.1104,0.04625,6,低谷
6/5/2020 7:00,,0.8122,0.027,0.05,0.1104,0.04625,6,平时
6/5/2020 8:00,,0.8122,0.027,0.05,0.1104,0.04625,6,平时
6/5/2020 9:00,,0.8122,0.027,0.05,0.1104,0.04625,6,平时
6/5/2020 10:00,,0.8122,0.027,0.05,0.1104,0.04625,6,平时
6/5/2020 11:00,,1.01816,0.027,0.05,0.1104,0.04625,6,高峰
6/5/2020 12:00,,1.01816,0.027,0.05,0.1104,0.04625,6,高峰
6/5/2020 13:00,,1.01816,0.027,0.05,0.1104,0.04625,6,高峰
6/5/2020 14:00,,0.8122,0.027,0.05,0.1104,0.04625,6,平时
6/5/2020 15:00,,0.8122,0.027,0.05,0.1104,0.04625,6,平时
6/5/2020 16:00,,0.8122,0.027,0.05,0.1104,0.04625,6,平时
6/5/2020 17:00,,0.8122,0.027,0.05,0.1104,0.04625,6,平时
6/5/2020 18:00,,1.01816,0.027,0.05,0.1104,0.04625,6,高峰
6/5/2020 19:00,,1.01816,0.027,0.05,0.1104,0.04625,6,高峰
6/5/2020 20:00,,1.01816,0.027,0.05,0.1104,0.04625,6,高峰
6/5/2020 21:00,,1.01816,0.027,0.05,0.1104,0.04625,6,高峰
6/5/2020 22:00,,1.01816,0.027,0.05,0.1104,0.04625,6,高峰
6/5/2020 23:00,,0.28981,0.027,0.05,0.1104,0.04625,6,低谷
6/6/2020 0:00,,0.28981,0.027,0.05,0.1104,0.04625,6,低谷
6/6/2020 1:00,,0.28981,0.027,0.05,0.1104,0.04625,6,低谷
6/6/2020 2:00,,0.28981,0.027,0.05,0.1104,0.04625,6,低谷
6/6/2020 3:00,,0.28981,0.027,0.05,0.1104,0.04625,6,低谷
6/6/2020 4:00,,0.28981,0.027,0.05,0.1104,0.04625,6,低谷
6/6/2020 5:00,,0.28981,0.027,0.05,0.1104,0.04625,6,低谷
6/6/2020 6:00,,0.28981,0.027,0.05,0.1104,0.04625,6,低谷
6/6/2020 7:00,,0.8122,0.027,0.05,0.1104,0.04625,6,平时
6/6/2020 8:00,,0.8122,0.027,0.05,0.1104,0.04625,6,平时
6/6/2020 9:00,,0.8122,0.027,0.05,0.1104,0.04625,6,平时
6/6/2020 10:00,,0.8122,0.027,0.05,0.1104,0.04625,6,平时
6/6/2020 11:00,,1.01816,0.027,0.05,0.1104,0.04625,6,高峰
6/6/2020 12:00,,1.01816,0.027,0.05,0.1104,0.04625,6,高峰
6/6/2020 13:00,,1.01816,0.027,0.05,0.1104,0.04625,6,高峰
6/6/2020 14:00,,0.8122,0.027,0.05,0.1104,0.04625,6,平时
6/6/2020 15:00,,0.8122,0.027,0.05,0.1104,0.04625,6,平时
6/6/2020 16:00,,0.8122,0.027,0.05,0.1104,0.04625,6,平时
6/6/2020 17:00,,0.8122,0.027,0.05,0.1104,0.04625,6,平时
6/6/2020 18:00,,1.01816,0.027,0.05,0.1104,0.04625,6,高峰
6/6/2020 19:00,,1.01816,0.027,0.05,0.1104,0.04625,6,高峰
6/6/2020 20:00,,1.01816,0.027,0.05,0.1104,0.04625,6,高峰
6/6/2020 21:00,,1.01816,0.027,0.05,0.1104,0.04625,6,高峰
6/6/2020 22:00,,1.01816,0.027,0.05,0.1104,0.04625,6,高峰
6/6/2020 23:00,,0.28981,0.027,0.05,0.1104,0.04625,6,低谷
6/7/2020 0:00,,0.28981,0.027,0.05,0.1104,0.04625,6,低谷
6/7/2020 1:00,,0.28981,0.027,0.05,0.1104,0.04625,6,低谷
6/7/2020 2:00,,0.28981,0.027,0.05,0.1104,0.04625,6,低谷
6/7/2020 3:00,,0.28981,0.027,0.05,0.1104,0.04625,6,低谷
6/7/2020 4:00,,0.28981,0.027,0.05,0.1104,0.04625,6,低谷
6/7/2020 5:00,,0.28981,0.027,0.05,0.1104,0.04625,6,低谷
6/7/2020 6:00,,0.28981,0.027,0.05,0.1104,0.04625,6,低谷
6/7/2020 7:00,,0.8122,0.027,0.05,0.1104,0.04625,6,平时
6/7/2020 8:00,,0.8122,0.027,0.05,0.1104,0.04625,6,平时
6/7/2020 9:00,,0.8122,0.027,0.05,0.1104,0.04625,6,平时
6/7/2020 10:00,,0.8122,0.027,0.05,0.1104,0.04625,6,平时
6/7/2020 11:00,,1.01816,0.027,0.05,0.1104,0.04625,6,高峰
6/7/2020 12:00,,1.01816,0.027,0.05,0.1104,0.04625,6,高峰
6/7/2020 13:00,,1.01816,0.027,0.05,0.1104,0.04625,6,高峰
6/7/2020 14:00,,0.8122,0.027,0.05,0.1104,0.04625,6,平时
6/7/2020 15:00,,0.8122,0.027,0.05,0.1104,0.04625,6,平时
6/7/2020 16:00,,0.8122,0.027,0.05,0.1104,0.04625,6,平时
6/7/2020 17:00,,0.8122,0.027,0.05,0.1104,0.04625,6,平时
6/7/2020 18:00,,1.01816,0.027,0.05,0.1104,0.04625,6,高峰
6/7/2020 19:00,,1.01816,0.027,0.05,0.1104,0.04625,6,高峰
6/7/2020 20:00,,1.01816,0.027,0.05,0.1104,0.04625,6,高峰
6/7/2020 21:00,,1.01816,0.027,0.05,0.1104,0.04625,6,高峰
6/7/2020 22:00,,1.01816,0.027,0.05,0.1104,0.04625,6,高峰
6/7/2020 23:00,,0.28981,0.027,0.05,0.1104,0.04625,6,低谷
6/8/2020 0:00,,0.28981,0.027,0.05,0.1104,0.04625,6,低谷
6/8/2020 1:00,,0.28981,0.027,0.05,0.1104,0.04625,6,低谷
6/8/2020 2:00,,0.28981,0.027,0.05,0.1104,0.04625,6,低谷
6/8/2020 3:00,,0.28981,0.027,0.05,0.1104,0.04625,6,低谷
6/8/2020 4:00,,0.28981,0.027,0.05,0.1104,0.04625,6,低谷
6/8/2020 5:00,,0.28981,0.027,0.05,0.1104,0.04625,6,低谷
6/8/2020 6:00,,0.28981,0.027,0.05,0.1104,0.04625,6,低谷
6/8/2020 7:00,,0.8122,0.027,0.05,0.1104,0.04625,6,平时
6/8/2020 8:00,,0.8122,0.027,0.05,0.1104,0.04625,6,平时
6/8/2020 9:00,,0.8122,0.027,0.05,0.1104,0.04625,6,平时
6/8/2020 10:00,,0.8122,0.027,0.05,0.1104,0.04625,6,平时
6/8/2020 11:00,,1.01816,0.027,0.05,0.1104,0.04625,6,高峰
6/8/2020 12:00,,1.01816,0.027,0.05,0.1104,0.04625,6,高峰
6/8/2020 13:00,,1.01816,0.027,0.05,0.1104,0.04625,6,高峰
6/8/2020 14:00,,0.8122,0.027,0.05,0.1104,0.04625,6,平时
6/8/2020 15:00,,0.8122,0.027,0.05,0.1104,0.04625,6,平时
6/8/2020 16:00,,0.8122,0.027,0.05,0.1104,0.04625,6,平时
6/8/2020 17:00,,0.8122,0.027,0.05,0.1104,0.04625,6,平时
6/8/2020 18:00,,1.01816,0.027,0.05,0.1104,0.04625,6,高峰
6/8/2020 19:00,,1.01816,0.027,0.05,0.1104,0.04625,6,高峰
6/8/2020 20:00,,1.01816,0.027,0.05,0.1104,0.04625,6,高峰
6/8/2020 21:00,,1.01816,0.027,0.05,0.1104,0.04625,6,高峰
6/8/2020 22:00,,1.01816,0.027,0.05,0.1104,0.04625,6,高峰
6/8/2020 23:00,,0.28981,0.027,0.05,0.1104,0.04625,6,低谷
6/9/2020 0:00,,0.28981,0.027,0.05,0.1104,0.04625,6,低谷
6/9/2020 1:00,,0.28981,0.027,0.05,0.1104,0.04625,6,低谷
6/9/2020 2:00,,0.28981,0.027,0.05,0.1104,0.04625,6,低谷
6/9/2020 3:00,,0.28981,0.027,0.05,0.1104,0.04625,6,低谷
6/9/2020 4:00,,0.28981,0.027,0.05,0.1104,0.04625,6,低谷
6/9/2020 5:00,,0.28981,0.027,0.05,0.1104,0.04625,6,低谷
6/9/2020 6:00,,0.28981,0.027,0.05,0.1104,0.04625,6,低谷
6/9/2020 7:00,,0.8122,0.027,0.05,0.1104,0.04625,6,平时
6/9/2020 8:00,,0.8122,0.027,0.05,0.1104,0.04625,6,平时
6/9/2020 9:00,,0.8122,0.027,0.05,0.1104,0.04625,6,平时
6/9/2020 10:00,,0.8122,0.027,0.05,0.1104,0.04625,6,平时
6/9/2020 11:00,,1.01816,0.027,0.05,0.1104,0.04625,6,高峰
6/9/2020 12:00,,1.01816,0.027,0.05,0.1104,0.04625,6,高峰
6/9/2020 13:00,,1.01816,0.027,0.05,0.1104,0.04625,6,高峰
6/9/2020 14:00,,0.8122,0.027,0.05,0.1104,0.04625,6,平时
6/9/2020 15:00,,0.8122,0.027,0.05,0.1104,0.04625,6,平时
6/9/2020 16:00,,0.8122,0.027,0.05,0.1104,0.04625,6,平时
6/9/2020 17:00,,0.8122,0.027,0.05,0.1104,0.04625,6,平时
6/9/2020 18:00,,1.01816,0.027,0.05,0.1104,0.04625,6,高峰
6/9/2020 19:00,,1.01816,0.027,0.05,0.1104,0.04625,6,高峰
6/9/2020 20:00,,1.01816,0.027,0.05,0.1104,0.04625,6,高峰
6/9/2020 21:00,,1.01816,0.027,0.05,0.1104,0.04625,6,高峰
6/9/2020 22:00,,1.01816,0.027,0.05,0.1104,0.04625,6,高峰
6/9/2020 23:00,,0.28981,0.027,0.05,0.1104,0.04625,6,低谷
6/10/2020 0:00,,0.28981,0.027,0.05,0.1104,0.04625,6,低谷
6/10/2020 1:00,,0.28981,0.027,0.05,0.1104,0.04625,6,低谷
6/10/2020 2:00,,0.28981,0.027,0.05,0.1104,0.04625,6,低谷
6/10/2020 3:00,,0.28981,0.027,0.05,0.1104,0.04625,6,低谷
6/10/2020 4:00,,0.28981,0.027,0.05,0.1104,0.04625,6,低谷
6/10/2020 5:00,,0.28981,0.027,0.05,0.1104,0.04625,6,低谷
6/10/2020 6:00,,0.28981,0.027,0.05,0.1104,0.04625,6,低谷
6/10/2020 7:00,,0.8122,0.027,0.05,0.1104,0.04625,6,平时
6/10/2020 8:00,,0.8122,0.027,0.05,0.1104,0.04625,6,平时
6/10/2020 9:00,,0.8122,0.027,0.05,0.1104,0.04625,6,平时
6/10/2020 10:00,,0.8122,0.027,0.05,0.1104,0.04625,6,平时
6/10/2020 11:00,,1.01816,0.027,0.05,0.1104,0.04625,6,高峰
6/10/2020 12:00,,1.01816,0.027,0.05,0.1104,0.04625,6,高峰
6/10/2020 13:00,,1.01816,0.027,0.05,0.1104,0.04625,6,高峰
6/10/2020 14:00,,0.8122,0.027,0.05,0.1104,0.04625,6,平时
6/10/2020 15:00,,0.8122,0.027,0.05,0.1104,0.04625,6,平时
6/10/2020 16:00,,0.8122,0.027,0.05,0.1104,0.04625,6,平时
6/10/2020 17:00,,0.8122,0.027,0.05,0.1104,0.04625,6,平时
6/10/2020 18:00,,1.01816,0.027,0.05,0.1104,0.04625,6,高峰
6/10/2020 19:00,,1.01816,0.027,0.05,0.1104,0.04625,6,高峰
6/10/2020 20:00,,1.01816,0.027,0.05,0.1104,0.04625,6,高峰
6/10/2020 21:00,,1.01816,0.027,0.05,0.1104,0.04625,6,高峰
6/10/2020 22:00,,1.01816,0.027,0.05,0.1104,0.04625,6,高峰
6/10/2020 23:00,,0.28981,0.027,0.05,0.1104,0.04625,6,低谷
6/11/2020 0:00,,0.28981,0.027,0.05,0.1104,0.04625,6,低谷
6/11/2020 1:00,,0.28981,0.027,0.05,0.1104,0.04625,6,低谷
6/11/2020 2:00,,0.28981,0.027,0.05,0.1104,0.04625,6,低谷
6/11/2020 3:00,,0.28981,0.027,0.05,0.1104,0.04625,6,低谷
6/11/2020 4:00,,0.28981,0.027,0.05,0.1104,0.04625,6,低谷
6/11/2020 5:00,,0.28981,0.027,0.05,0.1104,0.04625,6,低谷
6/11/2020 6:00,,0.28981,0.027,0.05,0.1104,0.04625,6,低谷
6/11/2020 7:00,,0.8122,0.027,0.05,0.1104,0.04625,6,平时
6/11/2020 8:00,,0.8122,0.027,0.05,0.1104,0.04625,6,平时
6/11/2020 9:00,,0.8122,0.027,0.05,0.1104,0.04625,6,平时
6/11/2020 10:00,,0.8122,0.027,0.05,0.1104,0.04625,6,平时
6/11/2020 11:00,,1.01816,0.027,0.05,0.1104,0.04625,6,高峰
6/11/2020 12:00,,1.01816,0.027,0.05,0.1104,0.04625,6,高峰
6/11/2020 13:00,,1.01816,0.027,0.05,0.1104,0.04625,6,高峰
6/11/2020 14:00,,0.8122,0.027,0.05,0.1104,0.04625,6,平时
6/11/2020 15:00,,0.8122,0.027,0.05,0.1104,0.04625,6,平时
6/11/2020 16:00,,0.8122,0.027,0.05,0.1104,0.04625,6,平时
6/11/2020 17:00,,0.8122,0.027,0.05,0.1104,0.04625,6,平时
6/11/2020 18:00,,1.01816,0.027,0.05,0.1104,0.04625,6,高峰
6/11/2020 19:00,,1.01816,0.027,0.05,0.1104,0.04625,6,高峰
6/11/2020 20:00,,1.01816,0.027,0.05,0.1104,0.04625,6,高峰
6/11/2020 21:00,,1.01816,0.027,0.05,0.1104,0.04625,6,高峰
6/11/2020 22:00,,1.01816,0.027,0.05,0.1104,0.04625,6,高峰
6/11/2020 23:00,,0.28981,0.027,0.05,0.1104,0.04625,6,低谷
6/12/2020 0:00,,0.28981,0.027,0.05,0.1104,0.04625,6,低谷
6/12/2020 1:00,,0.28981,0.027,0.05,0.1104,0.04625,6,低谷
6/12/2020 2:00,,0.28981,0.027,0.05,0.1104,0.04625,6,低谷
6/12/2020 3:00,,0.28981,0.027,0.05,0.1104,0.04625,6,低谷
6/12/2020 4:00,,0.28981,0.027,0.05,0.1104,0.04625,6,低谷
6/12/2020 5:00,,0.28981,0.027,0.05,0.1104,0.04625,6,低谷
6/12/2020 6:00,,0.28981,0.027,0.05,0.1104,0.04625,6,低谷
6/12/2020 7:00,,0.8122,0.027,0.05,0.1104,0.04625,6,平时
6/12/2020 8:00,,0.8122,0.027,0.05,0.1104,0.04625,6,平时
6/12/2020 9:00,,0.8122,0.027,0.05,0.1104,0.04625,6,平时
6/12/2020 10:00,,0.8122,0.027,0.05,0.1104,0.04625,6,平时
6/12/2020 11:00,,1.01816,0.027,0.05,0.1104,0.04625,6,高峰
6/12/2020 12:00,,1.01816,0.027,0.05,0.1104,0.04625,6,高峰
6/12/2020 13:00,,1.01816,0.027,0.05,0.1104,0.04625,6,高峰
6/12/2020 14:00,,0.8122,0.027,0.05,0.1104,0.04625,6,平时
6/12/2020 15:00,,0.8122,0.027,0.05,0.1104,0.04625,6,平时
6/12/2020 16:00,,0.8122,0.027,0.05,0.1104,0.04625,6,平时
6/12/2020 17:00,,0.8122,0.027,0.05,0.1104,0.04625,6,平时
6/12/2020 18:00,,1.01816,0.027,0.05,0.1104,0.04625,6,高峰
6/12/2020 19:00,,1.01816,0.027,0.05,0.1104,0.04625,6,高峰
6/12/2020 20:00,,1.01816,0.027,0.05,0.1104,0.04625,6,高峰
6/12/2020 21:00,,1.01816,0.027,0.05,0.1104,0.04625,6,高峰
6/12/2020 22:00,,1.01816,0.027,0.05,0.1104,0.04625,6,高峰
6/12/2020 23:00,,0.28981,0.027,0.05,0.1104,0.04625,6,低谷
6/13/2020 0:00,,0.28981,0.027,0.05,0.1104,0.04625,6,低谷
6/13/2020 1:00,,0.28981,0.027,0.05,0.1104,0.04625,6,低谷
6/13/2020 2:00,,0.28981,0.027,0.05,0.1104,0.04625,6,低谷
6/13/2020 3:00,,0.28981,0.027,0.05,0.1104,0.04625,6,低谷
6/13/2020 4:00,,0.28981,0.027,0.05,0.1104,0.04625,6,低谷
6/13/2020 5:00,,0.28981,0.027,0.05,0.1104,0.04625,6,低谷
6/13/2020 6:00,,0.28981,0.027,0.05,0.1104,0.04625,6,低谷
6/13/2020 7:00,,0.8122,0.027,0.05,0.1104,0.04625,6,平时
6/13/2020 8:00,,0.8122,0.027,0.05,0.1104,0.04625,6,平时
6/13/2020 9:00,,0.8122,0.027,0.05,0.1104,0.04625,6,平时
6/13/2020 10:00,,0.8122,0.027,0.05,0.1104,0.04625,6,平时
6/13/2020 11:00,,1.01816,0.027,0.05,0.1104,0.04625,6,高峰
6/13/2020 12:00,,1.01816,0.027,0.05,0.1104,0.04625,6,高峰
6/13/2020 13:00,,1.01816,0.027,0.05,0.1104,0.04625,6,高峰
6/13/2020 14:00,,0.8122,0.027,0.05,0.1104,0.04625,6,平时
6/13/2020 15:00,,0.8122,0.027,0.05,0.1104,0.04625,6,平时
6/13/2020 16:00,,0.8122,0.027,0.05,0.1104,0.04625,6,平时
6/13/2020 17:00,,0.8122,0.027,0.05,0.1104,0.04625,6,平时
6/13/2020 18:00,,1.01816,0.027,0.05,0.1104,0.04625,6,高峰
6/13/2020 19:00,,1.01816,0.027,0.05,0.1104,0.04625,6,高峰
6/13/2020 20:00,,1.01816,0.027,0.05,0.1104,0.04625,6,高峰
6/13/2020 21:00,,1.01816,0.027,0.05,0.1104,0.04625,6,高峰
6/13/2020 22:00,,1.01816,0.027,0.05,0.1104,0.04625,6,高峰
6/13/2020 23:00,,0.28981,0.027,0.05,0.1104,0.04625,6,低谷
6/14/2020 0:00,,0.28981,0.027,0.05,0.1104,0.04625,6,低谷
6/14/2020 1:00,,0.28981,0.027,0.05,0.1104,0.04625,6,低谷
6/14/2020 2:00,,0.28981,0.027,0.05,0.1104,0.04625,6,低谷
6/14/2020 3:00,,0.28981,0.027,0.05,0.1104,0.04625,6,低谷
6/14/2020 4:00,,0.28981,0.027,0.05,0.1104,0.04625,6,低谷
6/14/2020 5:00,,0.28981,0.027,0.05,0.1104,0.04625,6,低谷
6/14/2020 6:00,,0.28981,0.027,0.05,0.1104,0.04625,6,低谷
6/14/2020 7:00,,0.8122,0.027,0.05,0.1104,0.04625,6,平时
6/14/2020 8:00,,0.8122,0.027,0.05,0.1104,0.04625,6,平时
6/14/2020 9:00,,0.8122,0.027,0.05,0.1104,0.04625,6,平时
6/14/2020 10:00,,0.8122,0.027,0.05,0.1104,0.04625,6,平时
6/14/2020 11:00,,1.01816,0.027,0.05,0.1104,0.04625,6,高峰
6/14/2020 12:00,,1.01816,0.027,0.05,0.1104,0.04625,6,高峰
6/14/2020 13:00,,1.01816,0.027,0.05,0.1104,0.04625,6,高峰
6/14/2020 14:00,,0.8122,0.027,0.05,0.1104,0.04625,6,平时
6/14/2020 15:00,,0.8122,0.027,0.05,0.1104,0.04625,6,平时
6/14/2020 16:00,,0.8122,0.027,0.05,0.1104,0.04625,6,平时
6/14/2020 17:00,,0.8122,0.027,0.05,0.1104,0.04625,6,平时
6/14/2020 18:00,,1.01816,0.027,0.05,0.1104,0.04625,6,高峰
6/14/2020 19:00,,1.01816,0.027,0.05,0.1104,0.04625,6,高峰
6/14/2020 20:00,,1.01816,0.027,0.05,0.1104,0.04625,6,高峰
6/14/2020 21:00,,1.01816,0.027,0.05,0.1104,0.04625,6,高峰
6/14/2020 22:00,,1.01816,0.027,0.05,0.1104,0.04625,6,高峰
6/14/2020 23:00,,0.28981,0.027,0.05,0.1104,0.04625,6,低谷
6/15/2020 0:00,,0.28981,0.027,0.05,0.1104,0.04625,6,低谷
6/15/2020 1:00,,0.28981,0.027,0.05,0.1104,0.04625,6,低谷
6/15/2020 2:00,,0.28981,0.027,0.05,0.1104,0.04625,6,低谷
6/15/2020 3:00,,0.28981,0.027,0.05,0.1104,0.04625,6,低谷
6/15/2020 4:00,,0.28981,0.027,0.05,0.1104,0.04625,6,低谷
6/15/2020 5:00,,0.28981,0.027,0.05,0.1104,0.04625,6,低谷
6/15/2020 6:00,,0.28981,0.027,0.05,0.1104,0.04625,6,低谷
6/15/2020 7:00,,0.8122,0.027,0.05,0.1104,0.04625,6,平时
6/15/2020 8:00,,0.8122,0.027,0.05,0.1104,0.04625,6,平时
6/15/2020 9:00,,0.8122,0.027,0.05,0.1104,0.04625,6,平时
6/15/2020 10:00,,0.8122,0.027,0.05,0.1104,0.04625,6,平时
6/15/2020 11:00,,1.01816,0.027,0.05,0.1104,0.04625,6,高峰
6/15/2020 12:00,,1.01816,0.027,0.05,0.1104,0.04625,6,高峰
6/15/2020 13:00,,1.01816,0.027,0.05,0.1104,0.04625,6,高峰
6/15/2020 14:00,,0.8122,0.027,0.05,0.1104,0.04625,6,平时
6/15/2020 15:00,,0.8122,0.027,0.05,0.1104,0.04625,6,平时
6/15/2020 16:00,,0.8122,0.027,0.05,0.1104,0.04625,6,平时
6/15/2020 17:00,,0.8122,0.027,0.05,0.1104,0.04625,6,平时
6/15/2020 18:00,,1.01816,0.027,0.05,0.1104,0.04625,6,高峰
6/15/2020 19:00,,1.01816,0.027,0.05,0.1104,0.04625,6,高峰
6/15/2020 20:00,,1.01816,0.027,0.05,0.1104,0.04625,6,高峰
6/15/2020 21:00,,1.01816,0.027,0.05,0.1104,0.04625,6,高峰
6/15/2020 22:00,,1.01816,0.027,0.05,0.1104,0.04625,6,高峰
6/15/2020 23:00,,0.28981,0.027,0.05,0.1104,0.04625,6,低谷
6/16/2020 0:00,,0.28981,0.027,0.05,0.1104,0.04625,6,低谷
6/16/2020 1:00,,0.28981,0.027,0.05,0.1104,0.04625,6,低谷
6/16/2020 2:00,,0.28981,0.027,0.05,0.1104,0.04625,6,低谷
6/16/2020 3:00,,0.28981,0.027,0.05,0.1104,0.04625,6,低谷
6/16/2020 4:00,,0.28981,0.027,0.05,0.1104,0.04625,6,低谷
6/16/2020 5:00,,0.28981,0.027,0.05,0.1104,0.04625,6,低谷
6/16/2020 6:00,,0.28981,0.027,0.05,0.1104,0.04625,6,低谷
6/16/2020 7:00,,0.8122,0.027,0.05,0.1104,0.04625,6,平时
6/16/2020 8:00,,0.8122,0.027,0.05,0.1104,0.04625,6,平时
6/16/2020 9:00,,0.8122,0.027,0.05,0.1104,0.04625,6,平时
6/16/2020 10:00,,0.8122,0.027,0.05,0.1104,0.04625,6,平时
6/16/2020 11:00,,1.01816,0.027,0.05,0.1104,0.04625,6,高峰
6/16/2020 12:00,,1.01816,0.027,0.05,0.1104,0.04625,6,高峰
6/16/2020 13:00,,1.01816,0.027,0.05,0.1104,0.04625,6,高峰
6/16/2020 14:00,,0.8122,0.027,0.05,0.1104,0.04625,6,平时
6/16/2020 15:00,,0.8122,0.027,0.05,0.1104,0.04625,6,平时
6/16/2020 16:00,,0.8122,0.027,0.05,0.1104,0.04625,6,平时
6/16/2020 17:00,,0.8122,0.027,0.05,0.1104,0.04625,6,平时
6/16/2020 18:00,,1.01816,0.027,0.05,0.1104,0.04625,6,高峰
6/16/2020 19:00,,1.01816,0.027,0.05,0.1104,0.04625,6,高峰
6/16/2020 20:00,,1.01816,0.027,0.05,0.1104,0.04625,6,高峰
6/16/2020 21:00,,1.01816,0.027,0.05,0.1104,0.04625,6,高峰
6/16/2020 22:00,,1.01816,0.027,0.05,0.1104,0.04625,6,高峰
6/16/2020 23:00,,0.28981,0.027,0.05,0.1104,0.04625,6,低谷
6/17/2020 0:00,,0.28981,0.027,0.05,0.1104,0.04625,6,低谷
6/17/2020 1:00,,0.28981,0.027,0.05,0.1104,0.04625,6,低谷
6/17/2020 2:00,,0.28981,0.027,0.05,0.1104,0.04625,6,低谷
6/17/2020 3:00,,0.28981,0.027,0.05,0.1104,0.04625,6,低谷
6/17/2020 4:00,,0.28981,0.027,0.05,0.1104,0.04625,6,低谷
6/17/2020 5:00,,0.28981,0.027,0.05,0.1104,0.04625,6,低谷
6/17/2020 6:00,,0.28981,0.027,0.05,0.1104,0.04625,6,低谷
6/17/2020 7:00,,0.8122,0.027,0.05,0.1104,0.04625,6,平时
6/17/2020 8:00,,0.8122,0.027,0.05,0.1104,0.04625,6,平时
6/17/2020 9:00,,0.8122,0.027,0.05,0.1104,0.04625,6,平时
6/17/2020 10:00,,0.8122,0.027,0.05,0.1104,0.04625,6,平时
6/17/2020 11:00,,1.01816,0.027,0.05,0.1104,0.04625,6,高峰
6/17/2020 12:00,,1.01816,0.027,0.05,0.1104,0.04625,6,高峰
6/17/2020 13:00,,1.01816,0.027,0.05,0.1104,0.04625,6,高峰
6/17/2020 14:00,,0.8122,0.027,0.05,0.1104,0.04625,6,平时
6/17/2020 15:00,,0.8122,0.027,0.05,0.1104,0.04625,6,平时
6/17/2020 16:00,,0.8122,0.027,0.05,0.1104,0.04625,6,平时
6/17/2020 17:00,,0.8122,0.027,0.05,0.1104,0.04625,6,平时
6/17/2020 18:00,,1.01816,0.027,0.05,0.1104,0.04625,6,高峰
6/17/2020 19:00,,1.01816,0.027,0.05,0.1104,0.04625,6,高峰
6/17/2020 20:00,,1.01816,0.027,0.05,0.1104,0.04625,6,高峰
6/17/2020 21:00,,1.01816,0.027,0.05,0.1104,0.04625,6,高峰
6/17/2020 22:00,,1.01816,0.027,0.05,0.1104,0.04625,6,高峰
6/17/2020 23:00,,0.28981,0.027,0.05,0.1104,0.04625,6,低谷
6/18/2020 0:00,,0.28981,0.027,0.05,0.1104,0.04625,6,低谷
6/18/2020 1:00,,0.28981,0.027,0.05,0.1104,0.04625,6,低谷
6/18/2020 2:00,,0.28981,0.027,0.05,0.1104,0.04625,6,低谷
6/18/2020 3:00,,0.28981,0.027,0.05,0.1104,0.04625,6,低谷
6/18/2020 4:00,,0.28981,0.027,0.05,0.1104,0.04625,6,低谷
6/18/2020 5:00,,0.28981,0.027,0.05,0.1104,0.04625,6,低谷
6/18/2020 6:00,,0.28981,0.027,0.05,0.1104,0.04625,6,低谷
6/18/2020 7:00,,0.8122,0.027,0.05,0.1104,0.04625,6,平时
6/18/2020 8:00,,0.8122,0.027,0.05,0.1104,0.04625,6,平时
6/18/2020 9:00,,0.8122,0.027,0.05,0.1104,0.04625,6,平时
6/18/2020 10:00,,0.8122,0.027,0.05,0.1104,0.04625,6,平时
6/18/2020 11:00,,1.01816,0.027,0.05,0.1104,0.04625,6,高峰
6/18/2020 12:00,,1.01816,0.027,0.05,0.1104,0.04625,6,高峰
6/18/2020 13:00,,1.01816,0.027,0.05,0.1104,0.04625,6,高峰
6/18/2020 14:00,,0.8122,0.027,0.05,0.1104,0.04625,6,平时
6/18/2020 15:00,,0.8122,0.027,0.05,0.1104,0.04625,6,平时
6/18/2020 16:00,,0.8122,0.027,0.05,0.1104,0.04625,6,平时
6/18/2020 17:00,,0.8122,0.027,0.05,0.1104,0.04625,6,平时
6/18/2020 18:00,,1.01816,0.027,0.05,0.1104,0.04625,6,高峰
6/18/2020 19:00,,1.01816,0.027,0.05,0.1104,0.04625,6,高峰
6/18/2020 20:00,,1.01816,0.027,0.05,0.1104,0.04625,6,高峰
6/18/2020 21:00,,1.01816,0.027,0.05,0.1104,0.04625,6,高峰
6/18/2020 22:00,,1.01816,0.027,0.05,0.1104,0.04625,6,高峰
6/18/2020 23:00,,0.28981,0.027,0.05,0.1104,0.04625,6,低谷
6/19/2020 0:00,,0.28981,0.027,0.05,0.1104,0.04625,6,低谷
6/19/2020 1:00,,0.28981,0.027,0.05,0.1104,0.04625,6,低谷
6/19/2020 2:00,,0.28981,0.027,0.05,0.1104,0.04625,6,低谷
6/19/2020 3:00,,0.28981,0.027,0.05,0.1104,0.04625,6,低谷
6/19/2020 4:00,,0.28981,0.027,0.05,0.1104,0.04625,6,低谷
6/19/2020 5:00,,0.28981,0.027,0.05,0.1104,0.04625,6,低谷
6/19/2020 6:00,,0.28981,0.027,0.05,0.1104,0.04625,6,低谷
6/19/2020 7:00,,0.8122,0.027,0.05,0.1104,0.04625,6,平时
6/19/2020 8:00,,0.8122,0.027,0.05,0.1104,0.04625,6,平时
6/19/2020 9:00,,0.8122,0.027,0.05,0.1104,0.04625,6,平时
6/19/2020 10:00,,0.8122,0.027,0.05,0.1104,0.04625,6,平时
6/19/2020 11:00,,1.01816,0.027,0.05,0.1104,0.04625,6,高峰
6/19/2020 12:00,,1.01816,0.027,0.05,0.1104,0.04625,6,高峰
6/19/2020 13:00,,1.01816,0.027,0.05,0.1104,0.04625,6,高峰
6/19/2020 14:00,,0.8122,0.027,0.05,0.1104,0.04625,6,平时
6/19/2020 15:00,,0.8122,0.027,0.05,0.1104,0.04625,6,平时
6/19/2020 16:00,,0.8122,0.027,0.05,0.1104,0.04625,6,平时
6/19/2020 17:00,,0.8122,0.027,0.05,0.1104,0.04625,6,平时
6/19/2020 18:00,,1.01816,0.027,0.05,0.1104,0.04625,6,高峰
6/19/2020 19:00,,1.01816,0.027,0.05,0.1104,0.04625,6,高峰
6/19/2020 20:00,,1.01816,0.027,0.05,0.1104,0.04625,6,高峰
6/19/2020 21:00,,1.01816,0.027,0.05,0.1104,0.04625,6,高峰
6/19/2020 22:00,,1.01816,0.027,0.05,0.1104,0.04625,6,高峰
6/19/2020 23:00,,0.28981,0.027,0.05,0.1104,0.04625,6,低谷
6/20/2020 0:00,,0.28981,0.027,0.05,0.1104,0.04625,6,低谷
6/20/2020 1:00,,0.28981,0.027,0.05,0.1104,0.04625,6,低谷
6/20/2020 2:00,,0.28981,0.027,0.05,0.1104,0.04625,6,低谷
6/20/2020 3:00,,0.28981,0.027,0.05,0.1104,0.04625,6,低谷
6/20/2020 4:00,,0.28981,0.027,0.05,0.1104,0.04625,6,低谷
6/20/2020 5:00,,0.28981,0.027,0.05,0.1104,0.04625,6,低谷
6/20/2020 6:00,,0.28981,0.027,0.05,0.1104,0.04625,6,低谷
6/20/2020 7:00,,0.8122,0.027,0.05,0.1104,0.04625,6,平时
6/20/2020 8:00,,0.8122,0.027,0.05,0.1104,0.04625,6,平时
6/20/2020 9:00,,0.8122,0.027,0.05,0.1104,0.04625,6,平时
6/20/2020 10:00,,0.8122,0.027,0.05,0.1104,0.04625,6,平时
6/20/2020 11:00,,1.01816,0.027,0.05,0.1104,0.04625,6,高峰
6/20/2020 12:00,,1.01816,0.027,0.05,0.1104,0.04625,6,高峰
6/20/2020 13:00,,1.01816,0.027,0.05,0.1104,0.04625,6,高峰
6/20/2020 14:00,,0.8122,0.027,0.05,0.1104,0.04625,6,平时
6/20/2020 15:00,,0.8122,0.027,0.05,0.1104,0.04625,6,平时
6/20/2020 16:00,,0.8122,0.027,0.05,0.1104,0.04625,6,平时
6/20/2020 17:00,,0.8122,0.027,0.05,0.1104,0.04625,6,平时
6/20/2020 18:00,,1.01816,0.027,0.05,0.1104,0.04625,6,高峰
6/20/2020 19:00,,1.01816,0.027,0.05,0.1104,0.04625,6,高峰
6/20/2020 20:00,,1.01816,0.027,0.05,0.1104,0.04625,6,高峰
6/20/2020 21:00,,1.01816,0.027,0.05,0.1104,0.04625,6,高峰
6/20/2020 22:00,,1.01816,0.027,0.05,0.1104,0.04625,6,高峰
6/20/2020 23:00,,0.28981,0.027,0.05,0.1104,0.04625,6,低谷
6/21/2020 0:00,,0.28981,0.027,0.05,0.1104,0.04625,6,低谷
6/21/2020 1:00,,0.28981,0.027,0.05,0.1104,0.04625,6,低谷
6/21/2020 2:00,,0.28981,0.027,0.05,0.1104,0.04625,6,低谷
6/21/2020 3:00,,0.28981,0.027,0.05,0.1104,0.04625,6,低谷
6/21/2020 4:00,,0.28981,0.027,0.05,0.1104,0.04625,6,低谷
6/21/2020 5:00,,0.28981,0.027,0.05,0.1104,0.04625,6,低谷
6/21/2020 6:00,,0.28981,0.027,0.05,0.1104,0.04625,6,低谷
6/21/2020 7:00,,0.8122,0.027,0.05,0.1104,0.04625,6,平时
6/21/2020 8:00,,0.8122,0.027,0.05,0.1104,0.04625,6,平时
6/21/2020 9:00,,0.8122,0.027,0.05,0.1104,0.04625,6,平时
6/21/2020 10:00,,0.8122,0.027,0.05,0.1104,0.04625,6,平时
6/21/2020 11:00,,1.01816,0.027,0.05,0.1104,0.04625,6,高峰
6/21/2020 12:00,,1.01816,0.027,0.05,0.1104,0.04625,6,高峰
6/21/2020 13:00,,1.01816,0.027,0.05,0.1104,0.04625,6,高峰
6/21/2020 14:00,,0.8122,0.027,0.05,0.1104,0.04625,6,平时
6/21/2020 15:00,,0.8122,0.027,0.05,0.1104,0.04625,6,平时
6/21/2020 16:00,,0.8122,0.027,0.05,0.1104,0.04625,6,平时
6/21/2020 17:00,,0.8122,0.027,0.05,0.1104,0.04625,6,平时
6/21/2020 18:00,,1.01816,0.027,0.05,0.1104,0.04625,6,高峰
6/21/2020 19:00,,1.01816,0.027,0.05,0.1104,0.04625,6,高峰
6/21/2020 20:00,,1.01816,0.027,0.05,0.1104,0.04625,6,高峰
6/21/2020 21:00,,1.01816,0.027,0.05,0.1104,0.04625,6,高峰
6/21/2020 22:00,,1.01816,0.027,0.05,0.1104,0.04625,6,高峰
6/21/2020 23:00,,0.28981,0.027,0.05,0.1104,0.04625,6,低谷
6/22/2020 0:00,,0.28981,0.027,0.05,0.1104,0.04625,6,低谷
6/22/2020 1:00,,0.28981,0.027,0.05,0.1104,0.04625,6,低谷
6/22/2020 2:00,,0.28981,0.027,0.05,0.1104,0.04625,6,低谷
6/22/2020 3:00,,0.28981,0.027,0.05,0.1104,0.04625,6,低谷
6/22/2020 4:00,,0.28981,0.027,0.05,0.1104,0.04625,6,低谷
6/22/2020 5:00,,0.28981,0.027,0.05,0.1104,0.04625,6,低谷
6/22/2020 6:00,,0.28981,0.027,0.05,0.1104,0.04625,6,低谷
6/22/2020 7:00,,0.8122,0.027,0.05,0.1104,0.04625,6,平时
6/22/2020 8:00,,0.8122,0.027,0.05,0.1104,0.04625,6,平时
6/22/2020 9:00,,0.8122,0.027,0.05,0.1104,0.04625,6,平时
6/22/2020 10:00,,0.8122,0.027,0.05,0.1104,0.04625,6,平时
6/22/2020 11:00,,1.01816,0.027,0.05,0.1104,0.04625,6,高峰
6/22/2020 12:00,,1.01816,0.027,0.05,0.1104,0.04625,6,高峰
6/22/2020 13:00,,1.01816,0.027,0.05,0.1104,0.04625,6,高峰
6/22/2020 14:00,,0.8122,0.027,0.05,0.1104,0.04625,6,平时
6/22/2020 15:00,,0.8122,0.027,0.05,0.1104,0.04625,6,平时
6/22/2020 16:00,,0.8122,0.027,0.05,0.1104,0.04625,6,平时
6/22/2020 17:00,,0.8122,0.027,0.05,0.1104,0.04625,6,平时
6/22/2020 18:00,,1.01816,0.027,0.05,0.1104,0.04625,6,高峰
6/22/2020 19:00,,1.01816,0.027,0.05,0.1104,0.04625,6,高峰
6/22/2020 20:00,,1.01816,0.027,0.05,0.1104,0.04625,6,高峰
6/22/2020 21:00,,1.01816,0.027,0.05,0.1104,0.04625,6,高峰
6/22/2020 22:00,,1.01816,0.027,0.05,0.1104,0.04625,6,高峰
6/22/2020 23:00,,0.28981,0.027,0.05,0.1104,0.04625,6,低谷
6/23/2020 0:00,,0.28981,0.027,0.05,0.1104,0.04625,6,低谷
6/23/2020 1:00,,0.28981,0.027,0.05,0.1104,0.04625,6,低谷
6/23/2020 2:00,,0.28981,0.027,0.05,0.1104,0.04625,6,低谷
6/23/2020 3:00,,0.28981,0.027,0.05,0.1104,0.04625,6,低谷
6/23/2020 4:00,,0.28981,0.027,0.05,0.1104,0.04625,6,低谷
6/23/2020 5:00,,0.28981,0.027,0.05,0.1104,0.04625,6,低谷
6/23/2020 6:00,,0.28981,0.027,0.05,0.1104,0.04625,6,低谷
6/23/2020 7:00,,0.8122,0.027,0.05,0.1104,0.04625,6,平时
6/23/2020 8:00,,0.8122,0.027,0.05,0.1104,0.04625,6,平时
6/23/2020 9:00,,0.8122,0.027,0.05,0.1104,0.04625,6,平时
6/23/2020 10:00,,0.8122,0.027,0.05,0.1104,0.04625,6,平时
6/23/2020 11:00,,1.01816,0.027,0.05,0.1104,0.04625,6,高峰
6/23/2020 12:00,,1.01816,0.027,0.05,0.1104,0.04625,6,高峰
6/23/2020 13:00,,1.01816,0.027,0.05,0.1104,0.04625,6,高峰
6/23/2020 14:00,,0.8122,0.027,0.05,0.1104,0.04625,6,平时
6/23/2020 15:00,,0.8122,0.027,0.05,0.1104,0.04625,6,平时
6/23/2020 16:00,,0.8122,0.027,0.05,0.1104,0.04625,6,平时
6/23/2020 17:00,,0.8122,0.027,0.05,0.1104,0.04625,6,平时
6/23/2020 18:00,,1.01816,0.027,0.05,0.1104,0.04625,6,高峰
6/23/2020 19:00,,1.01816,0.027,0.05,0.1104,0.04625,6,高峰
6/23/2020 20:00,,1.01816,0.027,0.05,0.1104,0.04625,6,高峰
6/23/2020 21:00,,1.01816,0.027,0.05,0.1104,0.04625,6,高峰
6/23/2020 22:00,,1.01816,0.027,0.05,0.1104,0.04625,6,高峰
6/23/2020 23:00,,0.28981,0.027,0.05,0.1104,0.04625,6,低谷
6/24/2020 0:00,,0.28981,0.027,0.05,0.1104,0.04625,6,低谷
6/24/2020 1:00,,0.28981,0.027,0.05,0.1104,0.04625,6,低谷
6/24/2020 2:00,,0.28981,0.027,0.05,0.1104,0.04625,6,低谷
6/24/2020 3:00,,0.28981,0.027,0.05,0.1104,0.04625,6,低谷
6/24/2020 4:00,,0.28981,0.027,0.05,0.1104,0.04625,6,低谷
6/24/2020 5:00,,0.28981,0.027,0.05,0.1104,0.04625,6,低谷
6/24/2020 6:00,,0.28981,0.027,0.05,0.1104,0.04625,6,低谷
6/24/2020 7:00,,0.8122,0.027,0.05,0.1104,0.04625,6,平时
6/24/2020 8:00,,0.8122,0.027,0.05,0.1104,0.04625,6,平时
6/24/2020 9:00,,0.8122,0.027,0.05,0.1104,0.04625,6,平时
6/24/2020 10:00,,0.8122,0.027,0.05,0.1104,0.04625,6,平时
6/24/2020 11:00,,1.01816,0.027,0.05,0.1104,0.04625,6,高峰
6/24/2020 12:00,,1.01816,0.027,0.05,0.1104,0.04625,6,高峰
6/24/2020 13:00,,1.01816,0.027,0.05,0.1104,0.04625,6,高峰
6/24/2020 14:00,,0.8122,0.027,0.05,0.1104,0.04625,6,平时
6/24/2020 15:00,,0.8122,0.027,0.05,0.1104,0.04625,6,平时
6/24/2020 16:00,,0.8122,0.027,0.05,0.1104,0.04625,6,平时
6/24/2020 17:00,,0.8122,0.027,0.05,0.1104,0.04625,6,平时
6/24/2020 18:00,,1.01816,0.027,0.05,0.1104,0.04625,6,高峰
6/24/2020 19:00,,1.01816,0.027,0.05,0.1104,0.04625,6,高峰
6/24/2020 20:00,,1.01816,0.027,0.05,0.1104,0.04625,6,高峰
6/24/2020 21:00,,1.01816,0.027,0.05,0.1104,0.04625,6,高峰
6/24/2020 22:00,,1.01816,0.027,0.05,0.1104,0.04625,6,高峰
6/24/2020 23:00,,0.28981,0.027,0.05,0.1104,0.04625,6,低谷
6/25/2020 0:00,,0.28981,0.027,0.05,0.1104,0.04625,6,低谷
6/25/2020 1:00,,0.28981,0.027,0.05,0.1104,0.04625,6,低谷
6/25/2020 2:00,,0.28981,0.027,0.05,0.1104,0.04625,6,低谷
6/25/2020 3:00,,0.28981,0.027,0.05,0.1104,0.04625,6,低谷
6/25/2020 4:00,,0.28981,0.027,0.05,0.1104,0.04625,6,低谷
6/25/2020 5:00,,0.28981,0.027,0.05,0.1104,0.04625,6,低谷
6/25/2020 6:00,,0.28981,0.027,0.05,0.1104,0.04625,6,低谷
6/25/2020 7:00,,0.8122,0.027,0.05,0.1104,0.04625,6,平时
6/25/2020 8:00,,0.8122,0.027,0.05,0.1104,0.04625,6,平时
6/25/2020 9:00,,0.8122,0.027,0.05,0.1104,0.04625,6,平时
6/25/2020 10:00,,0.8122,0.027,0.05,0.1104,0.04625,6,平时
6/25/2020 11:00,,1.01816,0.027,0.05,0.1104,0.04625,6,高峰
6/25/2020 12:00,,1.01816,0.027,0.05,0.1104,0.04625,6,高峰
6/25/2020 13:00,,1.01816,0.027,0.05,0.1104,0.04625,6,高峰
6/25/2020 14:00,,0.8122,0.027,0.05,0.1104,0.04625,6,平时
6/25/2020 15:00,,0.8122,0.027,0.05,0.1104,0.04625,6,平时
6/25/2020 16:00,,0.8122,0.027,0.05,0.1104,0.04625,6,平时
6/25/2020 17:00,,0.8122,0.027,0.05,0.1104,0.04625,6,平时
6/25/2020 18:00,,1.01816,0.027,0.05,0.1104,0.04625,6,高峰
6/25/2020 19:00,,1.01816,0.027,0.05,0.1104,0.04625,6,高峰
6/25/2020 20:00,,1.01816,0.027,0.05,0.1104,0.04625,6,高峰
6/25/2020 21:00,,1.01816,0.027,0.05,0.1104,0.04625,6,高峰
6/25/2020 22:00,,1.01816,0.027,0.05,0.1104,0.04625,6,高峰
6/25/2020 23:00,,0.28981,0.027,0.05,0.1104,0.04625,6,低谷
6/26/2020 0:00,,0.28981,0.027,0.05,0.1104,0.04625,6,低谷
6/26/2020 1:00,,0.28981,0.027,0.05,0.1104,0.04625,6,低谷
6/26/2020 2:00,,0.28981,0.027,0.05,0.1104,0.04625,6,低谷
6/26/2020 3:00,,0.28981,0.027,0.05,0.1104,0.04625,6,低谷
6/26/2020 4:00,,0.28981,0.027,0.05,0.1104,0.04625,6,低谷
6/26/2020 5:00,,0.28981,0.027,0.05,0.1104,0.04625,6,低谷
6/26/2020 6:00,,0.28981,0.027,0.05,0.1104,0.04625,6,低谷
6/26/2020 7:00,,0.8122,0.027,0.05,0.1104,0.04625,6,平时
6/26/2020 8:00,,0.8122,0.027,0.05,0.1104,0.04625,6,平时
6/26/2020 9:00,,0.8122,0.027,0.05,0.1104,0.04625,6,平时
6/26/2020 10:00,,0.8122,0.027,0.05,0.1104,0.04625,6,平时
6/26/2020 11:00,,1.01816,0.027,0.05,0.1104,0.04625,6,高峰
6/26/2020 12:00,,1.01816,0.027,0.05,0.1104,0.04625,6,高峰
6/26/2020 13:00,,1.01816,0.027,0.05,0.1104,0.04625,6,高峰
6/26/2020 14:00,,0.8122,0.027,0.05,0.1104,0.04625,6,平时
6/26/2020 15:00,,0.8122,0.027,0.05,0.1104,0.04625,6,平时
6/26/2020 16:00,,0.8122,0.027,0.05,0.1104,0.04625,6,平时
6/26/2020 17:00,,0.8122,0.027,0.05,0.1104,0.04625,6,平时
6/26/2020 18:00,,1.01816,0.027,0.05,0.1104,0.04625,6,高峰
6/26/2020 19:00,,1.01816,0.027,0.05,0.1104,0.04625,6,高峰
6/26/2020 20:00,,1.01816,0.027,0.05,0.1104,0.04625,6,高峰
6/26/2020 21:00,,1.01816,0.027,0.05,0.1104,0.04625,6,高峰
6/26/2020 22:00,,1.01816,0.027,0.05,0.1104,0.04625,6,高峰
6/26/2020 23:00,,0.28981,0.027,0.05,0.1104,0.04625,6,低谷
6/27/2020 0:00,,0.28981,0.027,0.05,0.1104,0.04625,6,低谷
6/27/2020 1:00,,0.28981,0.027,0.05,0.1104,0.04625,6,低谷
6/27/2020 2:00,,0.28981,0.027,0.05,0.1104,0.04625,6,低谷
6/27/2020 3:00,,0.28981,0.027,0.05,0.1104,0.04625,6,低谷
6/27/2020 4:00,,0.28981,0.027,0.05,0.1104,0.04625,6,低谷
6/27/2020 5:00,,0.28981,0.027,0.05,0.1104,0.04625,6,低谷
6/27/2020 6:00,,0.28981,0.027,0.05,0.1104,0.04625,6,低谷
6/27/2020 7:00,,0.8122,0.027,0.05,0.1104,0.04625,6,平时
6/27/2020 8:00,,0.8122,0.027,0.05,0.1104,0.04625,6,平时
6/27/2020 9:00,,0.8122,0.027,0.05,0.1104,0.04625,6,平时
6/27/2020 10:00,,0.8122,0.027,0.05,0.1104,0.04625,6,平时
6/27/2020 11:00,,1.01816,0.027,0.05,0.1104,0.04625,6,高峰
6/27/2020 12:00,,1.01816,0.027,0.05,0.1104,0.04625,6,高峰
6/27/2020 13:00,,1.01816,0.027,0.05,0.1104,0.04625,6,高峰
6/27/2020 14:00,,0.8122,0.027,0.05,0.1104,0.04625,6,平时
6/27/2020 15:00,,0.8122,0.027,0.05,0.1104,0.04625,6,平时
6/27/2020 16:00,,0.8122,0.027,0.05,0.1104,0.04625,6,平时
6/27/2020 17:00,,0.8122,0.027,0.05,0.1104,0.04625,6,平时
6/27/2020 18:00,,1.01816,0.027,0.05,0.1104,0.04625,6,高峰
6/27/2020 19:00,,1.01816,0.027,0.05,0.1104,0.04625,6,高峰
6/27/2020 20:00,,1.01816,0.027,0.05,0.1104,0.04625,6,高峰
6/27/2020 21:00,,1.01816,0.027,0.05,0.1104,0.04625,6,高峰
6/27/2020 22:00,,1.01816,0.027,0.05,0.1104,0.04625,6,高峰
6/27/2020 23:00,,0.28981,0.027,0.05,0.1104,0.04625,6,低谷
6/28/2020 0:00,,0.28981,0.027,0.05,0.1104,0.04625,6,低谷
6/28/2020 1:00,,0.28981,0.027,0.05,0.1104,0.04625,6,低谷
6/28/2020 2:00,,0.28981,0.027,0.05,0.1104,0.04625,6,低谷
6/28/2020 3:00,,0.28981,0.027,0.05,0.1104,0.04625,6,低谷
6/28/2020 4:00,,0.28981,0.027,0.05,0.1104,0.04625,6,低谷
6/28/2020 5:00,,0.28981,0.027,0.05,0.1104,0.04625,6,低谷
6/28/2020 6:00,,0.28981,0.027,0.05,0.1104,0.04625,6,低谷
6/28/2020 7:00,,0.8122,0.027,0.05,0.1104,0.04625,6,平时
6/28/2020 8:00,,0.8122,0.027,0.05,0.1104,0.04625,6,平时
6/28/2020 9:00,,0.8122,0.027,0.05,0.1104,0.04625,6,平时
6/28/2020 10:00,,0.8122,0.027,0.05,0.1104,0.04625,6,平时
6/28/2020 11:00,,1.01816,0.027,0.05,0.1104,0.04625,6,高峰
6/28/2020 12:00,,1.01816,0.027,0.05,0.1104,0.04625,6,高峰
6/28/2020 13:00,,1.01816,0.027,0.05,0.1104,0.04625,6,高峰
6/28/2020 14:00,,0.8122,0.027,0.05,0.1104,0.04625,6,平时
6/28/2020 15:00,,0.8122,0.027,0.05,0.1104,0.04625,6,平时
6/28/2020 16:00,,0.8122,0.027,0.05,0.1104,0.04625,6,平时
6/28/2020 17:00,,0.8122,0.027,0.05,0.1104,0.04625,6,平时
6/28/2020 18:00,,1.01816,0.027,0.05,0.1104,0.04625,6,高峰
6/28/2020 19:00,,1.01816,0.027,0.05,0.1104,0.04625,6,高峰
6/28/2020 20:00,,1.01816,0.027,0.05,0.1104,0.04625,6,高峰
6/28/2020 21:00,,1.01816,0.027,0.05,0.1104,0.04625,6,高峰
6/28/2020 22:00,,1.01816,0.027,0.05,0.1104,0.04625,6,高峰
6/28/2020 23:00,,0.28981,0.027,0.05,0.1104,0.04625,6,低谷
6/29/2020 0:00,,0.28981,0.027,0.05,0.1104,0.04625,6,低谷
6/29/2020 1:00,,0.28981,0.027,0.05,0.1104,0.04625,6,低谷
6/29/2020 2:00,,0.28981,0.027,0.05,0.1104,0.04625,6,低谷
6/29/2020 3:00,,0.28981,0.027,0.05,0.1104,0.04625,6,低谷
6/29/2020 4:00,,0.28981,0.027,0.05,0.1104,0.04625,6,低谷
6/29/2020 5:00,,0.28981,0.027,0.05,0.1104,0.04625,6,低谷
6/29/2020 6:00,,0.28981,0.027,0.05,0.1104,0.04625,6,低谷
6/29/2020 7:00,,0.8122,0.027,0.05,0.1104,0.04625,6,平时
6/29/2020 8:00,,0.8122,0.027,0.05,0.1104,0.04625,6,平时
6/29/2020 9:00,,0.8122,0.027,0.05,0.1104,0.04625,6,平时
6/29/2020 10:00,,0.8122,0.027,0.05,0.1104,0.04625,6,平时
6/29/2020 11:00,,1.01816,0.027,0.05,0.1104,0.04625,6,高峰
6/29/2020 12:00,,1.01816,0.027,0.05,0.1104,0.04625,6,高峰
6/29/2020 13:00,,1.01816,0.027,0.05,0.1104,0.04625,6,高峰
6/29/2020 14:00,,0.8122,0.027,0.05,0.1104,0.04625,6,平时
6/29/2020 15:00,,0.8122,0.027,0.05,0.1104,0.04625,6,平时
6/29/2020 16:00,,0.8122,0.027,0.05,0.1104,0.04625,6,平时
6/29/2020 17:00,,0.8122,0.027,0.05,0.1104,0.04625,6,平时
6/29/2020 18:00,,1.01816,0.027,0.05,0.1104,0.04625,6,高峰
6/29/2020 19:00,,1.01816,0.027,0.05,0.1104,0.04625,6,高峰
6/29/2020 20:00,,1.01816,0.027,0.05,0.1104,0.04625,6,高峰
6/29/2020 21:00,,1.01816,0.027,0.05,0.1104,0.04625,6,高峰
6/29/2020 22:00,,1.01816,0.027,0.05,0.1104,0.04625,6,高峰
6/29/2020 23:00,,0.28981,0.027,0.05,0.1104,0.04625,6,低谷
6/30/2020 0:00,,0.28981,0.027,0.05,0.1104,0.04625,6,低谷
6/30/2020 1:00,,0.28981,0.027,0.05,0.1104,0.04625,6,低谷
6/30/2020 2:00,,0.28981,0.027,0.05,0.1104,0.04625,6,低谷
6/30/2020 3:00,,0.28981,0.027,0.05,0.1104,0.04625,6,低谷
6/30/2020 4:00,,0.28981,0.027,0.05,0.1104,0.04625,6,低谷
6/30/2020 5:00,,0.28981,0.027,0.05,0.1104,0.04625,6,低谷
6/30/2020 6:00,,0.28981,0.027,0.05,0.1104,0.04625,6,低谷
6/30/2020 7:00,,0.8122,0.027,0.05,0.1104,0.04625,6,平时
6/30/2020 8:00,,0.8122,0.027,0.05,0.1104,0.04625,6,平时
6/30/2020 9:00,,0.8122,0.027,0.05,0.1104,0.04625,6,平时
6/30/2020 10:00,,0.8122,0.027,0.05,0.1104,0.04625,6,平时
6/30/2020 11:00,,1.01816,0.027,0.05,0.1104,0.04625,6,高峰
6/30/2020 12:00,,1.01816,0.027,0.05,0.1104,0.04625,6,高峰
6/30/2020 13:00,,1.01816,0.027,0.05,0.1104,0.04625,6,高峰
6/30/2020 14:00,,0.8122,0.027,0.05,0.1104,0.04625,6,平时
6/30/2020 15:00,,0.8122,0.027,0.05,0.1104,0.04625,6,平时
6/30/2020 16:00,,0.8122,0.027,0.05,0.1104,0.04625,6,平时
6/30/2020 17:00,,0.8122,0.027,0.05,0.1104,0.04625,6,平时
6/30/2020 18:00,,1.01816,0.027,0.05,0.1104,0.04625,6,高峰
6/30/2020 19:00,,1.01816,0.027,0.05,0.1104,0.04625,6,高峰
6/30/2020 20:00,,1.01816,0.027,0.05,0.1104,0.04625,6,高峰
6/30/2020 21:00,,1.01816,0.027,0.05,0.1104,0.04625,6,高峰
6/30/2020 22:00,,1.01816,0.027,0.05,0.1104,0.04625,6,高峰
6/30/2020 23:00,,0.28981,0.027,0.05,0.1104,0.04625,6,低谷
7/1/2020 0:00,,0.30325,0.027,0.05,0.1104,0.04625,7,低谷
7/1/2020 1:00,,0.30325,0.027,0.05,0.1104,0.04625,7,低谷
7/1/2020 2:00,,0.30325,0.027,0.05,0.1104,0.04625,7,低谷
7/1/2020 3:00,,0.30325,0.027,0.05,0.1104,0.04625,7,低谷
7/1/2020 4:00,,0.30325,0.027,0.05,0.1104,0.04625,7,低谷
7/1/2020 5:00,,0.30325,0.027,0.05,0.1104,0.04625,7,低谷
7/1/2020 6:00,,0.68876,0.027,0.05,0.1104,0.04625,7,平时
7/1/2020 7:00,,0.68876,0.027,0.05,0.1104,0.04625,7,平时
7/1/2020 8:00,,0.68876,0.027,0.05,0.1104,0.04625,7,平时
7/1/2020 9:00,,0.68876,0.027,0.05,0.1104,0.04625,7,平时
7/1/2020 10:00,,0.68876,0.027,0.05,0.1104,0.04625,7,平时
7/1/2020 11:00,,0.68876,0.027,0.05,0.1104,0.04625,7,平时
7/1/2020 12:00,,0.30325,0.027,0.05,0.1104,0.04625,7,低谷
7/1/2020 13:00,,0.30325,0.027,0.05,0.1104,0.04625,7,低谷
7/1/2020 14:00,,0.68876,0.027,0.05,0.1104,0.04625,7,平时
7/1/2020 15:00,,0.68876,0.027,0.05,0.1104,0.04625,7,平时
7/1/2020 16:00,,1.07427,0.027,0.05,0.1104,0.04625,7,高峰
7/1/2020 17:00,,1.07427,0.027,0.05,0.1104,0.04625,7,高峰
7/1/2020 18:00,,1.07427,0.027,0.05,0.1104,0.04625,7,高峰
7/1/2020 19:00,,1.07427,0.027,0.05,0.1104,0.04625,7,高峰
7/1/2020 20:00,,1.27987,0.027,0.05,0.1104,0.04625,7,尖峰
7/1/2020 21:00,,1.27987,0.027,0.05,0.1104,0.04625,7,尖峰
7/1/2020 22:00,,1.27987,0.027,0.05,0.1104,0.04625,7,尖峰
7/1/2020 23:00,,1.27987,0.027,0.05,0.1104,0.04625,7,尖峰
7/2/2020 0:00,,0.30325,0.027,0.05,0.1104,0.04625,7,低谷
7/2/2020 1:00,,0.30325,0.027,0.05,0.1104,0.04625,7,低谷
7/2/2020 2:00,,0.30325,0.027,0.05,0.1104,0.04625,7,低谷
7/2/2020 3:00,,0.30325,0.027,0.05,0.1104,0.04625,7,低谷
7/2/2020 4:00,,0.30325,0.027,0.05,0.1104,0.04625,7,低谷
7/2/2020 5:00,,0.30325,0.027,0.05,0.1104,0.04625,7,低谷
7/2/2020 6:00,,0.68876,0.027,0.05,0.1104,0.04625,7,平时
7/2/2020 7:00,,0.68876,0.027,0.05,0.1104,0.04625,7,平时
7/2/2020 8:00,,0.68876,0.027,0.05,0.1104,0.04625,7,平时
7/2/2020 9:00,,0.68876,0.027,0.05,0.1104,0.04625,7,平时
7/2/2020 10:00,,0.68876,0.027,0.05,0.1104,0.04625,7,平时
7/2/2020 11:00,,0.68876,0.027,0.05,0.1104,0.04625,7,平时
7/2/2020 12:00,,0.30325,0.027,0.05,0.1104,0.04625,7,低谷
7/2/2020 13:00,,0.30325,0.027,0.05,0.1104,0.04625,7,低谷
7/2/2020 14:00,,0.68876,0.027,0.05,0.1104,0.04625,7,平时
7/2/2020 15:00,,0.68876,0.027,0.05,0.1104,0.04625,7,平时
7/2/2020 16:00,,1.07427,0.027,0.05,0.1104,0.04625,7,高峰
7/2/2020 17:00,,1.07427,0.027,0.05,0.1104,0.04625,7,高峰
7/2/2020 18:00,,1.07427,0.027,0.05,0.1104,0.04625,7,高峰
7/2/2020 19:00,,1.07427,0.027,0.05,0.1104,0.04625,7,高峰
7/2/2020 20:00,,1.27987,0.027,0.05,0.1104,0.04625,7,尖峰
7/2/2020 21:00,,1.27987,0.027,0.05,0.1104,0.04625,7,尖峰
7/2/2020 22:00,,1.27987,0.027,0.05,0.1104,0.04625,7,尖峰
7/2/2020 23:00,,1.27987,0.027,0.05,0.1104,0.04625,7,尖峰
7/3/2020 0:00,,0.30325,0.027,0.05,0.1104,0.04625,7,低谷
7/3/2020 1:00,,0.30325,0.027,0.05,0.1104,0.04625,7,低谷
7/3/2020 2:00,,0.30325,0.027,0.05,0.1104,0.04625,7,低谷
7/3/2020 3:00,,0.30325,0.027,0.05,0.1104,0.04625,7,低谷
7/3/2020 4:00,,0.30325,0.027,0.05,0.1104,0.04625,7,低谷
7/3/2020 5:00,,0.30325,0.027,0.05,0.1104,0.04625,7,低谷
7/3/2020 6:00,,0.68876,0.027,0.05,0.1104,0.04625,7,平时
7/3/2020 7:00,,0.68876,0.027,0.05,0.1104,0.04625,7,平时
7/3/2020 8:00,,0.68876,0.027,0.05,0.1104,0.04625,7,平时
7/3/2020 9:00,,0.68876,0.027,0.05,0.1104,0.04625,7,平时
7/3/2020 10:00,,0.68876,0.027,0.05,0.1104,0.04625,7,平时
7/3/2020 11:00,,0.68876,0.027,0.05,0.1104,0.04625,7,平时
7/3/2020 12:00,,0.30325,0.027,0.05,0.1104,0.04625,7,低谷
7/3/2020 13:00,,0.30325,0.027,0.05,0.1104,0.04625,7,低谷
7/3/2020 14:00,,0.68876,0.027,0.05,0.1104,0.04625,7,平时
7/3/2020 15:00,,0.68876,0.027,0.05,0.1104,0.04625,7,平时
7/3/2020 16:00,,1.07427,0.027,0.05,0.1104,0.04625,7,高峰
7/3/2020 17:00,,1.07427,0.027,0.05,0.1104,0.04625,7,高峰
7/3/2020 18:00,,1.07427,0.027,0.05,0.1104,0.04625,7,高峰
7/3/2020 19:00,,1.07427,0.027,0.05,0.1104,0.04625,7,高峰
7/3/2020 20:00,,1.27987,0.027,0.05,0.1104,0.04625,7,尖峰
7/3/2020 21:00,,1.27987,0.027,0.05,0.1104,0.04625,7,尖峰
7/3/2020 22:00,,1.27987,0.027,0.05,0.1104,0.04625,7,尖峰
7/3/2020 23:00,,1.27987,0.027,0.05,0.1104,0.04625,7,尖峰
7/4/2020 0:00,,0.30325,0.027,0.05,0.1104,0.04625,7,低谷
7/4/2020 1:00,,0.30325,0.027,0.05,0.1104,0.04625,7,低谷
7/4/2020 2:00,,0.30325,0.027,0.05,0.1104,0.04625,7,低谷
7/4/2020 3:00,,0.30325,0.027,0.05,0.1104,0.04625,7,低谷
7/4/2020 4:00,,0.30325,0.027,0.05,0.1104,0.04625,7,低谷
7/4/2020 5:00,,0.30325,0.027,0.05,0.1104,0.04625,7,低谷
7/4/2020 6:00,,0.68876,0.027,0.05,0.1104,0.04625,7,平时
7/4/2020 7:00,,0.68876,0.027,0.05,0.1104,0.04625,7,平时
7/4/2020 8:00,,0.68876,0.027,0.05,0.1104,0.04625,7,平时
7/4/2020 9:00,,0.68876,0.027,0.05,0.1104,0.04625,7,平时
7/4/2020 10:00,,0.68876,0.027,0.05,0.1104,0.04625,7,平时
7/4/2020 11:00,,0.68876,0.027,0.05,0.1104,0.04625,7,平时
7/4/2020 12:00,,0.30325,0.027,0.05,0.1104,0.04625,7,低谷
7/4/2020 13:00,,0.30325,0.027,0.05,0.1104,0.04625,7,低谷
7/4/2020 14:00,,0.68876,0.027,0.05,0.1104,0.04625,7,平时
7/4/2020 15:00,,0.68876,0.027,0.05,0.1104,0.04625,7,平时
7/4/2020 16:00,,1.07427,0.027,0.05,0.1104,0.04625,7,高峰
7/4/2020 17:00,,1.07427,0.027,0.05,0.1104,0.04625,7,高峰
7/4/2020 18:00,,1.07427,0.027,0.05,0.1104,0.04625,7,高峰
7/4/2020 19:00,,1.07427,0.027,0.05,0.1104,0.04625,7,高峰
7/4/2020 20:00,,1.27987,0.027,0.05,0.1104,0.04625,7,尖峰
7/4/2020 21:00,,1.27987,0.027,0.05,0.1104,0.04625,7,尖峰
7/4/2020 22:00,,1.27987,0.027,0.05,0.1104,0.04625,7,尖峰
7/4/2020 23:00,,1.27987,0.027,0.05,0.1104,0.04625,7,尖峰
7/5/2020 0:00,,0.30325,0.027,0.05,0.1104,0.04625,7,低谷
7/5/2020 1:00,,0.30325,0.027,0.05,0.1104,0.04625,7,低谷
7/5/2020 2:00,,0.30325,0.027,0.05,0.1104,0.04625,7,低谷
7/5/2020 3:00,,0.30325,0.027,0.05,0.1104,0.04625,7,低谷
7/5/2020 4:00,,0.30325,0.027,0.05,0.1104,0.04625,7,低谷
7/5/2020 5:00,,0.30325,0.027,0.05,0.1104,0.04625,7,低谷
7/5/2020 6:00,,0.68876,0.027,0.05,0.1104,0.04625,7,平时
7/5/2020 7:00,,0.68876,0.027,0.05,0.1104,0.04625,7,平时
7/5/2020 8:00,,0.68876,0.027,0.05,0.1104,0.04625,7,平时
7/5/2020 9:00,,0.68876,0.027,0.05,0.1104,0.04625,7,平时
7/5/2020 10:00,,0.68876,0.027,0.05,0.1104,0.04625,7,平时
7/5/2020 11:00,,0.68876,0.027,0.05,0.1104,0.04625,7,平时
7/5/2020 12:00,,0.30325,0.027,0.05,0.1104,0.04625,7,低谷
7/5/2020 13:00,,0.30325,0.027,0.05,0.1104,0.04625,7,低谷
7/5/2020 14:00,,0.68876,0.027,0.05,0.1104,0.04625,7,平时
7/5/2020 15:00,,0.68876,0.027,0.05,0.1104,0.04625,7,平时
7/5/2020 16:00,,1.07427,0.027,0.05,0.1104,0.04625,7,高峰
7/5/2020 17:00,,1.07427,0.027,0.05,0.1104,0.04625,7,高峰
7/5/2020 18:00,,1.07427,0.027,0.05,0.1104,0.04625,7,高峰
7/5/2020 19:00,,1.07427,0.027,0.05,0.1104,0.04625,7,高峰
7/5/2020 20:00,,1.27987,0.027,0.05,0.1104,0.04625,7,尖峰
7/5/2020 21:00,,1.27987,0.027,0.05,0.1104,0.04625,7,尖峰
7/5/2020 22:00,,1.27987,0.027,0.05,0.1104,0.04625,7,尖峰
7/5/2020 23:00,,1.27987,0.027,0.05,0.1104,0.04625,7,尖峰
7/6/2020 0:00,,0.30325,0.027,0.05,0.1104,0.04625,7,低谷
7/6/2020 1:00,,0.30325,0.027,0.05,0.1104,0.04625,7,低谷
7/6/2020 2:00,,0.30325,0.027,0.05,0.1104,0.04625,7,低谷
7/6/2020 3:00,,0.30325,0.027,0.05,0.1104,0.04625,7,低谷
7/6/2020 4:00,,0.30325,0.027,0.05,0.1104,0.04625,7,低谷
7/6/2020 5:00,,0.30325,0.027,0.05,0.1104,0.04625,7,低谷
7/6/2020 6:00,,0.68876,0.027,0.05,0.1104,0.04625,7,平时
7/6/2020 7:00,,0.68876,0.027,0.05,0.1104,0.04625,7,平时
7/6/2020 8:00,,0.68876,0.027,0.05,0.1104,0.04625,7,平时
7/6/2020 9:00,,0.68876,0.027,0.05,0.1104,0.04625,7,平时
7/6/2020 10:00,,0.68876,0.027,0.05,0.1104,0.04625,7,平时
7/6/2020 11:00,,0.68876,0.027,0.05,0.1104,0.04625,7,平时
7/6/2020 12:00,,0.30325,0.027,0.05,0.1104,0.04625,7,低谷
7/6/2020 13:00,,0.30325,0.027,0.05,0.1104,0.04625,7,低谷
7/6/2020 14:00,,0.68876,0.027,0.05,0.1104,0.04625,7,平时
7/6/2020 15:00,,0.68876,0.027,0.05,0.1104,0.04625,7,平时
7/6/2020 16:00,,1.07427,0.027,0.05,0.1104,0.04625,7,高峰
7/6/2020 17:00,,1.07427,0.027,0.05,0.1104,0.04625,7,高峰
7/6/2020 18:00,,1.07427,0.027,0.05,0.1104,0.04625,7,高峰
7/6/2020 19:00,,1.07427,0.027,0.05,0.1104,0.04625,7,高峰
7/6/2020 20:00,,1.27987,0.027,0.05,0.1104,0.04625,7,尖峰
7/6/2020 21:00,,1.27987,0.027,0.05,0.1104,0.04625,7,尖峰
7/6/2020 22:00,,1.27987,0.027,0.05,0.1104,0.04625,7,尖峰
7/6/2020 23:00,,1.27987,0.027,0.05,0.1104,0.04625,7,尖峰
7/7/2020 0:00,,0.30325,0.027,0.05,0.1104,0.04625,7,低谷
7/7/2020 1:00,,0.30325,0.027,0.05,0.1104,0.04625,7,低谷
7/7/2020 2:00,,0.30325,0.027,0.05,0.1104,0.04625,7,低谷
7/7/2020 3:00,,0.30325,0.027,0.05,0.1104,0.04625,7,低谷
7/7/2020 4:00,,0.30325,0.027,0.05,0.1104,0.04625,7,低谷
7/7/2020 5:00,,0.30325,0.027,0.05,0.1104,0.04625,7,低谷
7/7/2020 6:00,,0.68876,0.027,0.05,0.1104,0.04625,7,平时
7/7/2020 7:00,,0.68876,0.027,0.05,0.1104,0.04625,7,平时
7/7/2020 8:00,,0.68876,0.027,0.05,0.1104,0.04625,7,平时
7/7/2020 9:00,,0.68876,0.027,0.05,0.1104,0.04625,7,平时
7/7/2020 10:00,,0.68876,0.027,0.05,0.1104,0.04625,7,平时
7/7/2020 11:00,,0.68876,0.027,0.05,0.1104,0.04625,7,平时
7/7/2020 12:00,,0.30325,0.027,0.05,0.1104,0.04625,7,低谷
7/7/2020 13:00,,0.30325,0.027,0.05,0.1104,0.04625,7,低谷
7/7/2020 14:00,,0.68876,0.027,0.05,0.1104,0.04625,7,平时
7/7/2020 15:00,,0.68876,0.027,0.05,0.1104,0.04625,7,平时
7/7/2020 16:00,,1.07427,0.027,0.05,0.1104,0.04625,7,高峰
7/7/2020 17:00,,1.07427,0.027,0.05,0.1104,0.04625,7,高峰
7/7/2020 18:00,,1.07427,0.027,0.05,0.1104,0.04625,7,高峰
7/7/2020 19:00,,1.07427,0.027,0.05,0.1104,0.04625,7,高峰
7/7/2020 20:00,,1.27987,0.027,0.05,0.1104,0.04625,7,尖峰
7/7/2020 21:00,,1.27987,0.027,0.05,0.1104,0.04625,7,尖峰
7/7/2020 22:00,,1.27987,0.027,0.05,0.1104,0.04625,7,尖峰
7/7/2020 23:00,,1.27987,0.027,0.05,0.1104,0.04625,7,尖峰
7/8/2020 0:00,,0.30325,0.027,0.05,0.1104,0.04625,7,低谷
7/8/2020 1:00,,0.30325,0.027,0.05,0.1104,0.04625,7,低谷
7/8/2020 2:00,,0.30325,0.027,0.05,0.1104,0.04625,7,低谷
7/8/2020 3:00,,0.30325,0.027,0.05,0.1104,0.04625,7,低谷
7/8/2020 4:00,,0.30325,0.027,0.05,0.1104,0.04625,7,低谷
7/8/2020 5:00,,0.30325,0.027,0.05,0.1104,0.04625,7,低谷
7/8/2020 6:00,,0.68876,0.027,0.05,0.1104,0.04625,7,平时
7/8/2020 7:00,,0.68876,0.027,0.05,0.1104,0.04625,7,平时
7/8/2020 8:00,,0.68876,0.027,0.05,0.1104,0.04625,7,平时
7/8/2020 9:00,,0.68876,0.027,0.05,0.1104,0.04625,7,平时
7/8/2020 10:00,,0.68876,0.027,0.05,0.1104,0.04625,7,平时
7/8/2020 11:00,,0.68876,0.027,0.05,0.1104,0.04625,7,平时
7/8/2020 12:00,,0.30325,0.027,0.05,0.1104,0.04625,7,低谷
7/8/2020 13:00,,0.30325,0.027,0.05,0.1104,0.04625,7,低谷
7/8/2020 14:00,,0.68876,0.027,0.05,0.1104,0.04625,7,平时
7/8/2020 15:00,,0.68876,0.027,0.05,0.1104,0.04625,7,平时
7/8/2020 16:00,,1.07427,0.027,0.05,0.1104,0.04625,7,高峰
7/8/2020 17:00,,1.07427,0.027,0.05,0.1104,0.04625,7,高峰
7/8/2020 18:00,,1.07427,0.027,0.05,0.1104,0.04625,7,高峰
7/8/2020 19:00,,1.07427,0.027,0.05,0.1104,0.04625,7,高峰
7/8/2020 20:00,,1.27987,0.027,0.05,0.1104,0.04625,7,尖峰
7/8/2020 21:00,,1.27987,0.027,0.05,0.1104,0.04625,7,尖峰
7/8/2020 22:00,,1.27987,0.027,0.05,0.1104,0.04625,7,尖峰
7/8/2020 23:00,,1.27987,0.027,0.05,0.1104,0.04625,7,尖峰
7/9/2020 0:00,,0.30325,0.027,0.05,0.1104,0.04625,7,低谷
7/9/2020 1:00,,0.30325,0.027,0.05,0.1104,0.04625,7,低谷
7/9/2020 2:00,,0.30325,0.027,0.05,0.1104,0.04625,7,低谷
7/9/2020 3:00,,0.30325,0.027,0.05,0.1104,0.04625,7,低谷
7/9/2020 4:00,,0.30325,0.027,0.05,0.1104,0.04625,7,低谷
7/9/2020 5:00,,0.30325,0.027,0.05,0.1104,0.04625,7,低谷
7/9/2020 6:00,,0.68876,0.027,0.05,0.1104,0.04625,7,平时
7/9/2020 7:00,,0.68876,0.027,0.05,0.1104,0.04625,7,平时
7/9/2020 8:00,,0.68876,0.027,0.05,0.1104,0.04625,7,平时
7/9/2020 9:00,,0.68876,0.027,0.05,0.1104,0.04625,7,平时
7/9/2020 10:00,,0.68876,0.027,0.05,0.1104,0.04625,7,平时
7/9/2020 11:00,,0.68876,0.027,0.05,0.1104,0.04625,7,平时
7/9/2020 12:00,,0.30325,0.027,0.05,0.1104,0.04625,7,低谷
7/9/2020 13:00,,0.30325,0.027,0.05,0.1104,0.04625,7,低谷
7/9/2020 14:00,,0.68876,0.027,0.05,0.1104,0.04625,7,平时
7/9/2020 15:00,,0.68876,0.027,0.05,0.1104,0.04625,7,平时
7/9/2020 16:00,,1.07427,0.027,0.05,0.1104,0.04625,7,高峰
7/9/2020 17:00,,1.07427,0.027,0.05,0.1104,0.04625,7,高峰
7/9/2020 18:00,,1.07427,0.027,0.05,0.1104,0.04625,7,高峰
7/9/2020 19:00,,1.07427,0.027,0.05,0.1104,0.04625,7,高峰
7/9/2020 20:00,,1.27987,0.027,0.05,0.1104,0.04625,7,尖峰
7/9/2020 21:00,,1.27987,0.027,0.05,0.1104,0.04625,7,尖峰
7/9/2020 22:00,,1.27987,0.027,0.05,0.1104,0.04625,7,尖峰
7/9/2020 23:00,,1.27987,0.027,0.05,0.1104,0.04625,7,尖峰
7/10/2020 0:00,,0.30325,0.027,0.05,0.1104,0.04625,7,低谷
7/10/2020 1:00,,0.30325,0.027,0.05,0.1104,0.04625,7,低谷
7/10/2020 2:00,,0.30325,0.027,0.05,0.1104,0.04625,7,低谷
7/10/2020 3:00,,0.30325,0.027,0.05,0.1104,0.04625,7,低谷
7/10/2020 4:00,,0.30325,0.027,0.05,0.1104,0.04625,7,低谷
7/10/2020 5:00,,0.30325,0.027,0.05,0.1104,0.04625,7,低谷
7/10/2020 6:00,,0.68876,0.027,0.05,0.1104,0.04625,7,平时
7/10/2020 7:00,,0.68876,0.027,0.05,0.1104,0.04625,7,平时
7/10/2020 8:00,,0.68876,0.027,0.05,0.1104,0.04625,7,平时
7/10/2020 9:00,,0.68876,0.027,0.05,0.1104,0.04625,7,平时
7/10/2020 10:00,,0.68876,0.027,0.05,0.1104,0.04625,7,平时
7/10/2020 11:00,,0.68876,0.027,0.05,0.1104,0.04625,7,平时
7/10/2020 12:00,,0.30325,0.027,0.05,0.1104,0.04625,7,低谷
7/10/2020 13:00,,0.30325,0.027,0.05,0.1104,0.04625,7,低谷
7/10/2020 14:00,,0.68876,0.027,0.05,0.1104,0.04625,7,平时
7/10/2020 15:00,,0.68876,0.027,0.05,0.1104,0.04625,7,平时
7/10/2020 16:00,,1.07427,0.027,0.05,0.1104,0.04625,7,高峰
7/10/2020 17:00,,1.07427,0.027,0.05,0.1104,0.04625,7,高峰
7/10/2020 18:00,,1.07427,0.027,0.05,0.1104,0.04625,7,高峰
7/10/2020 19:00,,1.07427,0.027,0.05,0.1104,0.04625,7,高峰
7/10/2020 20:00,,1.27987,0.027,0.05,0.1104,0.04625,7,尖峰
7/10/2020 21:00,,1.27987,0.027,0.05,0.1104,0.04625,7,尖峰
7/10/2020 22:00,,1.27987,0.027,0.05,0.1104,0.04625,7,尖峰
7/10/2020 23:00,,1.27987,0.027,0.05,0.1104,0.04625,7,尖峰
7/11/2020 0:00,,0.30325,0.027,0.05,0.1104,0.04625,7,低谷
7/11/2020 1:00,,0.30325,0.027,0.05,0.1104,0.04625,7,低谷
7/11/2020 2:00,,0.30325,0.027,0.05,0.1104,0.04625,7,低谷
7/11/2020 3:00,,0.30325,0.027,0.05,0.1104,0.04625,7,低谷
7/11/2020 4:00,,0.30325,0.027,0.05,0.1104,0.04625,7,低谷
7/11/2020 5:00,,0.30325,0.027,0.05,0.1104,0.04625,7,低谷
7/11/2020 6:00,,0.68876,0.027,0.05,0.1104,0.04625,7,平时
7/11/2020 7:00,,0.68876,0.027,0.05,0.1104,0.04625,7,平时
7/11/2020 8:00,,0.68876,0.027,0.05,0.1104,0.04625,7,平时
7/11/2020 9:00,,0.68876,0.027,0.05,0.1104,0.04625,7,平时
7/11/2020 10:00,,0.68876,0.027,0.05,0.1104,0.04625,7,平时
7/11/2020 11:00,,0.68876,0.027,0.05,0.1104,0.04625,7,平时
7/11/2020 12:00,,0.30325,0.027,0.05,0.1104,0.04625,7,低谷
7/11/2020 13:00,,0.30325,0.027,0.05,0.1104,0.04625,7,低谷
7/11/2020 14:00,,0.68876,0.027,0.05,0.1104,0.04625,7,平时
7/11/2020 15:00,,0.68876,0.027,0.05,0.1104,0.04625,7,平时
7/11/2020 16:00,,1.07427,0.027,0.05,0.1104,0.04625,7,高峰
7/11/2020 17:00,,1.07427,0.027,0.05,0.1104,0.04625,7,高峰
7/11/2020 18:00,,1.07427,0.027,0.05,0.1104,0.04625,7,高峰
7/11/2020 19:00,,1.07427,0.027,0.05,0.1104,0.04625,7,高峰
7/11/2020 20:00,,1.27987,0.027,0.05,0.1104,0.04625,7,尖峰
7/11/2020 21:00,,1.27987,0.027,0.05,0.1104,0.04625,7,尖峰
7/11/2020 22:00,,1.27987,0.027,0.05,0.1104,0.04625,7,尖峰
7/11/2020 23:00,,1.27987,0.027,0.05,0.1104,0.04625,7,尖峰
7/12/2020 0:00,,0.30325,0.027,0.05,0.1104,0.04625,7,低谷
7/12/2020 1:00,,0.30325,0.027,0.05,0.1104,0.04625,7,低谷
7/12/2020 2:00,,0.30325,0.027,0.05,0.1104,0.04625,7,低谷
7/12/2020 3:00,,0.30325,0.027,0.05,0.1104,0.04625,7,低谷
7/12/2020 4:00,,0.30325,0.027,0.05,0.1104,0.04625,7,低谷
7/12/2020 5:00,,0.30325,0.027,0.05,0.1104,0.04625,7,低谷
7/12/2020 6:00,,0.68876,0.027,0.05,0.1104,0.04625,7,平时
7/12/2020 7:00,,0.68876,0.027,0.05,0.1104,0.04625,7,平时
7/12/2020 8:00,,0.68876,0.027,0.05,0.1104,0.04625,7,平时
7/12/2020 9:00,,0.68876,0.027,0.05,0.1104,0.04625,7,平时
7/12/2020 10:00,,0.68876,0.027,0.05,0.1104,0.04625,7,平时
7/12/2020 11:00,,0.68876,0.027,0.05,0.1104,0.04625,7,平时
7/12/2020 12:00,,0.30325,0.027,0.05,0.1104,0.04625,7,低谷
7/12/2020 13:00,,0.30325,0.027,0.05,0.1104,0.04625,7,低谷
7/12/2020 14:00,,0.68876,0.027,0.05,0.1104,0.04625,7,平时
7/12/2020 15:00,,0.68876,0.027,0.05,0.1104,0.04625,7,平时
7/12/2020 16:00,,1.07427,0.027,0.05,0.1104,0.04625,7,高峰
7/12/2020 17:00,,1.07427,0.027,0.05,0.1104,0.04625,7,高峰
7/12/2020 18:00,,1.07427,0.027,0.05,0.1104,0.04625,7,高峰
7/12/2020 19:00,,1.07427,0.027,0.05,0.1104,0.04625,7,高峰
7/12/2020 20:00,,1.27987,0.027,0.05,0.1104,0.04625,7,尖峰
7/12/2020 21:00,,1.27987,0.027,0.05,0.1104,0.04625,7,尖峰
7/12/2020 22:00,,1.27987,0.027,0.05,0.1104,0.04625,7,尖峰
7/12/2020 23:00,,1.27987,0.027,0.05,0.1104,0.04625,7,尖峰
7/13/2020 0:00,,0.30325,0.027,0.05,0.1104,0.04625,7,低谷
7/13/2020 1:00,,0.30325,0.027,0.05,0.1104,0.04625,7,低谷
7/13/2020 2:00,,0.30325,0.027,0.05,0.1104,0.04625,7,低谷
7/13/2020 3:00,,0.30325,0.027,0.05,0.1104,0.04625,7,低谷
7/13/2020 4:00,,0.30325,0.027,0.05,0.1104,0.04625,7,低谷
7/13/2020 5:00,,0.30325,0.027,0.05,0.1104,0.04625,7,低谷
7/13/2020 6:00,,0.68876,0.027,0.05,0.1104,0.04625,7,平时
7/13/2020 7:00,,0.68876,0.027,0.05,0.1104,0.04625,7,平时
7/13/2020 8:00,,0.68876,0.027,0.05,0.1104,0.04625,7,平时
7/13/2020 9:00,,0.68876,0.027,0.05,0.1104,0.04625,7,平时
7/13/2020 10:00,,0.68876,0.027,0.05,0.1104,0.04625,7,平时
7/13/2020 11:00,,0.68876,0.027,0.05,0.1104,0.04625,7,平时
7/13/2020 12:00,,0.30325,0.027,0.05,0.1104,0.04625,7,低谷
7/13/2020 13:00,,0.30325,0.027,0.05,0.1104,0.04625,7,低谷
7/13/2020 14:00,,0.68876,0.027,0.05,0.1104,0.04625,7,平时
7/13/2020 15:00,,0.68876,0.027,0.05,0.1104,0.04625,7,平时
7/13/2020 16:00,,1.07427,0.027,0.05,0.1104,0.04625,7,高峰
7/13/2020 17:00,,1.07427,0.027,0.05,0.1104,0.04625,7,高峰
7/13/2020 18:00,,1.07427,0.027,0.05,0.1104,0.04625,7,高峰
7/13/2020 19:00,,1.07427,0.027,0.05,0.1104,0.04625,7,高峰
7/13/2020 20:00,,1.27987,0.027,0.05,0.1104,0.04625,7,尖峰
7/13/2020 21:00,,1.27987,0.027,0.05,0.1104,0.04625,7,尖峰
7/13/2020 22:00,,1.27987,0.027,0.05,0.1104,0.04625,7,尖峰
7/13/2020 23:00,,1.27987,0.027,0.05,0.1104,0.04625,7,尖峰
7/14/2020 0:00,,0.30325,0.027,0.05,0.1104,0.04625,7,低谷
7/14/2020 1:00,,0.30325,0.027,0.05,0.1104,0.04625,7,低谷
7/14/2020 2:00,,0.30325,0.027,0.05,0.1104,0.04625,7,低谷
7/14/2020 3:00,,0.30325,0.027,0.05,0.1104,0.04625,7,低谷
7/14/2020 4:00,,0.30325,0.027,0.05,0.1104,0.04625,7,低谷
7/14/2020 5:00,,0.30325,0.027,0.05,0.1104,0.04625,7,低谷
7/14/2020 6:00,,0.68876,0.027,0.05,0.1104,0.04625,7,平时
7/14/2020 7:00,,0.68876,0.027,0.05,0.1104,0.04625,7,平时
7/14/2020 8:00,,0.68876,0.027,0.05,0.1104,0.04625,7,平时
7/14/2020 9:00,,0.68876,0.027,0.05,0.1104,0.04625,7,平时
7/14/2020 10:00,,0.68876,0.027,0.05,0.1104,0.04625,7,平时
7/14/2020 11:00,,0.68876,0.027,0.05,0.1104,0.04625,7,平时
7/14/2020 12:00,,0.30325,0.027,0.05,0.1104,0.04625,7,低谷
7/14/2020 13:00,,0.30325,0.027,0.05,0.1104,0.04625,7,低谷
7/14/2020 14:00,,0.68876,0.027,0.05,0.1104,0.04625,7,平时
7/14/2020 15:00,,0.68876,0.027,0.05,0.1104,0.04625,7,平时
7/14/2020 16:00,,1.07427,0.027,0.05,0.1104,0.04625,7,高峰
7/14/2020 17:00,,1.07427,0.027,0.05,0.1104,0.04625,7,高峰
7/14/2020 18:00,,1.07427,0.027,0.05,0.1104,0.04625,7,高峰
7/14/2020 19:00,,1.07427,0.027,0.05,0.1104,0.04625,7,高峰
7/14/2020 20:00,,1.27987,0.027,0.05,0.1104,0.04625,7,尖峰
7/14/2020 21:00,,1.27987,0.027,0.05,0.1104,0.04625,7,尖峰
7/14/2020 22:00,,1.27987,0.027,0.05,0.1104,0.04625,7,尖峰
7/14/2020 23:00,,1.27987,0.027,0.05,0.1104,0.04625,7,尖峰
7/15/2020 0:00,,0.30325,0.027,0.05,0.1104,0.04625,7,低谷
7/15/2020 1:00,,0.30325,0.027,0.05,0.1104,0.04625,7,低谷
7/15/2020 2:00,,0.30325,0.027,0.05,0.1104,0.04625,7,低谷
7/15/2020 3:00,,0.30325,0.027,0.05,0.1104,0.04625,7,低谷
7/15/2020 4:00,,0.30325,0.027,0.05,0.1104,0.04625,7,低谷
7/15/2020 5:00,,0.30325,0.027,0.05,0.1104,0.04625,7,低谷
7/15/2020 6:00,,0.68876,0.027,0.05,0.1104,0.04625,7,平时
7/15/2020 7:00,,0.68876,0.027,0.05,0.1104,0.04625,7,平时
7/15/2020 8:00,,0.68876,0.027,0.05,0.1104,0.04625,7,平时
7/15/2020 9:00,,0.68876,0.027,0.05,0.1104,0.04625,7,平时
7/15/2020 10:00,,0.68876,0.027,0.05,0.1104,0.04625,7,平时
7/15/2020 11:00,,0.68876,0.027,0.05,0.1104,0.04625,7,平时
7/15/2020 12:00,,0.30325,0.027,0.05,0.1104,0.04625,7,低谷
7/15/2020 13:00,,0.30325,0.027,0.05,0.1104,0.04625,7,低谷
7/15/2020 14:00,,0.68876,0.027,0.05,0.1104,0.04625,7,平时
7/15/2020 15:00,,0.68876,0.027,0.05,0.1104,0.04625,7,平时
7/15/2020 16:00,,1.07427,0.027,0.05,0.1104,0.04625,7,高峰
7/15/2020 17:00,,1.07427,0.027,0.05,0.1104,0.04625,7,高峰
7/15/2020 18:00,,1.07427,0.027,0.05,0.1104,0.04625,7,高峰
7/15/2020 19:00,,1.07427,0.027,0.05,0.1104,0.04625,7,高峰
7/15/2020 20:00,,1.27987,0.027,0.05,0.1104,0.04625,7,尖峰
7/15/2020 21:00,,1.27987,0.027,0.05,0.1104,0.04625,7,尖峰
7/15/2020 22:00,,1.27987,0.027,0.05,0.1104,0.04625,7,尖峰
7/15/2020 23:00,,1.27987,0.027,0.05,0.1104,0.04625,7,尖峰
7/16/2020 0:00,,0.30325,0.027,0.05,0.1104,0.04625,7,低谷
7/16/2020 1:00,,0.30325,0.027,0.05,0.1104,0.04625,7,低谷
7/16/2020 2:00,,0.30325,0.027,0.05,0.1104,0.04625,7,低谷
7/16/2020 3:00,,0.30325,0.027,0.05,0.1104,0.04625,7,低谷
7/16/2020 4:00,,0.30325,0.027,0.05,0.1104,0.04625,7,低谷
7/16/2020 5:00,,0.30325,0.027,0.05,0.1104,0.04625,7,低谷
7/16/2020 6:00,,0.68876,0.027,0.05,0.1104,0.04625,7,平时
7/16/2020 7:00,,0.68876,0.027,0.05,0.1104,0.04625,7,平时
7/16/2020 8:00,,0.68876,0.027,0.05,0.1104,0.04625,7,平时
7/16/2020 9:00,,0.68876,0.027,0.05,0.1104,0.04625,7,平时
7/16/2020 10:00,,0.68876,0.027,0.05,0.1104,0.04625,7,平时
7/16/2020 11:00,,0.68876,0.027,0.05,0.1104,0.04625,7,平时
7/16/2020 12:00,,0.30325,0.027,0.05,0.1104,0.04625,7,低谷
7/16/2020 13:00,,0.30325,0.027,0.05,0.1104,0.04625,7,低谷
7/16/2020 14:00,,0.68876,0.027,0.05,0.1104,0.04625,7,平时
7/16/2020 15:00,,0.68876,0.027,0.05,0.1104,0.04625,7,平时
7/16/2020 16:00,,1.07427,0.027,0.05,0.1104,0.04625,7,高峰
7/16/2020 17:00,,1.07427,0.027,0.05,0.1104,0.04625,7,高峰
7/16/2020 18:00,,1.07427,0.027,0.05,0.1104,0.04625,7,高峰
7/16/2020 19:00,,1.07427,0.027,0.05,0.1104,0.04625,7,高峰
7/16/2020 20:00,,1.27987,0.027,0.05,0.1104,0.04625,7,尖峰
7/16/2020 21:00,,1.27987,0.027,0.05,0.1104,0.04625,7,尖峰
7/16/2020 22:00,,1.27987,0.027,0.05,0.1104,0.04625,7,尖峰
7/16/2020 23:00,,1.27987,0.027,0.05,0.1104,0.04625,7,尖峰
7/17/2020 0:00,,0.30325,0.027,0.05,0.1104,0.04625,7,低谷
7/17/2020 1:00,,0.30325,0.027,0.05,0.1104,0.04625,7,低谷
7/17/2020 2:00,,0.30325,0.027,0.05,0.1104,0.04625,7,低谷
7/17/2020 3:00,,0.30325,0.027,0.05,0.1104,0.04625,7,低谷
7/17/2020 4:00,,0.30325,0.027,0.05,0.1104,0.04625,7,低谷
7/17/2020 5:00,,0.30325,0.027,0.05,0.1104,0.04625,7,低谷
7/17/2020 6:00,,0.68876,0.027,0.05,0.1104,0.04625,7,平时
7/17/2020 7:00,,0.68876,0.027,0.05,0.1104,0.04625,7,平时
7/17/2020 8:00,,0.68876,0.027,0.05,0.1104,0.04625,7,平时
7/17/2020 9:00,,0.68876,0.027,0.05,0.1104,0.04625,7,平时
7/17/2020 10:00,,0.68876,0.027,0.05,0.1104,0.04625,7,平时
7/17/2020 11:00,,0.68876,0.027,0.05,0.1104,0.04625,7,平时
7/17/2020 12:00,,0.30325,0.027,0.05,0.1104,0.04625,7,低谷
7/17/2020 13:00,,0.30325,0.027,0.05,0.1104,0.04625,7,低谷
7/17/2020 14:00,,0.68876,0.027,0.05,0.1104,0.04625,7,平时
7/17/2020 15:00,,0.68876,0.027,0.05,0.1104,0.04625,7,平时
7/17/2020 16:00,,1.07427,0.027,0.05,0.1104,0.04625,7,高峰
7/17/2020 17:00,,1.07427,0.027,0.05,0.1104,0.04625,7,高峰
7/17/2020 18:00,,1.07427,0.027,0.05,0.1104,0.04625,7,高峰
7/17/2020 19:00,,1.07427,0.027,0.05,0.1104,0.04625,7,高峰
7/17/2020 20:00,,1.27987,0.027,0.05,0.1104,0.04625,7,尖峰
7/17/2020 21:00,,1.27987,0.027,0.05,0.1104,0.04625,7,尖峰
7/17/2020 22:00,,1.27987,0.027,0.05,0.1104,0.04625,7,尖峰
7/17/2020 23:00,,1.27987,0.027,0.05,0.1104,0.04625,7,尖峰
7/18/2020 0:00,,0.30325,0.027,0.05,0.1104,0.04625,7,低谷
7/18/2020 1:00,,0.30325,0.027,0.05,0.1104,0.04625,7,低谷
7/18/2020 2:00,,0.30325,0.027,0.05,0.1104,0.04625,7,低谷
7/18/2020 3:00,,0.30325,0.027,0.05,0.1104,0.04625,7,低谷
7/18/2020 4:00,,0.30325,0.027,0.05,0.1104,0.04625,7,低谷
7/18/2020 5:00,,0.30325,0.027,0.05,0.1104,0.04625,7,低谷
7/18/2020 6:00,,0.68876,0.027,0.05,0.1104,0.04625,7,平时
7/18/2020 7:00,,0.68876,0.027,0.05,0.1104,0.04625,7,平时
7/18/2020 8:00,,0.68876,0.027,0.05,0.1104,0.04625,7,平时
7/18/2020 9:00,,0.68876,0.027,0.05,0.1104,0.04625,7,平时
7/18/2020 10:00,,0.68876,0.027,0.05,0.1104,0.04625,7,平时
7/18/2020 11:00,,0.68876,0.027,0.05,0.1104,0.04625,7,平时
7/18/2020 12:00,,0.30325,0.027,0.05,0.1104,0.04625,7,低谷
7/18/2020 13:00,,0.30325,0.027,0.05,0.1104,0.04625,7,低谷
7/18/2020 14:00,,0.68876,0.027,0.05,0.1104,0.04625,7,平时
7/18/2020 15:00,,0.68876,0.027,0.05,0.1104,0.04625,7,平时
7/18/2020 16:00,,1.07427,0.027,0.05,0.1104,0.04625,7,高峰
7/18/2020 17:00,,1.07427,0.027,0.05,0.1104,0.04625,7,高峰
7/18/2020 18:00,,1.07427,0.027,0.05,0.1104,0.04625,7,高峰
7/18/2020 19:00,,1.07427,0.027,0.05,0.1104,0.04625,7,高峰
7/18/2020 20:00,,1.27987,0.027,0.05,0.1104,0.04625,7,尖峰
7/18/2020 21:00,,1.27987,0.027,0.05,0.1104,0.04625,7,尖峰
7/18/2020 22:00,,1.27987,0.027,0.05,0.1104,0.04625,7,尖峰
7/18/2020 23:00,,1.27987,0.027,0.05,0.1104,0.04625,7,尖峰
7/19/2020 0:00,,0.30325,0.027,0.05,0.1104,0.04625,7,低谷
7/19/2020 1:00,,0.30325,0.027,0.05,0.1104,0.04625,7,低谷
7/19/2020 2:00,,0.30325,0.027,0.05,0.1104,0.04625,7,低谷
7/19/2020 3:00,,0.30325,0.027,0.05,0.1104,0.04625,7,低谷
7/19/2020 4:00,,0.30325,0.027,0.05,0.1104,0.04625,7,低谷
7/19/2020 5:00,,0.30325,0.027,0.05,0.1104,0.04625,7,低谷
7/19/2020 6:00,,0.68876,0.027,0.05,0.1104,0.04625,7,平时
7/19/2020 7:00,,0.68876,0.027,0.05,0.1104,0.04625,7,平时
7/19/2020 8:00,,0.68876,0.027,0.05,0.1104,0.04625,7,平时
7/19/2020 9:00,,0.68876,0.027,0.05,0.1104,0.04625,7,平时
7/19/2020 10:00,,0.68876,0.027,0.05,0.1104,0.04625,7,平时
7/19/2020 11:00,,0.68876,0.027,0.05,0.1104,0.04625,7,平时
7/19/2020 12:00,,0.30325,0.027,0.05,0.1104,0.04625,7,低谷
7/19/2020 13:00,,0.30325,0.027,0.05,0.1104,0.04625,7,低谷
7/19/2020 14:00,,0.68876,0.027,0.05,0.1104,0.04625,7,平时
7/19/2020 15:00,,0.68876,0.027,0.05,0.1104,0.04625,7,平时
7/19/2020 16:00,,1.07427,0.027,0.05,0.1104,0.04625,7,高峰
7/19/2020 17:00,,1.07427,0.027,0.05,0.1104,0.04625,7,高峰
7/19/2020 18:00,,1.07427,0.027,0.05,0.1104,0.04625,7,高峰
7/19/2020 19:00,,1.07427,0.027,0.05,0.1104,0.04625,7,高峰
7/19/2020 20:00,,1.27987,0.027,0.05,0.1104,0.04625,7,尖峰
7/19/2020 21:00,,1.27987,0.027,0.05,0.1104,0.04625,7,尖峰
7/19/2020 22:00,,1.27987,0.027,0.05,0.1104,0.04625,7,尖峰
7/19/2020 23:00,,1.27987,0.027,0.05,0.1104,0.04625,7,尖峰
7/20/2020 0:00,,0.30325,0.027,0.05,0.1104,0.04625,7,低谷
7/20/2020 1:00,,0.30325,0.027,0.05,0.1104,0.04625,7,低谷
7/20/2020 2:00,,0.30325,0.027,0.05,0.1104,0.04625,7,低谷
7/20/2020 3:00,,0.30325,0.027,0.05,0.1104,0.04625,7,低谷
7/20/2020 4:00,,0.30325,0.027,0.05,0.1104,0.04625,7,低谷
7/20/2020 5:00,,0.30325,0.027,0.05,0.1104,0.04625,7,低谷
7/20/2020 6:00,,0.68876,0.027,0.05,0.1104,0.04625,7,平时
7/20/2020 7:00,,0.68876,0.027,0.05,0.1104,0.04625,7,平时
7/20/2020 8:00,,0.68876,0.027,0.05,0.1104,0.04625,7,平时
7/20/2020 9:00,,0.68876,0.027,0.05,0.1104,0.04625,7,平时
7/20/2020 10:00,,0.68876,0.027,0.05,0.1104,0.04625,7,平时
7/20/2020 11:00,,0.68876,0.027,0.05,0.1104,0.04625,7,平时
7/20/2020 12:00,,0.30325,0.027,0.05,0.1104,0.04625,7,低谷
7/20/2020 13:00,,0.30325,0.027,0.05,0.1104,0.04625,7,低谷
7/20/2020 14:00,,0.68876,0.027,0.05,0.1104,0.04625,7,平时
7/20/2020 15:00,,0.68876,0.027,0.05,0.1104,0.04625,7,平时
7/20/2020 16:00,,1.07427,0.027,0.05,0.1104,0.04625,7,高峰
7/20/2020 17:00,,1.07427,0.027,0.05,0.1104,0.04625,7,高峰
7/20/2020 18:00,,1.07427,0.027,0.05,0.1104,0.04625,7,高峰
7/20/2020 19:00,,1.07427,0.027,0.05,0.1104,0.04625,7,高峰
7/20/2020 20:00,,1.27987,0.027,0.05,0.1104,0.04625,7,尖峰
7/20/2020 21:00,,1.27987,0.027,0.05,0.1104,0.04625,7,尖峰
7/20/2020 22:00,,1.27987,0.027,0.05,0.1104,0.04625,7,尖峰
7/20/2020 23:00,,1.27987,0.027,0.05,0.1104,0.04625,7,尖峰
7/21/2020 0:00,,0.30325,0.027,0.05,0.1104,0.04625,7,低谷
7/21/2020 1:00,,0.30325,0.027,0.05,0.1104,0.04625,7,低谷
7/21/2020 2:00,,0.30325,0.027,0.05,0.1104,0.04625,7,低谷
7/21/2020 3:00,,0.30325,0.027,0.05,0.1104,0.04625,7,低谷
7/21/2020 4:00,,0.30325,0.027,0.05,0.1104,0.04625,7,低谷
7/21/2020 5:00,,0.30325,0.027,0.05,0.1104,0.04625,7,低谷
7/21/2020 6:00,,0.68876,0.027,0.05,0.1104,0.04625,7,平时
7/21/2020 7:00,,0.68876,0.027,0.05,0.1104,0.04625,7,平时
7/21/2020 8:00,,0.68876,0.027,0.05,0.1104,0.04625,7,平时
7/21/2020 9:00,,0.68876,0.027,0.05,0.1104,0.04625,7,平时
7/21/2020 10:00,,0.68876,0.027,0.05,0.1104,0.04625,7,平时
7/21/2020 11:00,,0.68876,0.027,0.05,0.1104,0.04625,7,平时
7/21/2020 12:00,,0.30325,0.027,0.05,0.1104,0.04625,7,低谷
7/21/2020 13:00,,0.30325,0.027,0.05,0.1104,0.04625,7,低谷
7/21/2020 14:00,,0.68876,0.027,0.05,0.1104,0.04625,7,平时
7/21/2020 15:00,,0.68876,0.027,0.05,0.1104,0.04625,7,平时
7/21/2020 16:00,,1.07427,0.027,0.05,0.1104,0.04625,7,高峰
7/21/2020 17:00,,1.07427,0.027,0.05,0.1104,0.04625,7,高峰
7/21/2020 18:00,,1.07427,0.027,0.05,0.1104,0.04625,7,高峰
7/21/2020 19:00,,1.07427,0.027,0.05,0.1104,0.04625,7,高峰
7/21/2020 20:00,,1.27987,0.027,0.05,0.1104,0.04625,7,尖峰
7/21/2020 21:00,,1.27987,0.027,0.05,0.1104,0.04625,7,尖峰
7/21/2020 22:00,,1.27987,0.027,0.05,0.1104,0.04625,7,尖峰
7/21/2020 23:00,,1.27987,0.027,0.05,0.1104,0.04625,7,尖峰
7/22/2020 0:00,,0.30325,0.027,0.05,0.1104,0.04625,7,低谷
7/22/2020 1:00,,0.30325,0.027,0.05,0.1104,0.04625,7,低谷
7/22/2020 2:00,,0.30325,0.027,0.05,0.1104,0.04625,7,低谷
7/22/2020 3:00,,0.30325,0.027,0.05,0.1104,0.04625,7,低谷
7/22/2020 4:00,,0.30325,0.027,0.05,0.1104,0.04625,7,低谷
7/22/2020 5:00,,0.30325,0.027,0.05,0.1104,0.04625,7,低谷
7/22/2020 6:00,,0.68876,0.027,0.05,0.1104,0.04625,7,平时
7/22/2020 7:00,,0.68876,0.027,0.05,0.1104,0.04625,7,平时
7/22/2020 8:00,,0.68876,0.027,0.05,0.1104,0.04625,7,平时
7/22/2020 9:00,,0.68876,0.027,0.05,0.1104,0.04625,7,平时
7/22/2020 10:00,,0.68876,0.027,0.05,0.1104,0.04625,7,平时
7/22/2020 11:00,,0.68876,0.027,0.05,0.1104,0.04625,7,平时
7/22/2020 12:00,,0.30325,0.027,0.05,0.1104,0.04625,7,低谷
7/22/2020 13:00,,0.30325,0.027,0.05,0.1104,0.04625,7,低谷
7/22/2020 14:00,,0.68876,0.027,0.05,0.1104,0.04625,7,平时
7/22/2020 15:00,,0.68876,0.027,0.05,0.1104,0.04625,7,平时
7/22/2020 16:00,,1.07427,0.027,0.05,0.1104,0.04625,7,高峰
7/22/2020 17:00,,1.07427,0.027,0.05,0.1104,0.04625,7,高峰
7/22/2020 18:00,,1.07427,0.027,0.05,0.1104,0.04625,7,高峰
7/22/2020 19:00,,1.07427,0.027,0.05,0.1104,0.04625,7,高峰
7/22/2020 20:00,,1.27987,0.027,0.05,0.1104,0.04625,7,尖峰
7/22/2020 21:00,,1.27987,0.027,0.05,0.1104,0.04625,7,尖峰
7/22/2020 22:00,,1.27987,0.027,0.05,0.1104,0.04625,7,尖峰
7/22/2020 23:00,,1.27987,0.027,0.05,0.1104,0.04625,7,尖峰
7/23/2020 0:00,,0.30325,0.027,0.05,0.1104,0.04625,7,低谷
7/23/2020 1:00,,0.30325,0.027,0.05,0.1104,0.04625,7,低谷
7/23/2020 2:00,,0.30325,0.027,0.05,0.1104,0.04625,7,低谷
7/23/2020 3:00,,0.30325,0.027,0.05,0.1104,0.04625,7,低谷
7/23/2020 4:00,,0.30325,0.027,0.05,0.1104,0.04625,7,低谷
7/23/2020 5:00,,0.30325,0.027,0.05,0.1104,0.04625,7,低谷
7/23/2020 6:00,,0.68876,0.027,0.05,0.1104,0.04625,7,平时
7/23/2020 7:00,,0.68876,0.027,0.05,0.1104,0.04625,7,平时
7/23/2020 8:00,,0.68876,0.027,0.05,0.1104,0.04625,7,平时
7/23/2020 9:00,,0.68876,0.027,0.05,0.1104,0.04625,7,平时
7/23/2020 10:00,,0.68876,0.027,0.05,0.1104,0.04625,7,平时
7/23/2020 11:00,,0.68876,0.027,0.05,0.1104,0.04625,7,平时
7/23/2020 12:00,,0.30325,0.027,0.05,0.1104,0.04625,7,低谷
7/23/2020 13:00,,0.30325,0.027,0.05,0.1104,0.04625,7,低谷
7/23/2020 14:00,,0.68876,0.027,0.05,0.1104,0.04625,7,平时
7/23/2020 15:00,,0.68876,0.027,0.05,0.1104,0.04625,7,平时
7/23/2020 16:00,,1.07427,0.027,0.05,0.1104,0.04625,7,高峰
7/23/2020 17:00,,1.07427,0.027,0.05,0.1104,0.04625,7,高峰
7/23/2020 18:00,,1.07427,0.027,0.05,0.1104,0.04625,7,高峰
7/23/2020 19:00,,1.07427,0.027,0.05,0.1104,0.04625,7,高峰
7/23/2020 20:00,,1.27987,0.027,0.05,0.1104,0.04625,7,尖峰
7/23/2020 21:00,,1.27987,0.027,0.05,0.1104,0.04625,7,尖峰
7/23/2020 22:00,,1.27987,0.027,0.05,0.1104,0.04625,7,尖峰
7/23/2020 23:00,,1.27987,0.027,0.05,0.1104,0.04625,7,尖峰
7/24/2020 0:00,,0.30325,0.027,0.05,0.1104,0.04625,7,低谷
7/24/2020 1:00,,0.30325,0.027,0.05,0.1104,0.04625,7,低谷
7/24/2020 2:00,,0.30325,0.027,0.05,0.1104,0.04625,7,低谷
7/24/2020 3:00,,0.30325,0.027,0.05,0.1104,0.04625,7,低谷
7/24/2020 4:00,,0.30325,0.027,0.05,0.1104,0.04625,7,低谷
7/24/2020 5:00,,0.30325,0.027,0.05,0.1104,0.04625,7,低谷
7/24/2020 6:00,,0.68876,0.027,0.05,0.1104,0.04625,7,平时
7/24/2020 7:00,,0.68876,0.027,0.05,0.1104,0.04625,7,平时
7/24/2020 8:00,,0.68876,0.027,0.05,0.1104,0.04625,7,平时
7/24/2020 9:00,,0.68876,0.027,0.05,0.1104,0.04625,7,平时
7/24/2020 10:00,,0.68876,0.027,0.05,0.1104,0.04625,7,平时
7/24/2020 11:00,,0.68876,0.027,0.05,0.1104,0.04625,7,平时
7/24/2020 12:00,,0.30325,0.027,0.05,0.1104,0.04625,7,低谷
7/24/2020 13:00,,0.30325,0.027,0.05,0.1104,0.04625,7,低谷
7/24/2020 14:00,,0.68876,0.027,0.05,0.1104,0.04625,7,平时
7/24/2020 15:00,,0.68876,0.027,0.05,0.1104,0.04625,7,平时
7/24/2020 16:00,,1.07427,0.027,0.05,0.1104,0.04625,7,高峰
7/24/2020 17:00,,1.07427,0.027,0.05,0.1104,0.04625,7,高峰
7/24/2020 18:00,,1.07427,0.027,0.05,0.1104,0.04625,7,高峰
7/24/2020 19:00,,1.07427,0.027,0.05,0.1104,0.04625,7,高峰
7/24/2020 20:00,,1.27987,0.027,0.05,0.1104,0.04625,7,尖峰
7/24/2020 21:00,,1.27987,0.027,0.05,0.1104,0.04625,7,尖峰
7/24/2020 22:00,,1.27987,0.027,0.05,0.1104,0.04625,7,尖峰
7/24/2020 23:00,,1.27987,0.027,0.05,0.1104,0.04625,7,尖峰
7/25/2020 0:00,,0.30325,0.027,0.05,0.1104,0.04625,7,低谷
7/25/2020 1:00,,0.30325,0.027,0.05,0.1104,0.04625,7,低谷
7/25/2020 2:00,,0.30325,0.027,0.05,0.1104,0.04625,7,低谷
7/25/2020 3:00,,0.30325,0.027,0.05,0.1104,0.04625,7,低谷
7/25/2020 4:00,,0.30325,0.027,0.05,0.1104,0.04625,7,低谷
7/25/2020 5:00,,0.30325,0.027,0.05,0.1104,0.04625,7,低谷
7/25/2020 6:00,,0.68876,0.027,0.05,0.1104,0.04625,7,平时
7/25/2020 7:00,,0.68876,0.027,0.05,0.1104,0.04625,7,平时
7/25/2020 8:00,,0.68876,0.027,0.05,0.1104,0.04625,7,平时
7/25/2020 9:00,,0.68876,0.027,0.05,0.1104,0.04625,7,平时
7/25/2020 10:00,,0.68876,0.027,0.05,0.1104,0.04625,7,平时
7/25/2020 11:00,,0.68876,0.027,0.05,0.1104,0.04625,7,平时
7/25/2020 12:00,,0.30325,0.027,0.05,0.1104,0.04625,7,低谷
7/25/2020 13:00,,0.30325,0.027,0.05,0.1104,0.04625,7,低谷
7/25/2020 14:00,,0.68876,0.027,0.05,0.1104,0.04625,7,平时
7/25/2020 15:00,,0.68876,0.027,0.05,0.1104,0.04625,7,平时
7/25/2020 16:00,,1.07427,0.027,0.05,0.1104,0.04625,7,高峰
7/25/2020 17:00,,1.07427,0.027,0.05,0.1104,0.04625,7,高峰
7/25/2020 18:00,,1.07427,0.027,0.05,0.1104,0.04625,7,高峰
7/25/2020 19:00,,1.07427,0.027,0.05,0.1104,0.04625,7,高峰
7/25/2020 20:00,,1.27987,0.027,0.05,0.1104,0.04625,7,尖峰
7/25/2020 21:00,,1.27987,0.027,0.05,0.1104,0.04625,7,尖峰
7/25/2020 22:00,,1.27987,0.027,0.05,0.1104,0.04625,7,尖峰
7/25/2020 23:00,,1.27987,0.027,0.05,0.1104,0.04625,7,尖峰
7/26/2020 0:00,,0.30325,0.027,0.05,0.1104,0.04625,7,低谷
7/26/2020 1:00,,0.30325,0.027,0.05,0.1104,0.04625,7,低谷
7/26/2020 2:00,,0.30325,0.027,0.05,0.1104,0.04625,7,低谷
7/26/2020 3:00,,0.30325,0.027,0.05,0.1104,0.04625,7,低谷
7/26/2020 4:00,,0.30325,0.027,0.05,0.1104,0.04625,7,低谷
7/26/2020 5:00,,0.30325,0.027,0.05,0.1104,0.04625,7,低谷
7/26/2020 6:00,,0.68876,0.027,0.05,0.1104,0.04625,7,平时
7/26/2020 7:00,,0.68876,0.027,0.05,0.1104,0.04625,7,平时
7/26/2020 8:00,,0.68876,0.027,0.05,0.1104,0.04625,7,平时
7/26/2020 9:00,,0.68876,0.027,0.05,0.1104,0.04625,7,平时
7/26/2020 10:00,,0.68876,0.027,0.05,0.1104,0.04625,7,平时
7/26/2020 11:00,,0.68876,0.027,0.05,0.1104,0.04625,7,平时
7/26/2020 12:00,,0.30325,0.027,0.05,0.1104,0.04625,7,低谷
7/26/2020 13:00,,0.30325,0.027,0.05,0.1104,0.04625,7,低谷
7/26/2020 14:00,,0.68876,0.027,0.05,0.1104,0.04625,7,平时
7/26/2020 15:00,,0.68876,0.027,0.05,0.1104,0.04625,7,平时
7/26/2020 16:00,,1.07427,0.027,0.05,0.1104,0.04625,7,高峰
7/26/2020 17:00,,1.07427,0.027,0.05,0.1104,0.04625,7,高峰
7/26/2020 18:00,,1.07427,0.027,0.05,0.1104,0.04625,7,高峰
7/26/2020 19:00,,1.07427,0.027,0.05,0.1104,0.04625,7,高峰
7/26/2020 20:00,,1.27987,0.027,0.05,0.1104,0.04625,7,尖峰
7/26/2020 21:00,,1.27987,0.027,0.05,0.1104,0.04625,7,尖峰
7/26/2020 22:00,,1.27987,0.027,0.05,0.1104,0.04625,7,尖峰
7/26/2020 23:00,,1.27987,0.027,0.05,0.1104,0.04625,7,尖峰
7/27/2020 0:00,,0.30325,0.027,0.05,0.1104,0.04625,7,低谷
7/27/2020 1:00,,0.30325,0.027,0.05,0.1104,0.04625,7,低谷
7/27/2020 2:00,,0.30325,0.027,0.05,0.1104,0.04625,7,低谷
7/27/2020 3:00,,0.30325,0.027,0.05,0.1104,0.04625,7,低谷
7/27/2020 4:00,,0.30325,0.027,0.05,0.1104,0.04625,7,低谷
7/27/2020 5:00,,0.30325,0.027,0.05,0.1104,0.04625,7,低谷
7/27/2020 6:00,,0.68876,0.027,0.05,0.1104,0.04625,7,平时
7/27/2020 7:00,,0.68876,0.027,0.05,0.1104,0.04625,7,平时
7/27/2020 8:00,,0.68876,0.027,0.05,0.1104,0.04625,7,平时
7/27/2020 9:00,,0.68876,0.027,0.05,0.1104,0.04625,7,平时
7/27/2020 10:00,,0.68876,0.027,0.05,0.1104,0.04625,7,平时
7/27/2020 11:00,,0.68876,0.027,0.05,0.1104,0.04625,7,平时
7/27/2020 12:00,,0.30325,0.027,0.05,0.1104,0.04625,7,低谷
7/27/2020 13:00,,0.30325,0.027,0.05,0.1104,0.04625,7,低谷
7/27/2020 14:00,,0.68876,0.027,0.05,0.1104,0.04625,7,平时
7/27/2020 15:00,,0.68876,0.027,0.05,0.1104,0.04625,7,平时
7/27/2020 16:00,,1.07427,0.027,0.05,0.1104,0.04625,7,高峰
7/27/2020 17:00,,1.07427,0.027,0.05,0.1104,0.04625,7,高峰
7/27/2020 18:00,,1.07427,0.027,0.05,0.1104,0.04625,7,高峰
7/27/2020 19:00,,1.07427,0.027,0.05,0.1104,0.04625,7,高峰
7/27/2020 20:00,,1.27987,0.027,0.05,0.1104,0.04625,7,尖峰
7/27/2020 21:00,,1.27987,0.027,0.05,0.1104,0.04625,7,尖峰
7/27/2020 22:00,,1.27987,0.027,0.05,0.1104,0.04625,7,尖峰
7/27/2020 23:00,,1.27987,0.027,0.05,0.1104,0.04625,7,尖峰
7/28/2020 0:00,,0.30325,0.027,0.05,0.1104,0.04625,7,低谷
7/28/2020 1:00,,0.30325,0.027,0.05,0.1104,0.04625,7,低谷
7/28/2020 2:00,,0.30325,0.027,0.05,0.1104,0.04625,7,低谷
7/28/2020 3:00,,0.30325,0.027,0.05,0.1104,0.04625,7,低谷
7/28/2020 4:00,,0.30325,0.027,0.05,0.1104,0.04625,7,低谷
7/28/2020 5:00,,0.30325,0.027,0.05,0.1104,0.04625,7,低谷
7/28/2020 6:00,,0.68876,0.027,0.05,0.1104,0.04625,7,平时
7/28/2020 7:00,,0.68876,0.027,0.05,0.1104,0.04625,7,平时
7/28/2020 8:00,,0.68876,0.027,0.05,0.1104,0.04625,7,平时
7/28/2020 9:00,,0.68876,0.027,0.05,0.1104,0.04625,7,平时
7/28/2020 10:00,,0.68876,0.027,0.05,0.1104,0.04625,7,平时
7/28/2020 11:00,,0.68876,0.027,0.05,0.1104,0.04625,7,平时
7/28/2020 12:00,,0.30325,0.027,0.05,0.1104,0.04625,7,低谷
7/28/2020 13:00,,0.30325,0.027,0.05,0.1104,0.04625,7,低谷
7/28/2020 14:00,,0.68876,0.027,0.05,0.1104,0.04625,7,平时
7/28/2020 15:00,,0.68876,0.027,0.05,0.1104,0.04625,7,平时
7/28/2020 16:00,,1.07427,0.027,0.05,0.1104,0.04625,7,高峰
7/28/2020 17:00,,1.07427,0.027,0.05,0.1104,0.04625,7,高峰
7/28/2020 18:00,,1.07427,0.027,0.05,0.1104,0.04625,7,高峰
7/28/2020 19:00,,1.07427,0.027,0.05,0.1104,0.04625,7,高峰
7/28/2020 20:00,,1.27987,0.027,0.05,0.1104,0.04625,7,尖峰
7/28/2020 21:00,,1.27987,0.027,0.05,0.1104,0.04625,7,尖峰
7/28/2020 22:00,,1.27987,0.027,0.05,0.1104,0.04625,7,尖峰
7/28/2020 23:00,,1.27987,0.027,0.05,0.1104,0.04625,7,尖峰
7/29/2020 0:00,,0.30325,0.027,0.05,0.1104,0.04625,7,低谷
7/29/2020 1:00,,0.30325,0.027,0.05,0.1104,0.04625,7,低谷
7/29/2020 2:00,,0.30325,0.027,0.05,0.1104,0.04625,7,低谷
7/29/2020 3:00,,0.30325,0.027,0.05,0.1104,0.04625,7,低谷
7/29/2020 4:00,,0.30325,0.027,0.05,0.1104,0.04625,7,低谷
7/29/2020 5:00,,0.30325,0.027,0.05,0.1104,0.04625,7,低谷
7/29/2020 6:00,,0.68876,0.027,0.05,0.1104,0.04625,7,平时
7/29/2020 7:00,,0.68876,0.027,0.05,0.1104,0.04625,7,平时
7/29/2020 8:00,,0.68876,0.027,0.05,0.1104,0.04625,7,平时
7/29/2020 9:00,,0.68876,0.027,0.05,0.1104,0.04625,7,平时
7/29/2020 10:00,,0.68876,0.027,0.05,0.1104,0.04625,7,平时
7/29/2020 11:00,,0.68876,0.027,0.05,0.1104,0.04625,7,平时
7/29/2020 12:00,,0.30325,0.027,0.05,0.1104,0.04625,7,低谷
7/29/2020 13:00,,0.30325,0.027,0.05,0.1104,0.04625,7,低谷
7/29/2020 14:00,,0.68876,0.027,0.05,0.1104,0.04625,7,平时
7/29/2020 15:00,,0.68876,0.027,0.05,0.1104,0.04625,7,平时
7/29/2020 16:00,,1.07427,0.027,0.05,0.1104,0.04625,7,高峰
7/29/2020 17:00,,1.07427,0.027,0.05,0.1104,0.04625,7,高峰
7/29/2020 18:00,,1.07427,0.027,0.05,0.1104,0.04625,7,高峰
7/29/2020 19:00,,1.07427,0.027,0.05,0.1104,0.04625,7,高峰
7/29/2020 20:00,,1.27987,0.027,0.05,0.1104,0.04625,7,尖峰
7/29/2020 21:00,,1.27987,0.027,0.05,0.1104,0.04625,7,尖峰
7/29/2020 22:00,,1.27987,0.027,0.05,0.1104,0.04625,7,尖峰
7/29/2020 23:00,,1.27987,0.027,0.05,0.1104,0.04625,7,尖峰
7/30/2020 0:00,,0.30325,0.027,0.05,0.1104,0.04625,7,低谷
7/30/2020 1:00,,0.30325,0.027,0.05,0.1104,0.04625,7,低谷
7/30/2020 2:00,,0.30325,0.027,0.05,0.1104,0.04625,7,低谷
7/30/2020 3:00,,0.30325,0.027,0.05,0.1104,0.04625,7,低谷
7/30/2020 4:00,,0.30325,0.027,0.05,0.1104,0.04625,7,低谷
7/30/2020 5:00,,0.30325,0.027,0.05,0.1104,0.04625,7,低谷
7/30/2020 6:00,,0.68876,0.027,0.05,0.1104,0.04625,7,平时
7/30/2020 7:00,,0.68876,0.027,0.05,0.1104,0.04625,7,平时
7/30/2020 8:00,,0.68876,0.027,0.05,0.1104,0.04625,7,平时
7/30/2020 9:00,,0.68876,0.027,0.05,0.1104,0.04625,7,平时
7/30/2020 10:00,,0.68876,0.027,0.05,0.1104,0.04625,7,平时
7/30/2020 11:00,,0.68876,0.027,0.05,0.1104,0.04625,7,平时
7/30/2020 12:00,,0.30325,0.027,0.05,0.1104,0.04625,7,低谷
7/30/2020 13:00,,0.30325,0.027,0.05,0.1104,0.04625,7,低谷
7/30/2020 14:00,,0.68876,0.027,0.05,0.1104,0.04625,7,平时
7/30/2020 15:00,,0.68876,0.027,0.05,0.1104,0.04625,7,平时
7/30/2020 16:00,,1.07427,0.027,0.05,0.1104,0.04625,7,高峰
7/30/2020 17:00,,1.07427,0.027,0.05,0.1104,0.04625,7,高峰
7/30/2020 18:00,,1.07427,0.027,0.05,0.1104,0.04625,7,高峰
7/30/2020 19:00,,1.07427,0.027,0.05,0.1104,0.04625,7,高峰
7/30/2020 20:00,,1.27987,0.027,0.05,0.1104,0.04625,7,尖峰
7/30/2020 21:00,,1.27987,0.027,0.05,0.1104,0.04625,7,尖峰
7/30/2020 22:00,,1.27987,0.027,0.05,0.1104,0.04625,7,尖峰
7/30/2020 23:00,,1.27987,0.027,0.05,0.1104,0.04625,7,尖峰
7/31/2020 0:00,,0.30325,0.027,0.05,0.1104,0.04625,7,低谷
7/31/2020 1:00,,0.30325,0.027,0.05,0.1104,0.04625,7,低谷
7/31/2020 2:00,,0.30325,0.027,0.05,0.1104,0.04625,7,低谷
7/31/2020 3:00,,0.30325,0.027,0.05,0.1104,0.04625,7,低谷
7/31/2020 4:00,,0.30325,0.027,0.05,0.1104,0.04625,7,低谷
7/31/2020 5:00,,0.30325,0.027,0.05,0.1104,0.04625,7,低谷
7/31/2020 6:00,,0.68876,0.027,0.05,0.1104,0.04625,7,平时
7/31/2020 7:00,,0.68876,0.027,0.05,0.1104,0.04625,7,平时
7/31/2020 8:00,,0.68876,0.027,0.05,0.1104,0.04625,7,平时
7/31/2020 9:00,,0.68876,0.027,0.05,0.1104,0.04625,7,平时
7/31/2020 10:00,,0.68876,0.027,0.05,0.1104,0.04625,7,平时
7/31/2020 11:00,,0.68876,0.027,0.05,0.1104,0.04625,7,平时
7/31/2020 12:00,,0.30325,0.027,0.05,0.1104,0.04625,7,低谷
7/31/2020 13:00,,0.30325,0.027,0.05,0.1104,0.04625,7,低谷
7/31/2020 14:00,,0.68876,0.027,0.05,0.1104,0.04625,7,平时
7/31/2020 15:00,,0.68876,0.027,0.05,0.1104,0.04625,7,平时
7/31/2020 16:00,,1.07427,0.027,0.05,0.1104,0.04625,7,高峰
7/31/2020 17:00,,1.07427,0.027,0.05,0.1104,0.04625,7,高峰
7/31/2020 18:00,,1.07427,0.027,0.05,0.1104,0.04625,7,高峰
7/31/2020 19:00,,1.07427,0.027,0.05,0.1104,0.04625,7,高峰
7/31/2020 20:00,,1.27987,0.027,0.05,0.1104,0.04625,7,尖峰
7/31/2020 21:00,,1.27987,0.027,0.05,0.1104,0.04625,7,尖峰
7/31/2020 22:00,,1.27987,0.027,0.05,0.1104,0.04625,7,尖峰
7/31/2020 23:00,,1.27987,0.027,0.05,0.1104,0.04625,7,尖峰
8/1/2020 0:00,,0.30325,0.027,0.05,0.1104,0.04625,8,低谷
8/1/2020 1:00,,0.30325,0.027,0.05,0.1104,0.04625,8,低谷
8/1/2020 2:00,,0.30325,0.027,0.05,0.1104,0.04625,8,低谷
8/1/2020 3:00,,0.30325,0.027,0.05,0.1104,0.04625,8,低谷
8/1/2020 4:00,,0.30325,0.027,0.05,0.1104,0.04625,8,低谷
8/1/2020 5:00,,0.30325,0.027,0.05,0.1104,0.04625,8,低谷
8/1/2020 6:00,,0.68876,0.027,0.05,0.1104,0.04625,8,平时
8/1/2020 7:00,,0.68876,0.027,0.05,0.1104,0.04625,8,平时
8/1/2020 8:00,,0.68876,0.027,0.05,0.1104,0.04625,8,平时
8/1/2020 9:00,,0.68876,0.027,0.05,0.1104,0.04625,8,平时
8/1/2020 10:00,,0.68876,0.027,0.05,0.1104,0.04625,8,平时
8/1/2020 11:00,,0.68876,0.027,0.05,0.1104,0.04625,8,平时
8/1/2020 12:00,,0.30325,0.027,0.05,0.1104,0.04625,8,低谷
8/1/2020 13:00,,0.30325,0.027,0.05,0.1104,0.04625,8,低谷
8/1/2020 14:00,,0.68876,0.027,0.05,0.1104,0.04625,8,平时
8/1/2020 15:00,,0.68876,0.027,0.05,0.1104,0.04625,8,平时
8/1/2020 16:00,,1.06445,0.027,0.05,0.1104,0.04625,8,高峰
8/1/2020 17:00,,1.06445,0.027,0.05,0.1104,0.04625,8,高峰
8/1/2020 18:00,,1.06445,0.027,0.05,0.1104,0.04625,8,高峰
8/1/2020 19:00,,1.06445,0.027,0.05,0.1104,0.04625,8,高峰
8/1/2020 20:00,,1.25601,0.027,0.05,0.1104,0.04625,8,尖峰
8/1/2020 21:00,,1.25601,0.027,0.05,0.1104,0.04625,8,尖峰
8/1/2020 22:00,,1.25601,0.027,0.05,0.1104,0.04625,8,尖峰
8/1/2020 23:00,,1.25601,0.027,0.05,0.1104,0.04625,8,尖峰
8/2/2020 0:00,,0.30325,0.027,0.05,0.1104,0.04625,8,低谷
8/2/2020 1:00,,0.30325,0.027,0.05,0.1104,0.04625,8,低谷
8/2/2020 2:00,,0.30325,0.027,0.05,0.1104,0.04625,8,低谷
8/2/2020 3:00,,0.30325,0.027,0.05,0.1104,0.04625,8,低谷
8/2/2020 4:00,,0.30325,0.027,0.05,0.1104,0.04625,8,低谷
8/2/2020 5:00,,0.30325,0.027,0.05,0.1104,0.04625,8,低谷
8/2/2020 6:00,,0.68876,0.027,0.05,0.1104,0.04625,8,平时
8/2/2020 7:00,,0.68876,0.027,0.05,0.1104,0.04625,8,平时
8/2/2020 8:00,,0.68876,0.027,0.05,0.1104,0.04625,8,平时
8/2/2020 9:00,,0.68876,0.027,0.05,0.1104,0.04625,8,平时
8/2/2020 10:00,,0.68876,0.027,0.05,0.1104,0.04625,8,平时
8/2/2020 11:00,,0.68876,0.027,0.05,0.1104,0.04625,8,平时
8/2/2020 12:00,,0.30325,0.027,0.05,0.1104,0.04625,8,低谷
8/2/2020 13:00,,0.30325,0.027,0.05,0.1104,0.04625,8,低谷
8/2/2020 14:00,,0.68876,0.027,0.05,0.1104,0.04625,8,平时
8/2/2020 15:00,,0.68876,0.027,0.05,0.1104,0.04625,8,平时
8/2/2020 16:00,,1.06445,0.027,0.05,0.1104,0.04625,8,高峰
8/2/2020 17:00,,1.06445,0.027,0.05,0.1104,0.04625,8,高峰
8/2/2020 18:00,,1.06445,0.027,0.05,0.1104,0.04625,8,高峰
8/2/2020 19:00,,1.06445,0.027,0.05,0.1104,0.04625,8,高峰
8/2/2020 20:00,,1.25601,0.027,0.05,0.1104,0.04625,8,尖峰
8/2/2020 21:00,,1.25601,0.027,0.05,0.1104,0.04625,8,尖峰
8/2/2020 22:00,,1.25601,0.027,0.05,0.1104,0.04625,8,尖峰
8/2/2020 23:00,,1.25601,0.027,0.05,0.1104,0.04625,8,尖峰
8/3/2020 0:00,,0.30325,0.027,0.05,0.1104,0.04625,8,低谷
8/3/2020 1:00,,0.30325,0.027,0.05,0.1104,0.04625,8,低谷
8/3/2020 2:00,,0.30325,0.027,0.05,0.1104,0.04625,8,低谷
8/3/2020 3:00,,0.30325,0.027,0.05,0.1104,0.04625,8,低谷
8/3/2020 4:00,,0.30325,0.027,0.05,0.1104,0.04625,8,低谷
8/3/2020 5:00,,0.30325,0.027,0.05,0.1104,0.04625,8,低谷
8/3/2020 6:00,,0.68876,0.027,0.05,0.1104,0.04625,8,平时
8/3/2020 7:00,,0.68876,0.027,0.05,0.1104,0.04625,8,平时
8/3/2020 8:00,,0.68876,0.027,0.05,0.1104,0.04625,8,平时
8/3/2020 9:00,,0.68876,0.027,0.05,0.1104,0.04625,8,平时
8/3/2020 10:00,,0.68876,0.027,0.05,0.1104,0.04625,8,平时
8/3/2020 11:00,,0.68876,0.027,0.05,0.1104,0.04625,8,平时
8/3/2020 12:00,,0.30325,0.027,0.05,0.1104,0.04625,8,低谷
8/3/2020 13:00,,0.30325,0.027,0.05,0.1104,0.04625,8,低谷
8/3/2020 14:00,,0.68876,0.027,0.05,0.1104,0.04625,8,平时
8/3/2020 15:00,,0.68876,0.027,0.05,0.1104,0.04625,8,平时
8/3/2020 16:00,,1.06445,0.027,0.05,0.1104,0.04625,8,高峰
8/3/2020 17:00,,1.06445,0.027,0.05,0.1104,0.04625,8,高峰
8/3/2020 18:00,,1.06445,0.027,0.05,0.1104,0.04625,8,高峰
8/3/2020 19:00,,1.06445,0.027,0.05,0.1104,0.04625,8,高峰
8/3/2020 20:00,,1.25601,0.027,0.05,0.1104,0.04625,8,尖峰
8/3/2020 21:00,,1.25601,0.027,0.05,0.1104,0.04625,8,尖峰
8/3/2020 22:00,,1.25601,0.027,0.05,0.1104,0.04625,8,尖峰
8/3/2020 23:00,,1.25601,0.027,0.05,0.1104,0.04625,8,尖峰
8/4/2020 0:00,,0.30325,0.027,0.05,0.1104,0.04625,8,低谷
8/4/2020 1:00,,0.30325,0.027,0.05,0.1104,0.04625,8,低谷
8/4/2020 2:00,,0.30325,0.027,0.05,0.1104,0.04625,8,低谷
8/4/2020 3:00,,0.30325,0.027,0.05,0.1104,0.04625,8,低谷
8/4/2020 4:00,,0.30325,0.027,0.05,0.1104,0.04625,8,低谷
8/4/2020 5:00,,0.30325,0.027,0.05,0.1104,0.04625,8,低谷
8/4/2020 6:00,,0.68876,0.027,0.05,0.1104,0.04625,8,平时
8/4/2020 7:00,,0.68876,0.027,0.05,0.1104,0.04625,8,平时
8/4/2020 8:00,,0.68876,0.027,0.05,0.1104,0.04625,8,平时
8/4/2020 9:00,,0.68876,0.027,0.05,0.1104,0.04625,8,平时
8/4/2020 10:00,,0.68876,0.027,0.05,0.1104,0.04625,8,平时
8/4/2020 11:00,,0.68876,0.027,0.05,0.1104,0.04625,8,平时
8/4/2020 12:00,,0.30325,0.027,0.05,0.1104,0.04625,8,低谷
8/4/2020 13:00,,0.30325,0.027,0.05,0.1104,0.04625,8,低谷
8/4/2020 14:00,,0.68876,0.027,0.05,0.1104,0.04625,8,平时
8/4/2020 15:00,,0.68876,0.027,0.05,0.1104,0.04625,8,平时
8/4/2020 16:00,,1.06445,0.027,0.05,0.1104,0.04625,8,高峰
8/4/2020 17:00,,1.06445,0.027,0.05,0.1104,0.04625,8,高峰
8/4/2020 18:00,,1.06445,0.027,0.05,0.1104,0.04625,8,高峰
8/4/2020 19:00,,1.06445,0.027,0.05,0.1104,0.04625,8,高峰
8/4/2020 20:00,,1.25601,0.027,0.05,0.1104,0.04625,8,尖峰
8/4/2020 21:00,,1.25601,0.027,0.05,0.1104,0.04625,8,尖峰
8/4/2020 22:00,,1.25601,0.027,0.05,0.1104,0.04625,8,尖峰
8/4/2020 23:00,,1.25601,0.027,0.05,0.1104,0.04625,8,尖峰
8/5/2020 0:00,,0.30325,0.027,0.05,0.1104,0.04625,8,低谷
8/5/2020 1:00,,0.30325,0.027,0.05,0.1104,0.04625,8,低谷
8/5/2020 2:00,,0.30325,0.027,0.05,0.1104,0.04625,8,低谷
8/5/2020 3:00,,0.30325,0.027,0.05,0.1104,0.04625,8,低谷
8/5/2020 4:00,,0.30325,0.027,0.05,0.1104,0.04625,8,低谷
8/5/2020 5:00,,0.30325,0.027,0.05,0.1104,0.04625,8,低谷
8/5/2020 6:00,,0.68876,0.027,0.05,0.1104,0.04625,8,平时
8/5/2020 7:00,,0.68876,0.027,0.05,0.1104,0.04625,8,平时
8/5/2020 8:00,,0.68876,0.027,0.05,0.1104,0.04625,8,平时
8/5/2020 9:00,,0.68876,0.027,0.05,0.1104,0.04625,8,平时
8/5/2020 10:00,,0.68876,0.027,0.05,0.1104,0.04625,8,平时
8/5/2020 11:00,,0.68876,0.027,0.05,0.1104,0.04625,8,平时
8/5/2020 12:00,,0.30325,0.027,0.05,0.1104,0.04625,8,低谷
8/5/2020 13:00,,0.30325,0.027,0.05,0.1104,0.04625,8,低谷
8/5/2020 14:00,,0.68876,0.027,0.05,0.1104,0.04625,8,平时
8/5/2020 15:00,,0.68876,0.027,0.05,0.1104,0.04625,8,平时
8/5/2020 16:00,,1.06445,0.027,0.05,0.1104,0.04625,8,高峰
8/5/2020 17:00,,1.06445,0.027,0.05,0.1104,0.04625,8,高峰
8/5/2020 18:00,,1.06445,0.027,0.05,0.1104,0.04625,8,高峰
8/5/2020 19:00,,1.06445,0.027,0.05,0.1104,0.04625,8,高峰
8/5/2020 20:00,,1.25601,0.027,0.05,0.1104,0.04625,8,尖峰
8/5/2020 21:00,,1.25601,0.027,0.05,0.1104,0.04625,8,尖峰
8/5/2020 22:00,,1.25601,0.027,0.05,0.1104,0.04625,8,尖峰
8/5/2020 23:00,,1.25601,0.027,0.05,0.1104,0.04625,8,尖峰
8/6/2020 0:00,,0.30325,0.027,0.05,0.1104,0.04625,8,低谷
8/6/2020 1:00,,0.30325,0.027,0.05,0.1104,0.04625,8,低谷
8/6/2020 2:00,,0.30325,0.027,0.05,0.1104,0.04625,8,低谷
8/6/2020 3:00,,0.30325,0.027,0.05,0.1104,0.04625,8,低谷
8/6/2020 4:00,,0.30325,0.027,0.05,0.1104,0.04625,8,低谷
8/6/2020 5:00,,0.30325,0.027,0.05,0.1104,0.04625,8,低谷
8/6/2020 6:00,,0.68876,0.027,0.05,0.1104,0.04625,8,平时
8/6/2020 7:00,,0.68876,0.027,0.05,0.1104,0.04625,8,平时
8/6/2020 8:00,,0.68876,0.027,0.05,0.1104,0.04625,8,平时
8/6/2020 9:00,,0.68876,0.027,0.05,0.1104,0.04625,8,平时
8/6/2020 10:00,,0.68876,0.027,0.05,0.1104,0.04625,8,平时
8/6/2020 11:00,,0.68876,0.027,0.05,0.1104,0.04625,8,平时
8/6/2020 12:00,,0.30325,0.027,0.05,0.1104,0.04625,8,低谷
8/6/2020 13:00,,0.30325,0.027,0.05,0.1104,0.04625,8,低谷
8/6/2020 14:00,,0.68876,0.027,0.05,0.1104,0.04625,8,平时
8/6/2020 15:00,,0.68876,0.027,0.05,0.1104,0.04625,8,平时
8/6/2020 16:00,,1.06445,0.027,0.05,0.1104,0.04625,8,高峰
8/6/2020 17:00,,1.06445,0.027,0.05,0.1104,0.04625,8,高峰
8/6/2020 18:00,,1.06445,0.027,0.05,0.1104,0.04625,8,高峰
8/6/2020 19:00,,1.06445,0.027,0.05,0.1104,0.04625,8,高峰
8/6/2020 20:00,,1.25601,0.027,0.05,0.1104,0.04625,8,尖峰
8/6/2020 21:00,,1.25601,0.027,0.05,0.1104,0.04625,8,尖峰
8/6/2020 22:00,,1.25601,0.027,0.05,0.1104,0.04625,8,尖峰
8/6/2020 23:00,,1.25601,0.027,0.05,0.1104,0.04625,8,尖峰
8/7/2020 0:00,,0.30325,0.027,0.05,0.1104,0.04625,8,低谷
8/7/2020 1:00,,0.30325,0.027,0.05,0.1104,0.04625,8,低谷
8/7/2020 2:00,,0.30325,0.027,0.05,0.1104,0.04625,8,低谷
8/7/2020 3:00,,0.30325,0.027,0.05,0.1104,0.04625,8,低谷
8/7/2020 4:00,,0.30325,0.027,0.05,0.1104,0.04625,8,低谷
8/7/2020 5:00,,0.30325,0.027,0.05,0.1104,0.04625,8,低谷
8/7/2020 6:00,,0.68876,0.027,0.05,0.1104,0.04625,8,平时
8/7/2020 7:00,,0.68876,0.027,0.05,0.1104,0.04625,8,平时
8/7/2020 8:00,,0.68876,0.027,0.05,0.1104,0.04625,8,平时
8/7/2020 9:00,,0.68876,0.027,0.05,0.1104,0.04625,8,平时
8/7/2020 10:00,,0.68876,0.027,0.05,0.1104,0.04625,8,平时
8/7/2020 11:00,,0.68876,0.027,0.05,0.1104,0.04625,8,平时
8/7/2020 12:00,,0.30325,0.027,0.05,0.1104,0.04625,8,低谷
8/7/2020 13:00,,0.30325,0.027,0.05,0.1104,0.04625,8,低谷
8/7/2020 14:00,,0.68876,0.027,0.05,0.1104,0.04625,8,平时
8/7/2020 15:00,,0.68876,0.027,0.05,0.1104,0.04625,8,平时
8/7/2020 16:00,,1.06445,0.027,0.05,0.1104,0.04625,8,高峰
8/7/2020 17:00,,1.06445,0.027,0.05,0.1104,0.04625,8,高峰
8/7/2020 18:00,,1.06445,0.027,0.05,0.1104,0.04625,8,高峰
8/7/2020 19:00,,1.06445,0.027,0.05,0.1104,0.04625,8,高峰
8/7/2020 20:00,,1.25601,0.027,0.05,0.1104,0.04625,8,尖峰
8/7/2020 21:00,,1.25601,0.027,0.05,0.1104,0.04625,8,尖峰
8/7/2020 22:00,,1.25601,0.027,0.05,0.1104,0.04625,8,尖峰
8/7/2020 23:00,,1.25601,0.027,0.05,0.1104,0.04625,8,尖峰
8/8/2020 0:00,,0.30325,0.027,0.05,0.1104,0.04625,8,低谷
8/8/2020 1:00,,0.30325,0.027,0.05,0.1104,0.04625,8,低谷
8/8/2020 2:00,,0.30325,0.027,0.05,0.1104,0.04625,8,低谷
8/8/2020 3:00,,0.30325,0.027,0.05,0.1104,0.04625,8,低谷
8/8/2020 4:00,,0.30325,0.027,0.05,0.1104,0.04625,8,低谷
8/8/2020 5:00,,0.30325,0.027,0.05,0.1104,0.04625,8,低谷
8/8/2020 6:00,,0.68876,0.027,0.05,0.1104,0.04625,8,平时
8/8/2020 7:00,,0.68876,0.027,0.05,0.1104,0.04625,8,平时
8/8/2020 8:00,,0.68876,0.027,0.05,0.1104,0.04625,8,平时
8/8/2020 9:00,,0.68876,0.027,0.05,0.1104,0.04625,8,平时
8/8/2020 10:00,,0.68876,0.027,0.05,0.1104,0.04625,8,平时
8/8/2020 11:00,,0.68876,0.027,0.05,0.1104,0.04625,8,平时
8/8/2020 12:00,,0.30325,0.027,0.05,0.1104,0.04625,8,低谷
8/8/2020 13:00,,0.30325,0.027,0.05,0.1104,0.04625,8,低谷
8/8/2020 14:00,,0.68876,0.027,0.05,0.1104,0.04625,8,平时
8/8/2020 15:00,,0.68876,0.027,0.05,0.1104,0.04625,8,平时
8/8/2020 16:00,,1.06445,0.027,0.05,0.1104,0.04625,8,高峰
8/8/2020 17:00,,1.06445,0.027,0.05,0.1104,0.04625,8,高峰
8/8/2020 18:00,,1.06445,0.027,0.05,0.1104,0.04625,8,高峰
8/8/2020 19:00,,1.06445,0.027,0.05,0.1104,0.04625,8,高峰
8/8/2020 20:00,,1.25601,0.027,0.05,0.1104,0.04625,8,尖峰
8/8/2020 21:00,,1.25601,0.027,0.05,0.1104,0.04625,8,尖峰
8/8/2020 22:00,,1.25601,0.027,0.05,0.1104,0.04625,8,尖峰
8/8/2020 23:00,,1.25601,0.027,0.05,0.1104,0.04625,8,尖峰
8/9/2020 0:00,,0.30325,0.027,0.05,0.1104,0.04625,8,低谷
8/9/2020 1:00,,0.30325,0.027,0.05,0.1104,0.04625,8,低谷
8/9/2020 2:00,,0.30325,0.027,0.05,0.1104,0.04625,8,低谷
8/9/2020 3:00,,0.30325,0.027,0.05,0.1104,0.04625,8,低谷
8/9/2020 4:00,,0.30325,0.027,0.05,0.1104,0.04625,8,低谷
8/9/2020 5:00,,0.30325,0.027,0.05,0.1104,0.04625,8,低谷
8/9/2020 6:00,,0.68876,0.027,0.05,0.1104,0.04625,8,平时
8/9/2020 7:00,,0.68876,0.027,0.05,0.1104,0.04625,8,平时
8/9/2020 8:00,,0.68876,0.027,0.05,0.1104,0.04625,8,平时
8/9/2020 9:00,,0.68876,0.027,0.05,0.1104,0.04625,8,平时
8/9/2020 10:00,,0.68876,0.027,0.05,0.1104,0.04625,8,平时
8/9/2020 11:00,,0.68876,0.027,0.05,0.1104,0.04625,8,平时
8/9/2020 12:00,,0.30325,0.027,0.05,0.1104,0.04625,8,低谷
8/9/2020 13:00,,0.30325,0.027,0.05,0.1104,0.04625,8,低谷
8/9/2020 14:00,,0.68876,0.027,0.05,0.1104,0.04625,8,平时
8/9/2020 15:00,,0.68876,0.027,0.05,0.1104,0.04625,8,平时
8/9/2020 16:00,,1.06445,0.027,0.05,0.1104,0.04625,8,高峰
8/9/2020 17:00,,1.06445,0.027,0.05,0.1104,0.04625,8,高峰
8/9/2020 18:00,,1.06445,0.027,0.05,0.1104,0.04625,8,高峰
8/9/2020 19:00,,1.06445,0.027,0.05,0.1104,0.04625,8,高峰
8/9/2020 20:00,,1.25601,0.027,0.05,0.1104,0.04625,8,尖峰
8/9/2020 21:00,,1.25601,0.027,0.05,0.1104,0.04625,8,尖峰
8/9/2020 22:00,,1.25601,0.027,0.05,0.1104,0.04625,8,尖峰
8/9/2020 23:00,,1.25601,0.027,0.05,0.1104,0.04625,8,尖峰
8/10/2020 0:00,,0.30325,0.027,0.05,0.1104,0.04625,8,低谷
8/10/2020 1:00,,0.30325,0.027,0.05,0.1104,0.04625,8,低谷
8/10/2020 2:00,,0.30325,0.027,0.05,0.1104,0.04625,8,低谷
8/10/2020 3:00,,0.30325,0.027,0.05,0.1104,0.04625,8,低谷
8/10/2020 4:00,,0.30325,0.027,0.05,0.1104,0.04625,8,低谷
8/10/2020 5:00,,0.30325,0.027,0.05,0.1104,0.04625,8,低谷
8/10/2020 6:00,,0.68876,0.027,0.05,0.1104,0.04625,8,平时
8/10/2020 7:00,,0.68876,0.027,0.05,0.1104,0.04625,8,平时
8/10/2020 8:00,,0.68876,0.027,0.05,0.1104,0.04625,8,平时
8/10/2020 9:00,,0.68876,0.027,0.05,0.1104,0.04625,8,平时
8/10/2020 10:00,,0.68876,0.027,0.05,0.1104,0.04625,8,平时
8/10/2020 11:00,,0.68876,0.027,0.05,0.1104,0.04625,8,平时
8/10/2020 12:00,,0.30325,0.027,0.05,0.1104,0.04625,8,低谷
8/10/2020 13:00,,0.30325,0.027,0.05,0.1104,0.04625,8,低谷
8/10/2020 14:00,,0.68876,0.027,0.05,0.1104,0.04625,8,平时
8/10/2020 15:00,,0.68876,0.027,0.05,0.1104,0.04625,8,平时
8/10/2020 16:00,,1.06445,0.027,0.05,0.1104,0.04625,8,高峰
8/10/2020 17:00,,1.06445,0.027,0.05,0.1104,0.04625,8,高峰
8/10/2020 18:00,,1.06445,0.027,0.05,0.1104,0.04625,8,高峰
8/10/2020 19:00,,1.06445,0.027,0.05,0.1104,0.04625,8,高峰
8/10/2020 20:00,,1.25601,0.027,0.05,0.1104,0.04625,8,尖峰
8/10/2020 21:00,,1.25601,0.027,0.05,0.1104,0.04625,8,尖峰
8/10/2020 22:00,,1.25601,0.027,0.05,0.1104,0.04625,8,尖峰
8/10/2020 23:00,,1.25601,0.027,0.05,0.1104,0.04625,8,尖峰
8/11/2020 0:00,,0.30325,0.027,0.05,0.1104,0.04625,8,低谷
8/11/2020 1:00,,0.30325,0.027,0.05,0.1104,0.04625,8,低谷
8/11/2020 2:00,,0.30325,0.027,0.05,0.1104,0.04625,8,低谷
8/11/2020 3:00,,0.30325,0.027,0.05,0.1104,0.04625,8,低谷
8/11/2020 4:00,,0.30325,0.027,0.05,0.1104,0.04625,8,低谷
8/11/2020 5:00,,0.30325,0.027,0.05,0.1104,0.04625,8,低谷
8/11/2020 6:00,,0.68876,0.027,0.05,0.1104,0.04625,8,平时
8/11/2020 7:00,,0.68876,0.027,0.05,0.1104,0.04625,8,平时
8/11/2020 8:00,,0.68876,0.027,0.05,0.1104,0.04625,8,平时
8/11/2020 9:00,,0.68876,0.027,0.05,0.1104,0.04625,8,平时
8/11/2020 10:00,,0.68876,0.027,0.05,0.1104,0.04625,8,平时
8/11/2020 11:00,,0.68876,0.027,0.05,0.1104,0.04625,8,平时
8/11/2020 12:00,,0.30325,0.027,0.05,0.1104,0.04625,8,低谷
8/11/2020 13:00,,0.30325,0.027,0.05,0.1104,0.04625,8,低谷
8/11/2020 14:00,,0.68876,0.027,0.05,0.1104,0.04625,8,平时
8/11/2020 15:00,,0.68876,0.027,0.05,0.1104,0.04625,8,平时
8/11/2020 16:00,,1.06445,0.027,0.05,0.1104,0.04625,8,高峰
8/11/2020 17:00,,1.06445,0.027,0.05,0.1104,0.04625,8,高峰
8/11/2020 18:00,,1.06445,0.027,0.05,0.1104,0.04625,8,高峰
8/11/2020 19:00,,1.06445,0.027,0.05,0.1104,0.04625,8,高峰
8/11/2020 20:00,,1.25601,0.027,0.05,0.1104,0.04625,8,尖峰
8/11/2020 21:00,,1.25601,0.027,0.05,0.1104,0.04625,8,尖峰
8/11/2020 22:00,,1.25601,0.027,0.05,0.1104,0.04625,8,尖峰
8/11/2020 23:00,,1.25601,0.027,0.05,0.1104,0.04625,8,尖峰
8/12/2020 0:00,,0.30325,0.027,0.05,0.1104,0.04625,8,低谷
8/12/2020 1:00,,0.30325,0.027,0.05,0.1104,0.04625,8,低谷
8/12/2020 2:00,,0.30325,0.027,0.05,0.1104,0.04625,8,低谷
8/12/2020 3:00,,0.30325,0.027,0.05,0.1104,0.04625,8,低谷
8/12/2020 4:00,,0.30325,0.027,0.05,0.1104,0.04625,8,低谷
8/12/2020 5:00,,0.30325,0.027,0.05,0.1104,0.04625,8,低谷
8/12/2020 6:00,,0.68876,0.027,0.05,0.1104,0.04625,8,平时
8/12/2020 7:00,,0.68876,0.027,0.05,0.1104,0.04625,8,平时
8/12/2020 8:00,,0.68876,0.027,0.05,0.1104,0.04625,8,平时
8/12/2020 9:00,,0.68876,0.027,0.05,0.1104,0.04625,8,平时
8/12/2020 10:00,,0.68876,0.027,0.05,0.1104,0.04625,8,平时
8/12/2020 11:00,,0.68876,0.027,0.05,0.1104,0.04625,8,平时
8/12/2020 12:00,,0.30325,0.027,0.05,0.1104,0.04625,8,低谷
8/12/2020 13:00,,0.30325,0.027,0.05,0.1104,0.04625,8,低谷
8/12/2020 14:00,,0.68876,0.027,0.05,0.1104,0.04625,8,平时
8/12/2020 15:00,,0.68876,0.027,0.05,0.1104,0.04625,8,平时
8/12/2020 16:00,,1.06445,0.027,0.05,0.1104,0.04625,8,高峰
8/12/2020 17:00,,1.06445,0.027,0.05,0.1104,0.04625,8,高峰
8/12/2020 18:00,,1.06445,0.027,0.05,0.1104,0.04625,8,高峰
8/12/2020 19:00,,1.06445,0.027,0.05,0.1104,0.04625,8,高峰
8/12/2020 20:00,,1.25601,0.027,0.05,0.1104,0.04625,8,尖峰
8/12/2020 21:00,,1.25601,0.027,0.05,0.1104,0.04625,8,尖峰
8/12/2020 22:00,,1.25601,0.027,0.05,0.1104,0.04625,8,尖峰
8/12/2020 23:00,,1.25601,0.027,0.05,0.1104,0.04625,8,尖峰
8/13/2020 0:00,,0.30325,0.027,0.05,0.1104,0.04625,8,低谷
8/13/2020 1:00,,0.30325,0.027,0.05,0.1104,0.04625,8,低谷
8/13/2020 2:00,,0.30325,0.027,0.05,0.1104,0.04625,8,低谷
8/13/2020 3:00,,0.30325,0.027,0.05,0.1104,0.04625,8,低谷
8/13/2020 4:00,,0.30325,0.027,0.05,0.1104,0.04625,8,低谷
8/13/2020 5:00,,0.30325,0.027,0.05,0.1104,0.04625,8,低谷
8/13/2020 6:00,,0.68876,0.027,0.05,0.1104,0.04625,8,平时
8/13/2020 7:00,,0.68876,0.027,0.05,0.1104,0.04625,8,平时
8/13/2020 8:00,,0.68876,0.027,0.05,0.1104,0.04625,8,平时
8/13/2020 9:00,,0.68876,0.027,0.05,0.1104,0.04625,8,平时
8/13/2020 10:00,,0.68876,0.027,0.05,0.1104,0.04625,8,平时
8/13/2020 11:00,,0.68876,0.027,0.05,0.1104,0.04625,8,平时
8/13/2020 12:00,,0.30325,0.027,0.05,0.1104,0.04625,8,低谷
8/13/2020 13:00,,0.30325,0.027,0.05,0.1104,0.04625,8,低谷
8/13/2020 14:00,,0.68876,0.027,0.05,0.1104,0.04625,8,平时
8/13/2020 15:00,,0.68876,0.027,0.05,0.1104,0.04625,8,平时
8/13/2020 16:00,,1.06445,0.027,0.05,0.1104,0.04625,8,高峰
8/13/2020 17:00,,1.06445,0.027,0.05,0.1104,0.04625,8,高峰
8/13/2020 18:00,,1.06445,0.027,0.05,0.1104,0.04625,8,高峰
8/13/2020 19:00,,1.06445,0.027,0.05,0.1104,0.04625,8,高峰
8/13/2020 20:00,,1.25601,0.027,0.05,0.1104,0.04625,8,尖峰
8/13/2020 21:00,,1.25601,0.027,0.05,0.1104,0.04625,8,尖峰
8/13/2020 22:00,,1.25601,0.027,0.05,0.1104,0.04625,8,尖峰
8/13/2020 23:00,,1.25601,0.027,0.05,0.1104,0.04625,8,尖峰
8/14/2020 0:00,,0.30325,0.027,0.05,0.1104,0.04625,8,低谷
8/14/2020 1:00,,0.30325,0.027,0.05,0.1104,0.04625,8,低谷
8/14/2020 2:00,,0.30325,0.027,0.05,0.1104,0.04625,8,低谷
8/14/2020 3:00,,0.30325,0.027,0.05,0.1104,0.04625,8,低谷
8/14/2020 4:00,,0.30325,0.027,0.05,0.1104,0.04625,8,低谷
8/14/2020 5:00,,0.30325,0.027,0.05,0.1104,0.04625,8,低谷
8/14/2020 6:00,,0.68876,0.027,0.05,0.1104,0.04625,8,平时
8/14/2020 7:00,,0.68876,0.027,0.05,0.1104,0.04625,8,平时
8/14/2020 8:00,,0.68876,0.027,0.05,0.1104,0.04625,8,平时
8/14/2020 9:00,,0.68876,0.027,0.05,0.1104,0.04625,8,平时
8/14/2020 10:00,,0.68876,0.027,0.05,0.1104,0.04625,8,平时
8/14/2020 11:00,,0.68876,0.027,0.05,0.1104,0.04625,8,平时
8/14/2020 12:00,,0.30325,0.027,0.05,0.1104,0.04625,8,低谷
8/14/2020 13:00,,0.30325,0.027,0.05,0.1104,0.04625,8,低谷
8/14/2020 14:00,,0.68876,0.027,0.05,0.1104,0.04625,8,平时
8/14/2020 15:00,,0.68876,0.027,0.05,0.1104,0.04625,8,平时
8/14/2020 16:00,,1.06445,0.027,0.05,0.1104,0.04625,8,高峰
8/14/2020 17:00,,1.06445,0.027,0.05,0.1104,0.04625,8,高峰
8/14/2020 18:00,,1.06445,0.027,0.05,0.1104,0.04625,8,高峰
8/14/2020 19:00,,1.06445,0.027,0.05,0.1104,0.04625,8,高峰
8/14/2020 20:00,,1.25601,0.027,0.05,0.1104,0.04625,8,尖峰
8/14/2020 21:00,,1.25601,0.027,0.05,0.1104,0.04625,8,尖峰
8/14/2020 22:00,,1.25601,0.027,0.05,0.1104,0.04625,8,尖峰
8/14/2020 23:00,,1.25601,0.027,0.05,0.1104,0.04625,8,尖峰
8/15/2020 0:00,,0.30325,0.027,0.05,0.1104,0.04625,8,低谷
8/15/2020 1:00,,0.30325,0.027,0.05,0.1104,0.04625,8,低谷
8/15/2020 2:00,,0.30325,0.027,0.05,0.1104,0.04625,8,低谷
8/15/2020 3:00,,0.30325,0.027,0.05,0.1104,0.04625,8,低谷
8/15/2020 4:00,,0.30325,0.027,0.05,0.1104,0.04625,8,低谷
8/15/2020 5:00,,0.30325,0.027,0.05,0.1104,0.04625,8,低谷
8/15/2020 6:00,,0.68876,0.027,0.05,0.1104,0.04625,8,平时
8/15/2020 7:00,,0.68876,0.027,0.05,0.1104,0.04625,8,平时
8/15/2020 8:00,,0.68876,0.027,0.05,0.1104,0.04625,8,平时
8/15/2020 9:00,,0.68876,0.027,0.05,0.1104,0.04625,8,平时
8/15/2020 10:00,,0.68876,0.027,0.05,0.1104,0.04625,8,平时
8/15/2020 11:00,,0.68876,0.027,0.05,0.1104,0.04625,8,平时
8/15/2020 12:00,,0.30325,0.027,0.05,0.1104,0.04625,8,低谷
8/15/2020 13:00,,0.30325,0.027,0.05,0.1104,0.04625,8,低谷
8/15/2020 14:00,,0.68876,0.027,0.05,0.1104,0.04625,8,平时
8/15/2020 15:00,,0.68876,0.027,0.05,0.1104,0.04625,8,平时
8/15/2020 16:00,,1.06445,0.027,0.05,0.1104,0.04625,8,高峰
8/15/2020 17:00,,1.06445,0.027,0.05,0.1104,0.04625,8,高峰
8/15/2020 18:00,,1.06445,0.027,0.05,0.1104,0.04625,8,高峰
8/15/2020 19:00,,1.06445,0.027,0.05,0.1104,0.04625,8,高峰
8/15/2020 20:00,,1.25601,0.027,0.05,0.1104,0.04625,8,尖峰
8/15/2020 21:00,,1.25601,0.027,0.05,0.1104,0.04625,8,尖峰
8/15/2020 22:00,,1.25601,0.027,0.05,0.1104,0.04625,8,尖峰
8/15/2020 23:00,,1.25601,0.027,0.05,0.1104,0.04625,8,尖峰
8/16/2020 0:00,,0.30325,0.027,0.05,0.1104,0.04625,8,低谷
8/16/2020 1:00,,0.30325,0.027,0.05,0.1104,0.04625,8,低谷
8/16/2020 2:00,,0.30325,0.027,0.05,0.1104,0.04625,8,低谷
8/16/2020 3:00,,0.30325,0.027,0.05,0.1104,0.04625,8,低谷
8/16/2020 4:00,,0.30325,0.027,0.05,0.1104,0.04625,8,低谷
8/16/2020 5:00,,0.30325,0.027,0.05,0.1104,0.04625,8,低谷
8/16/2020 6:00,,0.68876,0.027,0.05,0.1104,0.04625,8,平时
8/16/2020 7:00,,0.68876,0.027,0.05,0.1104,0.04625,8,平时
8/16/2020 8:00,,0.68876,0.027,0.05,0.1104,0.04625,8,平时
8/16/2020 9:00,,0.68876,0.027,0.05,0.1104,0.04625,8,平时
8/16/2020 10:00,,0.68876,0.027,0.05,0.1104,0.04625,8,平时
8/16/2020 11:00,,0.68876,0.027,0.05,0.1104,0.04625,8,平时
8/16/2020 12:00,,0.30325,0.027,0.05,0.1104,0.04625,8,低谷
8/16/2020 13:00,,0.30325,0.027,0.05,0.1104,0.04625,8,低谷
8/16/2020 14:00,,0.68876,0.027,0.05,0.1104,0.04625,8,平时
8/16/2020 15:00,,0.68876,0.027,0.05,0.1104,0.04625,8,平时
8/16/2020 16:00,,1.06445,0.027,0.05,0.1104,0.04625,8,高峰
8/16/2020 17:00,,1.06445,0.027,0.05,0.1104,0.04625,8,高峰
8/16/2020 18:00,,1.06445,0.027,0.05,0.1104,0.04625,8,高峰
8/16/2020 19:00,,1.06445,0.027,0.05,0.1104,0.04625,8,高峰
8/16/2020 20:00,,1.25601,0.027,0.05,0.1104,0.04625,8,尖峰
8/16/2020 21:00,,1.25601,0.027,0.05,0.1104,0.04625,8,尖峰
8/16/2020 22:00,,1.25601,0.027,0.05,0.1104,0.04625,8,尖峰
8/16/2020 23:00,,1.25601,0.027,0.05,0.1104,0.04625,8,尖峰
8/17/2020 0:00,,0.30325,0.027,0.05,0.1104,0.04625,8,低谷
8/17/2020 1:00,,0.30325,0.027,0.05,0.1104,0.04625,8,低谷
8/17/2020 2:00,,0.30325,0.027,0.05,0.1104,0.04625,8,低谷
8/17/2020 3:00,,0.30325,0.027,0.05,0.1104,0.04625,8,低谷
8/17/2020 4:00,,0.30325,0.027,0.05,0.1104,0.04625,8,低谷
8/17/2020 5:00,,0.30325,0.027,0.05,0.1104,0.04625,8,低谷
8/17/2020 6:00,,0.68876,0.027,0.05,0.1104,0.04625,8,平时
8/17/2020 7:00,,0.68876,0.027,0.05,0.1104,0.04625,8,平时
8/17/2020 8:00,,0.68876,0.027,0.05,0.1104,0.04625,8,平时
8/17/2020 9:00,,0.68876,0.027,0.05,0.1104,0.04625,8,平时
8/17/2020 10:00,,0.68876,0.027,0.05,0.1104,0.04625,8,平时
8/17/2020 11:00,,0.68876,0.027,0.05,0.1104,0.04625,8,平时
8/17/2020 12:00,,0.30325,0.027,0.05,0.1104,0.04625,8,低谷
8/17/2020 13:00,,0.30325,0.027,0.05,0.1104,0.04625,8,低谷
8/17/2020 14:00,,0.68876,0.027,0.05,0.1104,0.04625,8,平时
8/17/2020 15:00,,0.68876,0.027,0.05,0.1104,0.04625,8,平时
8/17/2020 16:00,,1.06445,0.027,0.05,0.1104,0.04625,8,高峰
8/17/2020 17:00,,1.06445,0.027,0.05,0.1104,0.04625,8,高峰
8/17/2020 18:00,,1.06445,0.027,0.05,0.1104,0.04625,8,高峰
8/17/2020 19:00,,1.06445,0.027,0.05,0.1104,0.04625,8,高峰
8/17/2020 20:00,,1.25601,0.027,0.05,0.1104,0.04625,8,尖峰
8/17/2020 21:00,,1.25601,0.027,0.05,0.1104,0.04625,8,尖峰
8/17/2020 22:00,,1.25601,0.027,0.05,0.1104,0.04625,8,尖峰
8/17/2020 23:00,,1.25601,0.027,0.05,0.1104,0.04625,8,尖峰
8/18/2020 0:00,,0.30325,0.027,0.05,0.1104,0.04625,8,低谷
8/18/2020 1:00,,0.30325,0.027,0.05,0.1104,0.04625,8,低谷
8/18/2020 2:00,,0.30325,0.027,0.05,0.1104,0.04625,8,低谷
8/18/2020 3:00,,0.30325,0.027,0.05,0.1104,0.04625,8,低谷
8/18/2020 4:00,,0.30325,0.027,0.05,0.1104,0.04625,8,低谷
8/18/2020 5:00,,0.30325,0.027,0.05,0.1104,0.04625,8,低谷
8/18/2020 6:00,,0.68876,0.027,0.05,0.1104,0.04625,8,平时
8/18/2020 7:00,,0.68876,0.027,0.05,0.1104,0.04625,8,平时
8/18/2020 8:00,,0.68876,0.027,0.05,0.1104,0.04625,8,平时
8/18/2020 9:00,,0.68876,0.027,0.05,0.1104,0.04625,8,平时
8/18/2020 10:00,,0.68876,0.027,0.05,0.1104,0.04625,8,平时
8/18/2020 11:00,,0.68876,0.027,0.05,0.1104,0.04625,8,平时
8/18/2020 12:00,,0.30325,0.027,0.05,0.1104,0.04625,8,低谷
8/18/2020 13:00,,0.30325,0.027,0.05,0.1104,0.04625,8,低谷
8/18/2020 14:00,,0.68876,0.027,0.05,0.1104,0.04625,8,平时
8/18/2020 15:00,,0.68876,0.027,0.05,0.1104,0.04625,8,平时
8/18/2020 16:00,,1.06445,0.027,0.05,0.1104,0.04625,8,高峰
8/18/2020 17:00,,1.06445,0.027,0.05,0.1104,0.04625,8,高峰
8/18/2020 18:00,,1.06445,0.027,0.05,0.1104,0.04625,8,高峰
8/18/2020 19:00,,1.06445,0.027,0.05,0.1104,0.04625,8,高峰
8/18/2020 20:00,,1.25601,0.027,0.05,0.1104,0.04625,8,尖峰
8/18/2020 21:00,,1.25601,0.027,0.05,0.1104,0.04625,8,尖峰
8/18/2020 22:00,,1.25601,0.027,0.05,0.1104,0.04625,8,尖峰
8/18/2020 23:00,,1.25601,0.027,0.05,0.1104,0.04625,8,尖峰
8/19/2020 0:00,,0.30325,0.027,0.05,0.1104,0.04625,8,低谷
8/19/2020 1:00,,0.30325,0.027,0.05,0.1104,0.04625,8,低谷
8/19/2020 2:00,,0.30325,0.027,0.05,0.1104,0.04625,8,低谷
8/19/2020 3:00,,0.30325,0.027,0.05,0.1104,0.04625,8,低谷
8/19/2020 4:00,,0.30325,0.027,0.05,0.1104,0.04625,8,低谷
8/19/2020 5:00,,0.30325,0.027,0.05,0.1104,0.04625,8,低谷
8/19/2020 6:00,,0.68876,0.027,0.05,0.1104,0.04625,8,平时
8/19/2020 7:00,,0.68876,0.027,0.05,0.1104,0.04625,8,平时
8/19/2020 8:00,,0.68876,0.027,0.05,0.1104,0.04625,8,平时
8/19/2020 9:00,,0.68876,0.027,0.05,0.1104,0.04625,8,平时
8/19/2020 10:00,,0.68876,0.027,0.05,0.1104,0.04625,8,平时
8/19/2020 11:00,,0.68876,0.027,0.05,0.1104,0.04625,8,平时
8/19/2020 12:00,,0.30325,0.027,0.05,0.1104,0.04625,8,低谷
8/19/2020 13:00,,0.30325,0.027,0.05,0.1104,0.04625,8,低谷
8/19/2020 14:00,,0.68876,0.027,0.05,0.1104,0.04625,8,平时
8/19/2020 15:00,,0.68876,0.027,0.05,0.1104,0.04625,8,平时
8/19/2020 16:00,,1.06445,0.027,0.05,0.1104,0.04625,8,高峰
8/19/2020 17:00,,1.06445,0.027,0.05,0.1104,0.04625,8,高峰
8/19/2020 18:00,,1.06445,0.027,0.05,0.1104,0.04625,8,高峰
8/19/2020 19:00,,1.06445,0.027,0.05,0.1104,0.04625,8,高峰
8/19/2020 20:00,,1.25601,0.027,0.05,0.1104,0.04625,8,尖峰
8/19/2020 21:00,,1.25601,0.027,0.05,0.1104,0.04625,8,尖峰
8/19/2020 22:00,,1.25601,0.027,0.05,0.1104,0.04625,8,尖峰
8/19/2020 23:00,,1.25601,0.027,0.05,0.1104,0.04625,8,尖峰
8/20/2020 0:00,,0.30325,0.027,0.05,0.1104,0.04625,8,低谷
8/20/2020 1:00,,0.30325,0.027,0.05,0.1104,0.04625,8,低谷
8/20/2020 2:00,,0.30325,0.027,0.05,0.1104,0.04625,8,低谷
8/20/2020 3:00,,0.30325,0.027,0.05,0.1104,0.04625,8,低谷
8/20/2020 4:00,,0.30325,0.027,0.05,0.1104,0.04625,8,低谷
8/20/2020 5:00,,0.30325,0.027,0.05,0.1104,0.04625,8,低谷
8/20/2020 6:00,,0.68876,0.027,0.05,0.1104,0.04625,8,平时
8/20/2020 7:00,,0.68876,0.027,0.05,0.1104,0.04625,8,平时
8/20/2020 8:00,,0.68876,0.027,0.05,0.1104,0.04625,8,平时
8/20/2020 9:00,,0.68876,0.027,0.05,0.1104,0.04625,8,平时
8/20/2020 10:00,,0.68876,0.027,0.05,0.1104,0.04625,8,平时
8/20/2020 11:00,,0.68876,0.027,0.05,0.1104,0.04625,8,平时
8/20/2020 12:00,,0.30325,0.027,0.05,0.1104,0.04625,8,低谷
8/20/2020 13:00,,0.30325,0.027,0.05,0.1104,0.04625,8,低谷
8/20/2020 14:00,,0.68876,0.027,0.05,0.1104,0.04625,8,平时
8/20/2020 15:00,,0.68876,0.027,0.05,0.1104,0.04625,8,平时
8/20/2020 16:00,,1.06445,0.027,0.05,0.1104,0.04625,8,高峰
8/20/2020 17:00,,1.06445,0.027,0.05,0.1104,0.04625,8,高峰
8/20/2020 18:00,,1.06445,0.027,0.05,0.1104,0.04625,8,高峰
8/20/2020 19:00,,1.06445,0.027,0.05,0.1104,0.04625,8,高峰
8/20/2020 20:00,,1.25601,0.027,0.05,0.1104,0.04625,8,尖峰
8/20/2020 21:00,,1.25601,0.027,0.05,0.1104,0.04625,8,尖峰
8/20/2020 22:00,,1.25601,0.027,0.05,0.1104,0.04625,8,尖峰
8/20/2020 23:00,,1.25601,0.027,0.05,0.1104,0.04625,8,尖峰
8/21/2020 0:00,,0.30325,0.027,0.05,0.1104,0.04625,8,低谷
8/21/2020 1:00,,0.30325,0.027,0.05,0.1104,0.04625,8,低谷
8/21/2020 2:00,,0.30325,0.027,0.05,0.1104,0.04625,8,低谷
8/21/2020 3:00,,0.30325,0.027,0.05,0.1104,0.04625,8,低谷
8/21/2020 4:00,,0.30325,0.027,0.05,0.1104,0.04625,8,低谷
8/21/2020 5:00,,0.30325,0.027,0.05,0.1104,0.04625,8,低谷
8/21/2020 6:00,,0.68876,0.027,0.05,0.1104,0.04625,8,平时
8/21/2020 7:00,,0.68876,0.027,0.05,0.1104,0.04625,8,平时
8/21/2020 8:00,,0.68876,0.027,0.05,0.1104,0.04625,8,平时
8/21/2020 9:00,,0.68876,0.027,0.05,0.1104,0.04625,8,平时
8/21/2020 10:00,,0.68876,0.027,0.05,0.1104,0.04625,8,平时
8/21/2020 11:00,,0.68876,0.027,0.05,0.1104,0.04625,8,平时
8/21/2020 12:00,,0.30325,0.027,0.05,0.1104,0.04625,8,低谷
8/21/2020 13:00,,0.30325,0.027,0.05,0.1104,0.04625,8,低谷
8/21/2020 14:00,,0.68876,0.027,0.05,0.1104,0.04625,8,平时
8/21/2020 15:00,,0.68876,0.027,0.05,0.1104,0.04625,8,平时
8/21/2020 16:00,,1.06445,0.027,0.05,0.1104,0.04625,8,高峰
8/21/2020 17:00,,1.06445,0.027,0.05,0.1104,0.04625,8,高峰
8/21/2020 18:00,,1.06445,0.027,0.05,0.1104,0.04625,8,高峰
8/21/2020 19:00,,1.06445,0.027,0.05,0.1104,0.04625,8,高峰
8/21/2020 20:00,,1.25601,0.027,0.05,0.1104,0.04625,8,尖峰
8/21/2020 21:00,,1.25601,0.027,0.05,0.1104,0.04625,8,尖峰
8/21/2020 22:00,,1.25601,0.027,0.05,0.1104,0.04625,8,尖峰
8/21/2020 23:00,,1.25601,0.027,0.05,0.1104,0.04625,8,尖峰
8/22/2020 0:00,,0.30325,0.027,0.05,0.1104,0.04625,8,低谷
8/22/2020 1:00,,0.30325,0.027,0.05,0.1104,0.04625,8,低谷
8/22/2020 2:00,,0.30325,0.027,0.05,0.1104,0.04625,8,低谷
8/22/2020 3:00,,0.30325,0.027,0.05,0.1104,0.04625,8,低谷
8/22/2020 4:00,,0.30325,0.027,0.05,0.1104,0.04625,8,低谷
8/22/2020 5:00,,0.30325,0.027,0.05,0.1104,0.04625,8,低谷
8/22/2020 6:00,,0.68876,0.027,0.05,0.1104,0.04625,8,平时
8/22/2020 7:00,,0.68876,0.027,0.05,0.1104,0.04625,8,平时
8/22/2020 8:00,,0.68876,0.027,0.05,0.1104,0.04625,8,平时
8/22/2020 9:00,,0.68876,0.027,0.05,0.1104,0.04625,8,平时
8/22/2020 10:00,,0.68876,0.027,0.05,0.1104,0.04625,8,平时
8/22/2020 11:00,,0.68876,0.027,0.05,0.1104,0.04625,8,平时
8/22/2020 12:00,,0.30325,0.027,0.05,0.1104,0.04625,8,低谷
8/22/2020 13:00,,0.30325,0.027,0.05,0.1104,0.04625,8,低谷
8/22/2020 14:00,,0.68876,0.027,0.05,0.1104,0.04625,8,平时
8/22/2020 15:00,,0.68876,0.027,0.05,0.1104,0.04625,8,平时
8/22/2020 16:00,,1.06445,0.027,0.05,0.1104,0.04625,8,高峰
8/22/2020 17:00,,1.06445,0.027,0.05,0.1104,0.04625,8,高峰
8/22/2020 18:00,,1.06445,0.027,0.05,0.1104,0.04625,8,高峰
8/22/2020 19:00,,1.06445,0.027,0.05,0.1104,0.04625,8,高峰
8/22/2020 20:00,,1.25601,0.027,0.05,0.1104,0.04625,8,尖峰
8/22/2020 21:00,,1.25601,0.027,0.05,0.1104,0.04625,8,尖峰
8/22/2020 22:00,,1.25601,0.027,0.05,0.1104,0.04625,8,尖峰
8/22/2020 23:00,,1.25601,0.027,0.05,0.1104,0.04625,8,尖峰
8/23/2020 0:00,,0.30325,0.027,0.05,0.1104,0.04625,8,低谷
8/23/2020 1:00,,0.30325,0.027,0.05,0.1104,0.04625,8,低谷
8/23/2020 2:00,,0.30325,0.027,0.05,0.1104,0.04625,8,低谷
8/23/2020 3:00,,0.30325,0.027,0.05,0.1104,0.04625,8,低谷
8/23/2020 4:00,,0.30325,0.027,0.05,0.1104,0.04625,8,低谷
8/23/2020 5:00,,0.30325,0.027,0.05,0.1104,0.04625,8,低谷
8/23/2020 6:00,,0.68876,0.027,0.05,0.1104,0.04625,8,平时
8/23/2020 7:00,,0.68876,0.027,0.05,0.1104,0.04625,8,平时
8/23/2020 8:00,,0.68876,0.027,0.05,0.1104,0.04625,8,平时
8/23/2020 9:00,,0.68876,0.027,0.05,0.1104,0.04625,8,平时
8/23/2020 10:00,,0.68876,0.027,0.05,0.1104,0.04625,8,平时
8/23/2020 11:00,,0.68876,0.027,0.05,0.1104,0.04625,8,平时
8/23/2020 12:00,,0.30325,0.027,0.05,0.1104,0.04625,8,低谷
8/23/2020 13:00,,0.30325,0.027,0.05,0.1104,0.04625,8,低谷
8/23/2020 14:00,,0.68876,0.027,0.05,0.1104,0.04625,8,平时
8/23/2020 15:00,,0.68876,0.027,0.05,0.1104,0.04625,8,平时
8/23/2020 16:00,,1.06445,0.027,0.05,0.1104,0.04625,8,高峰
8/23/2020 17:00,,1.06445,0.027,0.05,0.1104,0.04625,8,高峰
8/23/2020 18:00,,1.06445,0.027,0.05,0.1104,0.04625,8,高峰
8/23/2020 19:00,,1.06445,0.027,0.05,0.1104,0.04625,8,高峰
8/23/2020 20:00,,1.25601,0.027,0.05,0.1104,0.04625,8,尖峰
8/23/2020 21:00,,1.25601,0.027,0.05,0.1104,0.04625,8,尖峰
8/23/2020 22:00,,1.25601,0.027,0.05,0.1104,0.04625,8,尖峰
8/23/2020 23:00,,1.25601,0.027,0.05,0.1104,0.04625,8,尖峰
8/24/2020 0:00,,0.30325,0.027,0.05,0.1104,0.04625,8,低谷
8/24/2020 1:00,,0.30325,0.027,0.05,0.1104,0.04625,8,低谷
8/24/2020 2:00,,0.30325,0.027,0.05,0.1104,0.04625,8,低谷
8/24/2020 3:00,,0.30325,0.027,0.05,0.1104,0.04625,8,低谷
8/24/2020 4:00,,0.30325,0.027,0.05,0.1104,0.04625,8,低谷
8/24/2020 5:00,,0.30325,0.027,0.05,0.1104,0.04625,8,低谷
8/24/2020 6:00,,0.68876,0.027,0.05,0.1104,0.04625,8,平时
8/24/2020 7:00,,0.68876,0.027,0.05,0.1104,0.04625,8,平时
8/24/2020 8:00,,0.68876,0.027,0.05,0.1104,0.04625,8,平时
8/24/2020 9:00,,0.68876,0.027,0.05,0.1104,0.04625,8,平时
8/24/2020 10:00,,0.68876,0.027,0.05,0.1104,0.04625,8,平时
8/24/2020 11:00,,0.68876,0.027,0.05,0.1104,0.04625,8,平时
8/24/2020 12:00,,0.30325,0.027,0.05,0.1104,0.04625,8,低谷
8/24/2020 13:00,,0.30325,0.027,0.05,0.1104,0.04625,8,低谷
8/24/2020 14:00,,0.68876,0.027,0.05,0.1104,0.04625,8,平时
8/24/2020 15:00,,0.68876,0.027,0.05,0.1104,0.04625,8,平时
8/24/2020 16:00,,1.06445,0.027,0.05,0.1104,0.04625,8,高峰
8/24/2020 17:00,,1.06445,0.027,0.05,0.1104,0.04625,8,高峰
8/24/2020 18:00,,1.06445,0.027,0.05,0.1104,0.04625,8,高峰
8/24/2020 19:00,,1.06445,0.027,0.05,0.1104,0.04625,8,高峰
8/24/2020 20:00,,1.25601,0.027,0.05,0.1104,0.04625,8,尖峰
8/24/2020 21:00,,1.25601,0.027,0.05,0.1104,0.04625,8,尖峰
8/24/2020 22:00,,1.25601,0.027,0.05,0.1104,0.04625,8,尖峰
8/24/2020 23:00,,1.25601,0.027,0.05,0.1104,0.04625,8,尖峰
8/25/2020 0:00,,0.30325,0.027,0.05,0.1104,0.04625,8,低谷
8/25/2020 1:00,,0.30325,0.027,0.05,0.1104,0.04625,8,低谷
8/25/2020 2:00,,0.30325,0.027,0.05,0.1104,0.04625,8,低谷
8/25/2020 3:00,,0.30325,0.027,0.05,0.1104,0.04625,8,低谷
8/25/2020 4:00,,0.30325,0.027,0.05,0.1104,0.04625,8,低谷
8/25/2020 5:00,,0.30325,0.027,0.05,0.1104,0.04625,8,低谷
8/25/2020 6:00,,0.68876,0.027,0.05,0.1104,0.04625,8,平时
8/25/2020 7:00,,0.68876,0.027,0.05,0.1104,0.04625,8,平时
8/25/2020 8:00,,0.68876,0.027,0.05,0.1104,0.04625,8,平时
8/25/2020 9:00,,0.68876,0.027,0.05,0.1104,0.04625,8,平时
8/25/2020 10:00,,0.68876,0.027,0.05,0.1104,0.04625,8,平时
8/25/2020 11:00,,0.68876,0.027,0.05,0.1104,0.04625,8,平时
8/25/2020 12:00,,0.30325,0.027,0.05,0.1104,0.04625,8,低谷
8/25/2020 13:00,,0.30325,0.027,0.05,0.1104,0.04625,8,低谷
8/25/2020 14:00,,0.68876,0.027,0.05,0.1104,0.04625,8,平时
8/25/2020 15:00,,0.68876,0.027,0.05,0.1104,0.04625,8,平时
8/25/2020 16:00,,1.06445,0.027,0.05,0.1104,0.04625,8,高峰
8/25/2020 17:00,,1.06445,0.027,0.05,0.1104,0.04625,8,高峰
8/25/2020 18:00,,1.06445,0.027,0.05,0.1104,0.04625,8,高峰
8/25/2020 19:00,,1.06445,0.027,0.05,0.1104,0.04625,8,高峰
8/25/2020 20:00,,1.25601,0.027,0.05,0.1104,0.04625,8,尖峰
8/25/2020 21:00,,1.25601,0.027,0.05,0.1104,0.04625,8,尖峰
8/25/2020 22:00,,1.25601,0.027,0.05,0.1104,0.04625,8,尖峰
8/25/2020 23:00,,1.25601,0.027,0.05,0.1104,0.04625,8,尖峰
8/26/2020 0:00,,0.30325,0.027,0.05,0.1104,0.04625,8,低谷
8/26/2020 1:00,,0.30325,0.027,0.05,0.1104,0.04625,8,低谷
8/26/2020 2:00,,0.30325,0.027,0.05,0.1104,0.04625,8,低谷
8/26/2020 3:00,,0.30325,0.027,0.05,0.1104,0.04625,8,低谷
8/26/2020 4:00,,0.30325,0.027,0.05,0.1104,0.04625,8,低谷
8/26/2020 5:00,,0.30325,0.027,0.05,0.1104,0.04625,8,低谷
8/26/2020 6:00,,0.68876,0.027,0.05,0.1104,0.04625,8,平时
8/26/2020 7:00,,0.68876,0.027,0.05,0.1104,0.04625,8,平时
8/26/2020 8:00,,0.68876,0.027,0.05,0.1104,0.04625,8,平时
8/26/2020 9:00,,0.68876,0.027,0.05,0.1104,0.04625,8,平时
8/26/2020 10:00,,0.68876,0.027,0.05,0.1104,0.04625,8,平时
8/26/2020 11:00,,0.68876,0.027,0.05,0.1104,0.04625,8,平时
8/26/2020 12:00,,0.30325,0.027,0.05,0.1104,0.04625,8,低谷
8/26/2020 13:00,,0.30325,0.027,0.05,0.1104,0.04625,8,低谷
8/26/2020 14:00,,0.68876,0.027,0.05,0.1104,0.04625,8,平时
8/26/2020 15:00,,0.68876,0.027,0.05,0.1104,0.04625,8,平时
8/26/2020 16:00,,1.06445,0.027,0.05,0.1104,0.04625,8,高峰
8/26/2020 17:00,,1.06445,0.027,0.05,0.1104,0.04625,8,高峰
8/26/2020 18:00,,1.06445,0.027,0.05,0.1104,0.04625,8,高峰
8/26/2020 19:00,,1.06445,0.027,0.05,0.1104,0.04625,8,高峰
8/26/2020 20:00,,1.25601,0.027,0.05,0.1104,0.04625,8,尖峰
8/26/2020 21:00,,1.25601,0.027,0.05,0.1104,0.04625,8,尖峰
8/26/2020 22:00,,1.25601,0.027,0.05,0.1104,0.04625,8,尖峰
8/26/2020 23:00,,1.25601,0.027,0.05,0.1104,0.04625,8,尖峰
8/27/2020 0:00,,0.30325,0.027,0.05,0.1104,0.04625,8,低谷
8/27/2020 1:00,,0.30325,0.027,0.05,0.1104,0.04625,8,低谷
8/27/2020 2:00,,0.30325,0.027,0.05,0.1104,0.04625,8,低谷
8/27/2020 3:00,,0.30325,0.027,0.05,0.1104,0.04625,8,低谷
8/27/2020 4:00,,0.30325,0.027,0.05,0.1104,0.04625,8,低谷
8/27/2020 5:00,,0.30325,0.027,0.05,0.1104,0.04625,8,低谷
8/27/2020 6:00,,0.68876,0.027,0.05,0.1104,0.04625,8,平时
8/27/2020 7:00,,0.68876,0.027,0.05,0.1104,0.04625,8,平时
8/27/2020 8:00,,0.68876,0.027,0.05,0.1104,0.04625,8,平时
8/27/2020 9:00,,0.68876,0.027,0.05,0.1104,0.04625,8,平时
8/27/2020 10:00,,0.68876,0.027,0.05,0.1104,0.04625,8,平时
8/27/2020 11:00,,0.68876,0.027,0.05,0.1104,0.04625,8,平时
8/27/2020 12:00,,0.30325,0.027,0.05,0.1104,0.04625,8,低谷
8/27/2020 13:00,,0.30325,0.027,0.05,0.1104,0.04625,8,低谷
8/27/2020 14:00,,0.68876,0.027,0.05,0.1104,0.04625,8,平时
8/27/2020 15:00,,0.68876,0.027,0.05,0.1104,0.04625,8,平时
8/27/2020 16:00,,1.06445,0.027,0.05,0.1104,0.04625,8,高峰
8/27/2020 17:00,,1.06445,0.027,0.05,0.1104,0.04625,8,高峰
8/27/2020 18:00,,1.06445,0.027,0.05,0.1104,0.04625,8,高峰
8/27/2020 19:00,,1.06445,0.027,0.05,0.1104,0.04625,8,高峰
8/27/2020 20:00,,1.25601,0.027,0.05,0.1104,0.04625,8,尖峰
8/27/2020 21:00,,1.25601,0.027,0.05,0.1104,0.04625,8,尖峰
8/27/2020 22:00,,1.25601,0.027,0.05,0.1104,0.04625,8,尖峰
8/27/2020 23:00,,1.25601,0.027,0.05,0.1104,0.04625,8,尖峰
8/28/2020 0:00,,0.30325,0.027,0.05,0.1104,0.04625,8,低谷
8/28/2020 1:00,,0.30325,0.027,0.05,0.1104,0.04625,8,低谷
8/28/2020 2:00,,0.30325,0.027,0.05,0.1104,0.04625,8,低谷
8/28/2020 3:00,,0.30325,0.027,0.05,0.1104,0.04625,8,低谷
8/28/2020 4:00,,0.30325,0.027,0.05,0.1104,0.04625,8,低谷
8/28/2020 5:00,,0.30325,0.027,0.05,0.1104,0.04625,8,低谷
8/28/2020 6:00,,0.68876,0.027,0.05,0.1104,0.04625,8,平时
8/28/2020 7:00,,0.68876,0.027,0.05,0.1104,0.04625,8,平时
8/28/2020 8:00,,0.68876,0.027,0.05,0.1104,0.04625,8,平时
8/28/2020 9:00,,0.68876,0.027,0.05,0.1104,0.04625,8,平时
8/28/2020 10:00,,0.68876,0.027,0.05,0.1104,0.04625,8,平时
8/28/2020 11:00,,0.68876,0.027,0.05,0.1104,0.04625,8,平时
8/28/2020 12:00,,0.30325,0.027,0.05,0.1104,0.04625,8,低谷
8/28/2020 13:00,,0.30325,0.027,0.05,0.1104,0.04625,8,低谷
8/28/2020 14:00,,0.68876,0.027,0.05,0.1104,0.04625,8,平时
8/28/2020 15:00,,0.68876,0.027,0.05,0.1104,0.04625,8,平时
8/28/2020 16:00,,1.06445,0.027,0.05,0.1104,0.04625,8,高峰
8/28/2020 17:00,,1.06445,0.027,0.05,0.1104,0.04625,8,高峰
8/28/2020 18:00,,1.06445,0.027,0.05,0.1104,0.04625,8,高峰
8/28/2020 19:00,,1.06445,0.027,0.05,0.1104,0.04625,8,高峰
8/28/2020 20:00,,1.25601,0.027,0.05,0.1104,0.04625,8,尖峰
8/28/2020 21:00,,1.25601,0.027,0.05,0.1104,0.04625,8,尖峰
8/28/2020 22:00,,1.25601,0.027,0.05,0.1104,0.04625,8,尖峰
8/28/2020 23:00,,1.25601,0.027,0.05,0.1104,0.04625,8,尖峰
8/29/2020 0:00,,0.30325,0.027,0.05,0.1104,0.04625,8,低谷
8/29/2020 1:00,,0.30325,0.027,0.05,0.1104,0.04625,8,低谷
8/29/2020 2:00,,0.30325,0.027,0.05,0.1104,0.04625,8,低谷
8/29/2020 3:00,,0.30325,0.027,0.05,0.1104,0.04625,8,低谷
8/29/2020 4:00,,0.30325,0.027,0.05,0.1104,0.04625,8,低谷
8/29/2020 5:00,,0.30325,0.027,0.05,0.1104,0.04625,8,低谷
8/29/2020 6:00,,0.68876,0.027,0.05,0.1104,0.04625,8,平时
8/29/2020 7:00,,0.68876,0.027,0.05,0.1104,0.04625,8,平时
8/29/2020 8:00,,0.68876,0.027,0.05,0.1104,0.04625,8,平时
8/29/2020 9:00,,0.68876,0.027,0.05,0.1104,0.04625,8,平时
8/29/2020 10:00,,0.68876,0.027,0.05,0.1104,0.04625,8,平时
8/29/2020 11:00,,0.68876,0.027,0.05,0.1104,0.04625,8,平时
8/29/2020 12:00,,0.30325,0.027,0.05,0.1104,0.04625,8,低谷
8/29/2020 13:00,,0.30325,0.027,0.05,0.1104,0.04625,8,低谷
8/29/2020 14:00,,0.68876,0.027,0.05,0.1104,0.04625,8,平时
8/29/2020 15:00,,0.68876,0.027,0.05,0.1104,0.04625,8,平时
8/29/2020 16:00,,1.06445,0.027,0.05,0.1104,0.04625,8,高峰
8/29/2020 17:00,,1.06445,0.027,0.05,0.1104,0.04625,8,高峰
8/29/2020 18:00,,1.06445,0.027,0.05,0.1104,0.04625,8,高峰
8/29/2020 19:00,,1.06445,0.027,0.05,0.1104,0.04625,8,高峰
8/29/2020 20:00,,1.25601,0.027,0.05,0.1104,0.04625,8,尖峰
8/29/2020 21:00,,1.25601,0.027,0.05,0.1104,0.04625,8,尖峰
8/29/2020 22:00,,1.25601,0.027,0.05,0.1104,0.04625,8,尖峰
8/29/2020 23:00,,1.25601,0.027,0.05,0.1104,0.04625,8,尖峰
8/30/2020 0:00,,0.30325,0.027,0.05,0.1104,0.04625,8,低谷
8/30/2020 1:00,,0.30325,0.027,0.05,0.1104,0.04625,8,低谷
8/30/2020 2:00,,0.30325,0.027,0.05,0.1104,0.04625,8,低谷
8/30/2020 3:00,,0.30325,0.027,0.05,0.1104,0.04625,8,低谷
8/30/2020 4:00,,0.30325,0.027,0.05,0.1104,0.04625,8,低谷
8/30/2020 5:00,,0.30325,0.027,0.05,0.1104,0.04625,8,低谷
8/30/2020 6:00,,0.68876,0.027,0.05,0.1104,0.04625,8,平时
8/30/2020 7:00,,0.68876,0.027,0.05,0.1104,0.04625,8,平时
8/30/2020 8:00,,0.68876,0.027,0.05,0.1104,0.04625,8,平时
8/30/2020 9:00,,0.68876,0.027,0.05,0.1104,0.04625,8,平时
8/30/2020 10:00,,0.68876,0.027,0.05,0.1104,0.04625,8,平时
8/30/2020 11:00,,0.68876,0.027,0.05,0.1104,0.04625,8,平时
8/30/2020 12:00,,0.30325,0.027,0.05,0.1104,0.04625,8,低谷
8/30/2020 13:00,,0.30325,0.027,0.05,0.1104,0.04625,8,低谷
8/30/2020 14:00,,0.68876,0.027,0.05,0.1104,0.04625,8,平时
8/30/2020 15:00,,0.68876,0.027,0.05,0.1104,0.04625,8,平时
8/30/2020 16:00,,1.06445,0.027,0.05,0.1104,0.04625,8,高峰
8/30/2020 17:00,,1.06445,0.027,0.05,0.1104,0.04625,8,高峰
8/30/2020 18:00,,1.06445,0.027,0.05,0.1104,0.04625,8,高峰
8/30/2020 19:00,,1.06445,0.027,0.05,0.1104,0.04625,8,高峰
8/30/2020 20:00,,1.25601,0.027,0.05,0.1104,0.04625,8,尖峰
8/30/2020 21:00,,1.25601,0.027,0.05,0.1104,0.04625,8,尖峰
8/30/2020 22:00,,1.25601,0.027,0.05,0.1104,0.04625,8,尖峰
8/30/2020 23:00,,1.25601,0.027,0.05,0.1104,0.04625,8,尖峰
8/31/2020 0:00,,0.30325,0.027,0.05,0.1104,0.04625,8,低谷
8/31/2020 1:00,,0.30325,0.027,0.05,0.1104,0.04625,8,低谷
8/31/2020 2:00,,0.30325,0.027,0.05,0.1104,0.04625,8,低谷
8/31/2020 3:00,,0.30325,0.027,0.05,0.1104,0.04625,8,低谷
8/31/2020 4:00,,0.30325,0.027,0.05,0.1104,0.04625,8,低谷
8/31/2020 5:00,,0.30325,0.027,0.05,0.1104,0.04625,8,低谷
8/31/2020 6:00,,0.68876,0.027,0.05,0.1104,0.04625,8,平时
8/31/2020 7:00,,0.68876,0.027,0.05,0.1104,0.04625,8,平时
8/31/2020 8:00,,0.68876,0.027,0.05,0.1104,0.04625,8,平时
8/31/2020 9:00,,0.68876,0.027,0.05,0.1104,0.04625,8,平时
8/31/2020 10:00,,0.68876,0.027,0.05,0.1104,0.04625,8,平时
8/31/2020 11:00,,0.68876,0.027,0.05,0.1104,0.04625,8,平时
8/31/2020 12:00,,0.30325,0.027,0.05,0.1104,0.04625,8,低谷
8/31/2020 13:00,,0.30325,0.027,0.05,0.1104,0.04625,8,低谷
8/31/2020 14:00,,0.68876,0.027,0.05,0.1104,0.04625,8,平时
8/31/2020 15:00,,0.68876,0.027,0.05,0.1104,0.04625,8,平时
8/31/2020 16:00,,1.06445,0.027,0.05,0.1104,0.04625,8,高峰
8/31/2020 17:00,,1.06445,0.027,0.05,0.1104,0.04625,8,高峰
8/31/2020 18:00,,1.06445,0.027,0.05,0.1104,0.04625,8,高峰
8/31/2020 19:00,,1.06445,0.027,0.05,0.1104,0.04625,8,高峰
8/31/2020 20:00,,1.25601,0.027,0.05,0.1104,0.04625,8,尖峰
8/31/2020 21:00,,1.25601,0.027,0.05,0.1104,0.04625,8,尖峰
8/31/2020 22:00,,1.25601,0.027,0.05,0.1104,0.04625,8,尖峰
8/31/2020 23:00,,1.25601,0.027,0.05,0.1104,0.04625,8,尖峰
9/1/2020 0:00,,0.28981,0.027,0.05,0.1104,0.04625,9,低谷
9/1/2020 1:00,,0.28981,0.027,0.05,0.1104,0.04625,9,低谷
9/1/2020 2:00,,0.28981,0.027,0.05,0.1104,0.04625,9,低谷
9/1/2020 3:00,,0.28981,0.027,0.05,0.1104,0.04625,9,低谷
9/1/2020 4:00,,0.28981,0.027,0.05,0.1104,0.04625,9,低谷
9/1/2020 5:00,,0.28981,0.027,0.05,0.1104,0.04625,9,低谷
9/1/2020 6:00,,0.7736,0.027,0.05,0.1104,0.04625,9,平时
9/1/2020 7:00,,0.7736,0.027,0.05,0.1104,0.04625,9,平时
9/1/2020 8:00,,0.7736,0.027,0.05,0.1104,0.04625,9,平时
9/1/2020 9:00,,0.7736,0.027,0.05,0.1104,0.04625,9,平时
9/1/2020 10:00,,0.7736,0.027,0.05,0.1104,0.04625,9,平时
9/1/2020 11:00,,0.7736,0.027,0.05,0.1104,0.04625,9,平时
9/1/2020 12:00,,0.28981,0.027,0.05,0.1104,0.04625,9,低谷
9/1/2020 13:00,,0.28981,0.027,0.05,0.1104,0.04625,9,低谷
9/1/2020 14:00,,0.7736,0.027,0.05,0.1104,0.04625,9,平时
9/1/2020 15:00,,0.7736,0.027,0.05,0.1104,0.04625,9,平时
9/1/2020 16:00,,1.05395,0.027,0.05,0.1104,0.04625,9,高峰
9/1/2020 17:00,,1.05395,0.027,0.05,0.1104,0.04625,9,高峰
9/1/2020 18:00,,1.05395,0.027,0.05,0.1104,0.04625,9,高峰
9/1/2020 19:00,,1.05395,0.027,0.05,0.1104,0.04625,9,高峰
9/1/2020 20:00,,1.05395,0.027,0.05,0.1104,0.04625,9,高峰
9/1/2020 21:00,,1.05395,0.027,0.05,0.1104,0.04625,9,高峰
9/1/2020 22:00,,1.05395,0.027,0.05,0.1104,0.04625,9,高峰
9/1/2020 23:00,,1.05395,0.027,0.05,0.1104,0.04625,9,高峰
9/2/2020 0:00,,0.28981,0.027,0.05,0.1104,0.04625,9,低谷
9/2/2020 1:00,,0.28981,0.027,0.05,0.1104,0.04625,9,低谷
9/2/2020 2:00,,0.28981,0.027,0.05,0.1104,0.04625,9,低谷
9/2/2020 3:00,,0.28981,0.027,0.05,0.1104,0.04625,9,低谷
9/2/2020 4:00,,0.28981,0.027,0.05,0.1104,0.04625,9,低谷
9/2/2020 5:00,,0.28981,0.027,0.05,0.1104,0.04625,9,低谷
9/2/2020 6:00,,0.7736,0.027,0.05,0.1104,0.04625,9,平时
9/2/2020 7:00,,0.7736,0.027,0.05,0.1104,0.04625,9,平时
9/2/2020 8:00,,0.7736,0.027,0.05,0.1104,0.04625,9,平时
9/2/2020 9:00,,0.7736,0.027,0.05,0.1104,0.04625,9,平时
9/2/2020 10:00,,0.7736,0.027,0.05,0.1104,0.04625,9,平时
9/2/2020 11:00,,0.7736,0.027,0.05,0.1104,0.04625,9,平时
9/2/2020 12:00,,0.28981,0.027,0.05,0.1104,0.04625,9,低谷
9/2/2020 13:00,,0.28981,0.027,0.05,0.1104,0.04625,9,低谷
9/2/2020 14:00,,0.7736,0.027,0.05,0.1104,0.04625,9,平时
9/2/2020 15:00,,0.7736,0.027,0.05,0.1104,0.04625,9,平时
9/2/2020 16:00,,1.05395,0.027,0.05,0.1104,0.04625,9,高峰
9/2/2020 17:00,,1.05395,0.027,0.05,0.1104,0.04625,9,高峰
9/2/2020 18:00,,1.05395,0.027,0.05,0.1104,0.04625,9,高峰
9/2/2020 19:00,,1.05395,0.027,0.05,0.1104,0.04625,9,高峰
9/2/2020 20:00,,1.05395,0.027,0.05,0.1104,0.04625,9,高峰
9/2/2020 21:00,,1.05395,0.027,0.05,0.1104,0.04625,9,高峰
9/2/2020 22:00,,1.05395,0.027,0.05,0.1104,0.04625,9,高峰
9/2/2020 23:00,,1.05395,0.027,0.05,0.1104,0.04625,9,高峰
9/3/2020 0:00,,0.28981,0.027,0.05,0.1104,0.04625,9,低谷
9/3/2020 1:00,,0.28981,0.027,0.05,0.1104,0.04625,9,低谷
9/3/2020 2:00,,0.28981,0.027,0.05,0.1104,0.04625,9,低谷
9/3/2020 3:00,,0.28981,0.027,0.05,0.1104,0.04625,9,低谷
9/3/2020 4:00,,0.28981,0.027,0.05,0.1104,0.04625,9,低谷
9/3/2020 5:00,,0.28981,0.027,0.05,0.1104,0.04625,9,低谷
9/3/2020 6:00,,0.7736,0.027,0.05,0.1104,0.04625,9,平时
9/3/2020 7:00,,0.7736,0.027,0.05,0.1104,0.04625,9,平时
9/3/2020 8:00,,0.7736,0.027,0.05,0.1104,0.04625,9,平时
9/3/2020 9:00,,0.7736,0.027,0.05,0.1104,0.04625,9,平时
9/3/2020 10:00,,0.7736,0.027,0.05,0.1104,0.04625,9,平时
9/3/2020 11:00,,0.7736,0.027,0.05,0.1104,0.04625,9,平时
9/3/2020 12:00,,0.28981,0.027,0.05,0.1104,0.04625,9,低谷
9/3/2020 13:00,,0.28981,0.027,0.05,0.1104,0.04625,9,低谷
9/3/2020 14:00,,0.7736,0.027,0.05,0.1104,0.04625,9,平时
9/3/2020 15:00,,0.7736,0.027,0.05,0.1104,0.04625,9,平时
9/3/2020 16:00,,1.05395,0.027,0.05,0.1104,0.04625,9,高峰
9/3/2020 17:00,,1.05395,0.027,0.05,0.1104,0.04625,9,高峰
9/3/2020 18:00,,1.05395,0.027,0.05,0.1104,0.04625,9,高峰
9/3/2020 19:00,,1.05395,0.027,0.05,0.1104,0.04625,9,高峰
9/3/2020 20:00,,1.05395,0.027,0.05,0.1104,0.04625,9,高峰
9/3/2020 21:00,,1.05395,0.027,0.05,0.1104,0.04625,9,高峰
9/3/2020 22:00,,1.05395,0.027,0.05,0.1104,0.04625,9,高峰
9/3/2020 23:00,,1.05395,0.027,0.05,0.1104,0.04625,9,高峰
9/4/2020 0:00,,0.28981,0.027,0.05,0.1104,0.04625,9,低谷
9/4/2020 1:00,,0.28981,0.027,0.05,0.1104,0.04625,9,低谷
9/4/2020 2:00,,0.28981,0.027,0.05,0.1104,0.04625,9,低谷
9/4/2020 3:00,,0.28981,0.027,0.05,0.1104,0.04625,9,低谷
9/4/2020 4:00,,0.28981,0.027,0.05,0.1104,0.04625,9,低谷
9/4/2020 5:00,,0.28981,0.027,0.05,0.1104,0.04625,9,低谷
9/4/2020 6:00,,0.7736,0.027,0.05,0.1104,0.04625,9,平时
9/4/2020 7:00,,0.7736,0.027,0.05,0.1104,0.04625,9,平时
9/4/2020 8:00,,0.7736,0.027,0.05,0.1104,0.04625,9,平时
9/4/2020 9:00,,0.7736,0.027,0.05,0.1104,0.04625,9,平时
9/4/2020 10:00,,0.7736,0.027,0.05,0.1104,0.04625,9,平时
9/4/2020 11:00,,0.7736,0.027,0.05,0.1104,0.04625,9,平时
9/4/2020 12:00,,0.28981,0.027,0.05,0.1104,0.04625,9,低谷
9/4/2020 13:00,,0.28981,0.027,0.05,0.1104,0.04625,9,低谷
9/4/2020 14:00,,0.7736,0.027,0.05,0.1104,0.04625,9,平时
9/4/2020 15:00,,0.7736,0.027,0.05,0.1104,0.04625,9,平时
9/4/2020 16:00,,1.05395,0.027,0.05,0.1104,0.04625,9,高峰
9/4/2020 17:00,,1.05395,0.027,0.05,0.1104,0.04625,9,高峰
9/4/2020 18:00,,1.05395,0.027,0.05,0.1104,0.04625,9,高峰
9/4/2020 19:00,,1.05395,0.027,0.05,0.1104,0.04625,9,高峰
9/4/2020 20:00,,1.05395,0.027,0.05,0.1104,0.04625,9,高峰
9/4/2020 21:00,,1.05395,0.027,0.05,0.1104,0.04625,9,高峰
9/4/2020 22:00,,1.05395,0.027,0.05,0.1104,0.04625,9,高峰
9/4/2020 23:00,,1.05395,0.027,0.05,0.1104,0.04625,9,高峰
9/5/2020 0:00,,0.28981,0.027,0.05,0.1104,0.04625,9,低谷
9/5/2020 1:00,,0.28981,0.027,0.05,0.1104,0.04625,9,低谷
9/5/2020 2:00,,0.28981,0.027,0.05,0.1104,0.04625,9,低谷
9/5/2020 3:00,,0.28981,0.027,0.05,0.1104,0.04625,9,低谷
9/5/2020 4:00,,0.28981,0.027,0.05,0.1104,0.04625,9,低谷
9/5/2020 5:00,,0.28981,0.027,0.05,0.1104,0.04625,9,低谷
9/5/2020 6:00,,0.7736,0.027,0.05,0.1104,0.04625,9,平时
9/5/2020 7:00,,0.7736,0.027,0.05,0.1104,0.04625,9,平时
9/5/2020 8:00,,0.7736,0.027,0.05,0.1104,0.04625,9,平时
9/5/2020 9:00,,0.7736,0.027,0.05,0.1104,0.04625,9,平时
9/5/2020 10:00,,0.7736,0.027,0.05,0.1104,0.04625,9,平时
9/5/2020 11:00,,0.7736,0.027,0.05,0.1104,0.04625,9,平时
9/5/2020 12:00,,0.28981,0.027,0.05,0.1104,0.04625,9,低谷
9/5/2020 13:00,,0.28981,0.027,0.05,0.1104,0.04625,9,低谷
9/5/2020 14:00,,0.7736,0.027,0.05,0.1104,0.04625,9,平时
9/5/2020 15:00,,0.7736,0.027,0.05,0.1104,0.04625,9,平时
9/5/2020 16:00,,1.05395,0.027,0.05,0.1104,0.04625,9,高峰
9/5/2020 17:00,,1.05395,0.027,0.05,0.1104,0.04625,9,高峰
9/5/2020 18:00,,1.05395,0.027,0.05,0.1104,0.04625,9,高峰
9/5/2020 19:00,,1.05395,0.027,0.05,0.1104,0.04625,9,高峰
9/5/2020 20:00,,1.05395,0.027,0.05,0.1104,0.04625,9,高峰
9/5/2020 21:00,,1.05395,0.027,0.05,0.1104,0.04625,9,高峰
9/5/2020 22:00,,1.05395,0.027,0.05,0.1104,0.04625,9,高峰
9/5/2020 23:00,,1.05395,0.027,0.05,0.1104,0.04625,9,高峰
9/6/2020 0:00,,0.28981,0.027,0.05,0.1104,0.04625,9,低谷
9/6/2020 1:00,,0.28981,0.027,0.05,0.1104,0.04625,9,低谷
9/6/2020 2:00,,0.28981,0.027,0.05,0.1104,0.04625,9,低谷
9/6/2020 3:00,,0.28981,0.027,0.05,0.1104,0.04625,9,低谷
9/6/2020 4:00,,0.28981,0.027,0.05,0.1104,0.04625,9,低谷
9/6/2020 5:00,,0.28981,0.027,0.05,0.1104,0.04625,9,低谷
9/6/2020 6:00,,0.7736,0.027,0.05,0.1104,0.04625,9,平时
9/6/2020 7:00,,0.7736,0.027,0.05,0.1104,0.04625,9,平时
9/6/2020 8:00,,0.7736,0.027,0.05,0.1104,0.04625,9,平时
9/6/2020 9:00,,0.7736,0.027,0.05,0.1104,0.04625,9,平时
9/6/2020 10:00,,0.7736,0.027,0.05,0.1104,0.04625,9,平时
9/6/2020 11:00,,0.7736,0.027,0.05,0.1104,0.04625,9,平时
9/6/2020 12:00,,0.28981,0.027,0.05,0.1104,0.04625,9,低谷
9/6/2020 13:00,,0.28981,0.027,0.05,0.1104,0.04625,9,低谷
9/6/2020 14:00,,0.7736,0.027,0.05,0.1104,0.04625,9,平时
9/6/2020 15:00,,0.7736,0.027,0.05,0.1104,0.04625,9,平时
9/6/2020 16:00,,1.05395,0.027,0.05,0.1104,0.04625,9,高峰
9/6/2020 17:00,,1.05395,0.027,0.05,0.1104,0.04625,9,高峰
9/6/2020 18:00,,1.05395,0.027,0.05,0.1104,0.04625,9,高峰
9/6/2020 19:00,,1.05395,0.027,0.05,0.1104,0.04625,9,高峰
9/6/2020 20:00,,1.05395,0.027,0.05,0.1104,0.04625,9,高峰
9/6/2020 21:00,,1.05395,0.027,0.05,0.1104,0.04625,9,高峰
9/6/2020 22:00,,1.05395,0.027,0.05,0.1104,0.04625,9,高峰
9/6/2020 23:00,,1.05395,0.027,0.05,0.1104,0.04625,9,高峰
9/7/2020 0:00,,0.28981,0.027,0.05,0.1104,0.04625,9,低谷
9/7/2020 1:00,,0.28981,0.027,0.05,0.1104,0.04625,9,低谷
9/7/2020 2:00,,0.28981,0.027,0.05,0.1104,0.04625,9,低谷
9/7/2020 3:00,,0.28981,0.027,0.05,0.1104,0.04625,9,低谷
9/7/2020 4:00,,0.28981,0.027,0.05,0.1104,0.04625,9,低谷
9/7/2020 5:00,,0.28981,0.027,0.05,0.1104,0.04625,9,低谷
9/7/2020 6:00,,0.7736,0.027,0.05,0.1104,0.04625,9,平时
9/7/2020 7:00,,0.7736,0.027,0.05,0.1104,0.04625,9,平时
9/7/2020 8:00,,0.7736,0.027,0.05,0.1104,0.04625,9,平时
9/7/2020 9:00,,0.7736,0.027,0.05,0.1104,0.04625,9,平时
9/7/2020 10:00,,0.7736,0.027,0.05,0.1104,0.04625,9,平时
9/7/2020 11:00,,0.7736,0.027,0.05,0.1104,0.04625,9,平时
9/7/2020 12:00,,0.28981,0.027,0.05,0.1104,0.04625,9,低谷
9/7/2020 13:00,,0.28981,0.027,0.05,0.1104,0.04625,9,低谷
9/7/2020 14:00,,0.7736,0.027,0.05,0.1104,0.04625,9,平时
9/7/2020 15:00,,0.7736,0.027,0.05,0.1104,0.04625,9,平时
9/7/2020 16:00,,1.05395,0.027,0.05,0.1104,0.04625,9,高峰
9/7/2020 17:00,,1.05395,0.027,0.05,0.1104,0.04625,9,高峰
9/7/2020 18:00,,1.05395,0.027,0.05,0.1104,0.04625,9,高峰
9/7/2020 19:00,,1.05395,0.027,0.05,0.1104,0.04625,9,高峰
9/7/2020 20:00,,1.05395,0.027,0.05,0.1104,0.04625,9,高峰
9/7/2020 21:00,,1.05395,0.027,0.05,0.1104,0.04625,9,高峰
9/7/2020 22:00,,1.05395,0.027,0.05,0.1104,0.04625,9,高峰
9/7/2020 23:00,,1.05395,0.027,0.05,0.1104,0.04625,9,高峰
9/8/2020 0:00,,0.28981,0.027,0.05,0.1104,0.04625,9,低谷
9/8/2020 1:00,,0.28981,0.027,0.05,0.1104,0.04625,9,低谷
9/8/2020 2:00,,0.28981,0.027,0.05,0.1104,0.04625,9,低谷
9/8/2020 3:00,,0.28981,0.027,0.05,0.1104,0.04625,9,低谷
9/8/2020 4:00,,0.28981,0.027,0.05,0.1104,0.04625,9,低谷
9/8/2020 5:00,,0.28981,0.027,0.05,0.1104,0.04625,9,低谷
9/8/2020 6:00,,0.7736,0.027,0.05,0.1104,0.04625,9,平时
9/8/2020 7:00,,0.7736,0.027,0.05,0.1104,0.04625,9,平时
9/8/2020 8:00,,0.7736,0.027,0.05,0.1104,0.04625,9,平时
9/8/2020 9:00,,0.7736,0.027,0.05,0.1104,0.04625,9,平时
9/8/2020 10:00,,0.7736,0.027,0.05,0.1104,0.04625,9,平时
9/8/2020 11:00,,0.7736,0.027,0.05,0.1104,0.04625,9,平时
9/8/2020 12:00,,0.28981,0.027,0.05,0.1104,0.04625,9,低谷
9/8/2020 13:00,,0.28981,0.027,0.05,0.1104,0.04625,9,低谷
9/8/2020 14:00,,0.7736,0.027,0.05,0.1104,0.04625,9,平时
9/8/2020 15:00,,0.7736,0.027,0.05,0.1104,0.04625,9,平时
9/8/2020 16:00,,1.05395,0.027,0.05,0.1104,0.04625,9,高峰
9/8/2020 17:00,,1.05395,0.027,0.05,0.1104,0.04625,9,高峰
9/8/2020 18:00,,1.05395,0.027,0.05,0.1104,0.04625,9,高峰
9/8/2020 19:00,,1.05395,0.027,0.05,0.1104,0.04625,9,高峰
9/8/2020 20:00,,1.05395,0.027,0.05,0.1104,0.04625,9,高峰
9/8/2020 21:00,,1.05395,0.027,0.05,0.1104,0.04625,9,高峰
9/8/2020 22:00,,1.05395,0.027,0.05,0.1104,0.04625,9,高峰
9/8/2020 23:00,,1.05395,0.027,0.05,0.1104,0.04625,9,高峰
9/9/2020 0:00,,0.28981,0.027,0.05,0.1104,0.04625,9,低谷
9/9/2020 1:00,,0.28981,0.027,0.05,0.1104,0.04625,9,低谷
9/9/2020 2:00,,0.28981,0.027,0.05,0.1104,0.04625,9,低谷
9/9/2020 3:00,,0.28981,0.027,0.05,0.1104,0.04625,9,低谷
9/9/2020 4:00,,0.28981,0.027,0.05,0.1104,0.04625,9,低谷
9/9/2020 5:00,,0.28981,0.027,0.05,0.1104,0.04625,9,低谷
9/9/2020 6:00,,0.7736,0.027,0.05,0.1104,0.04625,9,平时
9/9/2020 7:00,,0.7736,0.027,0.05,0.1104,0.04625,9,平时
9/9/2020 8:00,,0.7736,0.027,0.05,0.1104,0.04625,9,平时
9/9/2020 9:00,,0.7736,0.027,0.05,0.1104,0.04625,9,平时
9/9/2020 10:00,,0.7736,0.027,0.05,0.1104,0.04625,9,平时
9/9/2020 11:00,,0.7736,0.027,0.05,0.1104,0.04625,9,平时
9/9/2020 12:00,,0.28981,0.027,0.05,0.1104,0.04625,9,低谷
9/9/2020 13:00,,0.28981,0.027,0.05,0.1104,0.04625,9,低谷
9/9/2020 14:00,,0.7736,0.027,0.05,0.1104,0.04625,9,平时
9/9/2020 15:00,,0.7736,0.027,0.05,0.1104,0.04625,9,平时
9/9/2020 16:00,,1.05395,0.027,0.05,0.1104,0.04625,9,高峰
9/9/2020 17:00,,1.05395,0.027,0.05,0.1104,0.04625,9,高峰
9/9/2020 18:00,,1.05395,0.027,0.05,0.1104,0.04625,9,高峰
9/9/2020 19:00,,1.05395,0.027,0.05,0.1104,0.04625,9,高峰
9/9/2020 20:00,,1.05395,0.027,0.05,0.1104,0.04625,9,高峰
9/9/2020 21:00,,1.05395,0.027,0.05,0.1104,0.04625,9,高峰
9/9/2020 22:00,,1.05395,0.027,0.05,0.1104,0.04625,9,高峰
9/9/2020 23:00,,1.05395,0.027,0.05,0.1104,0.04625,9,高峰
9/10/2020 0:00,,0.28981,0.027,0.05,0.1104,0.04625,9,低谷
9/10/2020 1:00,,0.28981,0.027,0.05,0.1104,0.04625,9,低谷
9/10/2020 2:00,,0.28981,0.027,0.05,0.1104,0.04625,9,低谷
9/10/2020 3:00,,0.28981,0.027,0.05,0.1104,0.04625,9,低谷
9/10/2020 4:00,,0.28981,0.027,0.05,0.1104,0.04625,9,低谷
9/10/2020 5:00,,0.28981,0.027,0.05,0.1104,0.04625,9,低谷
9/10/2020 6:00,,0.7736,0.027,0.05,0.1104,0.04625,9,平时
9/10/2020 7:00,,0.7736,0.027,0.05,0.1104,0.04625,9,平时
9/10/2020 8:00,,0.7736,0.027,0.05,0.1104,0.04625,9,平时
9/10/2020 9:00,,0.7736,0.027,0.05,0.1104,0.04625,9,平时
9/10/2020 10:00,,0.7736,0.027,0.05,0.1104,0.04625,9,平时
9/10/2020 11:00,,0.7736,0.027,0.05,0.1104,0.04625,9,平时
9/10/2020 12:00,,0.28981,0.027,0.05,0.1104,0.04625,9,低谷
9/10/2020 13:00,,0.28981,0.027,0.05,0.1104,0.04625,9,低谷
9/10/2020 14:00,,0.7736,0.027,0.05,0.1104,0.04625,9,平时
9/10/2020 15:00,,0.7736,0.027,0.05,0.1104,0.04625,9,平时
9/10/2020 16:00,,1.05395,0.027,0.05,0.1104,0.04625,9,高峰
9/10/2020 17:00,,1.05395,0.027,0.05,0.1104,0.04625,9,高峰
9/10/2020 18:00,,1.05395,0.027,0.05,0.1104,0.04625,9,高峰
9/10/2020 19:00,,1.05395,0.027,0.05,0.1104,0.04625,9,高峰
9/10/2020 20:00,,1.05395,0.027,0.05,0.1104,0.04625,9,高峰
9/10/2020 21:00,,1.05395,0.027,0.05,0.1104,0.04625,9,高峰
9/10/2020 22:00,,1.05395,0.027,0.05,0.1104,0.04625,9,高峰
9/10/2020 23:00,,1.05395,0.027,0.05,0.1104,0.04625,9,高峰
9/11/2020 0:00,,0.28981,0.027,0.05,0.1104,0.04625,9,低谷
9/11/2020 1:00,,0.28981,0.027,0.05,0.1104,0.04625,9,低谷
9/11/2020 2:00,,0.28981,0.027,0.05,0.1104,0.04625,9,低谷
9/11/2020 3:00,,0.28981,0.027,0.05,0.1104,0.04625,9,低谷
9/11/2020 4:00,,0.28981,0.027,0.05,0.1104,0.04625,9,低谷
9/11/2020 5:00,,0.28981,0.027,0.05,0.1104,0.04625,9,低谷
9/11/2020 6:00,,0.7736,0.027,0.05,0.1104,0.04625,9,平时
9/11/2020 7:00,,0.7736,0.027,0.05,0.1104,0.04625,9,平时
9/11/2020 8:00,,0.7736,0.027,0.05,0.1104,0.04625,9,平时
9/11/2020 9:00,,0.7736,0.027,0.05,0.1104,0.04625,9,平时
9/11/2020 10:00,,0.7736,0.027,0.05,0.1104,0.04625,9,平时
9/11/2020 11:00,,0.7736,0.027,0.05,0.1104,0.04625,9,平时
9/11/2020 12:00,,0.28981,0.027,0.05,0.1104,0.04625,9,低谷
9/11/2020 13:00,,0.28981,0.027,0.05,0.1104,0.04625,9,低谷
9/11/2020 14:00,,0.7736,0.027,0.05,0.1104,0.04625,9,平时
9/11/2020 15:00,,0.7736,0.027,0.05,0.1104,0.04625,9,平时
9/11/2020 16:00,,1.05395,0.027,0.05,0.1104,0.04625,9,高峰
9/11/2020 17:00,,1.05395,0.027,0.05,0.1104,0.04625,9,高峰
9/11/2020 18:00,,1.05395,0.027,0.05,0.1104,0.04625,9,高峰
9/11/2020 19:00,,1.05395,0.027,0.05,0.1104,0.04625,9,高峰
9/11/2020 20:00,,1.05395,0.027,0.05,0.1104,0.04625,9,高峰
9/11/2020 21:00,,1.05395,0.027,0.05,0.1104,0.04625,9,高峰
9/11/2020 22:00,,1.05395,0.027,0.05,0.1104,0.04625,9,高峰
9/11/2020 23:00,,1.05395,0.027,0.05,0.1104,0.04625,9,高峰
9/12/2020 0:00,,0.28981,0.027,0.05,0.1104,0.04625,9,低谷
9/12/2020 1:00,,0.28981,0.027,0.05,0.1104,0.04625,9,低谷
9/12/2020 2:00,,0.28981,0.027,0.05,0.1104,0.04625,9,低谷
9/12/2020 3:00,,0.28981,0.027,0.05,0.1104,0.04625,9,低谷
9/12/2020 4:00,,0.28981,0.027,0.05,0.1104,0.04625,9,低谷
9/12/2020 5:00,,0.28981,0.027,0.05,0.1104,0.04625,9,低谷
9/12/2020 6:00,,0.7736,0.027,0.05,0.1104,0.04625,9,平时
9/12/2020 7:00,,0.7736,0.027,0.05,0.1104,0.04625,9,平时
9/12/2020 8:00,,0.7736,0.027,0.05,0.1104,0.04625,9,平时
9/12/2020 9:00,,0.7736,0.027,0.05,0.1104,0.04625,9,平时
9/12/2020 10:00,,0.7736,0.027,0.05,0.1104,0.04625,9,平时
9/12/2020 11:00,,0.7736,0.027,0.05,0.1104,0.04625,9,平时
9/12/2020 12:00,,0.28981,0.027,0.05,0.1104,0.04625,9,低谷
9/12/2020 13:00,,0.28981,0.027,0.05,0.1104,0.04625,9,低谷
9/12/2020 14:00,,0.7736,0.027,0.05,0.1104,0.04625,9,平时
9/12/2020 15:00,,0.7736,0.027,0.05,0.1104,0.04625,9,平时
9/12/2020 16:00,,1.05395,0.027,0.05,0.1104,0.04625,9,高峰
9/12/2020 17:00,,1.05395,0.027,0.05,0.1104,0.04625,9,高峰
9/12/2020 18:00,,1.05395,0.027,0.05,0.1104,0.04625,9,高峰
9/12/2020 19:00,,1.05395,0.027,0.05,0.1104,0.04625,9,高峰
9/12/2020 20:00,,1.05395,0.027,0.05,0.1104,0.04625,9,高峰
9/12/2020 21:00,,1.05395,0.027,0.05,0.1104,0.04625,9,高峰
9/12/2020 22:00,,1.05395,0.027,0.05,0.1104,0.04625,9,高峰
9/12/2020 23:00,,1.05395,0.027,0.05,0.1104,0.04625,9,高峰
9/13/2020 0:00,,0.28981,0.027,0.05,0.1104,0.04625,9,低谷
9/13/2020 1:00,,0.28981,0.027,0.05,0.1104,0.04625,9,低谷
9/13/2020 2:00,,0.28981,0.027,0.05,0.1104,0.04625,9,低谷
9/13/2020 3:00,,0.28981,0.027,0.05,0.1104,0.04625,9,低谷
9/13/2020 4:00,,0.28981,0.027,0.05,0.1104,0.04625,9,低谷
9/13/2020 5:00,,0.28981,0.027,0.05,0.1104,0.04625,9,低谷
9/13/2020 6:00,,0.7736,0.027,0.05,0.1104,0.04625,9,平时
9/13/2020 7:00,,0.7736,0.027,0.05,0.1104,0.04625,9,平时
9/13/2020 8:00,,0.7736,0.027,0.05,0.1104,0.04625,9,平时
9/13/2020 9:00,,0.7736,0.027,0.05,0.1104,0.04625,9,平时
9/13/2020 10:00,,0.7736,0.027,0.05,0.1104,0.04625,9,平时
9/13/2020 11:00,,0.7736,0.027,0.05,0.1104,0.04625,9,平时
9/13/2020 12:00,,0.28981,0.027,0.05,0.1104,0.04625,9,低谷
9/13/2020 13:00,,0.28981,0.027,0.05,0.1104,0.04625,9,低谷
9/13/2020 14:00,,0.7736,0.027,0.05,0.1104,0.04625,9,平时
9/13/2020 15:00,,0.7736,0.027,0.05,0.1104,0.04625,9,平时
9/13/2020 16:00,,1.05395,0.027,0.05,0.1104,0.04625,9,高峰
9/13/2020 17:00,,1.05395,0.027,0.05,0.1104,0.04625,9,高峰
9/13/2020 18:00,,1.05395,0.027,0.05,0.1104,0.04625,9,高峰
9/13/2020 19:00,,1.05395,0.027,0.05,0.1104,0.04625,9,高峰
9/13/2020 20:00,,1.05395,0.027,0.05,0.1104,0.04625,9,高峰
9/13/2020 21:00,,1.05395,0.027,0.05,0.1104,0.04625,9,高峰
9/13/2020 22:00,,1.05395,0.027,0.05,0.1104,0.04625,9,高峰
9/13/2020 23:00,,1.05395,0.027,0.05,0.1104,0.04625,9,高峰
9/14/2020 0:00,,0.28981,0.027,0.05,0.1104,0.04625,9,低谷
9/14/2020 1:00,,0.28981,0.027,0.05,0.1104,0.04625,9,低谷
9/14/2020 2:00,,0.28981,0.027,0.05,0.1104,0.04625,9,低谷
9/14/2020 3:00,,0.28981,0.027,0.05,0.1104,0.04625,9,低谷
9/14/2020 4:00,,0.28981,0.027,0.05,0.1104,0.04625,9,低谷
9/14/2020 5:00,,0.28981,0.027,0.05,0.1104,0.04625,9,低谷
9/14/2020 6:00,,0.7736,0.027,0.05,0.1104,0.04625,9,平时
9/14/2020 7:00,,0.7736,0.027,0.05,0.1104,0.04625,9,平时
9/14/2020 8:00,,0.7736,0.027,0.05,0.1104,0.04625,9,平时
9/14/2020 9:00,,0.7736,0.027,0.05,0.1104,0.04625,9,平时
9/14/2020 10:00,,0.7736,0.027,0.05,0.1104,0.04625,9,平时
9/14/2020 11:00,,0.7736,0.027,0.05,0.1104,0.04625,9,平时
9/14/2020 12:00,,0.28981,0.027,0.05,0.1104,0.04625,9,低谷
9/14/2020 13:00,,0.28981,0.027,0.05,0.1104,0.04625,9,低谷
9/14/2020 14:00,,0.7736,0.027,0.05,0.1104,0.04625,9,平时
9/14/2020 15:00,,0.7736,0.027,0.05,0.1104,0.04625,9,平时
9/14/2020 16:00,,1.05395,0.027,0.05,0.1104,0.04625,9,高峰
9/14/2020 17:00,,1.05395,0.027,0.05,0.1104,0.04625,9,高峰
9/14/2020 18:00,,1.05395,0.027,0.05,0.1104,0.04625,9,高峰
9/14/2020 19:00,,1.05395,0.027,0.05,0.1104,0.04625,9,高峰
9/14/2020 20:00,,1.05395,0.027,0.05,0.1104,0.04625,9,高峰
9/14/2020 21:00,,1.05395,0.027,0.05,0.1104,0.04625,9,高峰
9/14/2020 22:00,,1.05395,0.027,0.05,0.1104,0.04625,9,高峰
9/14/2020 23:00,,1.05395,0.027,0.05,0.1104,0.04625,9,高峰
9/15/2020 0:00,,0.28981,0.027,0.05,0.1104,0.04625,9,低谷
9/15/2020 1:00,,0.28981,0.027,0.05,0.1104,0.04625,9,低谷
9/15/2020 2:00,,0.28981,0.027,0.05,0.1104,0.04625,9,低谷
9/15/2020 3:00,,0.28981,0.027,0.05,0.1104,0.04625,9,低谷
9/15/2020 4:00,,0.28981,0.027,0.05,0.1104,0.04625,9,低谷
9/15/2020 5:00,,0.28981,0.027,0.05,0.1104,0.04625,9,低谷
9/15/2020 6:00,,0.7736,0.027,0.05,0.1104,0.04625,9,平时
9/15/2020 7:00,,0.7736,0.027,0.05,0.1104,0.04625,9,平时
9/15/2020 8:00,,0.7736,0.027,0.05,0.1104,0.04625,9,平时
9/15/2020 9:00,,0.7736,0.027,0.05,0.1104,0.04625,9,平时
9/15/2020 10:00,,0.7736,0.027,0.05,0.1104,0.04625,9,平时
9/15/2020 11:00,,0.7736,0.027,0.05,0.1104,0.04625,9,平时
9/15/2020 12:00,,0.28981,0.027,0.05,0.1104,0.04625,9,低谷
9/15/2020 13:00,,0.28981,0.027,0.05,0.1104,0.04625,9,低谷
9/15/2020 14:00,,0.7736,0.027,0.05,0.1104,0.04625,9,平时
9/15/2020 15:00,,0.7736,0.027,0.05,0.1104,0.04625,9,平时
9/15/2020 16:00,,1.05395,0.027,0.05,0.1104,0.04625,9,高峰
9/15/2020 17:00,,1.05395,0.027,0.05,0.1104,0.04625,9,高峰
9/15/2020 18:00,,1.05395,0.027,0.05,0.1104,0.04625,9,高峰
9/15/2020 19:00,,1.05395,0.027,0.05,0.1104,0.04625,9,高峰
9/15/2020 20:00,,1.05395,0.027,0.05,0.1104,0.04625,9,高峰
9/15/2020 21:00,,1.05395,0.027,0.05,0.1104,0.04625,9,高峰
9/15/2020 22:00,,1.05395,0.027,0.05,0.1104,0.04625,9,高峰
9/15/2020 23:00,,1.05395,0.027,0.05,0.1104,0.04625,9,高峰
9/16/2020 0:00,,0.28981,0.027,0.05,0.1104,0.04625,9,低谷
9/16/2020 1:00,,0.28981,0.027,0.05,0.1104,0.04625,9,低谷
9/16/2020 2:00,,0.28981,0.027,0.05,0.1104,0.04625,9,低谷
9/16/2020 3:00,,0.28981,0.027,0.05,0.1104,0.04625,9,低谷
9/16/2020 4:00,,0.28981,0.027,0.05,0.1104,0.04625,9,低谷
9/16/2020 5:00,,0.28981,0.027,0.05,0.1104,0.04625,9,低谷
9/16/2020 6:00,,0.7736,0.027,0.05,0.1104,0.04625,9,平时
9/16/2020 7:00,,0.7736,0.027,0.05,0.1104,0.04625,9,平时
9/16/2020 8:00,,0.7736,0.027,0.05,0.1104,0.04625,9,平时
9/16/2020 9:00,,0.7736,0.027,0.05,0.1104,0.04625,9,平时
9/16/2020 10:00,,0.7736,0.027,0.05,0.1104,0.04625,9,平时
9/16/2020 11:00,,0.7736,0.027,0.05,0.1104,0.04625,9,平时
9/16/2020 12:00,,0.28981,0.027,0.05,0.1104,0.04625,9,低谷
9/16/2020 13:00,,0.28981,0.027,0.05,0.1104,0.04625,9,低谷
9/16/2020 14:00,,0.7736,0.027,0.05,0.1104,0.04625,9,平时
9/16/2020 15:00,,0.7736,0.027,0.05,0.1104,0.04625,9,平时
9/16/2020 16:00,,1.05395,0.027,0.05,0.1104,0.04625,9,高峰
9/16/2020 17:00,,1.05395,0.027,0.05,0.1104,0.04625,9,高峰
9/16/2020 18:00,,1.05395,0.027,0.05,0.1104,0.04625,9,高峰
9/16/2020 19:00,,1.05395,0.027,0.05,0.1104,0.04625,9,高峰
9/16/2020 20:00,,1.05395,0.027,0.05,0.1104,0.04625,9,高峰
9/16/2020 21:00,,1.05395,0.027,0.05,0.1104,0.04625,9,高峰
9/16/2020 22:00,,1.05395,0.027,0.05,0.1104,0.04625,9,高峰
9/16/2020 23:00,,1.05395,0.027,0.05,0.1104,0.04625,9,高峰
9/17/2020 0:00,,0.28981,0.027,0.05,0.1104,0.04625,9,低谷
9/17/2020 1:00,,0.28981,0.027,0.05,0.1104,0.04625,9,低谷
9/17/2020 2:00,,0.28981,0.027,0.05,0.1104,0.04625,9,低谷
9/17/2020 3:00,,0.28981,0.027,0.05,0.1104,0.04625,9,低谷
9/17/2020 4:00,,0.28981,0.027,0.05,0.1104,0.04625,9,低谷
9/17/2020 5:00,,0.28981,0.027,0.05,0.1104,0.04625,9,低谷
9/17/2020 6:00,,0.7736,0.027,0.05,0.1104,0.04625,9,平时
9/17/2020 7:00,,0.7736,0.027,0.05,0.1104,0.04625,9,平时
9/17/2020 8:00,,0.7736,0.027,0.05,0.1104,0.04625,9,平时
9/17/2020 9:00,,0.7736,0.027,0.05,0.1104,0.04625,9,平时
9/17/2020 10:00,,0.7736,0.027,0.05,0.1104,0.04625,9,平时
9/17/2020 11:00,,0.7736,0.027,0.05,0.1104,0.04625,9,平时
9/17/2020 12:00,,0.28981,0.027,0.05,0.1104,0.04625,9,低谷
9/17/2020 13:00,,0.28981,0.027,0.05,0.1104,0.04625,9,低谷
9/17/2020 14:00,,0.7736,0.027,0.05,0.1104,0.04625,9,平时
9/17/2020 15:00,,0.7736,0.027,0.05,0.1104,0.04625,9,平时
9/17/2020 16:00,,1.05395,0.027,0.05,0.1104,0.04625,9,高峰
9/17/2020 17:00,,1.05395,0.027,0.05,0.1104,0.04625,9,高峰
9/17/2020 18:00,,1.05395,0.027,0.05,0.1104,0.04625,9,高峰
9/17/2020 19:00,,1.05395,0.027,0.05,0.1104,0.04625,9,高峰
9/17/2020 20:00,,1.05395,0.027,0.05,0.1104,0.04625,9,高峰
9/17/2020 21:00,,1.05395,0.027,0.05,0.1104,0.04625,9,高峰
9/17/2020 22:00,,1.05395,0.027,0.05,0.1104,0.04625,9,高峰
9/17/2020 23:00,,1.05395,0.027,0.05,0.1104,0.04625,9,高峰
9/18/2020 0:00,,0.28981,0.027,0.05,0.1104,0.04625,9,低谷
9/18/2020 1:00,,0.28981,0.027,0.05,0.1104,0.04625,9,低谷
9/18/2020 2:00,,0.28981,0.027,0.05,0.1104,0.04625,9,低谷
9/18/2020 3:00,,0.28981,0.027,0.05,0.1104,0.04625,9,低谷
9/18/2020 4:00,,0.28981,0.027,0.05,0.1104,0.04625,9,低谷
9/18/2020 5:00,,0.28981,0.027,0.05,0.1104,0.04625,9,低谷
9/18/2020 6:00,,0.7736,0.027,0.05,0.1104,0.04625,9,平时
9/18/2020 7:00,,0.7736,0.027,0.05,0.1104,0.04625,9,平时
9/18/2020 8:00,,0.7736,0.027,0.05,0.1104,0.04625,9,平时
9/18/2020 9:00,,0.7736,0.027,0.05,0.1104,0.04625,9,平时
9/18/2020 10:00,,0.7736,0.027,0.05,0.1104,0.04625,9,平时
9/18/2020 11:00,,0.7736,0.027,0.05,0.1104,0.04625,9,平时
9/18/2020 12:00,,0.28981,0.027,0.05,0.1104,0.04625,9,低谷
9/18/2020 13:00,,0.28981,0.027,0.05,0.1104,0.04625,9,低谷
9/18/2020 14:00,,0.7736,0.027,0.05,0.1104,0.04625,9,平时
9/18/2020 15:00,,0.7736,0.027,0.05,0.1104,0.04625,9,平时
9/18/2020 16:00,,1.05395,0.027,0.05,0.1104,0.04625,9,高峰
9/18/2020 17:00,,1.05395,0.027,0.05,0.1104,0.04625,9,高峰
9/18/2020 18:00,,1.05395,0.027,0.05,0.1104,0.04625,9,高峰
9/18/2020 19:00,,1.05395,0.027,0.05,0.1104,0.04625,9,高峰
9/18/2020 20:00,,1.05395,0.027,0.05,0.1104,0.04625,9,高峰
9/18/2020 21:00,,1.05395,0.027,0.05,0.1104,0.04625,9,高峰
9/18/2020 22:00,,1.05395,0.027,0.05,0.1104,0.04625,9,高峰
9/18/2020 23:00,,1.05395,0.027,0.05,0.1104,0.04625,9,高峰
9/19/2020 0:00,,0.28981,0.027,0.05,0.1104,0.04625,9,低谷
9/19/2020 1:00,,0.28981,0.027,0.05,0.1104,0.04625,9,低谷
9/19/2020 2:00,,0.28981,0.027,0.05,0.1104,0.04625,9,低谷
9/19/2020 3:00,,0.28981,0.027,0.05,0.1104,0.04625,9,低谷
9/19/2020 4:00,,0.28981,0.027,0.05,0.1104,0.04625,9,低谷
9/19/2020 5:00,,0.28981,0.027,0.05,0.1104,0.04625,9,低谷
9/19/2020 6:00,,0.7736,0.027,0.05,0.1104,0.04625,9,平时
9/19/2020 7:00,,0.7736,0.027,0.05,0.1104,0.04625,9,平时
9/19/2020 8:00,,0.7736,0.027,0.05,0.1104,0.04625,9,平时
9/19/2020 9:00,,0.7736,0.027,0.05,0.1104,0.04625,9,平时
9/19/2020 10:00,,0.7736,0.027,0.05,0.1104,0.04625,9,平时
9/19/2020 11:00,,0.7736,0.027,0.05,0.1104,0.04625,9,平时
9/19/2020 12:00,,0.28981,0.027,0.05,0.1104,0.04625,9,低谷
9/19/2020 13:00,,0.28981,0.027,0.05,0.1104,0.04625,9,低谷
9/19/2020 14:00,,0.7736,0.027,0.05,0.1104,0.04625,9,平时
9/19/2020 15:00,,0.7736,0.027,0.05,0.1104,0.04625,9,平时
9/19/2020 16:00,,1.05395,0.027,0.05,0.1104,0.04625,9,高峰
9/19/2020 17:00,,1.05395,0.027,0.05,0.1104,0.04625,9,高峰
9/19/2020 18:00,,1.05395,0.027,0.05,0.1104,0.04625,9,高峰
9/19/2020 19:00,,1.05395,0.027,0.05,0.1104,0.04625,9,高峰
9/19/2020 20:00,,1.05395,0.027,0.05,0.1104,0.04625,9,高峰
9/19/2020 21:00,,1.05395,0.027,0.05,0.1104,0.04625,9,高峰
9/19/2020 22:00,,1.05395,0.027,0.05,0.1104,0.04625,9,高峰
9/19/2020 23:00,,1.05395,0.027,0.05,0.1104,0.04625,9,高峰
9/20/2020 0:00,,0.28981,0.027,0.05,0.1104,0.04625,9,低谷
9/20/2020 1:00,,0.28981,0.027,0.05,0.1104,0.04625,9,低谷
9/20/2020 2:00,,0.28981,0.027,0.05,0.1104,0.04625,9,低谷
9/20/2020 3:00,,0.28981,0.027,0.05,0.1104,0.04625,9,低谷
9/20/2020 4:00,,0.28981,0.027,0.05,0.1104,0.04625,9,低谷
9/20/2020 5:00,,0.28981,0.027,0.05,0.1104,0.04625,9,低谷
9/20/2020 6:00,,0.7736,0.027,0.05,0.1104,0.04625,9,平时
9/20/2020 7:00,,0.7736,0.027,0.05,0.1104,0.04625,9,平时
9/20/2020 8:00,,0.7736,0.027,0.05,0.1104,0.04625,9,平时
9/20/2020 9:00,,0.7736,0.027,0.05,0.1104,0.04625,9,平时
9/20/2020 10:00,,0.7736,0.027,0.05,0.1104,0.04625,9,平时
9/20/2020 11:00,,0.7736,0.027,0.05,0.1104,0.04625,9,平时
9/20/2020 12:00,,0.28981,0.027,0.05,0.1104,0.04625,9,低谷
9/20/2020 13:00,,0.28981,0.027,0.05,0.1104,0.04625,9,低谷
9/20/2020 14:00,,0.7736,0.027,0.05,0.1104,0.04625,9,平时
9/20/2020 15:00,,0.7736,0.027,0.05,0.1104,0.04625,9,平时
9/20/2020 16:00,,1.05395,0.027,0.05,0.1104,0.04625,9,高峰
9/20/2020 17:00,,1.05395,0.027,0.05,0.1104,0.04625,9,高峰
9/20/2020 18:00,,1.05395,0.027,0.05,0.1104,0.04625,9,高峰
9/20/2020 19:00,,1.05395,0.027,0.05,0.1104,0.04625,9,高峰
9/20/2020 20:00,,1.05395,0.027,0.05,0.1104,0.04625,9,高峰
9/20/2020 21:00,,1.05395,0.027,0.05,0.1104,0.04625,9,高峰
9/20/2020 22:00,,1.05395,0.027,0.05,0.1104,0.04625,9,高峰
9/20/2020 23:00,,1.05395,0.027,0.05,0.1104,0.04625,9,高峰
9/21/2020 0:00,,0.28981,0.027,0.05,0.1104,0.04625,9,低谷
9/21/2020 1:00,,0.28981,0.027,0.05,0.1104,0.04625,9,低谷
9/21/2020 2:00,,0.28981,0.027,0.05,0.1104,0.04625,9,低谷
9/21/2020 3:00,,0.28981,0.027,0.05,0.1104,0.04625,9,低谷
9/21/2020 4:00,,0.28981,0.027,0.05,0.1104,0.04625,9,低谷
9/21/2020 5:00,,0.28981,0.027,0.05,0.1104,0.04625,9,低谷
9/21/2020 6:00,,0.7736,0.027,0.05,0.1104,0.04625,9,平时
9/21/2020 7:00,,0.7736,0.027,0.05,0.1104,0.04625,9,平时
9/21/2020 8:00,,0.7736,0.027,0.05,0.1104,0.04625,9,平时
9/21/2020 9:00,,0.7736,0.027,0.05,0.1104,0.04625,9,平时
9/21/2020 10:00,,0.7736,0.027,0.05,0.1104,0.04625,9,平时
9/21/2020 11:00,,0.7736,0.027,0.05,0.1104,0.04625,9,平时
9/21/2020 12:00,,0.28981,0.027,0.05,0.1104,0.04625,9,低谷
9/21/2020 13:00,,0.28981,0.027,0.05,0.1104,0.04625,9,低谷
9/21/2020 14:00,,0.7736,0.027,0.05,0.1104,0.04625,9,平时
9/21/2020 15:00,,0.7736,0.027,0.05,0.1104,0.04625,9,平时
9/21/2020 16:00,,1.05395,0.027,0.05,0.1104,0.04625,9,高峰
9/21/2020 17:00,,1.05395,0.027,0.05,0.1104,0.04625,9,高峰
9/21/2020 18:00,,1.05395,0.027,0.05,0.1104,0.04625,9,高峰
9/21/2020 19:00,,1.05395,0.027,0.05,0.1104,0.04625,9,高峰
9/21/2020 20:00,,1.05395,0.027,0.05,0.1104,0.04625,9,高峰
9/21/2020 21:00,,1.05395,0.027,0.05,0.1104,0.04625,9,高峰
9/21/2020 22:00,,1.05395,0.027,0.05,0.1104,0.04625,9,高峰
9/21/2020 23:00,,1.05395,0.027,0.05,0.1104,0.04625,9,高峰
9/22/2020 0:00,,0.28981,0.027,0.05,0.1104,0.04625,9,低谷
9/22/2020 1:00,,0.28981,0.027,0.05,0.1104,0.04625,9,低谷
9/22/2020 2:00,,0.28981,0.027,0.05,0.1104,0.04625,9,低谷
9/22/2020 3:00,,0.28981,0.027,0.05,0.1104,0.04625,9,低谷
9/22/2020 4:00,,0.28981,0.027,0.05,0.1104,0.04625,9,低谷
9/22/2020 5:00,,0.28981,0.027,0.05,0.1104,0.04625,9,低谷
9/22/2020 6:00,,0.7736,0.027,0.05,0.1104,0.04625,9,平时
9/22/2020 7:00,,0.7736,0.027,0.05,0.1104,0.04625,9,平时
9/22/2020 8:00,,0.7736,0.027,0.05,0.1104,0.04625,9,平时
9/22/2020 9:00,,0.7736,0.027,0.05,0.1104,0.04625,9,平时
9/22/2020 10:00,,0.7736,0.027,0.05,0.1104,0.04625,9,平时
9/22/2020 11:00,,0.7736,0.027,0.05,0.1104,0.04625,9,平时
9/22/2020 12:00,,0.28981,0.027,0.05,0.1104,0.04625,9,低谷
9/22/2020 13:00,,0.28981,0.027,0.05,0.1104,0.04625,9,低谷
9/22/2020 14:00,,0.7736,0.027,0.05,0.1104,0.04625,9,平时
9/22/2020 15:00,,0.7736,0.027,0.05,0.1104,0.04625,9,平时
9/22/2020 16:00,,1.05395,0.027,0.05,0.1104,0.04625,9,高峰
9/22/2020 17:00,,1.05395,0.027,0.05,0.1104,0.04625,9,高峰
9/22/2020 18:00,,1.05395,0.027,0.05,0.1104,0.04625,9,高峰
9/22/2020 19:00,,1.05395,0.027,0.05,0.1104,0.04625,9,高峰
9/22/2020 20:00,,1.05395,0.027,0.05,0.1104,0.04625,9,高峰
9/22/2020 21:00,,1.05395,0.027,0.05,0.1104,0.04625,9,高峰
9/22/2020 22:00,,1.05395,0.027,0.05,0.1104,0.04625,9,高峰
9/22/2020 23:00,,1.05395,0.027,0.05,0.1104,0.04625,9,高峰
9/23/2020 0:00,,0.28981,0.027,0.05,0.1104,0.04625,9,低谷
9/23/2020 1:00,,0.28981,0.027,0.05,0.1104,0.04625,9,低谷
9/23/2020 2:00,,0.28981,0.027,0.05,0.1104,0.04625,9,低谷
9/23/2020 3:00,,0.28981,0.027,0.05,0.1104,0.04625,9,低谷
9/23/2020 4:00,,0.28981,0.027,0.05,0.1104,0.04625,9,低谷
9/23/2020 5:00,,0.28981,0.027,0.05,0.1104,0.04625,9,低谷
9/23/2020 6:00,,0.7736,0.027,0.05,0.1104,0.04625,9,平时
9/23/2020 7:00,,0.7736,0.027,0.05,0.1104,0.04625,9,平时
9/23/2020 8:00,,0.7736,0.027,0.05,0.1104,0.04625,9,平时
9/23/2020 9:00,,0.7736,0.027,0.05,0.1104,0.04625,9,平时
9/23/2020 10:00,,0.7736,0.027,0.05,0.1104,0.04625,9,平时
9/23/2020 11:00,,0.7736,0.027,0.05,0.1104,0.04625,9,平时
9/23/2020 12:00,,0.28981,0.027,0.05,0.1104,0.04625,9,低谷
9/23/2020 13:00,,0.28981,0.027,0.05,0.1104,0.04625,9,低谷
9/23/2020 14:00,,0.7736,0.027,0.05,0.1104,0.04625,9,平时
9/23/2020 15:00,,0.7736,0.027,0.05,0.1104,0.04625,9,平时
9/23/2020 16:00,,1.05395,0.027,0.05,0.1104,0.04625,9,高峰
9/23/2020 17:00,,1.05395,0.027,0.05,0.1104,0.04625,9,高峰
9/23/2020 18:00,,1.05395,0.027,0.05,0.1104,0.04625,9,高峰
9/23/2020 19:00,,1.05395,0.027,0.05,0.1104,0.04625,9,高峰
9/23/2020 20:00,,1.05395,0.027,0.05,0.1104,0.04625,9,高峰
9/23/2020 21:00,,1.05395,0.027,0.05,0.1104,0.04625,9,高峰
9/23/2020 22:00,,1.05395,0.027,0.05,0.1104,0.04625,9,高峰
9/23/2020 23:00,,1.05395,0.027,0.05,0.1104,0.04625,9,高峰
9/24/2020 0:00,,0.28981,0.027,0.05,0.1104,0.04625,9,低谷
9/24/2020 1:00,,0.28981,0.027,0.05,0.1104,0.04625,9,低谷
9/24/2020 2:00,,0.28981,0.027,0.05,0.1104,0.04625,9,低谷
9/24/2020 3:00,,0.28981,0.027,0.05,0.1104,0.04625,9,低谷
9/24/2020 4:00,,0.28981,0.027,0.05,0.1104,0.04625,9,低谷
9/24/2020 5:00,,0.28981,0.027,0.05,0.1104,0.04625,9,低谷
9/24/2020 6:00,,0.7736,0.027,0.05,0.1104,0.04625,9,平时
9/24/2020 7:00,,0.7736,0.027,0.05,0.1104,0.04625,9,平时
9/24/2020 8:00,,0.7736,0.027,0.05,0.1104,0.04625,9,平时
9/24/2020 9:00,,0.7736,0.027,0.05,0.1104,0.04625,9,平时
9/24/2020 10:00,,0.7736,0.027,0.05,0.1104,0.04625,9,平时
9/24/2020 11:00,,0.7736,0.027,0.05,0.1104,0.04625,9,平时
9/24/2020 12:00,,0.28981,0.027,0.05,0.1104,0.04625,9,低谷
9/24/2020 13:00,,0.28981,0.027,0.05,0.1104,0.04625,9,低谷
9/24/2020 14:00,,0.7736,0.027,0.05,0.1104,0.04625,9,平时
9/24/2020 15:00,,0.7736,0.027,0.05,0.1104,0.04625,9,平时
9/24/2020 16:00,,1.05395,0.027,0.05,0.1104,0.04625,9,高峰
9/24/2020 17:00,,1.05395,0.027,0.05,0.1104,0.04625,9,高峰
9/24/2020 18:00,,1.05395,0.027,0.05,0.1104,0.04625,9,高峰
9/24/2020 19:00,,1.05395,0.027,0.05,0.1104,0.04625,9,高峰
9/24/2020 20:00,,1.05395,0.027,0.05,0.1104,0.04625,9,高峰
9/24/2020 21:00,,1.05395,0.027,0.05,0.1104,0.04625,9,高峰
9/24/2020 22:00,,1.05395,0.027,0.05,0.1104,0.04625,9,高峰
9/24/2020 23:00,,1.05395,0.027,0.05,0.1104,0.04625,9,高峰
9/25/2020 0:00,,0.28981,0.027,0.05,0.1104,0.04625,9,低谷
9/25/2020 1:00,,0.28981,0.027,0.05,0.1104,0.04625,9,低谷
9/25/2020 2:00,,0.28981,0.027,0.05,0.1104,0.04625,9,低谷
9/25/2020 3:00,,0.28981,0.027,0.05,0.1104,0.04625,9,低谷
9/25/2020 4:00,,0.28981,0.027,0.05,0.1104,0.04625,9,低谷
9/25/2020 5:00,,0.28981,0.027,0.05,0.1104,0.04625,9,低谷
9/25/2020 6:00,,0.7736,0.027,0.05,0.1104,0.04625,9,平时
9/25/2020 7:00,,0.7736,0.027,0.05,0.1104,0.04625,9,平时
9/25/2020 8:00,,0.7736,0.027,0.05,0.1104,0.04625,9,平时
9/25/2020 9:00,,0.7736,0.027,0.05,0.1104,0.04625,9,平时
9/25/2020 10:00,,0.7736,0.027,0.05,0.1104,0.04625,9,平时
9/25/2020 11:00,,0.7736,0.027,0.05,0.1104,0.04625,9,平时
9/25/2020 12:00,,0.28981,0.027,0.05,0.1104,0.04625,9,低谷
9/25/2020 13:00,,0.28981,0.027,0.05,0.1104,0.04625,9,低谷
9/25/2020 14:00,,0.7736,0.027,0.05,0.1104,0.04625,9,平时
9/25/2020 15:00,,0.7736,0.027,0.05,0.1104,0.04625,9,平时
9/25/2020 16:00,,1.05395,0.027,0.05,0.1104,0.04625,9,高峰
9/25/2020 17:00,,1.05395,0.027,0.05,0.1104,0.04625,9,高峰
9/25/2020 18:00,,1.05395,0.027,0.05,0.1104,0.04625,9,高峰
9/25/2020 19:00,,1.05395,0.027,0.05,0.1104,0.04625,9,高峰
9/25/2020 20:00,,1.05395,0.027,0.05,0.1104,0.04625,9,高峰
9/25/2020 21:00,,1.05395,0.027,0.05,0.1104,0.04625,9,高峰
9/25/2020 22:00,,1.05395,0.027,0.05,0.1104,0.04625,9,高峰
9/25/2020 23:00,,1.05395,0.027,0.05,0.1104,0.04625,9,高峰
9/26/2020 0:00,,0.28981,0.027,0.05,0.1104,0.04625,9,低谷
9/26/2020 1:00,,0.28981,0.027,0.05,0.1104,0.04625,9,低谷
9/26/2020 2:00,,0.28981,0.027,0.05,0.1104,0.04625,9,低谷
9/26/2020 3:00,,0.28981,0.027,0.05,0.1104,0.04625,9,低谷
9/26/2020 4:00,,0.28981,0.027,0.05,0.1104,0.04625,9,低谷
9/26/2020 5:00,,0.28981,0.027,0.05,0.1104,0.04625,9,低谷
9/26/2020 6:00,,0.7736,0.027,0.05,0.1104,0.04625,9,平时
9/26/2020 7:00,,0.7736,0.027,0.05,0.1104,0.04625,9,平时
9/26/2020 8:00,,0.7736,0.027,0.05,0.1104,0.04625,9,平时
9/26/2020 9:00,,0.7736,0.027,0.05,0.1104,0.04625,9,平时
9/26/2020 10:00,,0.7736,0.027,0.05,0.1104,0.04625,9,平时
9/26/2020 11:00,,0.7736,0.027,0.05,0.1104,0.04625,9,平时
9/26/2020 12:00,,0.28981,0.027,0.05,0.1104,0.04625,9,低谷
9/26/2020 13:00,,0.28981,0.027,0.05,0.1104,0.04625,9,低谷
9/26/2020 14:00,,0.7736,0.027,0.05,0.1104,0.04625,9,平时
9/26/2020 15:00,,0.7736,0.027,0.05,0.1104,0.04625,9,平时
9/26/2020 16:00,,1.05395,0.027,0.05,0.1104,0.04625,9,高峰
9/26/2020 17:00,,1.05395,0.027,0.05,0.1104,0.04625,9,高峰
9/26/2020 18:00,,1.05395,0.027,0.05,0.1104,0.04625,9,高峰
9/26/2020 19:00,,1.05395,0.027,0.05,0.1104,0.04625,9,高峰
9/26/2020 20:00,,1.05395,0.027,0.05,0.1104,0.04625,9,高峰
9/26/2020 21:00,,1.05395,0.027,0.05,0.1104,0.04625,9,高峰
9/26/2020 22:00,,1.05395,0.027,0.05,0.1104,0.04625,9,高峰
9/26/2020 23:00,,1.05395,0.027,0.05,0.1104,0.04625,9,高峰
9/27/2020 0:00,,0.28981,0.027,0.05,0.1104,0.04625,9,低谷
9/27/2020 1:00,,0.28981,0.027,0.05,0.1104,0.04625,9,低谷
9/27/2020 2:00,,0.28981,0.027,0.05,0.1104,0.04625,9,低谷
9/27/2020 3:00,,0.28981,0.027,0.05,0.1104,0.04625,9,低谷
9/27/2020 4:00,,0.28981,0.027,0.05,0.1104,0.04625,9,低谷
9/27/2020 5:00,,0.28981,0.027,0.05,0.1104,0.04625,9,低谷
9/27/2020 6:00,,0.7736,0.027,0.05,0.1104,0.04625,9,平时
9/27/2020 7:00,,0.7736,0.027,0.05,0.1104,0.04625,9,平时
9/27/2020 8:00,,0.7736,0.027,0.05,0.1104,0.04625,9,平时
9/27/2020 9:00,,0.7736,0.027,0.05,0.1104,0.04625,9,平时
9/27/2020 10:00,,0.7736,0.027,0.05,0.1104,0.04625,9,平时
9/27/2020 11:00,,0.7736,0.027,0.05,0.1104,0.04625,9,平时
9/27/2020 12:00,,0.28981,0.027,0.05,0.1104,0.04625,9,低谷
9/27/2020 13:00,,0.28981,0.027,0.05,0.1104,0.04625,9,低谷
9/27/2020 14:00,,0.7736,0.027,0.05,0.1104,0.04625,9,平时
9/27/2020 15:00,,0.7736,0.027,0.05,0.1104,0.04625,9,平时
9/27/2020 16:00,,1.05395,0.027,0.05,0.1104,0.04625,9,高峰
9/27/2020 17:00,,1.05395,0.027,0.05,0.1104,0.04625,9,高峰
9/27/2020 18:00,,1.05395,0.027,0.05,0.1104,0.04625,9,高峰
9/27/2020 19:00,,1.05395,0.027,0.05,0.1104,0.04625,9,高峰
9/27/2020 20:00,,1.05395,0.027,0.05,0.1104,0.04625,9,高峰
9/27/2020 21:00,,1.05395,0.027,0.05,0.1104,0.04625,9,高峰
9/27/2020 22:00,,1.05395,0.027,0.05,0.1104,0.04625,9,高峰
9/27/2020 23:00,,1.05395,0.027,0.05,0.1104,0.04625,9,高峰
9/28/2020 0:00,,0.28981,0.027,0.05,0.1104,0.04625,9,低谷
9/28/2020 1:00,,0.28981,0.027,0.05,0.1104,0.04625,9,低谷
9/28/2020 2:00,,0.28981,0.027,0.05,0.1104,0.04625,9,低谷
9/28/2020 3:00,,0.28981,0.027,0.05,0.1104,0.04625,9,低谷
9/28/2020 4:00,,0.28981,0.027,0.05,0.1104,0.04625,9,低谷
9/28/2020 5:00,,0.28981,0.027,0.05,0.1104,0.04625,9,低谷
9/28/2020 6:00,,0.7736,0.027,0.05,0.1104,0.04625,9,平时
9/28/2020 7:00,,0.7736,0.027,0.05,0.1104,0.04625,9,平时
9/28/2020 8:00,,0.7736,0.027,0.05,0.1104,0.04625,9,平时
9/28/2020 9:00,,0.7736,0.027,0.05,0.1104,0.04625,9,平时
9/28/2020 10:00,,0.7736,0.027,0.05,0.1104,0.04625,9,平时
9/28/2020 11:00,,0.7736,0.027,0.05,0.1104,0.04625,9,平时
9/28/2020 12:00,,0.28981,0.027,0.05,0.1104,0.04625,9,低谷
9/28/2020 13:00,,0.28981,0.027,0.05,0.1104,0.04625,9,低谷
9/28/2020 14:00,,0.7736,0.027,0.05,0.1104,0.04625,9,平时
9/28/2020 15:00,,0.7736,0.027,0.05,0.1104,0.04625,9,平时
9/28/2020 16:00,,1.05395,0.027,0.05,0.1104,0.04625,9,高峰
9/28/2020 17:00,,1.05395,0.027,0.05,0.1104,0.04625,9,高峰
9/28/2020 18:00,,1.05395,0.027,0.05,0.1104,0.04625,9,高峰
9/28/2020 19:00,,1.05395,0.027,0.05,0.1104,0.04625,9,高峰
9/28/2020 20:00,,1.05395,0.027,0.05,0.1104,0.04625,9,高峰
9/28/2020 21:00,,1.05395,0.027,0.05,0.1104,0.04625,9,高峰
9/28/2020 22:00,,1.05395,0.027,0.05,0.1104,0.04625,9,高峰
9/28/2020 23:00,,1.05395,0.027,0.05,0.1104,0.04625,9,高峰
9/29/2020 0:00,,0.28981,0.027,0.05,0.1104,0.04625,9,低谷
9/29/2020 1:00,,0.28981,0.027,0.05,0.1104,0.04625,9,低谷
9/29/2020 2:00,,0.28981,0.027,0.05,0.1104,0.04625,9,低谷
9/29/2020 3:00,,0.28981,0.027,0.05,0.1104,0.04625,9,低谷
9/29/2020 4:00,,0.28981,0.027,0.05,0.1104,0.04625,9,低谷
9/29/2020 5:00,,0.28981,0.027,0.05,0.1104,0.04625,9,低谷
9/29/2020 6:00,,0.7736,0.027,0.05,0.1104,0.04625,9,平时
9/29/2020 7:00,,0.7736,0.027,0.05,0.1104,0.04625,9,平时
9/29/2020 8:00,,0.7736,0.027,0.05,0.1104,0.04625,9,平时
9/29/2020 9:00,,0.7736,0.027,0.05,0.1104,0.04625,9,平时
9/29/2020 10:00,,0.7736,0.027,0.05,0.1104,0.04625,9,平时
9/29/2020 11:00,,0.7736,0.027,0.05,0.1104,0.04625,9,平时
9/29/2020 12:00,,0.28981,0.027,0.05,0.1104,0.04625,9,低谷
9/29/2020 13:00,,0.28981,0.027,0.05,0.1104,0.04625,9,低谷
9/29/2020 14:00,,0.7736,0.027,0.05,0.1104,0.04625,9,平时
9/29/2020 15:00,,0.7736,0.027,0.05,0.1104,0.04625,9,平时
9/29/2020 16:00,,1.05395,0.027,0.05,0.1104,0.04625,9,高峰
9/29/2020 17:00,,1.05395,0.027,0.05,0.1104,0.04625,9,高峰
9/29/2020 18:00,,1.05395,0.027,0.05,0.1104,0.04625,9,高峰
9/29/2020 19:00,,1.05395,0.027,0.05,0.1104,0.04625,9,高峰
9/29/2020 20:00,,1.05395,0.027,0.05,0.1104,0.04625,9,高峰
9/29/2020 21:00,,1.05395,0.027,0.05,0.1104,0.04625,9,高峰
9/29/2020 22:00,,1.05395,0.027,0.05,0.1104,0.04625,9,高峰
9/29/2020 23:00,,1.05395,0.027,0.05,0.1104,0.04625,9,高峰
9/30/2020 0:00,,0.28981,0.027,0.05,0.1104,0.04625,9,低谷
9/30/2020 1:00,,0.28981,0.027,0.05,0.1104,0.04625,9,低谷
9/30/2020 2:00,,0.28981,0.027,0.05,0.1104,0.04625,9,低谷
9/30/2020 3:00,,0.28981,0.027,0.05,0.1104,0.04625,9,低谷
9/30/2020 4:00,,0.28981,0.027,0.05,0.1104,0.04625,9,低谷
9/30/2020 5:00,,0.28981,0.027,0.05,0.1104,0.04625,9,低谷
9/30/2020 6:00,,0.7736,0.027,0.05,0.1104,0.04625,9,平时
9/30/2020 7:00,,0.7736,0.027,0.05,0.1104,0.04625,9,平时
9/30/2020 8:00,,0.7736,0.027,0.05,0.1104,0.04625,9,平时
9/30/2020 9:00,,0.7736,0.027,0.05,0.1104,0.04625,9,平时
9/30/2020 10:00,,0.7736,0.027,0.05,0.1104,0.04625,9,平时
9/30/2020 11:00,,0.7736,0.027,0.05,0.1104,0.04625,9,平时
9/30/2020 12:00,,0.28981,0.027,0.05,0.1104,0.04625,9,低谷
9/30/2020 13:00,,0.28981,0.027,0.05,0.1104,0.04625,9,低谷
9/30/2020 14:00,,0.7736,0.027,0.05,0.1104,0.04625,9,平时
9/30/2020 15:00,,0.7736,0.027,0.05,0.1104,0.04625,9,平时
9/30/2020 16:00,,1.05395,0.027,0.05,0.1104,0.04625,9,高峰
9/30/2020 17:00,,1.05395,0.027,0.05,0.1104,0.04625,9,高峰
9/30/2020 18:00,,1.05395,0.027,0.05,0.1104,0.04625,9,高峰
9/30/2020 19:00,,1.05395,0.027,0.05,0.1104,0.04625,9,高峰
9/30/2020 20:00,,1.05395,0.027,0.05,0.1104,0.04625,9,高峰
9/30/2020 21:00,,1.05395,0.027,0.05,0.1104,0.04625,9,高峰
9/30/2020 22:00,,1.05395,0.027,0.05,0.1104,0.04625,9,高峰
9/30/2020 23:00,,1.05395,0.027,0.05,0.1104,0.04625,9,高峰
10/1/2020 0:00,,0.275761,0.027,0.05,0.1104,0.04625,10,低谷
10/1/2020 1:00,,0.275761,0.027,0.05,0.1104,0.04625,10,低谷
10/1/2020 2:00,,0.275761,0.027,0.05,0.1104,0.04625,10,低谷
10/1/2020 3:00,,0.275761,0.027,0.05,0.1104,0.04625,10,低谷
10/1/2020 4:00,,0.275761,0.027,0.05,0.1104,0.04625,10,低谷
10/1/2020 5:00,,0.275761,0.027,0.05,0.1104,0.04625,10,低谷
10/1/2020 6:00,,0.660412,0.027,0.05,0.1104,0.04625,10,平时
10/1/2020 7:00,,0.660412,0.027,0.05,0.1104,0.04625,10,平时
10/1/2020 8:00,,0.660412,0.027,0.05,0.1104,0.04625,10,平时
10/1/2020 9:00,,0.660412,0.027,0.05,0.1104,0.04625,10,平时
10/1/2020 10:00,,0.660412,0.027,0.05,0.1104,0.04625,10,平时
10/1/2020 11:00,,0.660412,0.027,0.05,0.1104,0.04625,10,平时
10/1/2020 12:00,,0.275761,0.027,0.05,0.1104,0.04625,10,低谷
10/1/2020 13:00,,0.275761,0.027,0.05,0.1104,0.04625,10,低谷
10/1/2020 14:00,,0.660412,0.027,0.05,0.1104,0.04625,10,平时
10/1/2020 15:00,,0.660412,0.027,0.05,0.1104,0.04625,10,平时
10/1/2020 16:00,,1.045063,0.027,0.05,0.1104,0.04625,10,高峰
10/1/2020 17:00,,1.045063,0.027,0.05,0.1104,0.04625,10,高峰
10/1/2020 18:00,,1.045063,0.027,0.05,0.1104,0.04625,10,高峰
10/1/2020 19:00,,1.045063,0.027,0.05,0.1104,0.04625,10,高峰
10/1/2020 20:00,,1.045063,0.027,0.05,0.1104,0.04625,10,高峰
10/1/2020 21:00,,1.045063,0.027,0.05,0.1104,0.04625,10,高峰
10/1/2020 22:00,,1.045063,0.027,0.05,0.1104,0.04625,10,高峰
10/1/2020 23:00,,1.045063,0.027,0.05,0.1104,0.04625,10,高峰
10/2/2020 0:00,,0.275761,0.027,0.05,0.1104,0.04625,10,低谷
10/2/2020 1:00,,0.275761,0.027,0.05,0.1104,0.04625,10,低谷
10/2/2020 2:00,,0.275761,0.027,0.05,0.1104,0.04625,10,低谷
10/2/2020 3:00,,0.275761,0.027,0.05,0.1104,0.04625,10,低谷
10/2/2020 4:00,,0.275761,0.027,0.05,0.1104,0.04625,10,低谷
10/2/2020 5:00,,0.275761,0.027,0.05,0.1104,0.04625,10,低谷
10/2/2020 6:00,,0.660412,0.027,0.05,0.1104,0.04625,10,平时
10/2/2020 7:00,,0.660412,0.027,0.05,0.1104,0.04625,10,平时
10/2/2020 8:00,,0.660412,0.027,0.05,0.1104,0.04625,10,平时
10/2/2020 9:00,,0.660412,0.027,0.05,0.1104,0.04625,10,平时
10/2/2020 10:00,,0.660412,0.027,0.05,0.1104,0.04625,10,平时
10/2/2020 11:00,,0.660412,0.027,0.05,0.1104,0.04625,10,平时
10/2/2020 12:00,,0.275761,0.027,0.05,0.1104,0.04625,10,低谷
10/2/2020 13:00,,0.275761,0.027,0.05,0.1104,0.04625,10,低谷
10/2/2020 14:00,,0.660412,0.027,0.05,0.1104,0.04625,10,平时
10/2/2020 15:00,,0.660412,0.027,0.05,0.1104,0.04625,10,平时
10/2/2020 16:00,,1.045063,0.027,0.05,0.1104,0.04625,10,高峰
10/2/2020 17:00,,1.045063,0.027,0.05,0.1104,0.04625,10,高峰
10/2/2020 18:00,,1.045063,0.027,0.05,0.1104,0.04625,10,高峰
10/2/2020 19:00,,1.045063,0.027,0.05,0.1104,0.04625,10,高峰
10/2/2020 20:00,,1.045063,0.027,0.05,0.1104,0.04625,10,高峰
10/2/2020 21:00,,1.045063,0.027,0.05,0.1104,0.04625,10,高峰
10/2/2020 22:00,,1.045063,0.027,0.05,0.1104,0.04625,10,高峰
10/2/2020 23:00,,1.045063,0.027,0.05,0.1104,0.04625,10,高峰
10/3/2020 0:00,,0.275761,0.027,0.05,0.1104,0.04625,10,低谷
10/3/2020 1:00,,0.275761,0.027,0.05,0.1104,0.04625,10,低谷
10/3/2020 2:00,,0.275761,0.027,0.05,0.1104,0.04625,10,低谷
10/3/2020 3:00,,0.275761,0.027,0.05,0.1104,0.04625,10,低谷
10/3/2020 4:00,,0.275761,0.027,0.05,0.1104,0.04625,10,低谷
10/3/2020 5:00,,0.275761,0.027,0.05,0.1104,0.04625,10,低谷
10/3/2020 6:00,,0.660412,0.027,0.05,0.1104,0.04625,10,平时
10/3/2020 7:00,,0.660412,0.027,0.05,0.1104,0.04625,10,平时
10/3/2020 8:00,,0.660412,0.027,0.05,0.1104,0.04625,10,平时
10/3/2020 9:00,,0.660412,0.027,0.05,0.1104,0.04625,10,平时
10/3/2020 10:00,,0.660412,0.027,0.05,0.1104,0.04625,10,平时
10/3/2020 11:00,,0.660412,0.027,0.05,0.1104,0.04625,10,平时
10/3/2020 12:00,,0.275761,0.027,0.05,0.1104,0.04625,10,低谷
10/3/2020 13:00,,0.275761,0.027,0.05,0.1104,0.04625,10,低谷
10/3/2020 14:00,,0.660412,0.027,0.05,0.1104,0.04625,10,平时
10/3/2020 15:00,,0.660412,0.027,0.05,0.1104,0.04625,10,平时
10/3/2020 16:00,,1.045063,0.027,0.05,0.1104,0.04625,10,高峰
10/3/2020 17:00,,1.045063,0.027,0.05,0.1104,0.04625,10,高峰
10/3/2020 18:00,,1.045063,0.027,0.05,0.1104,0.04625,10,高峰
10/3/2020 19:00,,1.045063,0.027,0.05,0.1104,0.04625,10,高峰
10/3/2020 20:00,,1.045063,0.027,0.05,0.1104,0.04625,10,高峰
10/3/2020 21:00,,1.045063,0.027,0.05,0.1104,0.04625,10,高峰
10/3/2020 22:00,,1.045063,0.027,0.05,0.1104,0.04625,10,高峰
10/3/2020 23:00,,1.045063,0.027,0.05,0.1104,0.04625,10,高峰
10/4/2020 0:00,,0.275761,0.027,0.05,0.1104,0.04625,10,低谷
10/4/2020 1:00,,0.275761,0.027,0.05,0.1104,0.04625,10,低谷
10/4/2020 2:00,,0.275761,0.027,0.05,0.1104,0.04625,10,低谷
10/4/2020 3:00,,0.275761,0.027,0.05,0.1104,0.04625,10,低谷
10/4/2020 4:00,,0.275761,0.027,0.05,0.1104,0.04625,10,低谷
10/4/2020 5:00,,0.275761,0.027,0.05,0.1104,0.04625,10,低谷
10/4/2020 6:00,,0.660412,0.027,0.05,0.1104,0.04625,10,平时
10/4/2020 7:00,,0.660412,0.027,0.05,0.1104,0.04625,10,平时
10/4/2020 8:00,,0.660412,0.027,0.05,0.1104,0.04625,10,平时
10/4/2020 9:00,,0.660412,0.027,0.05,0.1104,0.04625,10,平时
10/4/2020 10:00,,0.660412,0.027,0.05,0.1104,0.04625,10,平时
10/4/2020 11:00,,0.660412,0.027,0.05,0.1104,0.04625,10,平时
10/4/2020 12:00,,0.275761,0.027,0.05,0.1104,0.04625,10,低谷
10/4/2020 13:00,,0.275761,0.027,0.05,0.1104,0.04625,10,低谷
10/4/2020 14:00,,0.660412,0.027,0.05,0.1104,0.04625,10,平时
10/4/2020 15:00,,0.660412,0.027,0.05,0.1104,0.04625,10,平时
10/4/2020 16:00,,1.045063,0.027,0.05,0.1104,0.04625,10,高峰
10/4/2020 17:00,,1.045063,0.027,0.05,0.1104,0.04625,10,高峰
10/4/2020 18:00,,1.045063,0.027,0.05,0.1104,0.04625,10,高峰
10/4/2020 19:00,,1.045063,0.027,0.05,0.1104,0.04625,10,高峰
10/4/2020 20:00,,1.045063,0.027,0.05,0.1104,0.04625,10,高峰
10/4/2020 21:00,,1.045063,0.027,0.05,0.1104,0.04625,10,高峰
10/4/2020 22:00,,1.045063,0.027,0.05,0.1104,0.04625,10,高峰
10/4/2020 23:00,,1.045063,0.027,0.05,0.1104,0.04625,10,高峰
10/5/2020 0:00,,0.275761,0.027,0.05,0.1104,0.04625,10,低谷
10/5/2020 1:00,,0.275761,0.027,0.05,0.1104,0.04625,10,低谷
10/5/2020 2:00,,0.275761,0.027,0.05,0.1104,0.04625,10,低谷
10/5/2020 3:00,,0.275761,0.027,0.05,0.1104,0.04625,10,低谷
10/5/2020 4:00,,0.275761,0.027,0.05,0.1104,0.04625,10,低谷
10/5/2020 5:00,,0.275761,0.027,0.05,0.1104,0.04625,10,低谷
10/5/2020 6:00,,0.660412,0.027,0.05,0.1104,0.04625,10,平时
10/5/2020 7:00,,0.660412,0.027,0.05,0.1104,0.04625,10,平时
10/5/2020 8:00,,0.660412,0.027,0.05,0.1104,0.04625,10,平时
10/5/2020 9:00,,0.660412,0.027,0.05,0.1104,0.04625,10,平时
10/5/2020 10:00,,0.660412,0.027,0.05,0.1104,0.04625,10,平时
10/5/2020 11:00,,0.660412,0.027,0.05,0.1104,0.04625,10,平时
10/5/2020 12:00,,0.275761,0.027,0.05,0.1104,0.04625,10,低谷
10/5/2020 13:00,,0.275761,0.027,0.05,0.1104,0.04625,10,低谷
10/5/2020 14:00,,0.660412,0.027,0.05,0.1104,0.04625,10,平时
10/5/2020 15:00,,0.660412,0.027,0.05,0.1104,0.04625,10,平时
10/5/2020 16:00,,1.045063,0.027,0.05,0.1104,0.04625,10,高峰
10/5/2020 17:00,,1.045063,0.027,0.05,0.1104,0.04625,10,高峰
10/5/2020 18:00,,1.045063,0.027,0.05,0.1104,0.04625,10,高峰
10/5/2020 19:00,,1.045063,0.027,0.05,0.1104,0.04625,10,高峰
10/5/2020 20:00,,1.045063,0.027,0.05,0.1104,0.04625,10,高峰
10/5/2020 21:00,,1.045063,0.027,0.05,0.1104,0.04625,10,高峰
10/5/2020 22:00,,1.045063,0.027,0.05,0.1104,0.04625,10,高峰
10/5/2020 23:00,,1.045063,0.027,0.05,0.1104,0.04625,10,高峰
10/6/2020 0:00,,0.275761,0.027,0.05,0.1104,0.04625,10,低谷
10/6/2020 1:00,,0.275761,0.027,0.05,0.1104,0.04625,10,低谷
10/6/2020 2:00,,0.275761,0.027,0.05,0.1104,0.04625,10,低谷
10/6/2020 3:00,,0.275761,0.027,0.05,0.1104,0.04625,10,低谷
10/6/2020 4:00,,0.275761,0.027,0.05,0.1104,0.04625,10,低谷
10/6/2020 5:00,,0.275761,0.027,0.05,0.1104,0.04625,10,低谷
10/6/2020 6:00,,0.660412,0.027,0.05,0.1104,0.04625,10,平时
10/6/2020 7:00,,0.660412,0.027,0.05,0.1104,0.04625,10,平时
10/6/2020 8:00,,0.660412,0.027,0.05,0.1104,0.04625,10,平时
10/6/2020 9:00,,0.660412,0.027,0.05,0.1104,0.04625,10,平时
10/6/2020 10:00,,0.660412,0.027,0.05,0.1104,0.04625,10,平时
10/6/2020 11:00,,0.660412,0.027,0.05,0.1104,0.04625,10,平时
10/6/2020 12:00,,0.275761,0.027,0.05,0.1104,0.04625,10,低谷
10/6/2020 13:00,,0.275761,0.027,0.05,0.1104,0.04625,10,低谷
10/6/2020 14:00,,0.660412,0.027,0.05,0.1104,0.04625,10,平时
10/6/2020 15:00,,0.660412,0.027,0.05,0.1104,0.04625,10,平时
10/6/2020 16:00,,1.045063,0.027,0.05,0.1104,0.04625,10,高峰
10/6/2020 17:00,,1.045063,0.027,0.05,0.1104,0.04625,10,高峰
10/6/2020 18:00,,1.045063,0.027,0.05,0.1104,0.04625,10,高峰
10/6/2020 19:00,,1.045063,0.027,0.05,0.1104,0.04625,10,高峰
10/6/2020 20:00,,1.045063,0.027,0.05,0.1104,0.04625,10,高峰
10/6/2020 21:00,,1.045063,0.027,0.05,0.1104,0.04625,10,高峰
10/6/2020 22:00,,1.045063,0.027,0.05,0.1104,0.04625,10,高峰
10/6/2020 23:00,,1.045063,0.027,0.05,0.1104,0.04625,10,高峰
10/7/2020 0:00,,0.275761,0.027,0.05,0.1104,0.04625,10,低谷
10/7/2020 1:00,,0.275761,0.027,0.05,0.1104,0.04625,10,低谷
10/7/2020 2:00,,0.275761,0.027,0.05,0.1104,0.04625,10,低谷
10/7/2020 3:00,,0.275761,0.027,0.05,0.1104,0.04625,10,低谷
10/7/2020 4:00,,0.275761,0.027,0.05,0.1104,0.04625,10,低谷
10/7/2020 5:00,,0.275761,0.027,0.05,0.1104,0.04625,10,低谷
10/7/2020 6:00,,0.660412,0.027,0.05,0.1104,0.04625,10,平时
10/7/2020 7:00,,0.660412,0.027,0.05,0.1104,0.04625,10,平时
10/7/2020 8:00,,0.660412,0.027,0.05,0.1104,0.04625,10,平时
10/7/2020 9:00,,0.660412,0.027,0.05,0.1104,0.04625,10,平时
10/7/2020 10:00,,0.660412,0.027,0.05,0.1104,0.04625,10,平时
10/7/2020 11:00,,0.660412,0.027,0.05,0.1104,0.04625,10,平时
10/7/2020 12:00,,0.275761,0.027,0.05,0.1104,0.04625,10,低谷
10/7/2020 13:00,,0.275761,0.027,0.05,0.1104,0.04625,10,低谷
10/7/2020 14:00,,0.660412,0.027,0.05,0.1104,0.04625,10,平时
10/7/2020 15:00,,0.660412,0.027,0.05,0.1104,0.04625,10,平时
10/7/2020 16:00,,1.045063,0.027,0.05,0.1104,0.04625,10,高峰
10/7/2020 17:00,,1.045063,0.027,0.05,0.1104,0.04625,10,高峰
10/7/2020 18:00,,1.045063,0.027,0.05,0.1104,0.04625,10,高峰
10/7/2020 19:00,,1.045063,0.027,0.05,0.1104,0.04625,10,高峰
10/7/2020 20:00,,1.045063,0.027,0.05,0.1104,0.04625,10,高峰
10/7/2020 21:00,,1.045063,0.027,0.05,0.1104,0.04625,10,高峰
10/7/2020 22:00,,1.045063,0.027,0.05,0.1104,0.04625,10,高峰
10/7/2020 23:00,,1.045063,0.027,0.05,0.1104,0.04625,10,高峰
10/8/2020 0:00,,0.275761,0.027,0.05,0.1104,0.04625,10,低谷
10/8/2020 1:00,,0.275761,0.027,0.05,0.1104,0.04625,10,低谷
10/8/2020 2:00,,0.275761,0.027,0.05,0.1104,0.04625,10,低谷
10/8/2020 3:00,,0.275761,0.027,0.05,0.1104,0.04625,10,低谷
10/8/2020 4:00,,0.275761,0.027,0.05,0.1104,0.04625,10,低谷
10/8/2020 5:00,,0.275761,0.027,0.05,0.1104,0.04625,10,低谷
10/8/2020 6:00,,0.660412,0.027,0.05,0.1104,0.04625,10,平时
10/8/2020 7:00,,0.660412,0.027,0.05,0.1104,0.04625,10,平时
10/8/2020 8:00,,0.660412,0.027,0.05,0.1104,0.04625,10,平时
10/8/2020 9:00,,0.660412,0.027,0.05,0.1104,0.04625,10,平时
10/8/2020 10:00,,0.660412,0.027,0.05,0.1104,0.04625,10,平时
10/8/2020 11:00,,0.660412,0.027,0.05,0.1104,0.04625,10,平时
10/8/2020 12:00,,0.275761,0.027,0.05,0.1104,0.04625,10,低谷
10/8/2020 13:00,,0.275761,0.027,0.05,0.1104,0.04625,10,低谷
10/8/2020 14:00,,0.660412,0.027,0.05,0.1104,0.04625,10,平时
10/8/2020 15:00,,0.660412,0.027,0.05,0.1104,0.04625,10,平时
10/8/2020 16:00,,1.045063,0.027,0.05,0.1104,0.04625,10,高峰
10/8/2020 17:00,,1.045063,0.027,0.05,0.1104,0.04625,10,高峰
10/8/2020 18:00,,1.045063,0.027,0.05,0.1104,0.04625,10,高峰
10/8/2020 19:00,,1.045063,0.027,0.05,0.1104,0.04625,10,高峰
10/8/2020 20:00,,1.045063,0.027,0.05,0.1104,0.04625,10,高峰
10/8/2020 21:00,,1.045063,0.027,0.05,0.1104,0.04625,10,高峰
10/8/2020 22:00,,1.045063,0.027,0.05,0.1104,0.04625,10,高峰
10/8/2020 23:00,,1.045063,0.027,0.05,0.1104,0.04625,10,高峰
10/9/2020 0:00,,0.275761,0.027,0.05,0.1104,0.04625,10,低谷
10/9/2020 1:00,,0.275761,0.027,0.05,0.1104,0.04625,10,低谷
10/9/2020 2:00,,0.275761,0.027,0.05,0.1104,0.04625,10,低谷
10/9/2020 3:00,,0.275761,0.027,0.05,0.1104,0.04625,10,低谷
10/9/2020 4:00,,0.275761,0.027,0.05,0.1104,0.04625,10,低谷
10/9/2020 5:00,,0.275761,0.027,0.05,0.1104,0.04625,10,低谷
10/9/2020 6:00,,0.660412,0.027,0.05,0.1104,0.04625,10,平时
10/9/2020 7:00,,0.660412,0.027,0.05,0.1104,0.04625,10,平时
10/9/2020 8:00,,0.660412,0.027,0.05,0.1104,0.04625,10,平时
10/9/2020 9:00,,0.660412,0.027,0.05,0.1104,0.04625,10,平时
10/9/2020 10:00,,0.660412,0.027,0.05,0.1104,0.04625,10,平时
10/9/2020 11:00,,0.660412,0.027,0.05,0.1104,0.04625,10,平时
10/9/2020 12:00,,0.275761,0.027,0.05,0.1104,0.04625,10,低谷
10/9/2020 13:00,,0.275761,0.027,0.05,0.1104,0.04625,10,低谷
10/9/2020 14:00,,0.660412,0.027,0.05,0.1104,0.04625,10,平时
10/9/2020 15:00,,0.660412,0.027,0.05,0.1104,0.04625,10,平时
10/9/2020 16:00,,1.045063,0.027,0.05,0.1104,0.04625,10,高峰
10/9/2020 17:00,,1.045063,0.027,0.05,0.1104,0.04625,10,高峰
10/9/2020 18:00,,1.045063,0.027,0.05,0.1104,0.04625,10,高峰
10/9/2020 19:00,,1.045063,0.027,0.05,0.1104,0.04625,10,高峰
10/9/2020 20:00,,1.045063,0.027,0.05,0.1104,0.04625,10,高峰
10/9/2020 21:00,,1.045063,0.027,0.05,0.1104,0.04625,10,高峰
10/9/2020 22:00,,1.045063,0.027,0.05,0.1104,0.04625,10,高峰
10/9/2020 23:00,,1.045063,0.027,0.05,0.1104,0.04625,10,高峰
10/10/2020 0:00,,0.275761,0.027,0.05,0.1104,0.04625,10,低谷
10/10/2020 1:00,,0.275761,0.027,0.05,0.1104,0.04625,10,低谷
10/10/2020 2:00,,0.275761,0.027,0.05,0.1104,0.04625,10,低谷
10/10/2020 3:00,,0.275761,0.027,0.05,0.1104,0.04625,10,低谷
10/10/2020 4:00,,0.275761,0.027,0.05,0.1104,0.04625,10,低谷
10/10/2020 5:00,,0.275761,0.027,0.05,0.1104,0.04625,10,低谷
10/10/2020 6:00,,0.660412,0.027,0.05,0.1104,0.04625,10,平时
10/10/2020 7:00,,0.660412,0.027,0.05,0.1104,0.04625,10,平时
10/10/2020 8:00,,0.660412,0.027,0.05,0.1104,0.04625,10,平时
10/10/2020 9:00,,0.660412,0.027,0.05,0.1104,0.04625,10,平时
10/10/2020 10:00,,0.660412,0.027,0.05,0.1104,0.04625,10,平时
10/10/2020 11:00,,0.660412,0.027,0.05,0.1104,0.04625,10,平时
10/10/2020 12:00,,0.275761,0.027,0.05,0.1104,0.04625,10,低谷
10/10/2020 13:00,,0.275761,0.027,0.05,0.1104,0.04625,10,低谷
10/10/2020 14:00,,0.660412,0.027,0.05,0.1104,0.04625,10,平时
10/10/2020 15:00,,0.660412,0.027,0.05,0.1104,0.04625,10,平时
10/10/2020 16:00,,1.045063,0.027,0.05,0.1104,0.04625,10,高峰
10/10/2020 17:00,,1.045063,0.027,0.05,0.1104,0.04625,10,高峰
10/10/2020 18:00,,1.045063,0.027,0.05,0.1104,0.04625,10,高峰
10/10/2020 19:00,,1.045063,0.027,0.05,0.1104,0.04625,10,高峰
10/10/2020 20:00,,1.045063,0.027,0.05,0.1104,0.04625,10,高峰
10/10/2020 21:00,,1.045063,0.027,0.05,0.1104,0.04625,10,高峰
10/10/2020 22:00,,1.045063,0.027,0.05,0.1104,0.04625,10,高峰
10/10/2020 23:00,,1.045063,0.027,0.05,0.1104,0.04625,10,高峰
10/11/2020 0:00,,0.275761,0.027,0.05,0.1104,0.04625,10,低谷
10/11/2020 1:00,,0.275761,0.027,0.05,0.1104,0.04625,10,低谷
10/11/2020 2:00,,0.275761,0.027,0.05,0.1104,0.04625,10,低谷
10/11/2020 3:00,,0.275761,0.027,0.05,0.1104,0.04625,10,低谷
10/11/2020 4:00,,0.275761,0.027,0.05,0.1104,0.04625,10,低谷
10/11/2020 5:00,,0.275761,0.027,0.05,0.1104,0.04625,10,低谷
10/11/2020 6:00,,0.660412,0.027,0.05,0.1104,0.04625,10,平时
10/11/2020 7:00,,0.660412,0.027,0.05,0.1104,0.04625,10,平时
10/11/2020 8:00,,0.660412,0.027,0.05,0.1104,0.04625,10,平时
10/11/2020 9:00,,0.660412,0.027,0.05,0.1104,0.04625,10,平时
10/11/2020 10:00,,0.660412,0.027,0.05,0.1104,0.04625,10,平时
10/11/2020 11:00,,0.660412,0.027,0.05,0.1104,0.04625,10,平时
10/11/2020 12:00,,0.275761,0.027,0.05,0.1104,0.04625,10,低谷
10/11/2020 13:00,,0.275761,0.027,0.05,0.1104,0.04625,10,低谷
10/11/2020 14:00,,0.660412,0.027,0.05,0.1104,0.04625,10,平时
10/11/2020 15:00,,0.660412,0.027,0.05,0.1104,0.04625,10,平时
10/11/2020 16:00,,1.045063,0.027,0.05,0.1104,0.04625,10,高峰
10/11/2020 17:00,,1.045063,0.027,0.05,0.1104,0.04625,10,高峰
10/11/2020 18:00,,1.045063,0.027,0.05,0.1104,0.04625,10,高峰
10/11/2020 19:00,,1.045063,0.027,0.05,0.1104,0.04625,10,高峰
10/11/2020 20:00,,1.045063,0.027,0.05,0.1104,0.04625,10,高峰
10/11/2020 21:00,,1.045063,0.027,0.05,0.1104,0.04625,10,高峰
10/11/2020 22:00,,1.045063,0.027,0.05,0.1104,0.04625,10,高峰
10/11/2020 23:00,,1.045063,0.027,0.05,0.1104,0.04625,10,高峰
10/12/2020 0:00,,0.275761,0.027,0.05,0.1104,0.04625,10,低谷
10/12/2020 1:00,,0.275761,0.027,0.05,0.1104,0.04625,10,低谷
10/12/2020 2:00,,0.275761,0.027,0.05,0.1104,0.04625,10,低谷
10/12/2020 3:00,,0.275761,0.027,0.05,0.1104,0.04625,10,低谷
10/12/2020 4:00,,0.275761,0.027,0.05,0.1104,0.04625,10,低谷
10/12/2020 5:00,,0.275761,0.027,0.05,0.1104,0.04625,10,低谷
10/12/2020 6:00,,0.660412,0.027,0.05,0.1104,0.04625,10,平时
10/12/2020 7:00,,0.660412,0.027,0.05,0.1104,0.04625,10,平时
10/12/2020 8:00,,0.660412,0.027,0.05,0.1104,0.04625,10,平时
10/12/2020 9:00,,0.660412,0.027,0.05,0.1104,0.04625,10,平时
10/12/2020 10:00,,0.660412,0.027,0.05,0.1104,0.04625,10,平时
10/12/2020 11:00,,0.660412,0.027,0.05,0.1104,0.04625,10,平时
10/12/2020 12:00,,0.275761,0.027,0.05,0.1104,0.04625,10,低谷
10/12/2020 13:00,,0.275761,0.027,0.05,0.1104,0.04625,10,低谷
10/12/2020 14:00,,0.660412,0.027,0.05,0.1104,0.04625,10,平时
10/12/2020 15:00,,0.660412,0.027,0.05,0.1104,0.04625,10,平时
10/12/2020 16:00,,1.045063,0.027,0.05,0.1104,0.04625,10,高峰
10/12/2020 17:00,,1.045063,0.027,0.05,0.1104,0.04625,10,高峰
10/12/2020 18:00,,1.045063,0.027,0.05,0.1104,0.04625,10,高峰
10/12/2020 19:00,,1.045063,0.027,0.05,0.1104,0.04625,10,高峰
10/12/2020 20:00,,1.045063,0.027,0.05,0.1104,0.04625,10,高峰
10/12/2020 21:00,,1.045063,0.027,0.05,0.1104,0.04625,10,高峰
10/12/2020 22:00,,1.045063,0.027,0.05,0.1104,0.04625,10,高峰
10/12/2020 23:00,,1.045063,0.027,0.05,0.1104,0.04625,10,高峰
10/13/2020 0:00,,0.275761,0.027,0.05,0.1104,0.04625,10,低谷
10/13/2020 1:00,,0.275761,0.027,0.05,0.1104,0.04625,10,低谷
10/13/2020 2:00,,0.275761,0.027,0.05,0.1104,0.04625,10,低谷
10/13/2020 3:00,,0.275761,0.027,0.05,0.1104,0.04625,10,低谷
10/13/2020 4:00,,0.275761,0.027,0.05,0.1104,0.04625,10,低谷
10/13/2020 5:00,,0.275761,0.027,0.05,0.1104,0.04625,10,低谷
10/13/2020 6:00,,0.660412,0.027,0.05,0.1104,0.04625,10,平时
10/13/2020 7:00,,0.660412,0.027,0.05,0.1104,0.04625,10,平时
10/13/2020 8:00,,0.660412,0.027,0.05,0.1104,0.04625,10,平时
10/13/2020 9:00,,0.660412,0.027,0.05,0.1104,0.04625,10,平时
10/13/2020 10:00,,0.660412,0.027,0.05,0.1104,0.04625,10,平时
10/13/2020 11:00,,0.660412,0.027,0.05,0.1104,0.04625,10,平时
10/13/2020 12:00,,0.275761,0.027,0.05,0.1104,0.04625,10,低谷
10/13/2020 13:00,,0.275761,0.027,0.05,0.1104,0.04625,10,低谷
10/13/2020 14:00,,0.660412,0.027,0.05,0.1104,0.04625,10,平时
10/13/2020 15:00,,0.660412,0.027,0.05,0.1104,0.04625,10,平时
10/13/2020 16:00,,1.045063,0.027,0.05,0.1104,0.04625,10,高峰
10/13/2020 17:00,,1.045063,0.027,0.05,0.1104,0.04625,10,高峰
10/13/2020 18:00,,1.045063,0.027,0.05,0.1104,0.04625,10,高峰
10/13/2020 19:00,,1.045063,0.027,0.05,0.1104,0.04625,10,高峰
10/13/2020 20:00,,1.045063,0.027,0.05,0.1104,0.04625,10,高峰
10/13/2020 21:00,,1.045063,0.027,0.05,0.1104,0.04625,10,高峰
10/13/2020 22:00,,1.045063,0.027,0.05,0.1104,0.04625,10,高峰
10/13/2020 23:00,,1.045063,0.027,0.05,0.1104,0.04625,10,高峰
10/14/2020 0:00,,0.275761,0.027,0.05,0.1104,0.04625,10,低谷
10/14/2020 1:00,,0.275761,0.027,0.05,0.1104,0.04625,10,低谷
10/14/2020 2:00,,0.275761,0.027,0.05,0.1104,0.04625,10,低谷
10/14/2020 3:00,,0.275761,0.027,0.05,0.1104,0.04625,10,低谷
10/14/2020 4:00,,0.275761,0.027,0.05,0.1104,0.04625,10,低谷
10/14/2020 5:00,,0.275761,0.027,0.05,0.1104,0.04625,10,低谷
10/14/2020 6:00,,0.660412,0.027,0.05,0.1104,0.04625,10,平时
10/14/2020 7:00,,0.660412,0.027,0.05,0.1104,0.04625,10,平时
10/14/2020 8:00,,0.660412,0.027,0.05,0.1104,0.04625,10,平时
10/14/2020 9:00,,0.660412,0.027,0.05,0.1104,0.04625,10,平时
10/14/2020 10:00,,0.660412,0.027,0.05,0.1104,0.04625,10,平时
10/14/2020 11:00,,0.660412,0.027,0.05,0.1104,0.04625,10,平时
10/14/2020 12:00,,0.275761,0.027,0.05,0.1104,0.04625,10,低谷
10/14/2020 13:00,,0.275761,0.027,0.05,0.1104,0.04625,10,低谷
10/14/2020 14:00,,0.660412,0.027,0.05,0.1104,0.04625,10,平时
10/14/2020 15:00,,0.660412,0.027,0.05,0.1104,0.04625,10,平时
10/14/2020 16:00,,1.045063,0.027,0.05,0.1104,0.04625,10,高峰
10/14/2020 17:00,,1.045063,0.027,0.05,0.1104,0.04625,10,高峰
10/14/2020 18:00,,1.045063,0.027,0.05,0.1104,0.04625,10,高峰
10/14/2020 19:00,,1.045063,0.027,0.05,0.1104,0.04625,10,高峰
10/14/2020 20:00,,1.045063,0.027,0.05,0.1104,0.04625,10,高峰
10/14/2020 21:00,,1.045063,0.027,0.05,0.1104,0.04625,10,高峰
10/14/2020 22:00,,1.045063,0.027,0.05,0.1104,0.04625,10,高峰
10/14/2020 23:00,,1.045063,0.027,0.05,0.1104,0.04625,10,高峰
10/15/2020 0:00,,0.275761,0.027,0.05,0.1104,0.04625,10,低谷
10/15/2020 1:00,,0.275761,0.027,0.05,0.1104,0.04625,10,低谷
10/15/2020 2:00,,0.275761,0.027,0.05,0.1104,0.04625,10,低谷
10/15/2020 3:00,,0.275761,0.027,0.05,0.1104,0.04625,10,低谷
10/15/2020 4:00,,0.275761,0.027,0.05,0.1104,0.04625,10,低谷
10/15/2020 5:00,,0.275761,0.027,0.05,0.1104,0.04625,10,低谷
10/15/2020 6:00,,0.660412,0.027,0.05,0.1104,0.04625,10,平时
10/15/2020 7:00,,0.660412,0.027,0.05,0.1104,0.04625,10,平时
10/15/2020 8:00,,0.660412,0.027,0.05,0.1104,0.04625,10,平时
10/15/2020 9:00,,0.660412,0.027,0.05,0.1104,0.04625,10,平时
10/15/2020 10:00,,0.660412,0.027,0.05,0.1104,0.04625,10,平时
10/15/2020 11:00,,0.660412,0.027,0.05,0.1104,0.04625,10,平时
10/15/2020 12:00,,0.275761,0.027,0.05,0.1104,0.04625,10,低谷
10/15/2020 13:00,,0.275761,0.027,0.05,0.1104,0.04625,10,低谷
10/15/2020 14:00,,0.660412,0.027,0.05,0.1104,0.04625,10,平时
10/15/2020 15:00,,0.660412,0.027,0.05,0.1104,0.04625,10,平时
10/15/2020 16:00,,1.045063,0.027,0.05,0.1104,0.04625,10,高峰
10/15/2020 17:00,,1.045063,0.027,0.05,0.1104,0.04625,10,高峰
10/15/2020 18:00,,1.045063,0.027,0.05,0.1104,0.04625,10,高峰
10/15/2020 19:00,,1.045063,0.027,0.05,0.1104,0.04625,10,高峰
10/15/2020 20:00,,1.045063,0.027,0.05,0.1104,0.04625,10,高峰
10/15/2020 21:00,,1.045063,0.027,0.05,0.1104,0.04625,10,高峰
10/15/2020 22:00,,1.045063,0.027,0.05,0.1104,0.04625,10,高峰
10/15/2020 23:00,,1.045063,0.027,0.05,0.1104,0.04625,10,高峰
10/16/2020 0:00,,0.275761,0.027,0.05,0.1104,0.04625,10,低谷
10/16/2020 1:00,,0.275761,0.027,0.05,0.1104,0.04625,10,低谷
10/16/2020 2:00,,0.275761,0.027,0.05,0.1104,0.04625,10,低谷
10/16/2020 3:00,,0.275761,0.027,0.05,0.1104,0.04625,10,低谷
10/16/2020 4:00,,0.275761,0.027,0.05,0.1104,0.04625,10,低谷
10/16/2020 5:00,,0.275761,0.027,0.05,0.1104,0.04625,10,低谷
10/16/2020 6:00,,0.660412,0.027,0.05,0.1104,0.04625,10,平时
10/16/2020 7:00,,0.660412,0.027,0.05,0.1104,0.04625,10,平时
10/16/2020 8:00,,0.660412,0.027,0.05,0.1104,0.04625,10,平时
10/16/2020 9:00,,0.660412,0.027,0.05,0.1104,0.04625,10,平时
10/16/2020 10:00,,0.660412,0.027,0.05,0.1104,0.04625,10,平时
10/16/2020 11:00,,0.660412,0.027,0.05,0.1104,0.04625,10,平时
10/16/2020 12:00,,0.275761,0.027,0.05,0.1104,0.04625,10,低谷
10/16/2020 13:00,,0.275761,0.027,0.05,0.1104,0.04625,10,低谷
10/16/2020 14:00,,0.660412,0.027,0.05,0.1104,0.04625,10,平时
10/16/2020 15:00,,0.660412,0.027,0.05,0.1104,0.04625,10,平时
10/16/2020 16:00,,1.045063,0.027,0.05,0.1104,0.04625,10,高峰
10/16/2020 17:00,,1.045063,0.027,0.05,0.1104,0.04625,10,高峰
10/16/2020 18:00,,1.045063,0.027,0.05,0.1104,0.04625,10,高峰
10/16/2020 19:00,,1.045063,0.027,0.05,0.1104,0.04625,10,高峰
10/16/2020 20:00,,1.045063,0.027,0.05,0.1104,0.04625,10,高峰
10/16/2020 21:00,,1.045063,0.027,0.05,0.1104,0.04625,10,高峰
10/16/2020 22:00,,1.045063,0.027,0.05,0.1104,0.04625,10,高峰
10/16/2020 23:00,,1.045063,0.027,0.05,0.1104,0.04625,10,高峰
10/17/2020 0:00,,0.275761,0.027,0.05,0.1104,0.04625,10,低谷
10/17/2020 1:00,,0.275761,0.027,0.05,0.1104,0.04625,10,低谷
10/17/2020 2:00,,0.275761,0.027,0.05,0.1104,0.04625,10,低谷
10/17/2020 3:00,,0.275761,0.027,0.05,0.1104,0.04625,10,低谷
10/17/2020 4:00,,0.275761,0.027,0.05,0.1104,0.04625,10,低谷
10/17/2020 5:00,,0.275761,0.027,0.05,0.1104,0.04625,10,低谷
10/17/2020 6:00,,0.660412,0.027,0.05,0.1104,0.04625,10,平时
10/17/2020 7:00,,0.660412,0.027,0.05,0.1104,0.04625,10,平时
10/17/2020 8:00,,0.660412,0.027,0.05,0.1104,0.04625,10,平时
10/17/2020 9:00,,0.660412,0.027,0.05,0.1104,0.04625,10,平时
10/17/2020 10:00,,0.660412,0.027,0.05,0.1104,0.04625,10,平时
10/17/2020 11:00,,0.660412,0.027,0.05,0.1104,0.04625,10,平时
10/17/2020 12:00,,0.275761,0.027,0.05,0.1104,0.04625,10,低谷
10/17/2020 13:00,,0.275761,0.027,0.05,0.1104,0.04625,10,低谷
10/17/2020 14:00,,0.660412,0.027,0.05,0.1104,0.04625,10,平时
10/17/2020 15:00,,0.660412,0.027,0.05,0.1104,0.04625,10,平时
10/17/2020 16:00,,1.045063,0.027,0.05,0.1104,0.04625,10,高峰
10/17/2020 17:00,,1.045063,0.027,0.05,0.1104,0.04625,10,高峰
10/17/2020 18:00,,1.045063,0.027,0.05,0.1104,0.04625,10,高峰
10/17/2020 19:00,,1.045063,0.027,0.05,0.1104,0.04625,10,高峰
10/17/2020 20:00,,1.045063,0.027,0.05,0.1104,0.04625,10,高峰
10/17/2020 21:00,,1.045063,0.027,0.05,0.1104,0.04625,10,高峰
10/17/2020 22:00,,1.045063,0.027,0.05,0.1104,0.04625,10,高峰
10/17/2020 23:00,,1.045063,0.027,0.05,0.1104,0.04625,10,高峰
10/18/2020 0:00,,0.275761,0.027,0.05,0.1104,0.04625,10,低谷
10/18/2020 1:00,,0.275761,0.027,0.05,0.1104,0.04625,10,低谷
10/18/2020 2:00,,0.275761,0.027,0.05,0.1104,0.04625,10,低谷
10/18/2020 3:00,,0.275761,0.027,0.05,0.1104,0.04625,10,低谷
10/18/2020 4:00,,0.275761,0.027,0.05,0.1104,0.04625,10,低谷
10/18/2020 5:00,,0.275761,0.027,0.05,0.1104,0.04625,10,低谷
10/18/2020 6:00,,0.660412,0.027,0.05,0.1104,0.04625,10,平时
10/18/2020 7:00,,0.660412,0.027,0.05,0.1104,0.04625,10,平时
10/18/2020 8:00,,0.660412,0.027,0.05,0.1104,0.04625,10,平时
10/18/2020 9:00,,0.660412,0.027,0.05,0.1104,0.04625,10,平时
10/18/2020 10:00,,0.660412,0.027,0.05,0.1104,0.04625,10,平时
10/18/2020 11:00,,0.660412,0.027,0.05,0.1104,0.04625,10,平时
10/18/2020 12:00,,0.275761,0.027,0.05,0.1104,0.04625,10,低谷
10/18/2020 13:00,,0.275761,0.027,0.05,0.1104,0.04625,10,低谷
10/18/2020 14:00,,0.660412,0.027,0.05,0.1104,0.04625,10,平时
10/18/2020 15:00,,0.660412,0.027,0.05,0.1104,0.04625,10,平时
10/18/2020 16:00,,1.045063,0.027,0.05,0.1104,0.04625,10,高峰
10/18/2020 17:00,,1.045063,0.027,0.05,0.1104,0.04625,10,高峰
10/18/2020 18:00,,1.045063,0.027,0.05,0.1104,0.04625,10,高峰
10/18/2020 19:00,,1.045063,0.027,0.05,0.1104,0.04625,10,高峰
10/18/2020 20:00,,1.045063,0.027,0.05,0.1104,0.04625,10,高峰
10/18/2020 21:00,,1.045063,0.027,0.05,0.1104,0.04625,10,高峰
10/18/2020 22:00,,1.045063,0.027,0.05,0.1104,0.04625,10,高峰
10/18/2020 23:00,,1.045063,0.027,0.05,0.1104,0.04625,10,高峰
10/19/2020 0:00,,0.275761,0.027,0.05,0.1104,0.04625,10,低谷
10/19/2020 1:00,,0.275761,0.027,0.05,0.1104,0.04625,10,低谷
10/19/2020 2:00,,0.275761,0.027,0.05,0.1104,0.04625,10,低谷
10/19/2020 3:00,,0.275761,0.027,0.05,0.1104,0.04625,10,低谷
10/19/2020 4:00,,0.275761,0.027,0.05,0.1104,0.04625,10,低谷
10/19/2020 5:00,,0.275761,0.027,0.05,0.1104,0.04625,10,低谷
10/19/2020 6:00,,0.660412,0.027,0.05,0.1104,0.04625,10,平时
10/19/2020 7:00,,0.660412,0.027,0.05,0.1104,0.04625,10,平时
10/19/2020 8:00,,0.660412,0.027,0.05,0.1104,0.04625,10,平时
10/19/2020 9:00,,0.660412,0.027,0.05,0.1104,0.04625,10,平时
10/19/2020 10:00,,0.660412,0.027,0.05,0.1104,0.04625,10,平时
10/19/2020 11:00,,0.660412,0.027,0.05,0.1104,0.04625,10,平时
10/19/2020 12:00,,0.275761,0.027,0.05,0.1104,0.04625,10,低谷
10/19/2020 13:00,,0.275761,0.027,0.05,0.1104,0.04625,10,低谷
10/19/2020 14:00,,0.660412,0.027,0.05,0.1104,0.04625,10,平时
10/19/2020 15:00,,0.660412,0.027,0.05,0.1104,0.04625,10,平时
10/19/2020 16:00,,1.045063,0.027,0.05,0.1104,0.04625,10,高峰
10/19/2020 17:00,,1.045063,0.027,0.05,0.1104,0.04625,10,高峰
10/19/2020 18:00,,1.045063,0.027,0.05,0.1104,0.04625,10,高峰
10/19/2020 19:00,,1.045063,0.027,0.05,0.1104,0.04625,10,高峰
10/19/2020 20:00,,1.045063,0.027,0.05,0.1104,0.04625,10,高峰
10/19/2020 21:00,,1.045063,0.027,0.05,0.1104,0.04625,10,高峰
10/19/2020 22:00,,1.045063,0.027,0.05,0.1104,0.04625,10,高峰
10/19/2020 23:00,,1.045063,0.027,0.05,0.1104,0.04625,10,高峰
10/20/2020 0:00,,0.275761,0.027,0.05,0.1104,0.04625,10,低谷
10/20/2020 1:00,,0.275761,0.027,0.05,0.1104,0.04625,10,低谷
10/20/2020 2:00,,0.275761,0.027,0.05,0.1104,0.04625,10,低谷
10/20/2020 3:00,,0.275761,0.027,0.05,0.1104,0.04625,10,低谷
10/20/2020 4:00,,0.275761,0.027,0.05,0.1104,0.04625,10,低谷
10/20/2020 5:00,,0.275761,0.027,0.05,0.1104,0.04625,10,低谷
10/20/2020 6:00,,0.660412,0.027,0.05,0.1104,0.04625,10,平时
10/20/2020 7:00,,0.660412,0.027,0.05,0.1104,0.04625,10,平时
10/20/2020 8:00,,0.660412,0.027,0.05,0.1104,0.04625,10,平时
10/20/2020 9:00,,0.660412,0.027,0.05,0.1104,0.04625,10,平时
10/20/2020 10:00,,0.660412,0.027,0.05,0.1104,0.04625,10,平时
10/20/2020 11:00,,0.660412,0.027,0.05,0.1104,0.04625,10,平时
10/20/2020 12:00,,0.275761,0.027,0.05,0.1104,0.04625,10,低谷
10/20/2020 13:00,,0.275761,0.027,0.05,0.1104,0.04625,10,低谷
10/20/2020 14:00,,0.660412,0.027,0.05,0.1104,0.04625,10,平时
10/20/2020 15:00,,0.660412,0.027,0.05,0.1104,0.04625,10,平时
10/20/2020 16:00,,1.045063,0.027,0.05,0.1104,0.04625,10,高峰
10/20/2020 17:00,,1.045063,0.027,0.05,0.1104,0.04625,10,高峰
10/20/2020 18:00,,1.045063,0.027,0.05,0.1104,0.04625,10,高峰
10/20/2020 19:00,,1.045063,0.027,0.05,0.1104,0.04625,10,高峰
10/20/2020 20:00,,1.045063,0.027,0.05,0.1104,0.04625,10,高峰
10/20/2020 21:00,,1.045063,0.027,0.05,0.1104,0.04625,10,高峰
10/20/2020 22:00,,1.045063,0.027,0.05,0.1104,0.04625,10,高峰
10/20/2020 23:00,,1.045063,0.027,0.05,0.1104,0.04625,10,高峰
10/21/2020 0:00,,0.275761,0.027,0.05,0.1104,0.04625,10,低谷
10/21/2020 1:00,,0.275761,0.027,0.05,0.1104,0.04625,10,低谷
10/21/2020 2:00,,0.275761,0.027,0.05,0.1104,0.04625,10,低谷
10/21/2020 3:00,,0.275761,0.027,0.05,0.1104,0.04625,10,低谷
10/21/2020 4:00,,0.275761,0.027,0.05,0.1104,0.04625,10,低谷
10/21/2020 5:00,,0.275761,0.027,0.05,0.1104,0.04625,10,低谷
10/21/2020 6:00,,0.660412,0.027,0.05,0.1104,0.04625,10,平时
10/21/2020 7:00,,0.660412,0.027,0.05,0.1104,0.04625,10,平时
10/21/2020 8:00,,0.660412,0.027,0.05,0.1104,0.04625,10,平时
10/21/2020 9:00,,0.660412,0.027,0.05,0.1104,0.04625,10,平时
10/21/2020 10:00,,0.660412,0.027,0.05,0.1104,0.04625,10,平时
10/21/2020 11:00,,0.660412,0.027,0.05,0.1104,0.04625,10,平时
10/21/2020 12:00,,0.275761,0.027,0.05,0.1104,0.04625,10,低谷
10/21/2020 13:00,,0.275761,0.027,0.05,0.1104,0.04625,10,低谷
10/21/2020 14:00,,0.660412,0.027,0.05,0.1104,0.04625,10,平时
10/21/2020 15:00,,0.660412,0.027,0.05,0.1104,0.04625,10,平时
10/21/2020 16:00,,1.045063,0.027,0.05,0.1104,0.04625,10,高峰
10/21/2020 17:00,,1.045063,0.027,0.05,0.1104,0.04625,10,高峰
10/21/2020 18:00,,1.045063,0.027,0.05,0.1104,0.04625,10,高峰
10/21/2020 19:00,,1.045063,0.027,0.05,0.1104,0.04625,10,高峰
10/21/2020 20:00,,1.045063,0.027,0.05,0.1104,0.04625,10,高峰
10/21/2020 21:00,,1.045063,0.027,0.05,0.1104,0.04625,10,高峰
10/21/2020 22:00,,1.045063,0.027,0.05,0.1104,0.04625,10,高峰
10/21/2020 23:00,,1.045063,0.027,0.05,0.1104,0.04625,10,高峰
10/22/2020 0:00,,0.275761,0.027,0.05,0.1104,0.04625,10,低谷
10/22/2020 1:00,,0.275761,0.027,0.05,0.1104,0.04625,10,低谷
10/22/2020 2:00,,0.275761,0.027,0.05,0.1104,0.04625,10,低谷
10/22/2020 3:00,,0.275761,0.027,0.05,0.1104,0.04625,10,低谷
10/22/2020 4:00,,0.275761,0.027,0.05,0.1104,0.04625,10,低谷
10/22/2020 5:00,,0.275761,0.027,0.05,0.1104,0.04625,10,低谷
10/22/2020 6:00,,0.660412,0.027,0.05,0.1104,0.04625,10,平时
10/22/2020 7:00,,0.660412,0.027,0.05,0.1104,0.04625,10,平时
10/22/2020 8:00,,0.660412,0.027,0.05,0.1104,0.04625,10,平时
10/22/2020 9:00,,0.660412,0.027,0.05,0.1104,0.04625,10,平时
10/22/2020 10:00,,0.660412,0.027,0.05,0.1104,0.04625,10,平时
10/22/2020 11:00,,0.660412,0.027,0.05,0.1104,0.04625,10,平时
10/22/2020 12:00,,0.275761,0.027,0.05,0.1104,0.04625,10,低谷
10/22/2020 13:00,,0.275761,0.027,0.05,0.1104,0.04625,10,低谷
10/22/2020 14:00,,0.660412,0.027,0.05,0.1104,0.04625,10,平时
10/22/2020 15:00,,0.660412,0.027,0.05,0.1104,0.04625,10,平时
10/22/2020 16:00,,1.045063,0.027,0.05,0.1104,0.04625,10,高峰
10/22/2020 17:00,,1.045063,0.027,0.05,0.1104,0.04625,10,高峰
10/22/2020 18:00,,1.045063,0.027,0.05,0.1104,0.04625,10,高峰
10/22/2020 19:00,,1.045063,0.027,0.05,0.1104,0.04625,10,高峰
10/22/2020 20:00,,1.045063,0.027,0.05,0.1104,0.04625,10,高峰
10/22/2020 21:00,,1.045063,0.027,0.05,0.1104,0.04625,10,高峰
10/22/2020 22:00,,1.045063,0.027,0.05,0.1104,0.04625,10,高峰
10/22/2020 23:00,,1.045063,0.027,0.05,0.1104,0.04625,10,高峰
10/23/2020 0:00,,0.275761,0.027,0.05,0.1104,0.04625,10,低谷
10/23/2020 1:00,,0.275761,0.027,0.05,0.1104,0.04625,10,低谷
10/23/2020 2:00,,0.275761,0.027,0.05,0.1104,0.04625,10,低谷
10/23/2020 3:00,,0.275761,0.027,0.05,0.1104,0.04625,10,低谷
10/23/2020 4:00,,0.275761,0.027,0.05,0.1104,0.04625,10,低谷
10/23/2020 5:00,,0.275761,0.027,0.05,0.1104,0.04625,10,低谷
10/23/2020 6:00,,0.660412,0.027,0.05,0.1104,0.04625,10,平时
10/23/2020 7:00,,0.660412,0.027,0.05,0.1104,0.04625,10,平时
10/23/2020 8:00,,0.660412,0.027,0.05,0.1104,0.04625,10,平时
10/23/2020 9:00,,0.660412,0.027,0.05,0.1104,0.04625,10,平时
10/23/2020 10:00,,0.660412,0.027,0.05,0.1104,0.04625,10,平时
10/23/2020 11:00,,0.660412,0.027,0.05,0.1104,0.04625,10,平时
10/23/2020 12:00,,0.275761,0.027,0.05,0.1104,0.04625,10,低谷
10/23/2020 13:00,,0.275761,0.027,0.05,0.1104,0.04625,10,低谷
10/23/2020 14:00,,0.660412,0.027,0.05,0.1104,0.04625,10,平时
10/23/2020 15:00,,0.660412,0.027,0.05,0.1104,0.04625,10,平时
10/23/2020 16:00,,1.045063,0.027,0.05,0.1104,0.04625,10,高峰
10/23/2020 17:00,,1.045063,0.027,0.05,0.1104,0.04625,10,高峰
10/23/2020 18:00,,1.045063,0.027,0.05,0.1104,0.04625,10,高峰
10/23/2020 19:00,,1.045063,0.027,0.05,0.1104,0.04625,10,高峰
10/23/2020 20:00,,1.045063,0.027,0.05,0.1104,0.04625,10,高峰
10/23/2020 21:00,,1.045063,0.027,0.05,0.1104,0.04625,10,高峰
10/23/2020 22:00,,1.045063,0.027,0.05,0.1104,0.04625,10,高峰
10/23/2020 23:00,,1.045063,0.027,0.05,0.1104,0.04625,10,高峰
10/24/2020 0:00,,0.275761,0.027,0.05,0.1104,0.04625,10,低谷
10/24/2020 1:00,,0.275761,0.027,0.05,0.1104,0.04625,10,低谷
10/24/2020 2:00,,0.275761,0.027,0.05,0.1104,0.04625,10,低谷
10/24/2020 3:00,,0.275761,0.027,0.05,0.1104,0.04625,10,低谷
10/24/2020 4:00,,0.275761,0.027,0.05,0.1104,0.04625,10,低谷
10/24/2020 5:00,,0.275761,0.027,0.05,0.1104,0.04625,10,低谷
10/24/2020 6:00,,0.660412,0.027,0.05,0.1104,0.04625,10,平时
10/24/2020 7:00,,0.660412,0.027,0.05,0.1104,0.04625,10,平时
10/24/2020 8:00,,0.660412,0.027,0.05,0.1104,0.04625,10,平时
10/24/2020 9:00,,0.660412,0.027,0.05,0.1104,0.04625,10,平时
10/24/2020 10:00,,0.660412,0.027,0.05,0.1104,0.04625,10,平时
10/24/2020 11:00,,0.660412,0.027,0.05,0.1104,0.04625,10,平时
10/24/2020 12:00,,0.275761,0.027,0.05,0.1104,0.04625,10,低谷
10/24/2020 13:00,,0.275761,0.027,0.05,0.1104,0.04625,10,低谷
10/24/2020 14:00,,0.660412,0.027,0.05,0.1104,0.04625,10,平时
10/24/2020 15:00,,0.660412,0.027,0.05,0.1104,0.04625,10,平时
10/24/2020 16:00,,1.045063,0.027,0.05,0.1104,0.04625,10,高峰
10/24/2020 17:00,,1.045063,0.027,0.05,0.1104,0.04625,10,高峰
10/24/2020 18:00,,1.045063,0.027,0.05,0.1104,0.04625,10,高峰
10/24/2020 19:00,,1.045063,0.027,0.05,0.1104,0.04625,10,高峰
10/24/2020 20:00,,1.045063,0.027,0.05,0.1104,0.04625,10,高峰
10/24/2020 21:00,,1.045063,0.027,0.05,0.1104,0.04625,10,高峰
10/24/2020 22:00,,1.045063,0.027,0.05,0.1104,0.04625,10,高峰
10/24/2020 23:00,,1.045063,0.027,0.05,0.1104,0.04625,10,高峰
10/25/2020 0:00,,0.275761,0.027,0.05,0.1104,0.04625,10,低谷
10/25/2020 1:00,,0.275761,0.027,0.05,0.1104,0.04625,10,低谷
10/25/2020 2:00,,0.275761,0.027,0.05,0.1104,0.04625,10,低谷
10/25/2020 3:00,,0.275761,0.027,0.05,0.1104,0.04625,10,低谷
10/25/2020 4:00,,0.275761,0.027,0.05,0.1104,0.04625,10,低谷
10/25/2020 5:00,,0.275761,0.027,0.05,0.1104,0.04625,10,低谷
10/25/2020 6:00,,0.660412,0.027,0.05,0.1104,0.04625,10,平时
10/25/2020 7:00,,0.660412,0.027,0.05,0.1104,0.04625,10,平时
10/25/2020 8:00,,0.660412,0.027,0.05,0.1104,0.04625,10,平时
10/25/2020 9:00,,0.660412,0.027,0.05,0.1104,0.04625,10,平时
10/25/2020 10:00,,0.660412,0.027,0.05,0.1104,0.04625,10,平时
10/25/2020 11:00,,0.660412,0.027,0.05,0.1104,0.04625,10,平时
10/25/2020 12:00,,0.275761,0.027,0.05,0.1104,0.04625,10,低谷
10/25/2020 13:00,,0.275761,0.027,0.05,0.1104,0.04625,10,低谷
10/25/2020 14:00,,0.660412,0.027,0.05,0.1104,0.04625,10,平时
10/25/2020 15:00,,0.660412,0.027,0.05,0.1104,0.04625,10,平时
10/25/2020 16:00,,1.045063,0.027,0.05,0.1104,0.04625,10,高峰
10/25/2020 17:00,,1.045063,0.027,0.05,0.1104,0.04625,10,高峰
10/25/2020 18:00,,1.045063,0.027,0.05,0.1104,0.04625,10,高峰
10/25/2020 19:00,,1.045063,0.027,0.05,0.1104,0.04625,10,高峰
10/25/2020 20:00,,1.045063,0.027,0.05,0.1104,0.04625,10,高峰
10/25/2020 21:00,,1.045063,0.027,0.05,0.1104,0.04625,10,高峰
10/25/2020 22:00,,1.045063,0.027,0.05,0.1104,0.04625,10,高峰
10/25/2020 23:00,,1.045063,0.027,0.05,0.1104,0.04625,10,高峰
10/26/2020 0:00,,0.275761,0.027,0.05,0.1104,0.04625,10,低谷
10/26/2020 1:00,,0.275761,0.027,0.05,0.1104,0.04625,10,低谷
10/26/2020 2:00,,0.275761,0.027,0.05,0.1104,0.04625,10,低谷
10/26/2020 3:00,,0.275761,0.027,0.05,0.1104,0.04625,10,低谷
10/26/2020 4:00,,0.275761,0.027,0.05,0.1104,0.04625,10,低谷
10/26/2020 5:00,,0.275761,0.027,0.05,0.1104,0.04625,10,低谷
10/26/2020 6:00,,0.660412,0.027,0.05,0.1104,0.04625,10,平时
10/26/2020 7:00,,0.660412,0.027,0.05,0.1104,0.04625,10,平时
10/26/2020 8:00,,0.660412,0.027,0.05,0.1104,0.04625,10,平时
10/26/2020 9:00,,0.660412,0.027,0.05,0.1104,0.04625,10,平时
10/26/2020 10:00,,0.660412,0.027,0.05,0.1104,0.04625,10,平时
10/26/2020 11:00,,0.660412,0.027,0.05,0.1104,0.04625,10,平时
10/26/2020 12:00,,0.275761,0.027,0.05,0.1104,0.04625,10,低谷
10/26/2020 13:00,,0.275761,0.027,0.05,0.1104,0.04625,10,低谷
10/26/2020 14:00,,0.660412,0.027,0.05,0.1104,0.04625,10,平时
10/26/2020 15:00,,0.660412,0.027,0.05,0.1104,0.04625,10,平时
10/26/2020 16:00,,1.045063,0.027,0.05,0.1104,0.04625,10,高峰
10/26/2020 17:00,,1.045063,0.027,0.05,0.1104,0.04625,10,高峰
10/26/2020 18:00,,1.045063,0.027,0.05,0.1104,0.04625,10,高峰
10/26/2020 19:00,,1.045063,0.027,0.05,0.1104,0.04625,10,高峰
10/26/2020 20:00,,1.045063,0.027,0.05,0.1104,0.04625,10,高峰
10/26/2020 21:00,,1.045063,0.027,0.05,0.1104,0.04625,10,高峰
10/26/2020 22:00,,1.045063,0.027,0.05,0.1104,0.04625,10,高峰
10/26/2020 23:00,,1.045063,0.027,0.05,0.1104,0.04625,10,高峰
10/27/2020 0:00,,0.275761,0.027,0.05,0.1104,0.04625,10,低谷
10/27/2020 1:00,,0.275761,0.027,0.05,0.1104,0.04625,10,低谷
10/27/2020 2:00,,0.275761,0.027,0.05,0.1104,0.04625,10,低谷
10/27/2020 3:00,,0.275761,0.027,0.05,0.1104,0.04625,10,低谷
10/27/2020 4:00,,0.275761,0.027,0.05,0.1104,0.04625,10,低谷
10/27/2020 5:00,,0.275761,0.027,0.05,0.1104,0.04625,10,低谷
10/27/2020 6:00,,0.660412,0.027,0.05,0.1104,0.04625,10,平时
10/27/2020 7:00,,0.660412,0.027,0.05,0.1104,0.04625,10,平时
10/27/2020 8:00,,0.660412,0.027,0.05,0.1104,0.04625,10,平时
10/27/2020 9:00,,0.660412,0.027,0.05,0.1104,0.04625,10,平时
10/27/2020 10:00,,0.660412,0.027,0.05,0.1104,0.04625,10,平时
10/27/2020 11:00,,0.660412,0.027,0.05,0.1104,0.04625,10,平时
10/27/2020 12:00,,0.275761,0.027,0.05,0.1104,0.04625,10,低谷
10/27/2020 13:00,,0.275761,0.027,0.05,0.1104,0.04625,10,低谷
10/27/2020 14:00,,0.660412,0.027,0.05,0.1104,0.04625,10,平时
10/27/2020 15:00,,0.660412,0.027,0.05,0.1104,0.04625,10,平时
10/27/2020 16:00,,1.045063,0.027,0.05,0.1104,0.04625,10,高峰
10/27/2020 17:00,,1.045063,0.027,0.05,0.1104,0.04625,10,高峰
10/27/2020 18:00,,1.045063,0.027,0.05,0.1104,0.04625,10,高峰
10/27/2020 19:00,,1.045063,0.027,0.05,0.1104,0.04625,10,高峰
10/27/2020 20:00,,1.045063,0.027,0.05,0.1104,0.04625,10,高峰
10/27/2020 21:00,,1.045063,0.027,0.05,0.1104,0.04625,10,高峰
10/27/2020 22:00,,1.045063,0.027,0.05,0.1104,0.04625,10,高峰
10/27/2020 23:00,,1.045063,0.027,0.05,0.1104,0.04625,10,高峰
10/28/2020 0:00,,0.275761,0.027,0.05,0.1104,0.04625,10,低谷
10/28/2020 1:00,,0.275761,0.027,0.05,0.1104,0.04625,10,低谷
10/28/2020 2:00,,0.275761,0.027,0.05,0.1104,0.04625,10,低谷
10/28/2020 3:00,,0.275761,0.027,0.05,0.1104,0.04625,10,低谷
10/28/2020 4:00,,0.275761,0.027,0.05,0.1104,0.04625,10,低谷
10/28/2020 5:00,,0.275761,0.027,0.05,0.1104,0.04625,10,低谷
10/28/2020 6:00,,0.660412,0.027,0.05,0.1104,0.04625,10,平时
10/28/2020 7:00,,0.660412,0.027,0.05,0.1104,0.04625,10,平时
10/28/2020 8:00,,0.660412,0.027,0.05,0.1104,0.04625,10,平时
10/28/2020 9:00,,0.660412,0.027,0.05,0.1104,0.04625,10,平时
10/28/2020 10:00,,0.660412,0.027,0.05,0.1104,0.04625,10,平时
10/28/2020 11:00,,0.660412,0.027,0.05,0.1104,0.04625,10,平时
10/28/2020 12:00,,0.275761,0.027,0.05,0.1104,0.04625,10,低谷
10/28/2020 13:00,,0.275761,0.027,0.05,0.1104,0.04625,10,低谷
10/28/2020 14:00,,0.660412,0.027,0.05,0.1104,0.04625,10,平时
10/28/2020 15:00,,0.660412,0.027,0.05,0.1104,0.04625,10,平时
10/28/2020 16:00,,1.045063,0.027,0.05,0.1104,0.04625,10,高峰
10/28/2020 17:00,,1.045063,0.027,0.05,0.1104,0.04625,10,高峰
10/28/2020 18:00,,1.045063,0.027,0.05,0.1104,0.04625,10,高峰
10/28/2020 19:00,,1.045063,0.027,0.05,0.1104,0.04625,10,高峰
10/28/2020 20:00,,1.045063,0.027,0.05,0.1104,0.04625,10,高峰
10/28/2020 21:00,,1.045063,0.027,0.05,0.1104,0.04625,10,高峰
10/28/2020 22:00,,1.045063,0.027,0.05,0.1104,0.04625,10,高峰
10/28/2020 23:00,,1.045063,0.027,0.05,0.1104,0.04625,10,高峰
10/29/2020 0:00,,0.275761,0.027,0.05,0.1104,0.04625,10,低谷
10/29/2020 1:00,,0.275761,0.027,0.05,0.1104,0.04625,10,低谷
10/29/2020 2:00,,0.275761,0.027,0.05,0.1104,0.04625,10,低谷
10/29/2020 3:00,,0.275761,0.027,0.05,0.1104,0.04625,10,低谷
10/29/2020 4:00,,0.275761,0.027,0.05,0.1104,0.04625,10,低谷
10/29/2020 5:00,,0.275761,0.027,0.05,0.1104,0.04625,10,低谷
10/29/2020 6:00,,0.660412,0.027,0.05,0.1104,0.04625,10,平时
10/29/2020 7:00,,0.660412,0.027,0.05,0.1104,0.04625,10,平时
10/29/2020 8:00,,0.660412,0.027,0.05,0.1104,0.04625,10,平时
10/29/2020 9:00,,0.660412,0.027,0.05,0.1104,0.04625,10,平时
10/29/2020 10:00,,0.660412,0.027,0.05,0.1104,0.04625,10,平时
10/29/2020 11:00,,0.660412,0.027,0.05,0.1104,0.04625,10,平时
10/29/2020 12:00,,0.275761,0.027,0.05,0.1104,0.04625,10,低谷
10/29/2020 13:00,,0.275761,0.027,0.05,0.1104,0.04625,10,低谷
10/29/2020 14:00,,0.660412,0.027,0.05,0.1104,0.04625,10,平时
10/29/2020 15:00,,0.660412,0.027,0.05,0.1104,0.04625,10,平时
10/29/2020 16:00,,1.045063,0.027,0.05,0.1104,0.04625,10,高峰
10/29/2020 17:00,,1.045063,0.027,0.05,0.1104,0.04625,10,高峰
10/29/2020 18:00,,1.045063,0.027,0.05,0.1104,0.04625,10,高峰
10/29/2020 19:00,,1.045063,0.027,0.05,0.1104,0.04625,10,高峰
10/29/2020 20:00,,1.045063,0.027,0.05,0.1104,0.04625,10,高峰
10/29/2020 21:00,,1.045063,0.027,0.05,0.1104,0.04625,10,高峰
10/29/2020 22:00,,1.045063,0.027,0.05,0.1104,0.04625,10,高峰
10/29/2020 23:00,,1.045063,0.027,0.05,0.1104,0.04625,10,高峰
10/30/2020 0:00,,0.275761,0.027,0.05,0.1104,0.04625,10,低谷
10/30/2020 1:00,,0.275761,0.027,0.05,0.1104,0.04625,10,低谷
10/30/2020 2:00,,0.275761,0.027,0.05,0.1104,0.04625,10,低谷
10/30/2020 3:00,,0.275761,0.027,0.05,0.1104,0.04625,10,低谷
10/30/2020 4:00,,0.275761,0.027,0.05,0.1104,0.04625,10,低谷
10/30/2020 5:00,,0.275761,0.027,0.05,0.1104,0.04625,10,低谷
10/30/2020 6:00,,0.660412,0.027,0.05,0.1104,0.04625,10,平时
10/30/2020 7:00,,0.660412,0.027,0.05,0.1104,0.04625,10,平时
10/30/2020 8:00,,0.660412,0.027,0.05,0.1104,0.04625,10,平时
10/30/2020 9:00,,0.660412,0.027,0.05,0.1104,0.04625,10,平时
10/30/2020 10:00,,0.660412,0.027,0.05,0.1104,0.04625,10,平时
10/30/2020 11:00,,0.660412,0.027,0.05,0.1104,0.04625,10,平时
10/30/2020 12:00,,0.275761,0.027,0.05,0.1104,0.04625,10,低谷
10/30/2020 13:00,,0.275761,0.027,0.05,0.1104,0.04625,10,低谷
10/30/2020 14:00,,0.660412,0.027,0.05,0.1104,0.04625,10,平时
10/30/2020 15:00,,0.660412,0.027,0.05,0.1104,0.04625,10,平时
10/30/2020 16:00,,1.045063,0.027,0.05,0.1104,0.04625,10,高峰
10/30/2020 17:00,,1.045063,0.027,0.05,0.1104,0.04625,10,高峰
10/30/2020 18:00,,1.045063,0.027,0.05,0.1104,0.04625,10,高峰
10/30/2020 19:00,,1.045063,0.027,0.05,0.1104,0.04625,10,高峰
10/30/2020 20:00,,1.045063,0.027,0.05,0.1104,0.04625,10,高峰
10/30/2020 21:00,,1.045063,0.027,0.05,0.1104,0.04625,10,高峰
10/30/2020 22:00,,1.045063,0.027,0.05,0.1104,0.04625,10,高峰
10/30/2020 23:00,,1.045063,0.027,0.05,0.1104,0.04625,10,高峰
10/31/2020 0:00,,0.275761,0.027,0.05,0.1104,0.04625,10,低谷
10/31/2020 1:00,,0.275761,0.027,0.05,0.1104,0.04625,10,低谷
10/31/2020 2:00,,0.275761,0.027,0.05,0.1104,0.04625,10,低谷
10/31/2020 3:00,,0.275761,0.027,0.05,0.1104,0.04625,10,低谷
10/31/2020 4:00,,0.275761,0.027,0.05,0.1104,0.04625,10,低谷
10/31/2020 5:00,,0.275761,0.027,0.05,0.1104,0.04625,10,低谷
10/31/2020 6:00,,0.660412,0.027,0.05,0.1104,0.04625,10,平时
10/31/2020 7:00,,0.660412,0.027,0.05,0.1104,0.04625,10,平时
10/31/2020 8:00,,0.660412,0.027,0.05,0.1104,0.04625,10,平时
10/31/2020 9:00,,0.660412,0.027,0.05,0.1104,0.04625,10,平时
10/31/2020 10:00,,0.660412,0.027,0.05,0.1104,0.04625,10,平时
10/31/2020 11:00,,0.660412,0.027,0.05,0.1104,0.04625,10,平时
10/31/2020 12:00,,0.275761,0.027,0.05,0.1104,0.04625,10,低谷
10/31/2020 13:00,,0.275761,0.027,0.05,0.1104,0.04625,10,低谷
10/31/2020 14:00,,0.660412,0.027,0.05,0.1104,0.04625,10,平时
10/31/2020 15:00,,0.660412,0.027,0.05,0.1104,0.04625,10,平时
10/31/2020 16:00,,1.045063,0.027,0.05,0.1104,0.04625,10,高峰
10/31/2020 17:00,,1.045063,0.027,0.05,0.1104,0.04625,10,高峰
10/31/2020 18:00,,1.045063,0.027,0.05,0.1104,0.04625,10,高峰
10/31/2020 19:00,,1.045063,0.027,0.05,0.1104,0.04625,10,高峰
10/31/2020 20:00,,1.045063,0.027,0.05,0.1104,0.04625,10,高峰
10/31/2020 21:00,,1.045063,0.027,0.05,0.1104,0.04625,10,高峰
10/31/2020 22:00,,1.045063,0.027,0.05,0.1104,0.04625,10,高峰
10/31/2020 23:00,,1.045063,0.027,0.05,0.1104,0.04625,10,高峰
11/1/2020 0:00,,0.32425,0.027,0.05,0.1104,0.04625,11,低谷
11/1/2020 1:00,,0.32425,0.027,0.05,0.1104,0.04625,11,低谷
11/1/2020 2:00,,0.32425,0.027,0.05,0.1104,0.04625,11,低谷
11/1/2020 3:00,,0.32425,0.027,0.05,0.1104,0.04625,11,低谷
11/1/2020 4:00,,0.32425,0.027,0.05,0.1104,0.04625,11,低谷
11/1/2020 5:00,,0.32425,0.027,0.05,0.1104,0.04625,11,低谷
11/1/2020 6:00,,0.8359,0.027,0.05,0.1104,0.04625,11,平时
11/1/2020 7:00,,0.8359,0.027,0.05,0.1104,0.04625,11,平时
11/1/2020 8:00,,0.8359,0.027,0.05,0.1104,0.04625,11,平时
11/1/2020 9:00,,0.8359,0.027,0.05,0.1104,0.04625,11,平时
11/1/2020 10:00,,0.8359,0.027,0.05,0.1104,0.04625,11,平时
11/1/2020 11:00,,0.8359,0.027,0.05,0.1104,0.04625,11,平时
11/1/2020 12:00,,0.32425,0.027,0.05,0.1104,0.04625,11,低谷
11/1/2020 13:00,,0.32425,0.027,0.05,0.1104,0.04625,11,低谷
11/1/2020 14:00,,0.8359,0.027,0.05,0.1104,0.04625,11,平时
11/1/2020 15:00,,0.8359,0.027,0.05,0.1104,0.04625,11,平时
11/1/2020 16:00,,1.103213,0.027,0.05,0.1104,0.04625,11,高峰
11/1/2020 17:00,,1.103213,0.027,0.05,0.1104,0.04625,11,高峰
11/1/2020 18:00,,1.103213,0.027,0.05,0.1104,0.04625,11,高峰
11/1/2020 19:00,,1.103213,0.027,0.05,0.1104,0.04625,11,高峰
11/1/2020 20:00,,1.103213,0.027,0.05,0.1104,0.04625,11,高峰
11/1/2020 21:00,,1.103213,0.027,0.05,0.1104,0.04625,11,高峰
11/1/2020 22:00,,1.103213,0.027,0.05,0.1104,0.04625,11,高峰
11/1/2020 23:00,,1.103213,0.027,0.05,0.1104,0.04625,11,高峰
11/2/2020 0:00,,0.32425,0.027,0.05,0.1104,0.04625,11,低谷
11/2/2020 1:00,,0.32425,0.027,0.05,0.1104,0.04625,11,低谷
11/2/2020 2:00,,0.32425,0.027,0.05,0.1104,0.04625,11,低谷
11/2/2020 3:00,,0.32425,0.027,0.05,0.1104,0.04625,11,低谷
11/2/2020 4:00,,0.32425,0.027,0.05,0.1104,0.04625,11,低谷
11/2/2020 5:00,,0.32425,0.027,0.05,0.1104,0.04625,11,低谷
11/2/2020 6:00,,0.8359,0.027,0.05,0.1104,0.04625,11,平时
11/2/2020 7:00,,0.8359,0.027,0.05,0.1104,0.04625,11,平时
11/2/2020 8:00,,0.8359,0.027,0.05,0.1104,0.04625,11,平时
11/2/2020 9:00,,0.8359,0.027,0.05,0.1104,0.04625,11,平时
11/2/2020 10:00,,0.8359,0.027,0.05,0.1104,0.04625,11,平时
11/2/2020 11:00,,0.8359,0.027,0.05,0.1104,0.04625,11,平时
11/2/2020 12:00,,0.32425,0.027,0.05,0.1104,0.04625,11,低谷
11/2/2020 13:00,,0.32425,0.027,0.05,0.1104,0.04625,11,低谷
11/2/2020 14:00,,0.8359,0.027,0.05,0.1104,0.04625,11,平时
11/2/2020 15:00,,0.8359,0.027,0.05,0.1104,0.04625,11,平时
11/2/2020 16:00,,1.103213,0.027,0.05,0.1104,0.04625,11,高峰
11/2/2020 17:00,,1.103213,0.027,0.05,0.1104,0.04625,11,高峰
11/2/2020 18:00,,1.103213,0.027,0.05,0.1104,0.04625,11,高峰
11/2/2020 19:00,,1.103213,0.027,0.05,0.1104,0.04625,11,高峰
11/2/2020 20:00,,1.103213,0.027,0.05,0.1104,0.04625,11,高峰
11/2/2020 21:00,,1.103213,0.027,0.05,0.1104,0.04625,11,高峰
11/2/2020 22:00,,1.103213,0.027,0.05,0.1104,0.04625,11,高峰
11/2/2020 23:00,,1.103213,0.027,0.05,0.1104,0.04625,11,高峰
11/3/2020 0:00,,0.32425,0.027,0.05,0.1104,0.04625,11,低谷
11/3/2020 1:00,,0.32425,0.027,0.05,0.1104,0.04625,11,低谷
11/3/2020 2:00,,0.32425,0.027,0.05,0.1104,0.04625,11,低谷
11/3/2020 3:00,,0.32425,0.027,0.05,0.1104,0.04625,11,低谷
11/3/2020 4:00,,0.32425,0.027,0.05,0.1104,0.04625,11,低谷
11/3/2020 5:00,,0.32425,0.027,0.05,0.1104,0.04625,11,低谷
11/3/2020 6:00,,0.8359,0.027,0.05,0.1104,0.04625,11,平时
11/3/2020 7:00,,0.8359,0.027,0.05,0.1104,0.04625,11,平时
11/3/2020 8:00,,0.8359,0.027,0.05,0.1104,0.04625,11,平时
11/3/2020 9:00,,0.8359,0.027,0.05,0.1104,0.04625,11,平时
11/3/2020 10:00,,0.8359,0.027,0.05,0.1104,0.04625,11,平时
11/3/2020 11:00,,0.8359,0.027,0.05,0.1104,0.04625,11,平时
11/3/2020 12:00,,0.32425,0.027,0.05,0.1104,0.04625,11,低谷
11/3/2020 13:00,,0.32425,0.027,0.05,0.1104,0.04625,11,低谷
11/3/2020 14:00,,0.8359,0.027,0.05,0.1104,0.04625,11,平时
11/3/2020 15:00,,0.8359,0.027,0.05,0.1104,0.04625,11,平时
11/3/2020 16:00,,1.103213,0.027,0.05,0.1104,0.04625,11,高峰
11/3/2020 17:00,,1.103213,0.027,0.05,0.1104,0.04625,11,高峰
11/3/2020 18:00,,1.103213,0.027,0.05,0.1104,0.04625,11,高峰
11/3/2020 19:00,,1.103213,0.027,0.05,0.1104,0.04625,11,高峰
11/3/2020 20:00,,1.103213,0.027,0.05,0.1104,0.04625,11,高峰
11/3/2020 21:00,,1.103213,0.027,0.05,0.1104,0.04625,11,高峰
11/3/2020 22:00,,1.103213,0.027,0.05,0.1104,0.04625,11,高峰
11/3/2020 23:00,,1.103213,0.027,0.05,0.1104,0.04625,11,高峰
11/4/2020 0:00,,0.32425,0.027,0.05,0.1104,0.04625,11,低谷
11/4/2020 1:00,,0.32425,0.027,0.05,0.1104,0.04625,11,低谷
11/4/2020 2:00,,0.32425,0.027,0.05,0.1104,0.04625,11,低谷
11/4/2020 3:00,,0.32425,0.027,0.05,0.1104,0.04625,11,低谷
11/4/2020 4:00,,0.32425,0.027,0.05,0.1104,0.04625,11,低谷
11/4/2020 5:00,,0.32425,0.027,0.05,0.1104,0.04625,11,低谷
11/4/2020 6:00,,0.8359,0.027,0.05,0.1104,0.04625,11,平时
11/4/2020 7:00,,0.8359,0.027,0.05,0.1104,0.04625,11,平时
11/4/2020 8:00,,0.8359,0.027,0.05,0.1104,0.04625,11,平时
11/4/2020 9:00,,0.8359,0.027,0.05,0.1104,0.04625,11,平时
11/4/2020 10:00,,0.8359,0.027,0.05,0.1104,0.04625,11,平时
11/4/2020 11:00,,0.8359,0.027,0.05,0.1104,0.04625,11,平时
11/4/2020 12:00,,0.32425,0.027,0.05,0.1104,0.04625,11,低谷
11/4/2020 13:00,,0.32425,0.027,0.05,0.1104,0.04625,11,低谷
11/4/2020 14:00,,0.8359,0.027,0.05,0.1104,0.04625,11,平时
11/4/2020 15:00,,0.8359,0.027,0.05,0.1104,0.04625,11,平时
11/4/2020 16:00,,1.103213,0.027,0.05,0.1104,0.04625,11,高峰
11/4/2020 17:00,,1.103213,0.027,0.05,0.1104,0.04625,11,高峰
11/4/2020 18:00,,1.103213,0.027,0.05,0.1104,0.04625,11,高峰
11/4/2020 19:00,,1.103213,0.027,0.05,0.1104,0.04625,11,高峰
11/4/2020 20:00,,1.103213,0.027,0.05,0.1104,0.04625,11,高峰
11/4/2020 21:00,,1.103213,0.027,0.05,0.1104,0.04625,11,高峰
11/4/2020 22:00,,1.103213,0.027,0.05,0.1104,0.04625,11,高峰
11/4/2020 23:00,,1.103213,0.027,0.05,0.1104,0.04625,11,高峰
11/5/2020 0:00,,0.32425,0.027,0.05,0.1104,0.04625,11,低谷
11/5/2020 1:00,,0.32425,0.027,0.05,0.1104,0.04625,11,低谷
11/5/2020 2:00,,0.32425,0.027,0.05,0.1104,0.04625,11,低谷
11/5/2020 3:00,,0.32425,0.027,0.05,0.1104,0.04625,11,低谷
11/5/2020 4:00,,0.32425,0.027,0.05,0.1104,0.04625,11,低谷
11/5/2020 5:00,,0.32425,0.027,0.05,0.1104,0.04625,11,低谷
11/5/2020 6:00,,0.8359,0.027,0.05,0.1104,0.04625,11,平时
11/5/2020 7:00,,0.8359,0.027,0.05,0.1104,0.04625,11,平时
11/5/2020 8:00,,0.8359,0.027,0.05,0.1104,0.04625,11,平时
11/5/2020 9:00,,0.8359,0.027,0.05,0.1104,0.04625,11,平时
11/5/2020 10:00,,0.8359,0.027,0.05,0.1104,0.04625,11,平时
11/5/2020 11:00,,0.8359,0.027,0.05,0.1104,0.04625,11,平时
11/5/2020 12:00,,0.32425,0.027,0.05,0.1104,0.04625,11,低谷
11/5/2020 13:00,,0.32425,0.027,0.05,0.1104,0.04625,11,低谷
11/5/2020 14:00,,0.8359,0.027,0.05,0.1104,0.04625,11,平时
11/5/2020 15:00,,0.8359,0.027,0.05,0.1104,0.04625,11,平时
11/5/2020 16:00,,1.103213,0.027,0.05,0.1104,0.04625,11,高峰
11/5/2020 17:00,,1.103213,0.027,0.05,0.1104,0.04625,11,高峰
11/5/2020 18:00,,1.103213,0.027,0.05,0.1104,0.04625,11,高峰
11/5/2020 19:00,,1.103213,0.027,0.05,0.1104,0.04625,11,高峰
11/5/2020 20:00,,1.103213,0.027,0.05,0.1104,0.04625,11,高峰
11/5/2020 21:00,,1.103213,0.027,0.05,0.1104,0.04625,11,高峰
11/5/2020 22:00,,1.103213,0.027,0.05,0.1104,0.04625,11,高峰
11/5/2020 23:00,,1.103213,0.027,0.05,0.1104,0.04625,11,高峰
11/6/2020 0:00,,0.32425,0.027,0.05,0.1104,0.04625,11,低谷
11/6/2020 1:00,,0.32425,0.027,0.05,0.1104,0.04625,11,低谷
11/6/2020 2:00,,0.32425,0.027,0.05,0.1104,0.04625,11,低谷
11/6/2020 3:00,,0.32425,0.027,0.05,0.1104,0.04625,11,低谷
11/6/2020 4:00,,0.32425,0.027,0.05,0.1104,0.04625,11,低谷
11/6/2020 5:00,,0.32425,0.027,0.05,0.1104,0.04625,11,低谷
11/6/2020 6:00,,0.8359,0.027,0.05,0.1104,0.04625,11,平时
11/6/2020 7:00,,0.8359,0.027,0.05,0.1104,0.04625,11,平时
11/6/2020 8:00,,0.8359,0.027,0.05,0.1104,0.04625,11,平时
11/6/2020 9:00,,0.8359,0.027,0.05,0.1104,0.04625,11,平时
11/6/2020 10:00,,0.8359,0.027,0.05,0.1104,0.04625,11,平时
11/6/2020 11:00,,0.8359,0.027,0.05,0.1104,0.04625,11,平时
11/6/2020 12:00,,0.32425,0.027,0.05,0.1104,0.04625,11,低谷
11/6/2020 13:00,,0.32425,0.027,0.05,0.1104,0.04625,11,低谷
11/6/2020 14:00,,0.8359,0.027,0.05,0.1104,0.04625,11,平时
11/6/2020 15:00,,0.8359,0.027,0.05,0.1104,0.04625,11,平时
11/6/2020 16:00,,1.103213,0.027,0.05,0.1104,0.04625,11,高峰
11/6/2020 17:00,,1.103213,0.027,0.05,0.1104,0.04625,11,高峰
11/6/2020 18:00,,1.103213,0.027,0.05,0.1104,0.04625,11,高峰
11/6/2020 19:00,,1.103213,0.027,0.05,0.1104,0.04625,11,高峰
11/6/2020 20:00,,1.103213,0.027,0.05,0.1104,0.04625,11,高峰
11/6/2020 21:00,,1.103213,0.027,0.05,0.1104,0.04625,11,高峰
11/6/2020 22:00,,1.103213,0.027,0.05,0.1104,0.04625,11,高峰
11/6/2020 23:00,,1.103213,0.027,0.05,0.1104,0.04625,11,高峰
11/7/2020 0:00,,0.32425,0.027,0.05,0.1104,0.04625,11,低谷
11/7/2020 1:00,,0.32425,0.027,0.05,0.1104,0.04625,11,低谷
11/7/2020 2:00,,0.32425,0.027,0.05,0.1104,0.04625,11,低谷
11/7/2020 3:00,,0.32425,0.027,0.05,0.1104,0.04625,11,低谷
11/7/2020 4:00,,0.32425,0.027,0.05,0.1104,0.04625,11,低谷
11/7/2020 5:00,,0.32425,0.027,0.05,0.1104,0.04625,11,低谷
11/7/2020 6:00,,0.8359,0.027,0.05,0.1104,0.04625,11,平时
11/7/2020 7:00,,0.8359,0.027,0.05,0.1104,0.04625,11,平时
11/7/2020 8:00,,0.8359,0.027,0.05,0.1104,0.04625,11,平时
11/7/2020 9:00,,0.8359,0.027,0.05,0.1104,0.04625,11,平时
11/7/2020 10:00,,0.8359,0.027,0.05,0.1104,0.04625,11,平时
11/7/2020 11:00,,0.8359,0.027,0.05,0.1104,0.04625,11,平时
11/7/2020 12:00,,0.32425,0.027,0.05,0.1104,0.04625,11,低谷
11/7/2020 13:00,,0.32425,0.027,0.05,0.1104,0.04625,11,低谷
11/7/2020 14:00,,0.8359,0.027,0.05,0.1104,0.04625,11,平时
11/7/2020 15:00,,0.8359,0.027,0.05,0.1104,0.04625,11,平时
11/7/2020 16:00,,1.103213,0.027,0.05,0.1104,0.04625,11,高峰
11/7/2020 17:00,,1.103213,0.027,0.05,0.1104,0.04625,11,高峰
11/7/2020 18:00,,1.103213,0.027,0.05,0.1104,0.04625,11,高峰
11/7/2020 19:00,,1.103213,0.027,0.05,0.1104,0.04625,11,高峰
11/7/2020 20:00,,1.103213,0.027,0.05,0.1104,0.04625,11,高峰
11/7/2020 21:00,,1.103213,0.027,0.05,0.1104,0.04625,11,高峰
11/7/2020 22:00,,1.103213,0.027,0.05,0.1104,0.04625,11,高峰
11/7/2020 23:00,,1.103213,0.027,0.05,0.1104,0.04625,11,高峰
11/8/2020 0:00,,0.32425,0.027,0.05,0.1104,0.04625,11,低谷
11/8/2020 1:00,,0.32425,0.027,0.05,0.1104,0.04625,11,低谷
11/8/2020 2:00,,0.32425,0.027,0.05,0.1104,0.04625,11,低谷
11/8/2020 3:00,,0.32425,0.027,0.05,0.1104,0.04625,11,低谷
11/8/2020 4:00,,0.32425,0.027,0.05,0.1104,0.04625,11,低谷
11/8/2020 5:00,,0.32425,0.027,0.05,0.1104,0.04625,11,低谷
11/8/2020 6:00,,0.8359,0.027,0.05,0.1104,0.04625,11,平时
11/8/2020 7:00,,0.8359,0.027,0.05,0.1104,0.04625,11,平时
11/8/2020 8:00,,0.8359,0.027,0.05,0.1104,0.04625,11,平时
11/8/2020 9:00,,0.8359,0.027,0.05,0.1104,0.04625,11,平时
11/8/2020 10:00,,0.8359,0.027,0.05,0.1104,0.04625,11,平时
11/8/2020 11:00,,0.8359,0.027,0.05,0.1104,0.04625,11,平时
11/8/2020 12:00,,0.32425,0.027,0.05,0.1104,0.04625,11,低谷
11/8/2020 13:00,,0.32425,0.027,0.05,0.1104,0.04625,11,低谷
11/8/2020 14:00,,0.8359,0.027,0.05,0.1104,0.04625,11,平时
11/8/2020 15:00,,0.8359,0.027,0.05,0.1104,0.04625,11,平时
11/8/2020 16:00,,1.103213,0.027,0.05,0.1104,0.04625,11,高峰
11/8/2020 17:00,,1.103213,0.027,0.05,0.1104,0.04625,11,高峰
11/8/2020 18:00,,1.103213,0.027,0.05,0.1104,0.04625,11,高峰
11/8/2020 19:00,,1.103213,0.027,0.05,0.1104,0.04625,11,高峰
11/8/2020 20:00,,1.103213,0.027,0.05,0.1104,0.04625,11,高峰
11/8/2020 21:00,,1.103213,0.027,0.05,0.1104,0.04625,11,高峰
11/8/2020 22:00,,1.103213,0.027,0.05,0.1104,0.04625,11,高峰
11/8/2020 23:00,,1.103213,0.027,0.05,0.1104,0.04625,11,高峰
11/9/2020 0:00,,0.32425,0.027,0.05,0.1104,0.04625,11,低谷
11/9/2020 1:00,,0.32425,0.027,0.05,0.1104,0.04625,11,低谷
11/9/2020 2:00,,0.32425,0.027,0.05,0.1104,0.04625,11,低谷
11/9/2020 3:00,,0.32425,0.027,0.05,0.1104,0.04625,11,低谷
11/9/2020 4:00,,0.32425,0.027,0.05,0.1104,0.04625,11,低谷
11/9/2020 5:00,,0.32425,0.027,0.05,0.1104,0.04625,11,低谷
11/9/2020 6:00,,0.8359,0.027,0.05,0.1104,0.04625,11,平时
11/9/2020 7:00,,0.8359,0.027,0.05,0.1104,0.04625,11,平时
11/9/2020 8:00,,0.8359,0.027,0.05,0.1104,0.04625,11,平时
11/9/2020 9:00,,0.8359,0.027,0.05,0.1104,0.04625,11,平时
11/9/2020 10:00,,0.8359,0.027,0.05,0.1104,0.04625,11,平时
11/9/2020 11:00,,0.8359,0.027,0.05,0.1104,0.04625,11,平时
11/9/2020 12:00,,0.32425,0.027,0.05,0.1104,0.04625,11,低谷
11/9/2020 13:00,,0.32425,0.027,0.05,0.1104,0.04625,11,低谷
11/9/2020 14:00,,0.8359,0.027,0.05,0.1104,0.04625,11,平时
11/9/2020 15:00,,0.8359,0.027,0.05,0.1104,0.04625,11,平时
11/9/2020 16:00,,1.103213,0.027,0.05,0.1104,0.04625,11,高峰
11/9/2020 17:00,,1.103213,0.027,0.05,0.1104,0.04625,11,高峰
11/9/2020 18:00,,1.103213,0.027,0.05,0.1104,0.04625,11,高峰
11/9/2020 19:00,,1.103213,0.027,0.05,0.1104,0.04625,11,高峰
11/9/2020 20:00,,1.103213,0.027,0.05,0.1104,0.04625,11,高峰
11/9/2020 21:00,,1.103213,0.027,0.05,0.1104,0.04625,11,高峰
11/9/2020 22:00,,1.103213,0.027,0.05,0.1104,0.04625,11,高峰
11/9/2020 23:00,,1.103213,0.027,0.05,0.1104,0.04625,11,高峰
11/10/2020 0:00,,0.32425,0.027,0.05,0.1104,0.04625,11,低谷
11/10/2020 1:00,,0.32425,0.027,0.05,0.1104,0.04625,11,低谷
11/10/2020 2:00,,0.32425,0.027,0.05,0.1104,0.04625,11,低谷
11/10/2020 3:00,,0.32425,0.027,0.05,0.1104,0.04625,11,低谷
11/10/2020 4:00,,0.32425,0.027,0.05,0.1104,0.04625,11,低谷
11/10/2020 5:00,,0.32425,0.027,0.05,0.1104,0.04625,11,低谷
11/10/2020 6:00,,0.8359,0.027,0.05,0.1104,0.04625,11,平时
11/10/2020 7:00,,0.8359,0.027,0.05,0.1104,0.04625,11,平时
11/10/2020 8:00,,0.8359,0.027,0.05,0.1104,0.04625,11,平时
11/10/2020 9:00,,0.8359,0.027,0.05,0.1104,0.04625,11,平时
11/10/2020 10:00,,0.8359,0.027,0.05,0.1104,0.04625,11,平时
11/10/2020 11:00,,0.8359,0.027,0.05,0.1104,0.04625,11,平时
11/10/2020 12:00,,0.32425,0.027,0.05,0.1104,0.04625,11,低谷
11/10/2020 13:00,,0.32425,0.027,0.05,0.1104,0.04625,11,低谷
11/10/2020 14:00,,0.8359,0.027,0.05,0.1104,0.04625,11,平时
11/10/2020 15:00,,0.8359,0.027,0.05,0.1104,0.04625,11,平时
11/10/2020 16:00,,1.103213,0.027,0.05,0.1104,0.04625,11,高峰
11/10/2020 17:00,,1.103213,0.027,0.05,0.1104,0.04625,11,高峰
11/10/2020 18:00,,1.103213,0.027,0.05,0.1104,0.04625,11,高峰
11/10/2020 19:00,,1.103213,0.027,0.05,0.1104,0.04625,11,高峰
11/10/2020 20:00,,1.103213,0.027,0.05,0.1104,0.04625,11,高峰
11/10/2020 21:00,,1.103213,0.027,0.05,0.1104,0.04625,11,高峰
11/10/2020 22:00,,1.103213,0.027,0.05,0.1104,0.04625,11,高峰
11/10/2020 23:00,,1.103213,0.027,0.05,0.1104,0.04625,11,高峰
11/11/2020 0:00,,0.32425,0.027,0.05,0.1104,0.04625,11,低谷
11/11/2020 1:00,,0.32425,0.027,0.05,0.1104,0.04625,11,低谷
11/11/2020 2:00,,0.32425,0.027,0.05,0.1104,0.04625,11,低谷
11/11/2020 3:00,,0.32425,0.027,0.05,0.1104,0.04625,11,低谷
11/11/2020 4:00,,0.32425,0.027,0.05,0.1104,0.04625,11,低谷
11/11/2020 5:00,,0.32425,0.027,0.05,0.1104,0.04625,11,低谷
11/11/2020 6:00,,0.8359,0.027,0.05,0.1104,0.04625,11,平时
11/11/2020 7:00,,0.8359,0.027,0.05,0.1104,0.04625,11,平时
11/11/2020 8:00,,0.8359,0.027,0.05,0.1104,0.04625,11,平时
11/11/2020 9:00,,0.8359,0.027,0.05,0.1104,0.04625,11,平时
11/11/2020 10:00,,0.8359,0.027,0.05,0.1104,0.04625,11,平时
11/11/2020 11:00,,0.8359,0.027,0.05,0.1104,0.04625,11,平时
11/11/2020 12:00,,0.32425,0.027,0.05,0.1104,0.04625,11,低谷
11/11/2020 13:00,,0.32425,0.027,0.05,0.1104,0.04625,11,低谷
11/11/2020 14:00,,0.8359,0.027,0.05,0.1104,0.04625,11,平时
11/11/2020 15:00,,0.8359,0.027,0.05,0.1104,0.04625,11,平时
11/11/2020 16:00,,1.103213,0.027,0.05,0.1104,0.04625,11,高峰
11/11/2020 17:00,,1.103213,0.027,0.05,0.1104,0.04625,11,高峰
11/11/2020 18:00,,1.103213,0.027,0.05,0.1104,0.04625,11,高峰
11/11/2020 19:00,,1.103213,0.027,0.05,0.1104,0.04625,11,高峰
11/11/2020 20:00,,1.103213,0.027,0.05,0.1104,0.04625,11,高峰
11/11/2020 21:00,,1.103213,0.027,0.05,0.1104,0.04625,11,高峰
11/11/2020 22:00,,1.103213,0.027,0.05,0.1104,0.04625,11,高峰
11/11/2020 23:00,,1.103213,0.027,0.05,0.1104,0.04625,11,高峰
11/12/2020 0:00,,0.32425,0.027,0.05,0.1104,0.04625,11,低谷
11/12/2020 1:00,,0.32425,0.027,0.05,0.1104,0.04625,11,低谷
11/12/2020 2:00,,0.32425,0.027,0.05,0.1104,0.04625,11,低谷
11/12/2020 3:00,,0.32425,0.027,0.05,0.1104,0.04625,11,低谷
11/12/2020 4:00,,0.32425,0.027,0.05,0.1104,0.04625,11,低谷
11/12/2020 5:00,,0.32425,0.027,0.05,0.1104,0.04625,11,低谷
11/12/2020 6:00,,0.8359,0.027,0.05,0.1104,0.04625,11,平时
11/12/2020 7:00,,0.8359,0.027,0.05,0.1104,0.04625,11,平时
11/12/2020 8:00,,0.8359,0.027,0.05,0.1104,0.04625,11,平时
11/12/2020 9:00,,0.8359,0.027,0.05,0.1104,0.04625,11,平时
11/12/2020 10:00,,0.8359,0.027,0.05,0.1104,0.04625,11,平时
11/12/2020 11:00,,0.8359,0.027,0.05,0.1104,0.04625,11,平时
11/12/2020 12:00,,0.32425,0.027,0.05,0.1104,0.04625,11,低谷
11/12/2020 13:00,,0.32425,0.027,0.05,0.1104,0.04625,11,低谷
11/12/2020 14:00,,0.8359,0.027,0.05,0.1104,0.04625,11,平时
11/12/2020 15:00,,0.8359,0.027,0.05,0.1104,0.04625,11,平时
11/12/2020 16:00,,1.103213,0.027,0.05,0.1104,0.04625,11,高峰
11/12/2020 17:00,,1.103213,0.027,0.05,0.1104,0.04625,11,高峰
11/12/2020 18:00,,1.103213,0.027,0.05,0.1104,0.04625,11,高峰
11/12/2020 19:00,,1.103213,0.027,0.05,0.1104,0.04625,11,高峰
11/12/2020 20:00,,1.103213,0.027,0.05,0.1104,0.04625,11,高峰
11/12/2020 21:00,,1.103213,0.027,0.05,0.1104,0.04625,11,高峰
11/12/2020 22:00,,1.103213,0.027,0.05,0.1104,0.04625,11,高峰
11/12/2020 23:00,,1.103213,0.027,0.05,0.1104,0.04625,11,高峰
11/13/2020 0:00,,0.32425,0.027,0.05,0.1104,0.04625,11,低谷
11/13/2020 1:00,,0.32425,0.027,0.05,0.1104,0.04625,11,低谷
11/13/2020 2:00,,0.32425,0.027,0.05,0.1104,0.04625,11,低谷
11/13/2020 3:00,,0.32425,0.027,0.05,0.1104,0.04625,11,低谷
11/13/2020 4:00,,0.32425,0.027,0.05,0.1104,0.04625,11,低谷
11/13/2020 5:00,,0.32425,0.027,0.05,0.1104,0.04625,11,低谷
11/13/2020 6:00,,0.8359,0.027,0.05,0.1104,0.04625,11,平时
11/13/2020 7:00,,0.8359,0.027,0.05,0.1104,0.04625,11,平时
11/13/2020 8:00,,0.8359,0.027,0.05,0.1104,0.04625,11,平时
11/13/2020 9:00,,0.8359,0.027,0.05,0.1104,0.04625,11,平时
11/13/2020 10:00,,0.8359,0.027,0.05,0.1104,0.04625,11,平时
11/13/2020 11:00,,0.8359,0.027,0.05,0.1104,0.04625,11,平时
11/13/2020 12:00,,0.32425,0.027,0.05,0.1104,0.04625,11,低谷
11/13/2020 13:00,,0.32425,0.027,0.05,0.1104,0.04625,11,低谷
11/13/2020 14:00,,0.8359,0.027,0.05,0.1104,0.04625,11,平时
11/13/2020 15:00,,0.8359,0.027,0.05,0.1104,0.04625,11,平时
11/13/2020 16:00,,1.103213,0.027,0.05,0.1104,0.04625,11,高峰
11/13/2020 17:00,,1.103213,0.027,0.05,0.1104,0.04625,11,高峰
11/13/2020 18:00,,1.103213,0.027,0.05,0.1104,0.04625,11,高峰
11/13/2020 19:00,,1.103213,0.027,0.05,0.1104,0.04625,11,高峰
11/13/2020 20:00,,1.103213,0.027,0.05,0.1104,0.04625,11,高峰
11/13/2020 21:00,,1.103213,0.027,0.05,0.1104,0.04625,11,高峰
11/13/2020 22:00,,1.103213,0.027,0.05,0.1104,0.04625,11,高峰
11/13/2020 23:00,,1.103213,0.027,0.05,0.1104,0.04625,11,高峰
11/14/2020 0:00,,0.32425,0.027,0.05,0.1104,0.04625,11,低谷
11/14/2020 1:00,,0.32425,0.027,0.05,0.1104,0.04625,11,低谷
11/14/2020 2:00,,0.32425,0.027,0.05,0.1104,0.04625,11,低谷
11/14/2020 3:00,,0.32425,0.027,0.05,0.1104,0.04625,11,低谷
11/14/2020 4:00,,0.32425,0.027,0.05,0.1104,0.04625,11,低谷
11/14/2020 5:00,,0.32425,0.027,0.05,0.1104,0.04625,11,低谷
11/14/2020 6:00,,0.8359,0.027,0.05,0.1104,0.04625,11,平时
11/14/2020 7:00,,0.8359,0.027,0.05,0.1104,0.04625,11,平时
11/14/2020 8:00,,0.8359,0.027,0.05,0.1104,0.04625,11,平时
11/14/2020 9:00,,0.8359,0.027,0.05,0.1104,0.04625,11,平时
11/14/2020 10:00,,0.8359,0.027,0.05,0.1104,0.04625,11,平时
11/14/2020 11:00,,0.8359,0.027,0.05,0.1104,0.04625,11,平时
11/14/2020 12:00,,0.32425,0.027,0.05,0.1104,0.04625,11,低谷
11/14/2020 13:00,,0.32425,0.027,0.05,0.1104,0.04625,11,低谷
11/14/2020 14:00,,0.8359,0.027,0.05,0.1104,0.04625,11,平时
11/14/2020 15:00,,0.8359,0.027,0.05,0.1104,0.04625,11,平时
11/14/2020 16:00,,1.103213,0.027,0.05,0.1104,0.04625,11,高峰
11/14/2020 17:00,,1.103213,0.027,0.05,0.1104,0.04625,11,高峰
11/14/2020 18:00,,1.103213,0.027,0.05,0.1104,0.04625,11,高峰
11/14/2020 19:00,,1.103213,0.027,0.05,0.1104,0.04625,11,高峰
11/14/2020 20:00,,1.103213,0.027,0.05,0.1104,0.04625,11,高峰
11/14/2020 21:00,,1.103213,0.027,0.05,0.1104,0.04625,11,高峰
11/14/2020 22:00,,1.103213,0.027,0.05,0.1104,0.04625,11,高峰
11/14/2020 23:00,,1.103213,0.027,0.05,0.1104,0.04625,11,高峰
11/15/2020 0:00,,0.32425,0.027,0.05,0.1104,0.04625,11,低谷
11/15/2020 1:00,,0.32425,0.027,0.05,0.1104,0.04625,11,低谷
11/15/2020 2:00,,0.32425,0.027,0.05,0.1104,0.04625,11,低谷
11/15/2020 3:00,,0.32425,0.027,0.05,0.1104,0.04625,11,低谷
11/15/2020 4:00,,0.32425,0.027,0.05,0.1104,0.04625,11,低谷
11/15/2020 5:00,,0.32425,0.027,0.05,0.1104,0.04625,11,低谷
11/15/2020 6:00,,0.8359,0.027,0.05,0.1104,0.04625,11,平时
11/15/2020 7:00,,0.8359,0.027,0.05,0.1104,0.04625,11,平时
11/15/2020 8:00,,0.8359,0.027,0.05,0.1104,0.04625,11,平时
11/15/2020 9:00,,0.8359,0.027,0.05,0.1104,0.04625,11,平时
11/15/2020 10:00,,0.8359,0.027,0.05,0.1104,0.04625,11,平时
11/15/2020 11:00,,0.8359,0.027,0.05,0.1104,0.04625,11,平时
11/15/2020 12:00,,0.32425,0.027,0.05,0.1104,0.04625,11,低谷
11/15/2020 13:00,,0.32425,0.027,0.05,0.1104,0.04625,11,低谷
11/15/2020 14:00,,0.8359,0.027,0.05,0.1104,0.04625,11,平时
11/15/2020 15:00,,0.8359,0.027,0.05,0.1104,0.04625,11,平时
11/15/2020 16:00,,1.103213,0.027,0.05,0.1104,0.04625,11,高峰
11/15/2020 17:00,,1.103213,0.027,0.05,0.1104,0.04625,11,高峰
11/15/2020 18:00,,1.103213,0.027,0.05,0.1104,0.04625,11,高峰
11/15/2020 19:00,,1.103213,0.027,0.05,0.1104,0.04625,11,高峰
11/15/2020 20:00,,1.103213,0.027,0.05,0.1104,0.04625,11,高峰
11/15/2020 21:00,,1.103213,0.027,0.05,0.1104,0.04625,11,高峰
11/15/2020 22:00,,1.103213,0.027,0.05,0.1104,0.04625,11,高峰
11/15/2020 23:00,,1.103213,0.027,0.05,0.1104,0.04625,11,高峰
11/16/2020 0:00,,0.32425,0.027,0.05,0.1104,0.04625,11,低谷
11/16/2020 1:00,,0.32425,0.027,0.05,0.1104,0.04625,11,低谷
11/16/2020 2:00,,0.32425,0.027,0.05,0.1104,0.04625,11,低谷
11/16/2020 3:00,,0.32425,0.027,0.05,0.1104,0.04625,11,低谷
11/16/2020 4:00,,0.32425,0.027,0.05,0.1104,0.04625,11,低谷
11/16/2020 5:00,,0.32425,0.027,0.05,0.1104,0.04625,11,低谷
11/16/2020 6:00,,0.8359,0.027,0.05,0.1104,0.04625,11,平时
11/16/2020 7:00,,0.8359,0.027,0.05,0.1104,0.04625,11,平时
11/16/2020 8:00,,0.8359,0.027,0.05,0.1104,0.04625,11,平时
11/16/2020 9:00,,0.8359,0.027,0.05,0.1104,0.04625,11,平时
11/16/2020 10:00,,0.8359,0.027,0.05,0.1104,0.04625,11,平时
11/16/2020 11:00,,0.8359,0.027,0.05,0.1104,0.04625,11,平时
11/16/2020 12:00,,0.32425,0.027,0.05,0.1104,0.04625,11,低谷
11/16/2020 13:00,,0.32425,0.027,0.05,0.1104,0.04625,11,低谷
11/16/2020 14:00,,0.8359,0.027,0.05,0.1104,0.04625,11,平时
11/16/2020 15:00,,0.8359,0.027,0.05,0.1104,0.04625,11,平时
11/16/2020 16:00,,1.103213,0.027,0.05,0.1104,0.04625,11,高峰
11/16/2020 17:00,,1.103213,0.027,0.05,0.1104,0.04625,11,高峰
11/16/2020 18:00,,1.103213,0.027,0.05,0.1104,0.04625,11,高峰
11/16/2020 19:00,,1.103213,0.027,0.05,0.1104,0.04625,11,高峰
11/16/2020 20:00,,1.103213,0.027,0.05,0.1104,0.04625,11,高峰
11/16/2020 21:00,,1.103213,0.027,0.05,0.1104,0.04625,11,高峰
11/16/2020 22:00,,1.103213,0.027,0.05,0.1104,0.04625,11,高峰
11/16/2020 23:00,,1.103213,0.027,0.05,0.1104,0.04625,11,高峰
11/17/2020 0:00,,0.32425,0.027,0.05,0.1104,0.04625,11,低谷
11/17/2020 1:00,,0.32425,0.027,0.05,0.1104,0.04625,11,低谷
11/17/2020 2:00,,0.32425,0.027,0.05,0.1104,0.04625,11,低谷
11/17/2020 3:00,,0.32425,0.027,0.05,0.1104,0.04625,11,低谷
11/17/2020 4:00,,0.32425,0.027,0.05,0.1104,0.04625,11,低谷
11/17/2020 5:00,,0.32425,0.027,0.05,0.1104,0.04625,11,低谷
11/17/2020 6:00,,0.8359,0.027,0.05,0.1104,0.04625,11,平时
11/17/2020 7:00,,0.8359,0.027,0.05,0.1104,0.04625,11,平时
11/17/2020 8:00,,0.8359,0.027,0.05,0.1104,0.04625,11,平时
11/17/2020 9:00,,0.8359,0.027,0.05,0.1104,0.04625,11,平时
11/17/2020 10:00,,0.8359,0.027,0.05,0.1104,0.04625,11,平时
11/17/2020 11:00,,0.8359,0.027,0.05,0.1104,0.04625,11,平时
11/17/2020 12:00,,0.32425,0.027,0.05,0.1104,0.04625,11,低谷
11/17/2020 13:00,,0.32425,0.027,0.05,0.1104,0.04625,11,低谷
11/17/2020 14:00,,0.8359,0.027,0.05,0.1104,0.04625,11,平时
11/17/2020 15:00,,0.8359,0.027,0.05,0.1104,0.04625,11,平时
11/17/2020 16:00,,1.103213,0.027,0.05,0.1104,0.04625,11,高峰
11/17/2020 17:00,,1.103213,0.027,0.05,0.1104,0.04625,11,高峰
11/17/2020 18:00,,1.103213,0.027,0.05,0.1104,0.04625,11,高峰
11/17/2020 19:00,,1.103213,0.027,0.05,0.1104,0.04625,11,高峰
11/17/2020 20:00,,1.103213,0.027,0.05,0.1104,0.04625,11,高峰
11/17/2020 21:00,,1.103213,0.027,0.05,0.1104,0.04625,11,高峰
11/17/2020 22:00,,1.103213,0.027,0.05,0.1104,0.04625,11,高峰
11/17/2020 23:00,,1.103213,0.027,0.05,0.1104,0.04625,11,高峰
11/18/2020 0:00,,0.32425,0.027,0.05,0.1104,0.04625,11,低谷
11/18/2020 1:00,,0.32425,0.027,0.05,0.1104,0.04625,11,低谷
11/18/2020 2:00,,0.32425,0.027,0.05,0.1104,0.04625,11,低谷
11/18/2020 3:00,,0.32425,0.027,0.05,0.1104,0.04625,11,低谷
11/18/2020 4:00,,0.32425,0.027,0.05,0.1104,0.04625,11,低谷
11/18/2020 5:00,,0.32425,0.027,0.05,0.1104,0.04625,11,低谷
11/18/2020 6:00,,0.8359,0.027,0.05,0.1104,0.04625,11,平时
11/18/2020 7:00,,0.8359,0.027,0.05,0.1104,0.04625,11,平时
11/18/2020 8:00,,0.8359,0.027,0.05,0.1104,0.04625,11,平时
11/18/2020 9:00,,0.8359,0.027,0.05,0.1104,0.04625,11,平时
11/18/2020 10:00,,0.8359,0.027,0.05,0.1104,0.04625,11,平时
11/18/2020 11:00,,0.8359,0.027,0.05,0.1104,0.04625,11,平时
11/18/2020 12:00,,0.32425,0.027,0.05,0.1104,0.04625,11,低谷
11/18/2020 13:00,,0.32425,0.027,0.05,0.1104,0.04625,11,低谷
11/18/2020 14:00,,0.8359,0.027,0.05,0.1104,0.04625,11,平时
11/18/2020 15:00,,0.8359,0.027,0.05,0.1104,0.04625,11,平时
11/18/2020 16:00,,1.103213,0.027,0.05,0.1104,0.04625,11,高峰
11/18/2020 17:00,,1.103213,0.027,0.05,0.1104,0.04625,11,高峰
11/18/2020 18:00,,1.103213,0.027,0.05,0.1104,0.04625,11,高峰
11/18/2020 19:00,,1.103213,0.027,0.05,0.1104,0.04625,11,高峰
11/18/2020 20:00,,1.103213,0.027,0.05,0.1104,0.04625,11,高峰
11/18/2020 21:00,,1.103213,0.027,0.05,0.1104,0.04625,11,高峰
11/18/2020 22:00,,1.103213,0.027,0.05,0.1104,0.04625,11,高峰
11/18/2020 23:00,,1.103213,0.027,0.05,0.1104,0.04625,11,高峰
11/19/2020 0:00,,0.32425,0.027,0.05,0.1104,0.04625,11,低谷
11/19/2020 1:00,,0.32425,0.027,0.05,0.1104,0.04625,11,低谷
11/19/2020 2:00,,0.32425,0.027,0.05,0.1104,0.04625,11,低谷
11/19/2020 3:00,,0.32425,0.027,0.05,0.1104,0.04625,11,低谷
11/19/2020 4:00,,0.32425,0.027,0.05,0.1104,0.04625,11,低谷
11/19/2020 5:00,,0.32425,0.027,0.05,0.1104,0.04625,11,低谷
11/19/2020 6:00,,0.8359,0.027,0.05,0.1104,0.04625,11,平时
11/19/2020 7:00,,0.8359,0.027,0.05,0.1104,0.04625,11,平时
11/19/2020 8:00,,0.8359,0.027,0.05,0.1104,0.04625,11,平时
11/19/2020 9:00,,0.8359,0.027,0.05,0.1104,0.04625,11,平时
11/19/2020 10:00,,0.8359,0.027,0.05,0.1104,0.04625,11,平时
11/19/2020 11:00,,0.8359,0.027,0.05,0.1104,0.04625,11,平时
11/19/2020 12:00,,0.32425,0.027,0.05,0.1104,0.04625,11,低谷
11/19/2020 13:00,,0.32425,0.027,0.05,0.1104,0.04625,11,低谷
11/19/2020 14:00,,0.8359,0.027,0.05,0.1104,0.04625,11,平时
11/19/2020 15:00,,0.8359,0.027,0.05,0.1104,0.04625,11,平时
11/19/2020 16:00,,1.103213,0.027,0.05,0.1104,0.04625,11,高峰
11/19/2020 17:00,,1.103213,0.027,0.05,0.1104,0.04625,11,高峰
11/19/2020 18:00,,1.103213,0.027,0.05,0.1104,0.04625,11,高峰
11/19/2020 19:00,,1.103213,0.027,0.05,0.1104,0.04625,11,高峰
11/19/2020 20:00,,1.103213,0.027,0.05,0.1104,0.04625,11,高峰
11/19/2020 21:00,,1.103213,0.027,0.05,0.1104,0.04625,11,高峰
11/19/2020 22:00,,1.103213,0.027,0.05,0.1104,0.04625,11,高峰
11/19/2020 23:00,,1.103213,0.027,0.05,0.1104,0.04625,11,高峰
11/20/2020 0:00,,0.32425,0.027,0.05,0.1104,0.04625,11,低谷
11/20/2020 1:00,,0.32425,0.027,0.05,0.1104,0.04625,11,低谷
11/20/2020 2:00,,0.32425,0.027,0.05,0.1104,0.04625,11,低谷
11/20/2020 3:00,,0.32425,0.027,0.05,0.1104,0.04625,11,低谷
11/20/2020 4:00,,0.32425,0.027,0.05,0.1104,0.04625,11,低谷
11/20/2020 5:00,,0.32425,0.027,0.05,0.1104,0.04625,11,低谷
11/20/2020 6:00,,0.8359,0.027,0.05,0.1104,0.04625,11,平时
11/20/2020 7:00,,0.8359,0.027,0.05,0.1104,0.04625,11,平时
11/20/2020 8:00,,0.8359,0.027,0.05,0.1104,0.04625,11,平时
11/20/2020 9:00,,0.8359,0.027,0.05,0.1104,0.04625,11,平时
11/20/2020 10:00,,0.8359,0.027,0.05,0.1104,0.04625,11,平时
11/20/2020 11:00,,0.8359,0.027,0.05,0.1104,0.04625,11,平时
11/20/2020 12:00,,0.32425,0.027,0.05,0.1104,0.04625,11,低谷
11/20/2020 13:00,,0.32425,0.027,0.05,0.1104,0.04625,11,低谷
11/20/2020 14:00,,0.8359,0.027,0.05,0.1104,0.04625,11,平时
11/20/2020 15:00,,0.8359,0.027,0.05,0.1104,0.04625,11,平时
11/20/2020 16:00,,1.103213,0.027,0.05,0.1104,0.04625,11,高峰
11/20/2020 17:00,,1.103213,0.027,0.05,0.1104,0.04625,11,高峰
11/20/2020 18:00,,1.103213,0.027,0.05,0.1104,0.04625,11,高峰
11/20/2020 19:00,,1.103213,0.027,0.05,0.1104,0.04625,11,高峰
11/20/2020 20:00,,1.103213,0.027,0.05,0.1104,0.04625,11,高峰
11/20/2020 21:00,,1.103213,0.027,0.05,0.1104,0.04625,11,高峰
11/20/2020 22:00,,1.103213,0.027,0.05,0.1104,0.04625,11,高峰
11/20/2020 23:00,,1.103213,0.027,0.05,0.1104,0.04625,11,高峰
11/21/2020 0:00,,0.32425,0.027,0.05,0.1104,0.04625,11,低谷
11/21/2020 1:00,,0.32425,0.027,0.05,0.1104,0.04625,11,低谷
11/21/2020 2:00,,0.32425,0.027,0.05,0.1104,0.04625,11,低谷
11/21/2020 3:00,,0.32425,0.027,0.05,0.1104,0.04625,11,低谷
11/21/2020 4:00,,0.32425,0.027,0.05,0.1104,0.04625,11,低谷
11/21/2020 5:00,,0.32425,0.027,0.05,0.1104,0.04625,11,低谷
11/21/2020 6:00,,0.8359,0.027,0.05,0.1104,0.04625,11,平时
11/21/2020 7:00,,0.8359,0.027,0.05,0.1104,0.04625,11,平时
11/21/2020 8:00,,0.8359,0.027,0.05,0.1104,0.04625,11,平时
11/21/2020 9:00,,0.8359,0.027,0.05,0.1104,0.04625,11,平时
11/21/2020 10:00,,0.8359,0.027,0.05,0.1104,0.04625,11,平时
11/21/2020 11:00,,0.8359,0.027,0.05,0.1104,0.04625,11,平时
11/21/2020 12:00,,0.32425,0.027,0.05,0.1104,0.04625,11,低谷
11/21/2020 13:00,,0.32425,0.027,0.05,0.1104,0.04625,11,低谷
11/21/2020 14:00,,0.8359,0.027,0.05,0.1104,0.04625,11,平时
11/21/2020 15:00,,0.8359,0.027,0.05,0.1104,0.04625,11,平时
11/21/2020 16:00,,1.103213,0.027,0.05,0.1104,0.04625,11,高峰
11/21/2020 17:00,,1.103213,0.027,0.05,0.1104,0.04625,11,高峰
11/21/2020 18:00,,1.103213,0.027,0.05,0.1104,0.04625,11,高峰
11/21/2020 19:00,,1.103213,0.027,0.05,0.1104,0.04625,11,高峰
11/21/2020 20:00,,1.103213,0.027,0.05,0.1104,0.04625,11,高峰
11/21/2020 21:00,,1.103213,0.027,0.05,0.1104,0.04625,11,高峰
11/21/2020 22:00,,1.103213,0.027,0.05,0.1104,0.04625,11,高峰
11/21/2020 23:00,,1.103213,0.027,0.05,0.1104,0.04625,11,高峰
11/22/2020 0:00,,0.32425,0.027,0.05,0.1104,0.04625,11,低谷
11/22/2020 1:00,,0.32425,0.027,0.05,0.1104,0.04625,11,低谷
11/22/2020 2:00,,0.32425,0.027,0.05,0.1104,0.04625,11,低谷
11/22/2020 3:00,,0.32425,0.027,0.05,0.1104,0.04625,11,低谷
11/22/2020 4:00,,0.32425,0.027,0.05,0.1104,0.04625,11,低谷
11/22/2020 5:00,,0.32425,0.027,0.05,0.1104,0.04625,11,低谷
11/22/2020 6:00,,0.8359,0.027,0.05,0.1104,0.04625,11,平时
11/22/2020 7:00,,0.8359,0.027,0.05,0.1104,0.04625,11,平时
11/22/2020 8:00,,0.8359,0.027,0.05,0.1104,0.04625,11,平时
11/22/2020 9:00,,0.8359,0.027,0.05,0.1104,0.04625,11,平时
11/22/2020 10:00,,0.8359,0.027,0.05,0.1104,0.04625,11,平时
11/22/2020 11:00,,0.8359,0.027,0.05,0.1104,0.04625,11,平时
11/22/2020 12:00,,0.32425,0.027,0.05,0.1104,0.04625,11,低谷
11/22/2020 13:00,,0.32425,0.027,0.05,0.1104,0.04625,11,低谷
11/22/2020 14:00,,0.8359,0.027,0.05,0.1104,0.04625,11,平时
11/22/2020 15:00,,0.8359,0.027,0.05,0.1104,0.04625,11,平时
11/22/2020 16:00,,1.103213,0.027,0.05,0.1104,0.04625,11,高峰
11/22/2020 17:00,,1.103213,0.027,0.05,0.1104,0.04625,11,高峰
11/22/2020 18:00,,1.103213,0.027,0.05,0.1104,0.04625,11,高峰
11/22/2020 19:00,,1.103213,0.027,0.05,0.1104,0.04625,11,高峰
11/22/2020 20:00,,1.103213,0.027,0.05,0.1104,0.04625,11,高峰
11/22/2020 21:00,,1.103213,0.027,0.05,0.1104,0.04625,11,高峰
11/22/2020 22:00,,1.103213,0.027,0.05,0.1104,0.04625,11,高峰
11/22/2020 23:00,,1.103213,0.027,0.05,0.1104,0.04625,11,高峰
11/23/2020 0:00,,0.32425,0.027,0.05,0.1104,0.04625,11,低谷
11/23/2020 1:00,,0.32425,0.027,0.05,0.1104,0.04625,11,低谷
11/23/2020 2:00,,0.32425,0.027,0.05,0.1104,0.04625,11,低谷
11/23/2020 3:00,,0.32425,0.027,0.05,0.1104,0.04625,11,低谷
11/23/2020 4:00,,0.32425,0.027,0.05,0.1104,0.04625,11,低谷
11/23/2020 5:00,,0.32425,0.027,0.05,0.1104,0.04625,11,低谷
11/23/2020 6:00,,0.8359,0.027,0.05,0.1104,0.04625,11,平时
11/23/2020 7:00,,0.8359,0.027,0.05,0.1104,0.04625,11,平时
11/23/2020 8:00,,0.8359,0.027,0.05,0.1104,0.04625,11,平时
11/23/2020 9:00,,0.8359,0.027,0.05,0.1104,0.04625,11,平时
11/23/2020 10:00,,0.8359,0.027,0.05,0.1104,0.04625,11,平时
11/23/2020 11:00,,0.8359,0.027,0.05,0.1104,0.04625,11,平时
11/23/2020 12:00,,0.32425,0.027,0.05,0.1104,0.04625,11,低谷
11/23/2020 13:00,,0.32425,0.027,0.05,0.1104,0.04625,11,低谷
11/23/2020 14:00,,0.8359,0.027,0.05,0.1104,0.04625,11,平时
11/23/2020 15:00,,0.8359,0.027,0.05,0.1104,0.04625,11,平时
11/23/2020 16:00,,1.103213,0.027,0.05,0.1104,0.04625,11,高峰
11/23/2020 17:00,,1.103213,0.027,0.05,0.1104,0.04625,11,高峰
11/23/2020 18:00,,1.103213,0.027,0.05,0.1104,0.04625,11,高峰
11/23/2020 19:00,,1.103213,0.027,0.05,0.1104,0.04625,11,高峰
11/23/2020 20:00,,1.103213,0.027,0.05,0.1104,0.04625,11,高峰
11/23/2020 21:00,,1.103213,0.027,0.05,0.1104,0.04625,11,高峰
11/23/2020 22:00,,1.103213,0.027,0.05,0.1104,0.04625,11,高峰
11/23/2020 23:00,,1.103213,0.027,0.05,0.1104,0.04625,11,高峰
11/24/2020 0:00,,0.32425,0.027,0.05,0.1104,0.04625,11,低谷
11/24/2020 1:00,,0.32425,0.027,0.05,0.1104,0.04625,11,低谷
11/24/2020 2:00,,0.32425,0.027,0.05,0.1104,0.04625,11,低谷
11/24/2020 3:00,,0.32425,0.027,0.05,0.1104,0.04625,11,低谷
11/24/2020 4:00,,0.32425,0.027,0.05,0.1104,0.04625,11,低谷
11/24/2020 5:00,,0.32425,0.027,0.05,0.1104,0.04625,11,低谷
11/24/2020 6:00,,0.8359,0.027,0.05,0.1104,0.04625,11,平时
11/24/2020 7:00,,0.8359,0.027,0.05,0.1104,0.04625,11,平时
11/24/2020 8:00,,0.8359,0.027,0.05,0.1104,0.04625,11,平时
11/24/2020 9:00,,0.8359,0.027,0.05,0.1104,0.04625,11,平时
11/24/2020 10:00,,0.8359,0.027,0.05,0.1104,0.04625,11,平时
11/24/2020 11:00,,0.8359,0.027,0.05,0.1104,0.04625,11,平时
11/24/2020 12:00,,0.32425,0.027,0.05,0.1104,0.04625,11,低谷
11/24/2020 13:00,,0.32425,0.027,0.05,0.1104,0.04625,11,低谷
11/24/2020 14:00,,0.8359,0.027,0.05,0.1104,0.04625,11,平时
11/24/2020 15:00,,0.8359,0.027,0.05,0.1104,0.04625,11,平时
11/24/2020 16:00,,1.103213,0.027,0.05,0.1104,0.04625,11,高峰
11/24/2020 17:00,,1.103213,0.027,0.05,0.1104,0.04625,11,高峰
11/24/2020 18:00,,1.103213,0.027,0.05,0.1104,0.04625,11,高峰
11/24/2020 19:00,,1.103213,0.027,0.05,0.1104,0.04625,11,高峰
11/24/2020 20:00,,1.103213,0.027,0.05,0.1104,0.04625,11,高峰
11/24/2020 21:00,,1.103213,0.027,0.05,0.1104,0.04625,11,高峰
11/24/2020 22:00,,1.103213,0.027,0.05,0.1104,0.04625,11,高峰
11/24/2020 23:00,,1.103213,0.027,0.05,0.1104,0.04625,11,高峰
11/25/2020 0:00,,0.32425,0.027,0.05,0.1104,0.04625,11,低谷
11/25/2020 1:00,,0.32425,0.027,0.05,0.1104,0.04625,11,低谷
11/25/2020 2:00,,0.32425,0.027,0.05,0.1104,0.04625,11,低谷
11/25/2020 3:00,,0.32425,0.027,0.05,0.1104,0.04625,11,低谷
11/25/2020 4:00,,0.32425,0.027,0.05,0.1104,0.04625,11,低谷
11/25/2020 5:00,,0.32425,0.027,0.05,0.1104,0.04625,11,低谷
11/25/2020 6:00,,0.8359,0.027,0.05,0.1104,0.04625,11,平时
11/25/2020 7:00,,0.8359,0.027,0.05,0.1104,0.04625,11,平时
11/25/2020 8:00,,0.8359,0.027,0.05,0.1104,0.04625,11,平时
11/25/2020 9:00,,0.8359,0.027,0.05,0.1104,0.04625,11,平时
11/25/2020 10:00,,0.8359,0.027,0.05,0.1104,0.04625,11,平时
11/25/2020 11:00,,0.8359,0.027,0.05,0.1104,0.04625,11,平时
11/25/2020 12:00,,0.32425,0.027,0.05,0.1104,0.04625,11,低谷
11/25/2020 13:00,,0.32425,0.027,0.05,0.1104,0.04625,11,低谷
11/25/2020 14:00,,0.8359,0.027,0.05,0.1104,0.04625,11,平时
11/25/2020 15:00,,0.8359,0.027,0.05,0.1104,0.04625,11,平时
11/25/2020 16:00,,1.103213,0.027,0.05,0.1104,0.04625,11,高峰
11/25/2020 17:00,,1.103213,0.027,0.05,0.1104,0.04625,11,高峰
11/25/2020 18:00,,1.103213,0.027,0.05,0.1104,0.04625,11,高峰
11/25/2020 19:00,,1.103213,0.027,0.05,0.1104,0.04625,11,高峰
11/25/2020 20:00,,1.103213,0.027,0.05,0.1104,0.04625,11,高峰
11/25/2020 21:00,,1.103213,0.027,0.05,0.1104,0.04625,11,高峰
11/25/2020 22:00,,1.103213,0.027,0.05,0.1104,0.04625,11,高峰
11/25/2020 23:00,,1.103213,0.027,0.05,0.1104,0.04625,11,高峰
11/26/2020 0:00,,0.32425,0.027,0.05,0.1104,0.04625,11,低谷
11/26/2020 1:00,,0.32425,0.027,0.05,0.1104,0.04625,11,低谷
11/26/2020 2:00,,0.32425,0.027,0.05,0.1104,0.04625,11,低谷
11/26/2020 3:00,,0.32425,0.027,0.05,0.1104,0.04625,11,低谷
11/26/2020 4:00,,0.32425,0.027,0.05,0.1104,0.04625,11,低谷
11/26/2020 5:00,,0.32425,0.027,0.05,0.1104,0.04625,11,低谷
11/26/2020 6:00,,0.8359,0.027,0.05,0.1104,0.04625,11,平时
11/26/2020 7:00,,0.8359,0.027,0.05,0.1104,0.04625,11,平时
11/26/2020 8:00,,0.8359,0.027,0.05,0.1104,0.04625,11,平时
11/26/2020 9:00,,0.8359,0.027,0.05,0.1104,0.04625,11,平时
11/26/2020 10:00,,0.8359,0.027,0.05,0.1104,0.04625,11,平时
11/26/2020 11:00,,0.8359,0.027,0.05,0.1104,0.04625,11,平时
11/26/2020 12:00,,0.32425,0.027,0.05,0.1104,0.04625,11,低谷
11/26/2020 13:00,,0.32425,0.027,0.05,0.1104,0.04625,11,低谷
11/26/2020 14:00,,0.8359,0.027,0.05,0.1104,0.04625,11,平时
11/26/2020 15:00,,0.8359,0.027,0.05,0.1104,0.04625,11,平时
11/26/2020 16:00,,1.103213,0.027,0.05,0.1104,0.04625,11,高峰
11/26/2020 17:00,,1.103213,0.027,0.05,0.1104,0.04625,11,高峰
11/26/2020 18:00,,1.103213,0.027,0.05,0.1104,0.04625,11,高峰
11/26/2020 19:00,,1.103213,0.027,0.05,0.1104,0.04625,11,高峰
11/26/2020 20:00,,1.103213,0.027,0.05,0.1104,0.04625,11,高峰
11/26/2020 21:00,,1.103213,0.027,0.05,0.1104,0.04625,11,高峰
11/26/2020 22:00,,1.103213,0.027,0.05,0.1104,0.04625,11,高峰
11/26/2020 23:00,,1.103213,0.027,0.05,0.1104,0.04625,11,高峰
11/27/2020 0:00,,0.32425,0.027,0.05,0.1104,0.04625,11,低谷
11/27/2020 1:00,,0.32425,0.027,0.05,0.1104,0.04625,11,低谷
11/27/2020 2:00,,0.32425,0.027,0.05,0.1104,0.04625,11,低谷
11/27/2020 3:00,,0.32425,0.027,0.05,0.1104,0.04625,11,低谷
11/27/2020 4:00,,0.32425,0.027,0.05,0.1104,0.04625,11,低谷
11/27/2020 5:00,,0.32425,0.027,0.05,0.1104,0.04625,11,低谷
11/27/2020 6:00,,0.8359,0.027,0.05,0.1104,0.04625,11,平时
11/27/2020 7:00,,0.8359,0.027,0.05,0.1104,0.04625,11,平时
11/27/2020 8:00,,0.8359,0.027,0.05,0.1104,0.04625,11,平时
11/27/2020 9:00,,0.8359,0.027,0.05,0.1104,0.04625,11,平时
11/27/2020 10:00,,0.8359,0.027,0.05,0.1104,0.04625,11,平时
11/27/2020 11:00,,0.8359,0.027,0.05,0.1104,0.04625,11,平时
11/27/2020 12:00,,0.32425,0.027,0.05,0.1104,0.04625,11,低谷
11/27/2020 13:00,,0.32425,0.027,0.05,0.1104,0.04625,11,低谷
11/27/2020 14:00,,0.8359,0.027,0.05,0.1104,0.04625,11,平时
11/27/2020 15:00,,0.8359,0.027,0.05,0.1104,0.04625,11,平时
11/27/2020 16:00,,1.103213,0.027,0.05,0.1104,0.04625,11,高峰
11/27/2020 17:00,,1.103213,0.027,0.05,0.1104,0.04625,11,高峰
11/27/2020 18:00,,1.103213,0.027,0.05,0.1104,0.04625,11,高峰
11/27/2020 19:00,,1.103213,0.027,0.05,0.1104,0.04625,11,高峰
11/27/2020 20:00,,1.103213,0.027,0.05,0.1104,0.04625,11,高峰
11/27/2020 21:00,,1.103213,0.027,0.05,0.1104,0.04625,11,高峰
11/27/2020 22:00,,1.103213,0.027,0.05,0.1104,0.04625,11,高峰
11/27/2020 23:00,,1.103213,0.027,0.05,0.1104,0.04625,11,高峰
11/28/2020 0:00,,0.32425,0.027,0.05,0.1104,0.04625,11,低谷
11/28/2020 1:00,,0.32425,0.027,0.05,0.1104,0.04625,11,低谷
11/28/2020 2:00,,0.32425,0.027,0.05,0.1104,0.04625,11,低谷
11/28/2020 3:00,,0.32425,0.027,0.05,0.1104,0.04625,11,低谷
11/28/2020 4:00,,0.32425,0.027,0.05,0.1104,0.04625,11,低谷
11/28/2020 5:00,,0.32425,0.027,0.05,0.1104,0.04625,11,低谷
11/28/2020 6:00,,0.8359,0.027,0.05,0.1104,0.04625,11,平时
11/28/2020 7:00,,0.8359,0.027,0.05,0.1104,0.04625,11,平时
11/28/2020 8:00,,0.8359,0.027,0.05,0.1104,0.04625,11,平时
11/28/2020 9:00,,0.8359,0.027,0.05,0.1104,0.04625,11,平时
11/28/2020 10:00,,0.8359,0.027,0.05,0.1104,0.04625,11,平时
11/28/2020 11:00,,0.8359,0.027,0.05,0.1104,0.04625,11,平时
11/28/2020 12:00,,0.32425,0.027,0.05,0.1104,0.04625,11,低谷
11/28/2020 13:00,,0.32425,0.027,0.05,0.1104,0.04625,11,低谷
11/28/2020 14:00,,0.8359,0.027,0.05,0.1104,0.04625,11,平时
11/28/2020 15:00,,0.8359,0.027,0.05,0.1104,0.04625,11,平时
11/28/2020 16:00,,1.103213,0.027,0.05,0.1104,0.04625,11,高峰
11/28/2020 17:00,,1.103213,0.027,0.05,0.1104,0.04625,11,高峰
11/28/2020 18:00,,1.103213,0.027,0.05,0.1104,0.04625,11,高峰
11/28/2020 19:00,,1.103213,0.027,0.05,0.1104,0.04625,11,高峰
11/28/2020 20:00,,1.103213,0.027,0.05,0.1104,0.04625,11,高峰
11/28/2020 21:00,,1.103213,0.027,0.05,0.1104,0.04625,11,高峰
11/28/2020 22:00,,1.103213,0.027,0.05,0.1104,0.04625,11,高峰
11/28/2020 23:00,,1.103213,0.027,0.05,0.1104,0.04625,11,高峰
11/29/2020 0:00,,0.32425,0.027,0.05,0.1104,0.04625,11,低谷
11/29/2020 1:00,,0.32425,0.027,0.05,0.1104,0.04625,11,低谷
11/29/2020 2:00,,0.32425,0.027,0.05,0.1104,0.04625,11,低谷
11/29/2020 3:00,,0.32425,0.027,0.05,0.1104,0.04625,11,低谷
11/29/2020 4:00,,0.32425,0.027,0.05,0.1104,0.04625,11,低谷
11/29/2020 5:00,,0.32425,0.027,0.05,0.1104,0.04625,11,低谷
11/29/2020 6:00,,0.8359,0.027,0.05,0.1104,0.04625,11,平时
11/29/2020 7:00,,0.8359,0.027,0.05,0.1104,0.04625,11,平时
11/29/2020 8:00,,0.8359,0.027,0.05,0.1104,0.04625,11,平时
11/29/2020 9:00,,0.8359,0.027,0.05,0.1104,0.04625,11,平时
11/29/2020 10:00,,0.8359,0.027,0.05,0.1104,0.04625,11,平时
11/29/2020 11:00,,0.8359,0.027,0.05,0.1104,0.04625,11,平时
11/29/2020 12:00,,0.32425,0.027,0.05,0.1104,0.04625,11,低谷
11/29/2020 13:00,,0.32425,0.027,0.05,0.1104,0.04625,11,低谷
11/29/2020 14:00,,0.8359,0.027,0.05,0.1104,0.04625,11,平时
11/29/2020 15:00,,0.8359,0.027,0.05,0.1104,0.04625,11,平时
11/29/2020 16:00,,1.103213,0.027,0.05,0.1104,0.04625,11,高峰
11/29/2020 17:00,,1.103213,0.027,0.05,0.1104,0.04625,11,高峰
11/29/2020 18:00,,1.103213,0.027,0.05,0.1104,0.04625,11,高峰
11/29/2020 19:00,,1.103213,0.027,0.05,0.1104,0.04625,11,高峰
11/29/2020 20:00,,1.103213,0.027,0.05,0.1104,0.04625,11,高峰
11/29/2020 21:00,,1.103213,0.027,0.05,0.1104,0.04625,11,高峰
11/29/2020 22:00,,1.103213,0.027,0.05,0.1104,0.04625,11,高峰
11/29/2020 23:00,,1.103213,0.027,0.05,0.1104,0.04625,11,高峰
11/30/2020 0:00,,0.32425,0.027,0.05,0.1104,0.04625,11,低谷
11/30/2020 1:00,,0.32425,0.027,0.05,0.1104,0.04625,11,低谷
11/30/2020 2:00,,0.32425,0.027,0.05,0.1104,0.04625,11,低谷
11/30/2020 3:00,,0.32425,0.027,0.05,0.1104,0.04625,11,低谷
11/30/2020 4:00,,0.32425,0.027,0.05,0.1104,0.04625,11,低谷
11/30/2020 5:00,,0.32425,0.027,0.05,0.1104,0.04625,11,低谷
11/30/2020 6:00,,0.8359,0.027,0.05,0.1104,0.04625,11,平时
11/30/2020 7:00,,0.8359,0.027,0.05,0.1104,0.04625,11,平时
11/30/2020 8:00,,0.8359,0.027,0.05,0.1104,0.04625,11,平时
11/30/2020 9:00,,0.8359,0.027,0.05,0.1104,0.04625,11,平时
11/30/2020 10:00,,0.8359,0.027,0.05,0.1104,0.04625,11,平时
11/30/2020 11:00,,0.8359,0.027,0.05,0.1104,0.04625,11,平时
11/30/2020 12:00,,0.32425,0.027,0.05,0.1104,0.04625,11,低谷
11/30/2020 13:00,,0.32425,0.027,0.05,0.1104,0.04625,11,低谷
11/30/2020 14:00,,0.8359,0.027,0.05,0.1104,0.04625,11,平时
11/30/2020 15:00,,0.8359,0.027,0.05,0.1104,0.04625,11,平时
11/30/2020 16:00,,1.103213,0.027,0.05,0.1104,0.04625,11,高峰
11/30/2020 17:00,,1.103213,0.027,0.05,0.1104,0.04625,11,高峰
11/30/2020 18:00,,1.103213,0.027,0.05,0.1104,0.04625,11,高峰
11/30/2020 19:00,,1.103213,0.027,0.05,0.1104,0.04625,11,高峰
11/30/2020 20:00,,1.103213,0.027,0.05,0.1104,0.04625,11,高峰
11/30/2020 21:00,,1.103213,0.027,0.05,0.1104,0.04625,11,高峰
11/30/2020 22:00,,1.103213,0.027,0.05,0.1104,0.04625,11,高峰
11/30/2020 23:00,,1.103213,0.027,0.05,0.1104,0.04625,11,高峰
12/1/2020 0:00,,0.30893,0.027,0.05,0.1104,0.04625,12,低谷
12/1/2020 1:00,,0.30893,0.027,0.05,0.1104,0.04625,12,低谷
12/1/2020 2:00,,0.30893,0.027,0.05,0.1104,0.04625,12,低谷
12/1/2020 3:00,,0.30893,0.027,0.05,0.1104,0.04625,12,低谷
12/1/2020 4:00,,0.30893,0.027,0.05,0.1104,0.04625,12,低谷
12/1/2020 5:00,,0.30893,0.027,0.05,0.1104,0.04625,12,低谷
12/1/2020 6:00,,0.705383,0.027,0.05,0.1104,0.04625,12,平时
12/1/2020 7:00,,0.705383,0.027,0.05,0.1104,0.04625,12,平时
12/1/2020 8:00,,0.705383,0.027,0.05,0.1104,0.04625,12,平时
12/1/2020 9:00,,0.705383,0.027,0.05,0.1104,0.04625,12,平时
12/1/2020 10:00,,0.705383,0.027,0.05,0.1104,0.04625,12,平时
12/1/2020 11:00,,0.705383,0.027,0.05,0.1104,0.04625,12,平时
12/1/2020 12:00,,0.30893,0.027,0.05,0.1104,0.04625,12,低谷
12/1/2020 13:00,,0.30893,0.027,0.05,0.1104,0.04625,12,低谷
12/1/2020 14:00,,0.705383,0.027,0.05,0.1104,0.04625,12,平时
12/1/2020 15:00,,0.705383,0.027,0.05,0.1104,0.04625,12,平时
12/1/2020 16:00,,1.106986,0.027,0.05,0.1104,0.04625,12,高峰
12/1/2020 17:00,,1.106986,0.027,0.05,0.1104,0.04625,12,高峰
12/1/2020 18:00,,1.307721,0.027,0.05,0.1104,0.04625,12,尖峰
12/1/2020 19:00,,1.307721,0.027,0.05,0.1104,0.04625,12,尖峰
12/1/2020 20:00,,1.307721,0.027,0.05,0.1104,0.04625,12,尖峰
12/1/2020 21:00,,1.307721,0.027,0.05,0.1104,0.04625,12,尖峰
12/1/2020 22:00,,1.106986,0.027,0.05,0.1104,0.04625,12,高峰
12/1/2020 23:00,,1.106986,0.027,0.05,0.1104,0.04625,12,高峰
12/2/2020 0:00,,0.30893,0.027,0.05,0.1104,0.04625,12,低谷
12/2/2020 1:00,,0.30893,0.027,0.05,0.1104,0.04625,12,低谷
12/2/2020 2:00,,0.30893,0.027,0.05,0.1104,0.04625,12,低谷
12/2/2020 3:00,,0.30893,0.027,0.05,0.1104,0.04625,12,低谷
12/2/2020 4:00,,0.30893,0.027,0.05,0.1104,0.04625,12,低谷
12/2/2020 5:00,,0.30893,0.027,0.05,0.1104,0.04625,12,低谷
12/2/2020 6:00,,0.705383,0.027,0.05,0.1104,0.04625,12,平时
12/2/2020 7:00,,0.705383,0.027,0.05,0.1104,0.04625,12,平时
12/2/2020 8:00,,0.705383,0.027,0.05,0.1104,0.04625,12,平时
12/2/2020 9:00,,0.705383,0.027,0.05,0.1104,0.04625,12,平时
12/2/2020 10:00,,0.705383,0.027,0.05,0.1104,0.04625,12,平时
12/2/2020 11:00,,0.705383,0.027,0.05,0.1104,0.04625,12,平时
12/2/2020 12:00,,0.30893,0.027,0.05,0.1104,0.04625,12,低谷
12/2/2020 13:00,,0.30893,0.027,0.05,0.1104,0.04625,12,低谷
12/2/2020 14:00,,0.705383,0.027,0.05,0.1104,0.04625,12,平时
12/2/2020 15:00,,0.705383,0.027,0.05,0.1104,0.04625,12,平时
12/2/2020 16:00,,1.106986,0.027,0.05,0.1104,0.04625,12,高峰
12/2/2020 17:00,,1.106986,0.027,0.05,0.1104,0.04625,12,高峰
12/2/2020 18:00,,1.307721,0.027,0.05,0.1104,0.04625,12,尖峰
12/2/2020 19:00,,1.307721,0.027,0.05,0.1104,0.04625,12,尖峰
12/2/2020 20:00,,1.307721,0.027,0.05,0.1104,0.04625,12,尖峰
12/2/2020 21:00,,1.307721,0.027,0.05,0.1104,0.04625,12,尖峰
12/2/2020 22:00,,1.106986,0.027,0.05,0.1104,0.04625,12,高峰
12/2/2020 23:00,,1.106986,0.027,0.05,0.1104,0.04625,12,高峰
12/3/2020 0:00,,0.30893,0.027,0.05,0.1104,0.04625,12,低谷
12/3/2020 1:00,,0.30893,0.027,0.05,0.1104,0.04625,12,低谷
12/3/2020 2:00,,0.30893,0.027,0.05,0.1104,0.04625,12,低谷
12/3/2020 3:00,,0.30893,0.027,0.05,0.1104,0.04625,12,低谷
12/3/2020 4:00,,0.30893,0.027,0.05,0.1104,0.04625,12,低谷
12/3/2020 5:00,,0.30893,0.027,0.05,0.1104,0.04625,12,低谷
12/3/2020 6:00,,0.705383,0.027,0.05,0.1104,0.04625,12,平时
12/3/2020 7:00,,0.705383,0.027,0.05,0.1104,0.04625,12,平时
12/3/2020 8:00,,0.705383,0.027,0.05,0.1104,0.04625,12,平时
12/3/2020 9:00,,0.705383,0.027,0.05,0.1104,0.04625,12,平时
12/3/2020 10:00,,0.705383,0.027,0.05,0.1104,0.04625,12,平时
12/3/2020 11:00,,0.705383,0.027,0.05,0.1104,0.04625,12,平时
12/3/2020 12:00,,0.30893,0.027,0.05,0.1104,0.04625,12,低谷
12/3/2020 13:00,,0.30893,0.027,0.05,0.1104,0.04625,12,低谷
12/3/2020 14:00,,0.705383,0.027,0.05,0.1104,0.04625,12,平时
12/3/2020 15:00,,0.705383,0.027,0.05,0.1104,0.04625,12,平时
12/3/2020 16:00,,1.106986,0.027,0.05,0.1104,0.04625,12,高峰
12/3/2020 17:00,,1.106986,0.027,0.05,0.1104,0.04625,12,高峰
12/3/2020 18:00,,1.307721,0.027,0.05,0.1104,0.04625,12,尖峰
12/3/2020 19:00,,1.307721,0.027,0.05,0.1104,0.04625,12,尖峰
12/3/2020 20:00,,1.307721,0.027,0.05,0.1104,0.04625,12,尖峰
12/3/2020 21:00,,1.307721,0.027,0.05,0.1104,0.04625,12,尖峰
12/3/2020 22:00,,1.106986,0.027,0.05,0.1104,0.04625,12,高峰
12/3/2020 23:00,,1.106986,0.027,0.05,0.1104,0.04625,12,高峰
12/4/2020 0:00,,0.30893,0.027,0.05,0.1104,0.04625,12,低谷
12/4/2020 1:00,,0.30893,0.027,0.05,0.1104,0.04625,12,低谷
12/4/2020 2:00,,0.30893,0.027,0.05,0.1104,0.04625,12,低谷
12/4/2020 3:00,,0.30893,0.027,0.05,0.1104,0.04625,12,低谷
12/4/2020 4:00,,0.30893,0.027,0.05,0.1104,0.04625,12,低谷
12/4/2020 5:00,,0.30893,0.027,0.05,0.1104,0.04625,12,低谷
12/4/2020 6:00,,0.705383,0.027,0.05,0.1104,0.04625,12,平时
12/4/2020 7:00,,0.705383,0.027,0.05,0.1104,0.04625,12,平时
12/4/2020 8:00,,0.705383,0.027,0.05,0.1104,0.04625,12,平时
12/4/2020 9:00,,0.705383,0.027,0.05,0.1104,0.04625,12,平时
12/4/2020 10:00,,0.705383,0.027,0.05,0.1104,0.04625,12,平时
12/4/2020 11:00,,0.705383,0.027,0.05,0.1104,0.04625,12,平时
12/4/2020 12:00,,0.30893,0.027,0.05,0.1104,0.04625,12,低谷
12/4/2020 13:00,,0.30893,0.027,0.05,0.1104,0.04625,12,低谷
12/4/2020 14:00,,0.705383,0.027,0.05,0.1104,0.04625,12,平时
12/4/2020 15:00,,0.705383,0.027,0.05,0.1104,0.04625,12,平时
12/4/2020 16:00,,1.106986,0.027,0.05,0.1104,0.04625,12,高峰
12/4/2020 17:00,,1.106986,0.027,0.05,0.1104,0.04625,12,高峰
12/4/2020 18:00,,1.307721,0.027,0.05,0.1104,0.04625,12,尖峰
12/4/2020 19:00,,1.307721,0.027,0.05,0.1104,0.04625,12,尖峰
12/4/2020 20:00,,1.307721,0.027,0.05,0.1104,0.04625,12,尖峰
12/4/2020 21:00,,1.307721,0.027,0.05,0.1104,0.04625,12,尖峰
12/4/2020 22:00,,1.106986,0.027,0.05,0.1104,0.04625,12,高峰
12/4/2020 23:00,,1.106986,0.027,0.05,0.1104,0.04625,12,高峰
12/5/2020 0:00,,0.30893,0.027,0.05,0.1104,0.04625,12,低谷
12/5/2020 1:00,,0.30893,0.027,0.05,0.1104,0.04625,12,低谷
12/5/2020 2:00,,0.30893,0.027,0.05,0.1104,0.04625,12,低谷
12/5/2020 3:00,,0.30893,0.027,0.05,0.1104,0.04625,12,低谷
12/5/2020 4:00,,0.30893,0.027,0.05,0.1104,0.04625,12,低谷
12/5/2020 5:00,,0.30893,0.027,0.05,0.1104,0.04625,12,低谷
12/5/2020 6:00,,0.705383,0.027,0.05,0.1104,0.04625,12,平时
12/5/2020 7:00,,0.705383,0.027,0.05,0.1104,0.04625,12,平时
12/5/2020 8:00,,0.705383,0.027,0.05,0.1104,0.04625,12,平时
12/5/2020 9:00,,0.705383,0.027,0.05,0.1104,0.04625,12,平时
12/5/2020 10:00,,0.705383,0.027,0.05,0.1104,0.04625,12,平时
12/5/2020 11:00,,0.705383,0.027,0.05,0.1104,0.04625,12,平时
12/5/2020 12:00,,0.30893,0.027,0.05,0.1104,0.04625,12,低谷
12/5/2020 13:00,,0.30893,0.027,0.05,0.1104,0.04625,12,低谷
12/5/2020 14:00,,0.705383,0.027,0.05,0.1104,0.04625,12,平时
12/5/2020 15:00,,0.705383,0.027,0.05,0.1104,0.04625,12,平时
12/5/2020 16:00,,1.106986,0.027,0.05,0.1104,0.04625,12,高峰
12/5/2020 17:00,,1.106986,0.027,0.05,0.1104,0.04625,12,高峰
12/5/2020 18:00,,1.307721,0.027,0.05,0.1104,0.04625,12,尖峰
12/5/2020 19:00,,1.307721,0.027,0.05,0.1104,0.04625,12,尖峰
12/5/2020 20:00,,1.307721,0.027,0.05,0.1104,0.04625,12,尖峰
12/5/2020 21:00,,1.307721,0.027,0.05,0.1104,0.04625,12,尖峰
12/5/2020 22:00,,1.106986,0.027,0.05,0.1104,0.04625,12,高峰
12/5/2020 23:00,,1.106986,0.027,0.05,0.1104,0.04625,12,高峰
12/6/2020 0:00,,0.30893,0.027,0.05,0.1104,0.04625,12,低谷
12/6/2020 1:00,,0.30893,0.027,0.05,0.1104,0.04625,12,低谷
12/6/2020 2:00,,0.30893,0.027,0.05,0.1104,0.04625,12,低谷
12/6/2020 3:00,,0.30893,0.027,0.05,0.1104,0.04625,12,低谷
12/6/2020 4:00,,0.30893,0.027,0.05,0.1104,0.04625,12,低谷
12/6/2020 5:00,,0.30893,0.027,0.05,0.1104,0.04625,12,低谷
12/6/2020 6:00,,0.705383,0.027,0.05,0.1104,0.04625,12,平时
12/6/2020 7:00,,0.705383,0.027,0.05,0.1104,0.04625,12,平时
12/6/2020 8:00,,0.705383,0.027,0.05,0.1104,0.04625,12,平时
12/6/2020 9:00,,0.705383,0.027,0.05,0.1104,0.04625,12,平时
12/6/2020 10:00,,0.705383,0.027,0.05,0.1104,0.04625,12,平时
12/6/2020 11:00,,0.705383,0.027,0.05,0.1104,0.04625,12,平时
12/6/2020 12:00,,0.30893,0.027,0.05,0.1104,0.04625,12,低谷
12/6/2020 13:00,,0.30893,0.027,0.05,0.1104,0.04625,12,低谷
12/6/2020 14:00,,0.705383,0.027,0.05,0.1104,0.04625,12,平时
12/6/2020 15:00,,0.705383,0.027,0.05,0.1104,0.04625,12,平时
12/6/2020 16:00,,1.106986,0.027,0.05,0.1104,0.04625,12,高峰
12/6/2020 17:00,,1.106986,0.027,0.05,0.1104,0.04625,12,高峰
12/6/2020 18:00,,1.307721,0.027,0.05,0.1104,0.04625,12,尖峰
12/6/2020 19:00,,1.307721,0.027,0.05,0.1104,0.04625,12,尖峰
12/6/2020 20:00,,1.307721,0.027,0.05,0.1104,0.04625,12,尖峰
12/6/2020 21:00,,1.307721,0.027,0.05,0.1104,0.04625,12,尖峰
12/6/2020 22:00,,1.106986,0.027,0.05,0.1104,0.04625,12,高峰
12/6/2020 23:00,,1.106986,0.027,0.05,0.1104,0.04625,12,高峰
12/7/2020 0:00,,0.30893,0.027,0.05,0.1104,0.04625,12,低谷
12/7/2020 1:00,,0.30893,0.027,0.05,0.1104,0.04625,12,低谷
12/7/2020 2:00,,0.30893,0.027,0.05,0.1104,0.04625,12,低谷
12/7/2020 3:00,,0.30893,0.027,0.05,0.1104,0.04625,12,低谷
12/7/2020 4:00,,0.30893,0.027,0.05,0.1104,0.04625,12,低谷
12/7/2020 5:00,,0.30893,0.027,0.05,0.1104,0.04625,12,低谷
12/7/2020 6:00,,0.705383,0.027,0.05,0.1104,0.04625,12,平时
12/7/2020 7:00,,0.705383,0.027,0.05,0.1104,0.04625,12,平时
12/7/2020 8:00,,0.705383,0.027,0.05,0.1104,0.04625,12,平时
12/7/2020 9:00,,0.705383,0.027,0.05,0.1104,0.04625,12,平时
12/7/2020 10:00,,0.705383,0.027,0.05,0.1104,0.04625,12,平时
12/7/2020 11:00,,0.705383,0.027,0.05,0.1104,0.04625,12,平时
12/7/2020 12:00,,0.30893,0.027,0.05,0.1104,0.04625,12,低谷
12/7/2020 13:00,,0.30893,0.027,0.05,0.1104,0.04625,12,低谷
12/7/2020 14:00,,0.705383,0.027,0.05,0.1104,0.04625,12,平时
12/7/2020 15:00,,0.705383,0.027,0.05,0.1104,0.04625,12,平时
12/7/2020 16:00,,1.106986,0.027,0.05,0.1104,0.04625,12,高峰
12/7/2020 17:00,,1.106986,0.027,0.05,0.1104,0.04625,12,高峰
12/7/2020 18:00,,1.307721,0.027,0.05,0.1104,0.04625,12,尖峰
12/7/2020 19:00,,1.307721,0.027,0.05,0.1104,0.04625,12,尖峰
12/7/2020 20:00,,1.307721,0.027,0.05,0.1104,0.04625,12,尖峰
12/7/2020 21:00,,1.307721,0.027,0.05,0.1104,0.04625,12,尖峰
12/7/2020 22:00,,1.106986,0.027,0.05,0.1104,0.04625,12,高峰
12/7/2020 23:00,,1.106986,0.027,0.05,0.1104,0.04625,12,高峰
12/8/2020 0:00,,0.30893,0.027,0.05,0.1104,0.04625,12,低谷
12/8/2020 1:00,,0.30893,0.027,0.05,0.1104,0.04625,12,低谷
12/8/2020 2:00,,0.30893,0.027,0.05,0.1104,0.04625,12,低谷
12/8/2020 3:00,,0.30893,0.027,0.05,0.1104,0.04625,12,低谷
12/8/2020 4:00,,0.30893,0.027,0.05,0.1104,0.04625,12,低谷
12/8/2020 5:00,,0.30893,0.027,0.05,0.1104,0.04625,12,低谷
12/8/2020 6:00,,0.705383,0.027,0.05,0.1104,0.04625,12,平时
12/8/2020 7:00,,0.705383,0.027,0.05,0.1104,0.04625,12,平时
12/8/2020 8:00,,0.705383,0.027,0.05,0.1104,0.04625,12,平时
12/8/2020 9:00,,0.705383,0.027,0.05,0.1104,0.04625,12,平时
12/8/2020 10:00,,0.705383,0.027,0.05,0.1104,0.04625,12,平时
12/8/2020 11:00,,0.705383,0.027,0.05,0.1104,0.04625,12,平时
12/8/2020 12:00,,0.30893,0.027,0.05,0.1104,0.04625,12,低谷
12/8/2020 13:00,,0.30893,0.027,0.05,0.1104,0.04625,12,低谷
12/8/2020 14:00,,0.705383,0.027,0.05,0.1104,0.04625,12,平时
12/8/2020 15:00,,0.705383,0.027,0.05,0.1104,0.04625,12,平时
12/8/2020 16:00,,1.106986,0.027,0.05,0.1104,0.04625,12,高峰
12/8/2020 17:00,,1.106986,0.027,0.05,0.1104,0.04625,12,高峰
12/8/2020 18:00,,1.307721,0.027,0.05,0.1104,0.04625,12,尖峰
12/8/2020 19:00,,1.307721,0.027,0.05,0.1104,0.04625,12,尖峰
12/8/2020 20:00,,1.307721,0.027,0.05,0.1104,0.04625,12,尖峰
12/8/2020 21:00,,1.307721,0.027,0.05,0.1104,0.04625,12,尖峰
12/8/2020 22:00,,1.106986,0.027,0.05,0.1104,0.04625,12,高峰
12/8/2020 23:00,,1.106986,0.027,0.05,0.1104,0.04625,12,高峰
12/9/2020 0:00,,0.30893,0.027,0.05,0.1104,0.04625,12,低谷
12/9/2020 1:00,,0.30893,0.027,0.05,0.1104,0.04625,12,低谷
12/9/2020 2:00,,0.30893,0.027,0.05,0.1104,0.04625,12,低谷
12/9/2020 3:00,,0.30893,0.027,0.05,0.1104,0.04625,12,低谷
12/9/2020 4:00,,0.30893,0.027,0.05,0.1104,0.04625,12,低谷
12/9/2020 5:00,,0.30893,0.027,0.05,0.1104,0.04625,12,低谷
12/9/2020 6:00,,0.705383,0.027,0.05,0.1104,0.04625,12,平时
12/9/2020 7:00,,0.705383,0.027,0.05,0.1104,0.04625,12,平时
12/9/2020 8:00,,0.705383,0.027,0.05,0.1104,0.04625,12,平时
12/9/2020 9:00,,0.705383,0.027,0.05,0.1104,0.04625,12,平时
12/9/2020 10:00,,0.705383,0.027,0.05,0.1104,0.04625,12,平时
12/9/2020 11:00,,0.705383,0.027,0.05,0.1104,0.04625,12,平时
12/9/2020 12:00,,0.30893,0.027,0.05,0.1104,0.04625,12,低谷
12/9/2020 13:00,,0.30893,0.027,0.05,0.1104,0.04625,12,低谷
12/9/2020 14:00,,0.705383,0.027,0.05,0.1104,0.04625,12,平时
12/9/2020 15:00,,0.705383,0.027,0.05,0.1104,0.04625,12,平时
12/9/2020 16:00,,1.106986,0.027,0.05,0.1104,0.04625,12,高峰
12/9/2020 17:00,,1.106986,0.027,0.05,0.1104,0.04625,12,高峰
12/9/2020 18:00,,1.307721,0.027,0.05,0.1104,0.04625,12,尖峰
12/9/2020 19:00,,1.307721,0.027,0.05,0.1104,0.04625,12,尖峰
12/9/2020 20:00,,1.307721,0.027,0.05,0.1104,0.04625,12,尖峰
12/9/2020 21:00,,1.307721,0.027,0.05,0.1104,0.04625,12,尖峰
12/9/2020 22:00,,1.106986,0.027,0.05,0.1104,0.04625,12,高峰
12/9/2020 23:00,,1.106986,0.027,0.05,0.1104,0.04625,12,高峰
12/10/2020 0:00,,0.30893,0.027,0.05,0.1104,0.04625,12,低谷
12/10/2020 1:00,,0.30893,0.027,0.05,0.1104,0.04625,12,低谷
12/10/2020 2:00,,0.30893,0.027,0.05,0.1104,0.04625,12,低谷
12/10/2020 3:00,,0.30893,0.027,0.05,0.1104,0.04625,12,低谷
12/10/2020 4:00,,0.30893,0.027,0.05,0.1104,0.04625,12,低谷
12/10/2020 5:00,,0.30893,0.027,0.05,0.1104,0.04625,12,低谷
12/10/2020 6:00,,0.705383,0.027,0.05,0.1104,0.04625,12,平时
12/10/2020 7:00,,0.705383,0.027,0.05,0.1104,0.04625,12,平时
12/10/2020 8:00,,0.705383,0.027,0.05,0.1104,0.04625,12,平时
12/10/2020 9:00,,0.705383,0.027,0.05,0.1104,0.04625,12,平时
12/10/2020 10:00,,0.705383,0.027,0.05,0.1104,0.04625,12,平时
12/10/2020 11:00,,0.705383,0.027,0.05,0.1104,0.04625,12,平时
12/10/2020 12:00,,0.30893,0.027,0.05,0.1104,0.04625,12,低谷
12/10/2020 13:00,,0.30893,0.027,0.05,0.1104,0.04625,12,低谷
12/10/2020 14:00,,0.705383,0.027,0.05,0.1104,0.04625,12,平时
12/10/2020 15:00,,0.705383,0.027,0.05,0.1104,0.04625,12,平时
12/10/2020 16:00,,1.106986,0.027,0.05,0.1104,0.04625,12,高峰
12/10/2020 17:00,,1.106986,0.027,0.05,0.1104,0.04625,12,高峰
12/10/2020 18:00,,1.307721,0.027,0.05,0.1104,0.04625,12,尖峰
12/10/2020 19:00,,1.307721,0.027,0.05,0.1104,0.04625,12,尖峰
12/10/2020 20:00,,1.307721,0.027,0.05,0.1104,0.04625,12,尖峰
12/10/2020 21:00,,1.307721,0.027,0.05,0.1104,0.04625,12,尖峰
12/10/2020 22:00,,1.106986,0.027,0.05,0.1104,0.04625,12,高峰
12/10/2020 23:00,,1.106986,0.027,0.05,0.1104,0.04625,12,高峰
12/11/2020 0:00,,0.30893,0.027,0.05,0.1104,0.04625,12,低谷
12/11/2020 1:00,,0.30893,0.027,0.05,0.1104,0.04625,12,低谷
12/11/2020 2:00,,0.30893,0.027,0.05,0.1104,0.04625,12,低谷
12/11/2020 3:00,,0.30893,0.027,0.05,0.1104,0.04625,12,低谷
12/11/2020 4:00,,0.30893,0.027,0.05,0.1104,0.04625,12,低谷
12/11/2020 5:00,,0.30893,0.027,0.05,0.1104,0.04625,12,低谷
12/11/2020 6:00,,0.705383,0.027,0.05,0.1104,0.04625,12,平时
12/11/2020 7:00,,0.705383,0.027,0.05,0.1104,0.04625,12,平时
12/11/2020 8:00,,0.705383,0.027,0.05,0.1104,0.04625,12,平时
12/11/2020 9:00,,0.705383,0.027,0.05,0.1104,0.04625,12,平时
12/11/2020 10:00,,0.705383,0.027,0.05,0.1104,0.04625,12,平时
12/11/2020 11:00,,0.705383,0.027,0.05,0.1104,0.04625,12,平时
12/11/2020 12:00,,0.30893,0.027,0.05,0.1104,0.04625,12,低谷
12/11/2020 13:00,,0.30893,0.027,0.05,0.1104,0.04625,12,低谷
12/11/2020 14:00,,0.705383,0.027,0.05,0.1104,0.04625,12,平时
12/11/2020 15:00,,0.705383,0.027,0.05,0.1104,0.04625,12,平时
12/11/2020 16:00,,1.106986,0.027,0.05,0.1104,0.04625,12,高峰
12/11/2020 17:00,,1.106986,0.027,0.05,0.1104,0.04625,12,高峰
12/11/2020 18:00,,1.307721,0.027,0.05,0.1104,0.04625,12,尖峰
12/11/2020 19:00,,1.307721,0.027,0.05,0.1104,0.04625,12,尖峰
12/11/2020 20:00,,1.307721,0.027,0.05,0.1104,0.04625,12,尖峰
12/11/2020 21:00,,1.307721,0.027,0.05,0.1104,0.04625,12,尖峰
12/11/2020 22:00,,1.106986,0.027,0.05,0.1104,0.04625,12,高峰
12/11/2020 23:00,,1.106986,0.027,0.05,0.1104,0.04625,12,高峰
12/12/2020 0:00,,0.30893,0.027,0.05,0.1104,0.04625,12,低谷
12/12/2020 1:00,,0.30893,0.027,0.05,0.1104,0.04625,12,低谷
12/12/2020 2:00,,0.30893,0.027,0.05,0.1104,0.04625,12,低谷
12/12/2020 3:00,,0.30893,0.027,0.05,0.1104,0.04625,12,低谷
12/12/2020 4:00,,0.30893,0.027,0.05,0.1104,0.04625,12,低谷
12/12/2020 5:00,,0.30893,0.027,0.05,0.1104,0.04625,12,低谷
12/12/2020 6:00,,0.705383,0.027,0.05,0.1104,0.04625,12,平时
12/12/2020 7:00,,0.705383,0.027,0.05,0.1104,0.04625,12,平时
12/12/2020 8:00,,0.705383,0.027,0.05,0.1104,0.04625,12,平时
12/12/2020 9:00,,0.705383,0.027,0.05,0.1104,0.04625,12,平时
12/12/2020 10:00,,0.705383,0.027,0.05,0.1104,0.04625,12,平时
12/12/2020 11:00,,0.705383,0.027,0.05,0.1104,0.04625,12,平时
12/12/2020 12:00,,0.30893,0.027,0.05,0.1104,0.04625,12,低谷
12/12/2020 13:00,,0.30893,0.027,0.05,0.1104,0.04625,12,低谷
12/12/2020 14:00,,0.705383,0.027,0.05,0.1104,0.04625,12,平时
12/12/2020 15:00,,0.705383,0.027,0.05,0.1104,0.04625,12,平时
12/12/2020 16:00,,1.106986,0.027,0.05,0.1104,0.04625,12,高峰
12/12/2020 17:00,,1.106986,0.027,0.05,0.1104,0.04625,12,高峰
12/12/2020 18:00,,1.307721,0.027,0.05,0.1104,0.04625,12,尖峰
12/12/2020 19:00,,1.307721,0.027,0.05,0.1104,0.04625,12,尖峰
12/12/2020 20:00,,1.307721,0.027,0.05,0.1104,0.04625,12,尖峰
12/12/2020 21:00,,1.307721,0.027,0.05,0.1104,0.04625,12,尖峰
12/12/2020 22:00,,1.106986,0.027,0.05,0.1104,0.04625,12,高峰
12/12/2020 23:00,,1.106986,0.027,0.05,0.1104,0.04625,12,高峰
12/13/2020 0:00,,0.30893,0.027,0.05,0.1104,0.04625,12,低谷
12/13/2020 1:00,,0.30893,0.027,0.05,0.1104,0.04625,12,低谷
12/13/2020 2:00,,0.30893,0.027,0.05,0.1104,0.04625,12,低谷
12/13/2020 3:00,,0.30893,0.027,0.05,0.1104,0.04625,12,低谷
12/13/2020 4:00,,0.30893,0.027,0.05,0.1104,0.04625,12,低谷
12/13/2020 5:00,,0.30893,0.027,0.05,0.1104,0.04625,12,低谷
12/13/2020 6:00,,0.705383,0.027,0.05,0.1104,0.04625,12,平时
12/13/2020 7:00,,0.705383,0.027,0.05,0.1104,0.04625,12,平时
12/13/2020 8:00,,0.705383,0.027,0.05,0.1104,0.04625,12,平时
12/13/2020 9:00,,0.705383,0.027,0.05,0.1104,0.04625,12,平时
12/13/2020 10:00,,0.705383,0.027,0.05,0.1104,0.04625,12,平时
12/13/2020 11:00,,0.705383,0.027,0.05,0.1104,0.04625,12,平时
12/13/2020 12:00,,0.30893,0.027,0.05,0.1104,0.04625,12,低谷
12/13/2020 13:00,,0.30893,0.027,0.05,0.1104,0.04625,12,低谷
12/13/2020 14:00,,0.705383,0.027,0.05,0.1104,0.04625,12,平时
12/13/2020 15:00,,0.705383,0.027,0.05,0.1104,0.04625,12,平时
12/13/2020 16:00,,1.106986,0.027,0.05,0.1104,0.04625,12,高峰
12/13/2020 17:00,,1.106986,0.027,0.05,0.1104,0.04625,12,高峰
12/13/2020 18:00,,1.307721,0.027,0.05,0.1104,0.04625,12,尖峰
12/13/2020 19:00,,1.307721,0.027,0.05,0.1104,0.04625,12,尖峰
12/13/2020 20:00,,1.307721,0.027,0.05,0.1104,0.04625,12,尖峰
12/13/2020 21:00,,1.307721,0.027,0.05,0.1104,0.04625,12,尖峰
12/13/2020 22:00,,1.106986,0.027,0.05,0.1104,0.04625,12,高峰
12/13/2020 23:00,,1.106986,0.027,0.05,0.1104,0.04625,12,高峰
12/14/2020 0:00,,0.30893,0.027,0.05,0.1104,0.04625,12,低谷
12/14/2020 1:00,,0.30893,0.027,0.05,0.1104,0.04625,12,低谷
12/14/2020 2:00,,0.30893,0.027,0.05,0.1104,0.04625,12,低谷
12/14/2020 3:00,,0.30893,0.027,0.05,0.1104,0.04625,12,低谷
12/14/2020 4:00,,0.30893,0.027,0.05,0.1104,0.04625,12,低谷
12/14/2020 5:00,,0.30893,0.027,0.05,0.1104,0.04625,12,低谷
12/14/2020 6:00,,0.705383,0.027,0.05,0.1104,0.04625,12,平时
12/14/2020 7:00,,0.705383,0.027,0.05,0.1104,0.04625,12,平时
12/14/2020 8:00,,0.705383,0.027,0.05,0.1104,0.04625,12,平时
12/14/2020 9:00,,0.705383,0.027,0.05,0.1104,0.04625,12,平时
12/14/2020 10:00,,0.705383,0.027,0.05,0.1104,0.04625,12,平时
12/14/2020 11:00,,0.705383,0.027,0.05,0.1104,0.04625,12,平时
12/14/2020 12:00,,0.30893,0.027,0.05,0.1104,0.04625,12,低谷
12/14/2020 13:00,,0.30893,0.027,0.05,0.1104,0.04625,12,低谷
12/14/2020 14:00,,0.705383,0.027,0.05,0.1104,0.04625,12,平时
12/14/2020 15:00,,0.705383,0.027,0.05,0.1104,0.04625,12,平时
12/14/2020 16:00,,1.106986,0.027,0.05,0.1104,0.04625,12,高峰
12/14/2020 17:00,,1.106986,0.027,0.05,0.1104,0.04625,12,高峰
12/14/2020 18:00,,1.307721,0.027,0.05,0.1104,0.04625,12,尖峰
12/14/2020 19:00,,1.307721,0.027,0.05,0.1104,0.04625,12,尖峰
12/14/2020 20:00,,1.307721,0.027,0.05,0.1104,0.04625,12,尖峰
12/14/2020 21:00,,1.307721,0.027,0.05,0.1104,0.04625,12,尖峰
12/14/2020 22:00,,1.106986,0.027,0.05,0.1104,0.04625,12,高峰
12/14/2020 23:00,,1.106986,0.027,0.05,0.1104,0.04625,12,高峰
12/15/2020 0:00,,0.30893,0.027,0.05,0.1104,0.04625,12,低谷
12/15/2020 1:00,,0.30893,0.027,0.05,0.1104,0.04625,12,低谷
12/15/2020 2:00,,0.30893,0.027,0.05,0.1104,0.04625,12,低谷
12/15/2020 3:00,,0.30893,0.027,0.05,0.1104,0.04625,12,低谷
12/15/2020 4:00,,0.30893,0.027,0.05,0.1104,0.04625,12,低谷
12/15/2020 5:00,,0.30893,0.027,0.05,0.1104,0.04625,12,低谷
12/15/2020 6:00,,0.705383,0.027,0.05,0.1104,0.04625,12,平时
12/15/2020 7:00,,0.705383,0.027,0.05,0.1104,0.04625,12,平时
12/15/2020 8:00,,0.705383,0.027,0.05,0.1104,0.04625,12,平时
12/15/2020 9:00,,0.705383,0.027,0.05,0.1104,0.04625,12,平时
12/15/2020 10:00,,0.705383,0.027,0.05,0.1104,0.04625,12,平时
12/15/2020 11:00,,0.705383,0.027,0.05,0.1104,0.04625,12,平时
12/15/2020 12:00,,0.30893,0.027,0.05,0.1104,0.04625,12,低谷
12/15/2020 13:00,,0.30893,0.027,0.05,0.1104,0.04625,12,低谷
12/15/2020 14:00,,0.705383,0.027,0.05,0.1104,0.04625,12,平时
12/15/2020 15:00,,0.705383,0.027,0.05,0.1104,0.04625,12,平时
12/15/2020 16:00,,1.106986,0.027,0.05,0.1104,0.04625,12,高峰
12/15/2020 17:00,,1.106986,0.027,0.05,0.1104,0.04625,12,高峰
12/15/2020 18:00,,1.307721,0.027,0.05,0.1104,0.04625,12,尖峰
12/15/2020 19:00,,1.307721,0.027,0.05,0.1104,0.04625,12,尖峰
12/15/2020 20:00,,1.307721,0.027,0.05,0.1104,0.04625,12,尖峰
12/15/2020 21:00,,1.307721,0.027,0.05,0.1104,0.04625,12,尖峰
12/15/2020 22:00,,1.106986,0.027,0.05,0.1104,0.04625,12,高峰
12/15/2020 23:00,,1.106986,0.027,0.05,0.1104,0.04625,12,高峰
12/16/2020 0:00,,0.30893,0.027,0.05,0.1104,0.04625,12,低谷
12/16/2020 1:00,,0.30893,0.027,0.05,0.1104,0.04625,12,低谷
12/16/2020 2:00,,0.30893,0.027,0.05,0.1104,0.04625,12,低谷
12/16/2020 3:00,,0.30893,0.027,0.05,0.1104,0.04625,12,低谷
12/16/2020 4:00,,0.30893,0.027,0.05,0.1104,0.04625,12,低谷
12/16/2020 5:00,,0.30893,0.027,0.05,0.1104,0.04625,12,低谷
12/16/2020 6:00,,0.705383,0.027,0.05,0.1104,0.04625,12,平时
12/16/2020 7:00,,0.705383,0.027,0.05,0.1104,0.04625,12,平时
12/16/2020 8:00,,0.705383,0.027,0.05,0.1104,0.04625,12,平时
12/16/2020 9:00,,0.705383,0.027,0.05,0.1104,0.04625,12,平时
12/16/2020 10:00,,0.705383,0.027,0.05,0.1104,0.04625,12,平时
12/16/2020 11:00,,0.705383,0.027,0.05,0.1104,0.04625,12,平时
12/16/2020 12:00,,0.30893,0.027,0.05,0.1104,0.04625,12,低谷
12/16/2020 13:00,,0.30893,0.027,0.05,0.1104,0.04625,12,低谷
12/16/2020 14:00,,0.705383,0.027,0.05,0.1104,0.04625,12,平时
12/16/2020 15:00,,0.705383,0.027,0.05,0.1104,0.04625,12,平时
12/16/2020 16:00,,1.106986,0.027,0.05,0.1104,0.04625,12,高峰
12/16/2020 17:00,,1.106986,0.027,0.05,0.1104,0.04625,12,高峰
12/16/2020 18:00,,1.307721,0.027,0.05,0.1104,0.04625,12,尖峰
12/16/2020 19:00,,1.307721,0.027,0.05,0.1104,0.04625,12,尖峰
12/16/2020 20:00,,1.307721,0.027,0.05,0.1104,0.04625,12,尖峰
12/16/2020 21:00,,1.307721,0.027,0.05,0.1104,0.04625,12,尖峰
12/16/2020 22:00,,1.106986,0.027,0.05,0.1104,0.04625,12,高峰
12/16/2020 23:00,,1.106986,0.027,0.05,0.1104,0.04625,12,高峰
12/17/2020 0:00,,0.30893,0.027,0.05,0.1104,0.04625,12,低谷
12/17/2020 1:00,,0.30893,0.027,0.05,0.1104,0.04625,12,低谷
12/17/2020 2:00,,0.30893,0.027,0.05,0.1104,0.04625,12,低谷
12/17/2020 3:00,,0.30893,0.027,0.05,0.1104,0.04625,12,低谷
12/17/2020 4:00,,0.30893,0.027,0.05,0.1104,0.04625,12,低谷
12/17/2020 5:00,,0.30893,0.027,0.05,0.1104,0.04625,12,低谷
12/17/2020 6:00,,0.705383,0.027,0.05,0.1104,0.04625,12,平时
12/17/2020 7:00,,0.705383,0.027,0.05,0.1104,0.04625,12,平时
12/17/2020 8:00,,0.705383,0.027,0.05,0.1104,0.04625,12,平时
12/17/2020 9:00,,0.705383,0.027,0.05,0.1104,0.04625,12,平时
12/17/2020 10:00,,0.705383,0.027,0.05,0.1104,0.04625,12,平时
12/17/2020 11:00,,0.705383,0.027,0.05,0.1104,0.04625,12,平时
12/17/2020 12:00,,0.30893,0.027,0.05,0.1104,0.04625,12,低谷
12/17/2020 13:00,,0.30893,0.027,0.05,0.1104,0.04625,12,低谷
12/17/2020 14:00,,0.705383,0.027,0.05,0.1104,0.04625,12,平时
12/17/2020 15:00,,0.705383,0.027,0.05,0.1104,0.04625,12,平时
12/17/2020 16:00,,1.106986,0.027,0.05,0.1104,0.04625,12,高峰
12/17/2020 17:00,,1.106986,0.027,0.05,0.1104,0.04625,12,高峰
12/17/2020 18:00,,1.307721,0.027,0.05,0.1104,0.04625,12,尖峰
12/17/2020 19:00,,1.307721,0.027,0.05,0.1104,0.04625,12,尖峰
12/17/2020 20:00,,1.307721,0.027,0.05,0.1104,0.04625,12,尖峰
12/17/2020 21:00,,1.307721,0.027,0.05,0.1104,0.04625,12,尖峰
12/17/2020 22:00,,1.106986,0.027,0.05,0.1104,0.04625,12,高峰
12/17/2020 23:00,,1.106986,0.027,0.05,0.1104,0.04625,12,高峰
12/18/2020 0:00,,0.30893,0.027,0.05,0.1104,0.04625,12,低谷
12/18/2020 1:00,,0.30893,0.027,0.05,0.1104,0.04625,12,低谷
12/18/2020 2:00,,0.30893,0.027,0.05,0.1104,0.04625,12,低谷
12/18/2020 3:00,,0.30893,0.027,0.05,0.1104,0.04625,12,低谷
12/18/2020 4:00,,0.30893,0.027,0.05,0.1104,0.04625,12,低谷
12/18/2020 5:00,,0.30893,0.027,0.05,0.1104,0.04625,12,低谷
12/18/2020 6:00,,0.705383,0.027,0.05,0.1104,0.04625,12,平时
12/18/2020 7:00,,0.705383,0.027,0.05,0.1104,0.04625,12,平时
12/18/2020 8:00,,0.705383,0.027,0.05,0.1104,0.04625,12,平时
12/18/2020 9:00,,0.705383,0.027,0.05,0.1104,0.04625,12,平时
12/18/2020 10:00,,0.705383,0.027,0.05,0.1104,0.04625,12,平时
12/18/2020 11:00,,0.705383,0.027,0.05,0.1104,0.04625,12,平时
12/18/2020 12:00,,0.30893,0.027,0.05,0.1104,0.04625,12,低谷
12/18/2020 13:00,,0.30893,0.027,0.05,0.1104,0.04625,12,低谷
12/18/2020 14:00,,0.705383,0.027,0.05,0.1104,0.04625,12,平时
12/18/2020 15:00,,0.705383,0.027,0.05,0.1104,0.04625,12,平时
12/18/2020 16:00,,1.106986,0.027,0.05,0.1104,0.04625,12,高峰
12/18/2020 17:00,,1.106986,0.027,0.05,0.1104,0.04625,12,高峰
12/18/2020 18:00,,1.307721,0.027,0.05,0.1104,0.04625,12,尖峰
12/18/2020 19:00,,1.307721,0.027,0.05,0.1104,0.04625,12,尖峰
12/18/2020 20:00,,1.307721,0.027,0.05,0.1104,0.04625,12,尖峰
12/18/2020 21:00,,1.307721,0.027,0.05,0.1104,0.04625,12,尖峰
12/18/2020 22:00,,1.106986,0.027,0.05,0.1104,0.04625,12,高峰
12/18/2020 23:00,,1.106986,0.027,0.05,0.1104,0.04625,12,高峰
12/19/2020 0:00,,0.30893,0.027,0.05,0.1104,0.04625,12,低谷
12/19/2020 1:00,,0.30893,0.027,0.05,0.1104,0.04625,12,低谷
12/19/2020 2:00,,0.30893,0.027,0.05,0.1104,0.04625,12,低谷
12/19/2020 3:00,,0.30893,0.027,0.05,0.1104,0.04625,12,低谷
12/19/2020 4:00,,0.30893,0.027,0.05,0.1104,0.04625,12,低谷
12/19/2020 5:00,,0.30893,0.027,0.05,0.1104,0.04625,12,低谷
12/19/2020 6:00,,0.705383,0.027,0.05,0.1104,0.04625,12,平时
12/19/2020 7:00,,0.705383,0.027,0.05,0.1104,0.04625,12,平时
12/19/2020 8:00,,0.705383,0.027,0.05,0.1104,0.04625,12,平时
12/19/2020 9:00,,0.705383,0.027,0.05,0.1104,0.04625,12,平时
12/19/2020 10:00,,0.705383,0.027,0.05,0.1104,0.04625,12,平时
12/19/2020 11:00,,0.705383,0.027,0.05,0.1104,0.04625,12,平时
12/19/2020 12:00,,0.30893,0.027,0.05,0.1104,0.04625,12,低谷
12/19/2020 13:00,,0.30893,0.027,0.05,0.1104,0.04625,12,低谷
12/19/2020 14:00,,0.705383,0.027,0.05,0.1104,0.04625,12,平时
12/19/2020 15:00,,0.705383,0.027,0.05,0.1104,0.04625,12,平时
12/19/2020 16:00,,1.106986,0.027,0.05,0.1104,0.04625,12,高峰
12/19/2020 17:00,,1.106986,0.027,0.05,0.1104,0.04625,12,高峰
12/19/2020 18:00,,1.307721,0.027,0.05,0.1104,0.04625,12,尖峰
12/19/2020 19:00,,1.307721,0.027,0.05,0.1104,0.04625,12,尖峰
12/19/2020 20:00,,1.307721,0.027,0.05,0.1104,0.04625,12,尖峰
12/19/2020 21:00,,1.307721,0.027,0.05,0.1104,0.04625,12,尖峰
12/19/2020 22:00,,1.106986,0.027,0.05,0.1104,0.04625,12,高峰
12/19/2020 23:00,,1.106986,0.027,0.05,0.1104,0.04625,12,高峰
12/20/2020 0:00,,0.30893,0.027,0.05,0.1104,0.04625,12,低谷
12/20/2020 1:00,,0.30893,0.027,0.05,0.1104,0.04625,12,低谷
12/20/2020 2:00,,0.30893,0.027,0.05,0.1104,0.04625,12,低谷
12/20/2020 3:00,,0.30893,0.027,0.05,0.1104,0.04625,12,低谷
12/20/2020 4:00,,0.30893,0.027,0.05,0.1104,0.04625,12,低谷
12/20/2020 5:00,,0.30893,0.027,0.05,0.1104,0.04625,12,低谷
12/20/2020 6:00,,0.705383,0.027,0.05,0.1104,0.04625,12,平时
12/20/2020 7:00,,0.705383,0.027,0.05,0.1104,0.04625,12,平时
12/20/2020 8:00,,0.705383,0.027,0.05,0.1104,0.04625,12,平时
12/20/2020 9:00,,0.705383,0.027,0.05,0.1104,0.04625,12,平时
12/20/2020 10:00,,0.705383,0.027,0.05,0.1104,0.04625,12,平时
12/20/2020 11:00,,0.705383,0.027,0.05,0.1104,0.04625,12,平时
12/20/2020 12:00,,0.30893,0.027,0.05,0.1104,0.04625,12,低谷
12/20/2020 13:00,,0.30893,0.027,0.05,0.1104,0.04625,12,低谷
12/20/2020 14:00,,0.705383,0.027,0.05,0.1104,0.04625,12,平时
12/20/2020 15:00,,0.705383,0.027,0.05,0.1104,0.04625,12,平时
12/20/2020 16:00,,1.106986,0.027,0.05,0.1104,0.04625,12,高峰
12/20/2020 17:00,,1.106986,0.027,0.05,0.1104,0.04625,12,高峰
12/20/2020 18:00,,1.307721,0.027,0.05,0.1104,0.04625,12,尖峰
12/20/2020 19:00,,1.307721,0.027,0.05,0.1104,0.04625,12,尖峰
12/20/2020 20:00,,1.307721,0.027,0.05,0.1104,0.04625,12,尖峰
12/20/2020 21:00,,1.307721,0.027,0.05,0.1104,0.04625,12,尖峰
12/20/2020 22:00,,1.106986,0.027,0.05,0.1104,0.04625,12,高峰
12/20/2020 23:00,,1.106986,0.027,0.05,0.1104,0.04625,12,高峰
12/21/2020 0:00,,0.30893,0.027,0.05,0.1104,0.04625,12,低谷
12/21/2020 1:00,,0.30893,0.027,0.05,0.1104,0.04625,12,低谷
12/21/2020 2:00,,0.30893,0.027,0.05,0.1104,0.04625,12,低谷
12/21/2020 3:00,,0.30893,0.027,0.05,0.1104,0.04625,12,低谷
12/21/2020 4:00,,0.30893,0.027,0.05,0.1104,0.04625,12,低谷
12/21/2020 5:00,,0.30893,0.027,0.05,0.1104,0.04625,12,低谷
12/21/2020 6:00,,0.705383,0.027,0.05,0.1104,0.04625,12,平时
12/21/2020 7:00,,0.705383,0.027,0.05,0.1104,0.04625,12,平时
12/21/2020 8:00,,0.705383,0.027,0.05,0.1104,0.04625,12,平时
12/21/2020 9:00,,0.705383,0.027,0.05,0.1104,0.04625,12,平时
12/21/2020 10:00,,0.705383,0.027,0.05,0.1104,0.04625,12,平时
12/21/2020 11:00,,0.705383,0.027,0.05,0.1104,0.04625,12,平时
12/21/2020 12:00,,0.30893,0.027,0.05,0.1104,0.04625,12,低谷
12/21/2020 13:00,,0.30893,0.027,0.05,0.1104,0.04625,12,低谷
12/21/2020 14:00,,0.705383,0.027,0.05,0.1104,0.04625,12,平时
12/21/2020 15:00,,0.705383,0.027,0.05,0.1104,0.04625,12,平时
12/21/2020 16:00,,1.106986,0.027,0.05,0.1104,0.04625,12,高峰
12/21/2020 17:00,,1.106986,0.027,0.05,0.1104,0.04625,12,高峰
12/21/2020 18:00,,1.307721,0.027,0.05,0.1104,0.04625,12,尖峰
12/21/2020 19:00,,1.307721,0.027,0.05,0.1104,0.04625,12,尖峰
12/21/2020 20:00,,1.307721,0.027,0.05,0.1104,0.04625,12,尖峰
12/21/2020 21:00,,1.307721,0.027,0.05,0.1104,0.04625,12,尖峰
12/21/2020 22:00,,1.106986,0.027,0.05,0.1104,0.04625,12,高峰
12/21/2020 23:00,,1.106986,0.027,0.05,0.1104,0.04625,12,高峰
12/22/2020 0:00,,0.30893,0.027,0.05,0.1104,0.04625,12,低谷
12/22/2020 1:00,,0.30893,0.027,0.05,0.1104,0.04625,12,低谷
12/22/2020 2:00,,0.30893,0.027,0.05,0.1104,0.04625,12,低谷
12/22/2020 3:00,,0.30893,0.027,0.05,0.1104,0.04625,12,低谷
12/22/2020 4:00,,0.30893,0.027,0.05,0.1104,0.04625,12,低谷
12/22/2020 5:00,,0.30893,0.027,0.05,0.1104,0.04625,12,低谷
12/22/2020 6:00,,0.705383,0.027,0.05,0.1104,0.04625,12,平时
12/22/2020 7:00,,0.705383,0.027,0.05,0.1104,0.04625,12,平时
12/22/2020 8:00,,0.705383,0.027,0.05,0.1104,0.04625,12,平时
12/22/2020 9:00,,0.705383,0.027,0.05,0.1104,0.04625,12,平时
12/22/2020 10:00,,0.705383,0.027,0.05,0.1104,0.04625,12,平时
12/22/2020 11:00,,0.705383,0.027,0.05,0.1104,0.04625,12,平时
12/22/2020 12:00,,0.30893,0.027,0.05,0.1104,0.04625,12,低谷
12/22/2020 13:00,,0.30893,0.027,0.05,0.1104,0.04625,12,低谷
12/22/2020 14:00,,0.705383,0.027,0.05,0.1104,0.04625,12,平时
12/22/2020 15:00,,0.705383,0.027,0.05,0.1104,0.04625,12,平时
12/22/2020 16:00,,1.106986,0.027,0.05,0.1104,0.04625,12,高峰
12/22/2020 17:00,,1.106986,0.027,0.05,0.1104,0.04625,12,高峰
12/22/2020 18:00,,1.307721,0.027,0.05,0.1104,0.04625,12,尖峰
12/22/2020 19:00,,1.307721,0.027,0.05,0.1104,0.04625,12,尖峰
12/22/2020 20:00,,1.307721,0.027,0.05,0.1104,0.04625,12,尖峰
12/22/2020 21:00,,1.307721,0.027,0.05,0.1104,0.04625,12,尖峰
12/22/2020 22:00,,1.106986,0.027,0.05,0.1104,0.04625,12,高峰
12/22/2020 23:00,,1.106986,0.027,0.05,0.1104,0.04625,12,高峰
12/23/2020 0:00,,0.30893,0.027,0.05,0.1104,0.04625,12,低谷
12/23/2020 1:00,,0.30893,0.027,0.05,0.1104,0.04625,12,低谷
12/23/2020 2:00,,0.30893,0.027,0.05,0.1104,0.04625,12,低谷
12/23/2020 3:00,,0.30893,0.027,0.05,0.1104,0.04625,12,低谷
12/23/2020 4:00,,0.30893,0.027,0.05,0.1104,0.04625,12,低谷
12/23/2020 5:00,,0.30893,0.027,0.05,0.1104,0.04625,12,低谷
12/23/2020 6:00,,0.705383,0.027,0.05,0.1104,0.04625,12,平时
12/23/2020 7:00,,0.705383,0.027,0.05,0.1104,0.04625,12,平时
12/23/2020 8:00,,0.705383,0.027,0.05,0.1104,0.04625,12,平时
12/23/2020 9:00,,0.705383,0.027,0.05,0.1104,0.04625,12,平时
12/23/2020 10:00,,0.705383,0.027,0.05,0.1104,0.04625,12,平时
12/23/2020 11:00,,0.705383,0.027,0.05,0.1104,0.04625,12,平时
12/23/2020 12:00,,0.30893,0.027,0.05,0.1104,0.04625,12,低谷
12/23/2020 13:00,,0.30893,0.027,0.05,0.1104,0.04625,12,低谷
12/23/2020 14:00,,0.705383,0.027,0.05,0.1104,0.04625,12,平时
12/23/2020 15:00,,0.705383,0.027,0.05,0.1104,0.04625,12,平时
12/23/2020 16:00,,1.106986,0.027,0.05,0.1104,0.04625,12,高峰
12/23/2020 17:00,,1.106986,0.027,0.05,0.1104,0.04625,12,高峰
12/23/2020 18:00,,1.307721,0.027,0.05,0.1104,0.04625,12,尖峰
12/23/2020 19:00,,1.307721,0.027,0.05,0.1104,0.04625,12,尖峰
12/23/2020 20:00,,1.307721,0.027,0.05,0.1104,0.04625,12,尖峰
12/23/2020 21:00,,1.307721,0.027,0.05,0.1104,0.04625,12,尖峰
12/23/2020 22:00,,1.106986,0.027,0.05,0.1104,0.04625,12,高峰
12/23/2020 23:00,,1.106986,0.027,0.05,0.1104,0.04625,12,高峰
12/24/2020 0:00,,0.30893,0.027,0.05,0.1104,0.04625,12,低谷
12/24/2020 1:00,,0.30893,0.027,0.05,0.1104,0.04625,12,低谷
12/24/2020 2:00,,0.30893,0.027,0.05,0.1104,0.04625,12,低谷
12/24/2020 3:00,,0.30893,0.027,0.05,0.1104,0.04625,12,低谷
12/24/2020 4:00,,0.30893,0.027,0.05,0.1104,0.04625,12,低谷
12/24/2020 5:00,,0.30893,0.027,0.05,0.1104,0.04625,12,低谷
12/24/2020 6:00,,0.705383,0.027,0.05,0.1104,0.04625,12,平时
12/24/2020 7:00,,0.705383,0.027,0.05,0.1104,0.04625,12,平时
12/24/2020 8:00,,0.705383,0.027,0.05,0.1104,0.04625,12,平时
12/24/2020 9:00,,0.705383,0.027,0.05,0.1104,0.04625,12,平时
12/24/2020 10:00,,0.705383,0.027,0.05,0.1104,0.04625,12,平时
12/24/2020 11:00,,0.705383,0.027,0.05,0.1104,0.04625,12,平时
12/24/2020 12:00,,0.30893,0.027,0.05,0.1104,0.04625,12,低谷
12/24/2020 13:00,,0.30893,0.027,0.05,0.1104,0.04625,12,低谷
12/24/2020 14:00,,0.705383,0.027,0.05,0.1104,0.04625,12,平时
12/24/2020 15:00,,0.705383,0.027,0.05,0.1104,0.04625,12,平时
12/24/2020 16:00,,1.106986,0.027,0.05,0.1104,0.04625,12,高峰
12/24/2020 17:00,,1.106986,0.027,0.05,0.1104,0.04625,12,高峰
12/24/2020 18:00,,1.307721,0.027,0.05,0.1104,0.04625,12,尖峰
12/24/2020 19:00,,1.307721,0.027,0.05,0.1104,0.04625,12,尖峰
12/24/2020 20:00,,1.307721,0.027,0.05,0.1104,0.04625,12,尖峰
12/24/2020 21:00,,1.307721,0.027,0.05,0.1104,0.04625,12,尖峰
12/24/2020 22:00,,1.106986,0.027,0.05,0.1104,0.04625,12,高峰
12/24/2020 23:00,,1.106986,0.027,0.05,0.1104,0.04625,12,高峰
12/25/2020 0:00,,0.30893,0.027,0.05,0.1104,0.04625,12,低谷
12/25/2020 1:00,,0.30893,0.027,0.05,0.1104,0.04625,12,低谷
12/25/2020 2:00,,0.30893,0.027,0.05,0.1104,0.04625,12,低谷
12/25/2020 3:00,,0.30893,0.027,0.05,0.1104,0.04625,12,低谷
12/25/2020 4:00,,0.30893,0.027,0.05,0.1104,0.04625,12,低谷
12/25/2020 5:00,,0.30893,0.027,0.05,0.1104,0.04625,12,低谷
12/25/2020 6:00,,0.705383,0.027,0.05,0.1104,0.04625,12,平时
12/25/2020 7:00,,0.705383,0.027,0.05,0.1104,0.04625,12,平时
12/25/2020 8:00,,0.705383,0.027,0.05,0.1104,0.04625,12,平时
12/25/2020 9:00,,0.705383,0.027,0.05,0.1104,0.04625,12,平时
12/25/2020 10:00,,0.705383,0.027,0.05,0.1104,0.04625,12,平时
12/25/2020 11:00,,0.705383,0.027,0.05,0.1104,0.04625,12,平时
12/25/2020 12:00,,0.30893,0.027,0.05,0.1104,0.04625,12,低谷
12/25/2020 13:00,,0.30893,0.027,0.05,0.1104,0.04625,12,低谷
12/25/2020 14:00,,0.705383,0.027,0.05,0.1104,0.04625,12,平时
12/25/2020 15:00,,0.705383,0.027,0.05,0.1104,0.04625,12,平时
12/25/2020 16:00,,1.106986,0.027,0.05,0.1104,0.04625,12,高峰
12/25/2020 17:00,,1.106986,0.027,0.05,0.1104,0.04625,12,高峰
12/25/2020 18:00,,1.307721,0.027,0.05,0.1104,0.04625,12,尖峰
12/25/2020 19:00,,1.307721,0.027,0.05,0.1104,0.04625,12,尖峰
12/25/2020 20:00,,1.307721,0.027,0.05,0.1104,0.04625,12,尖峰
12/25/2020 21:00,,1.307721,0.027,0.05,0.1104,0.04625,12,尖峰
12/25/2020 22:00,,1.106986,0.027,0.05,0.1104,0.04625,12,高峰
12/25/2020 23:00,,1.106986,0.027,0.05,0.1104,0.04625,12,高峰
12/26/2020 0:00,,0.30893,0.027,0.05,0.1104,0.04625,12,低谷
12/26/2020 1:00,,0.30893,0.027,0.05,0.1104,0.04625,12,低谷
12/26/2020 2:00,,0.30893,0.027,0.05,0.1104,0.04625,12,低谷
12/26/2020 3:00,,0.30893,0.027,0.05,0.1104,0.04625,12,低谷
12/26/2020 4:00,,0.30893,0.027,0.05,0.1104,0.04625,12,低谷
12/26/2020 5:00,,0.30893,0.027,0.05,0.1104,0.04625,12,低谷
12/26/2020 6:00,,0.705383,0.027,0.05,0.1104,0.04625,12,平时
12/26/2020 7:00,,0.705383,0.027,0.05,0.1104,0.04625,12,平时
12/26/2020 8:00,,0.705383,0.027,0.05,0.1104,0.04625,12,平时
12/26/2020 9:00,,0.705383,0.027,0.05,0.1104,0.04625,12,平时
12/26/2020 10:00,,0.705383,0.027,0.05,0.1104,0.04625,12,平时
12/26/2020 11:00,,0.705383,0.027,0.05,0.1104,0.04625,12,平时
12/26/2020 12:00,,0.30893,0.027,0.05,0.1104,0.04625,12,低谷
12/26/2020 13:00,,0.30893,0.027,0.05,0.1104,0.04625,12,低谷
12/26/2020 14:00,,0.705383,0.027,0.05,0.1104,0.04625,12,平时
12/26/2020 15:00,,0.705383,0.027,0.05,0.1104,0.04625,12,平时
12/26/2020 16:00,,1.106986,0.027,0.05,0.1104,0.04625,12,高峰
12/26/2020 17:00,,1.106986,0.027,0.05,0.1104,0.04625,12,高峰
12/26/2020 18:00,,1.307721,0.027,0.05,0.1104,0.04625,12,尖峰
12/26/2020 19:00,,1.307721,0.027,0.05,0.1104,0.04625,12,尖峰
12/26/2020 20:00,,1.307721,0.027,0.05,0.1104,0.04625,12,尖峰
12/26/2020 21:00,,1.307721,0.027,0.05,0.1104,0.04625,12,尖峰
12/26/2020 22:00,,1.106986,0.027,0.05,0.1104,0.04625,12,高峰
12/26/2020 23:00,,1.106986,0.027,0.05,0.1104,0.04625,12,高峰
12/27/2020 0:00,,0.30893,0.027,0.05,0.1104,0.04625,12,低谷
12/27/2020 1:00,,0.30893,0.027,0.05,0.1104,0.04625,12,低谷
12/27/2020 2:00,,0.30893,0.027,0.05,0.1104,0.04625,12,低谷
12/27/2020 3:00,,0.30893,0.027,0.05,0.1104,0.04625,12,低谷
12/27/2020 4:00,,0.30893,0.027,0.05,0.1104,0.04625,12,低谷
12/27/2020 5:00,,0.30893,0.027,0.05,0.1104,0.04625,12,低谷
12/27/2020 6:00,,0.705383,0.027,0.05,0.1104,0.04625,12,平时
12/27/2020 7:00,,0.705383,0.027,0.05,0.1104,0.04625,12,平时
12/27/2020 8:00,,0.705383,0.027,0.05,0.1104,0.04625,12,平时
12/27/2020 9:00,,0.705383,0.027,0.05,0.1104,0.04625,12,平时
12/27/2020 10:00,,0.705383,0.027,0.05,0.1104,0.04625,12,平时
12/27/2020 11:00,,0.705383,0.027,0.05,0.1104,0.04625,12,平时
12/27/2020 12:00,,0.30893,0.027,0.05,0.1104,0.04625,12,低谷
12/27/2020 13:00,,0.30893,0.027,0.05,0.1104,0.04625,12,低谷
12/27/2020 14:00,,0.705383,0.027,0.05,0.1104,0.04625,12,平时
12/27/2020 15:00,,0.705383,0.027,0.05,0.1104,0.04625,12,平时
12/27/2020 16:00,,1.106986,0.027,0.05,0.1104,0.04625,12,高峰
12/27/2020 17:00,,1.106986,0.027,0.05,0.1104,0.04625,12,高峰
12/27/2020 18:00,,1.307721,0.027,0.05,0.1104,0.04625,12,尖峰
12/27/2020 19:00,,1.307721,0.027,0.05,0.1104,0.04625,12,尖峰
12/27/2020 20:00,,1.307721,0.027,0.05,0.1104,0.04625,12,尖峰
12/27/2020 21:00,,1.307721,0.027,0.05,0.1104,0.04625,12,尖峰
12/27/2020 22:00,,1.106986,0.027,0.05,0.1104,0.04625,12,高峰
12/27/2020 23:00,,1.106986,0.027,0.05,0.1104,0.04625,12,高峰
12/28/2020 0:00,,0.30893,0.027,0.05,0.1104,0.04625,12,低谷
12/28/2020 1:00,,0.30893,0.027,0.05,0.1104,0.04625,12,低谷
12/28/2020 2:00,,0.30893,0.027,0.05,0.1104,0.04625,12,低谷
12/28/2020 3:00,,0.30893,0.027,0.05,0.1104,0.04625,12,低谷
12/28/2020 4:00,,0.30893,0.027,0.05,0.1104,0.04625,12,低谷
12/28/2020 5:00,,0.30893,0.027,0.05,0.1104,0.04625,12,低谷
12/28/2020 6:00,,0.705383,0.027,0.05,0.1104,0.04625,12,平时
12/28/2020 7:00,,0.705383,0.027,0.05,0.1104,0.04625,12,平时
12/28/2020 8:00,,0.705383,0.027,0.05,0.1104,0.04625,12,平时
12/28/2020 9:00,,0.705383,0.027,0.05,0.1104,0.04625,12,平时
12/28/2020 10:00,,0.705383,0.027,0.05,0.1104,0.04625,12,平时
12/28/2020 11:00,,0.705383,0.027,0.05,0.1104,0.04625,12,平时
12/28/2020 12:00,,0.30893,0.027,0.05,0.1104,0.04625,12,低谷
12/28/2020 13:00,,0.30893,0.027,0.05,0.1104,0.04625,12,低谷
12/28/2020 14:00,,0.705383,0.027,0.05,0.1104,0.04625,12,平时
12/28/2020 15:00,,0.705383,0.027,0.05,0.1104,0.04625,12,平时
12/28/2020 16:00,,1.106986,0.027,0.05,0.1104,0.04625,12,高峰
12/28/2020 17:00,,1.106986,0.027,0.05,0.1104,0.04625,12,高峰
12/28/2020 18:00,,1.307721,0.027,0.05,0.1104,0.04625,12,尖峰
12/28/2020 19:00,,1.307721,0.027,0.05,0.1104,0.04625,12,尖峰
12/28/2020 20:00,,1.307721,0.027,0.05,0.1104,0.04625,12,尖峰
12/28/2020 21:00,,1.307721,0.027,0.05,0.1104,0.04625,12,尖峰
12/28/2020 22:00,,1.106986,0.027,0.05,0.1104,0.04625,12,高峰
12/28/2020 23:00,,1.106986,0.027,0.05,0.1104,0.04625,12,高峰
12/29/2020 0:00,,0.30893,0.027,0.05,0.1104,0.04625,12,低谷
12/29/2020 1:00,,0.30893,0.027,0.05,0.1104,0.04625,12,低谷
12/29/2020 2:00,,0.30893,0.027,0.05,0.1104,0.04625,12,低谷
12/29/2020 3:00,,0.30893,0.027,0.05,0.1104,0.04625,12,低谷
12/29/2020 4:00,,0.30893,0.027,0.05,0.1104,0.04625,12,低谷
12/29/2020 5:00,,0.30893,0.027,0.05,0.1104,0.04625,12,低谷
12/29/2020 6:00,,0.705383,0.027,0.05,0.1104,0.04625,12,平时
12/29/2020 7:00,,0.705383,0.027,0.05,0.1104,0.04625,12,平时
12/29/2020 8:00,,0.705383,0.027,0.05,0.1104,0.04625,12,平时
12/29/2020 9:00,,0.705383,0.027,0.05,0.1104,0.04625,12,平时
12/29/2020 10:00,,0.705383,0.027,0.05,0.1104,0.04625,12,平时
12/29/2020 11:00,,0.705383,0.027,0.05,0.1104,0.04625,12,平时
12/29/2020 12:00,,0.30893,0.027,0.05,0.1104,0.04625,12,低谷
12/29/2020 13:00,,0.30893,0.027,0.05,0.1104,0.04625,12,低谷
12/29/2020 14:00,,0.705383,0.027,0.05,0.1104,0.04625,12,平时
12/29/2020 15:00,,0.705383,0.027,0.05,0.1104,0.04625,12,平时
12/29/2020 16:00,,1.106986,0.027,0.05,0.1104,0.04625,12,高峰
12/29/2020 17:00,,1.106986,0.027,0.05,0.1104,0.04625,12,高峰
12/29/2020 18:00,,1.307721,0.027,0.05,0.1104,0.04625,12,尖峰
12/29/2020 19:00,,1.307721,0.027,0.05,0.1104,0.04625,12,尖峰
12/29/2020 20:00,,1.307721,0.027,0.05,0.1104,0.04625,12,尖峰
12/29/2020 21:00,,1.307721,0.027,0.05,0.1104,0.04625,12,尖峰
12/29/2020 22:00,,1.106986,0.027,0.05,0.1104,0.04625,12,高峰
12/29/2020 23:00,,1.106986,0.027,0.05,0.1104,0.04625,12,高峰
12/30/2020 0:00,,0.30893,0.027,0.05,0.1104,0.04625,12,低谷
12/30/2020 1:00,,0.30893,0.027,0.05,0.1104,0.04625,12,低谷
12/30/2020 2:00,,0.30893,0.027,0.05,0.1104,0.04625,12,低谷
12/30/2020 3:00,,0.30893,0.027,0.05,0.1104,0.04625,12,低谷
12/30/2020 4:00,,0.30893,0.027,0.05,0.1104,0.04625,12,低谷
12/30/2020 5:00,,0.30893,0.027,0.05,0.1104,0.04625,12,低谷
12/30/2020 6:00,,0.705383,0.027,0.05,0.1104,0.04625,12,平时
12/30/2020 7:00,,0.705383,0.027,0.05,0.1104,0.04625,12,平时
12/30/2020 8:00,,0.705383,0.027,0.05,0.1104,0.04625,12,平时
12/30/2020 9:00,,0.705383,0.027,0.05,0.1104,0.04625,12,平时
12/30/2020 10:00,,0.705383,0.027,0.05,0.1104,0.04625,12,平时
12/30/2020 11:00,,0.705383,0.027,0.05,0.1104,0.04625,12,平时
12/30/2020 12:00,,0.30893,0.027,0.05,0.1104,0.04625,12,低谷
12/30/2020 13:00,,0.30893,0.027,0.05,0.1104,0.04625,12,低谷
12/30/2020 14:00,,0.705383,0.027,0.05,0.1104,0.04625,12,平时
12/30/2020 15:00,,0.705383,0.027,0.05,0.1104,0.04625,12,平时
12/30/2020 16:00,,1.106986,0.027,0.05,0.1104,0.04625,12,高峰
12/30/2020 17:00,,1.106986,0.027,0.05,0.1104,0.04625,12,高峰
12/30/2020 18:00,,1.307721,0.027,0.05,0.1104,0.04625,12,尖峰
12/30/2020 19:00,,1.307721,0.027,0.05,0.1104,0.04625,12,尖峰
12/30/2020 20:00,,1.307721,0.027,0.05,0.1104,0.04625,12,尖峰
12/30/2020 21:00,,1.307721,0.027,0.05,0.1104,0.04625,12,尖峰
12/30/2020 22:00,,1.106986,0.027,0.05,0.1104,0.04625,12,高峰
12/30/2020 23:00,,1.106986,0.027,0.05,0.1104,0.04625,12,高峰
12/31/2020 0:00,,0.30893,0.027,0.05,0.1104,0.04625,12,低谷
12/31/2020 1:00,,0.30893,0.027,0.05,0.1104,0.04625,12,低谷
12/31/2020 2:00,,0.30893,0.027,0.05,0.1104,0.04625,12,低谷
12/31/2020 3:00,,0.30893,0.027,0.05,0.1104,0.04625,12,低谷
12/31/2020 4:00,,0.30893,0.027,0.05,0.1104,0.04625,12,低谷
12/31/2020 5:00,,0.30893,0.027,0.05,0.1104,0.04625,12,低谷
12/31/2020 6:00,,0.705383,0.027,0.05,0.1104,0.04625,12,平时
12/31/2020 7:00,,0.705383,0.027,0.05,0.1104,0.04625,12,平时
12/31/2020 8:00,,0.705383,0.027,0.05,0.1104,0.04625,12,平时
12/31/2020 9:00,,0.705383,0.027,0.05,0.1104,0.04625,12,平时
12/31/2020 10:00,,0.705383,0.027,0.05,0.1104,0.04625,12,平时
12/31/2020 11:00,,0.705383,0.027,0.05,0.1104,0.04625,12,平时
12/31/2020 12:00,,0.30893,0.027,0.05,0.1104,0.04625,12,低谷
12/31/2020 13:00,,0.30893,0.027,0.05,0.1104,0.04625,12,低谷
12/31/2020 14:00,,0.705383,0.027,0.05,0.1104,0.04625,12,平时
12/31/2020 15:00,,0.705383,0.027,0.05,0.1104,0.04625,12,平时
12/31/2020 16:00,,1.106986,0.027,0.05,0.1104,0.04625,12,高峰
12/31/2020 17:00,,1.106986,0.027,0.05,0.1104,0.04625,12,高峰
12/31/2020 18:00,,1.307721,0.027,0.05,0.1104,0.04625,12,尖峰
12/31/2020 19:00,,1.307721,0.027,0.05,0.1104,0.04625,12,尖峰
12/31/2020 20:00,,1.307721,0.027,0.05,0.1104,0.04625,12,尖峰
12/31/2020 21:00,,1.307721,0.027,0.05,0.1104,0.04625,12,尖峰
12/31/2020 22:00,,1.106986,0.027,0.05,0.1104,0.04625,12,高峰
12/31/2020 23:00,,1.106986,0.027,0.05,0.1104,0.04625,12,高峰
