timestamp,hour_index,energy_market_price_with_vat,line_loss_price_with_vat,system_operation_fee_with_vat,transmission_distribution_tariff_with_vat,gov_fund_surcharge,month,peak_valley
1/1/2020 0:00,0 ,0.30872,0.027,0.05,0.1104,0.04625,1,低谷
1/1/2020 1:00,1 ,0.30872,0.027,0.05,0.1104,0.04625,1,低谷
1/1/2020 2:00,2 ,0.30872,0.027,0.05,0.1104,0.04625,1,低谷
1/1/2020 3:00,3 ,0.30872,0.027,0.05,0.1104,0.04625,1,低谷
1/1/2020 4:00,4 ,0.30872,0.027,0.05,0.1104,0.04625,1,低谷
1/1/2020 5:00,5 ,0.30872,0.027,0.05,0.1104,0.04625,1,低谷
1/1/2020 6:00,6 ,0.30872,0.027,0.05,0.1104,0.04625,1,低谷
1/1/2020 7:00,7 ,0.70245,0.027,0.05,0.1104,0.04625,1,平时
1/1/2020 8:00,8 ,0.70245,0.027,0.05,0.1104,0.04625,1,平时
1/1/2020 9:00,9 ,0.70245,0.027,0.05,0.1104,0.04625,1,平时
1/1/2020 10:00,10 ,0.70245,0.027,0.05,0.1104,0.04625,1,平时
1/1/2020 11:00,11 ,1.09617,0.027,0.05,0.1104,0.04625,1,高峰
1/1/2020 12:00,12 ,1.09617,0.027,0.05,0.1104,0.04625,1,高峰
1/1/2020 13:00,13 ,1.09617,0.027,0.05,0.1104,0.04625,1,高峰
1/1/2020 14:00,14 ,0.70245,0.027,0.05,0.1104,0.04625,1,平时
1/1/2020 15:00,15 ,0.70245,0.027,0.05,0.1104,0.04625,1,平时
1/1/2020 16:00,16 ,0.70245,0.027,0.05,0.1104,0.04625,1,平时
1/1/2020 17:00,17 ,0.70245,0.027,0.05,0.1104,0.04625,1,平时
1/1/2020 18:00,18 ,1.30615,0.027,0.05,0.1104,0.04625,1,尖峰
1/1/2020 19:00,19 ,1.30615,0.027,0.05,0.1104,0.04625,1,尖峰
1/1/2020 20:00,20 ,1.30615,0.027,0.05,0.1104,0.04625,1,尖峰
1/1/2020 21:00,21 ,1.30615,0.027,0.05,0.1104,0.04625,1,尖峰
1/1/2020 22:00,22 ,1.09617,0.027,0.05,0.1104,0.04625,1,高峰
1/1/2020 23:00,23 ,0.30872,0.027,0.05,0.1104,0.04625,1,低谷
1/2/2020 0:00,24 ,0.30872,0.027,0.05,0.1104,0.04625,1,低谷
1/2/2020 1:00,25 ,0.30872,0.027,0.05,0.1104,0.04625,1,低谷
1/2/2020 2:00,26 ,0.30872,0.027,0.05,0.1104,0.04625,1,低谷
1/2/2020 3:00,27 ,0.30872,0.027,0.05,0.1104,0.04625,1,低谷
1/2/2020 4:00,28 ,0.30872,0.027,0.05,0.1104,0.04625,1,低谷
1/2/2020 5:00,29 ,0.30872,0.027,0.05,0.1104,0.04625,1,低谷
1/2/2020 6:00,30 ,0.30872,0.027,0.05,0.1104,0.04625,1,低谷
1/2/2020 7:00,31 ,0.70245,0.027,0.05,0.1104,0.04625,1,平时
1/2/2020 8:00,32 ,0.70245,0.027,0.05,0.1104,0.04625,1,平时
1/2/2020 9:00,33 ,0.70245,0.027,0.05,0.1104,0.04625,1,平时
1/2/2020 10:00,34 ,0.70245,0.027,0.05,0.1104,0.04625,1,平时
1/2/2020 11:00,35 ,1.09617,0.027,0.05,0.1104,0.04625,1,高峰
1/2/2020 12:00,36 ,1.09617,0.027,0.05,0.1104,0.04625,1,高峰
1/2/2020 13:00,37 ,1.09617,0.027,0.05,0.1104,0.04625,1,高峰
1/2/2020 14:00,38 ,0.70245,0.027,0.05,0.1104,0.04625,1,平时
1/2/2020 15:00,39 ,0.70245,0.027,0.05,0.1104,0.04625,1,平时
1/2/2020 16:00,40 ,0.70245,0.027,0.05,0.1104,0.04625,1,平时
1/2/2020 17:00,41 ,0.70245,0.027,0.05,0.1104,0.04625,1,平时
1/2/2020 18:00,42 ,1.30615,0.027,0.05,0.1104,0.04625,1,尖峰
1/2/2020 19:00,43 ,1.30615,0.027,0.05,0.1104,0.04625,1,尖峰
1/2/2020 20:00,44 ,1.30615,0.027,0.05,0.1104,0.04625,1,尖峰
1/2/2020 21:00,45 ,1.30615,0.027,0.05,0.1104,0.04625,1,尖峰
1/2/2020 22:00,46 ,1.09617,0.027,0.05,0.1104,0.04625,1,高峰
1/2/2020 23:00,47 ,0.30872,0.027,0.05,0.1104,0.04625,1,低谷
1/3/2020 0:00,48 ,0.30872,0.027,0.05,0.1104,0.04625,1,低谷
1/3/2020 1:00,49 ,0.30872,0.027,0.05,0.1104,0.04625,1,低谷
1/3/2020 2:00,50 ,0.30872,0.027,0.05,0.1104,0.04625,1,低谷
1/3/2020 3:00,51 ,0.30872,0.027,0.05,0.1104,0.04625,1,低谷
1/3/2020 4:00,52 ,0.30872,0.027,0.05,0.1104,0.04625,1,低谷
1/3/2020 5:00,53 ,0.30872,0.027,0.05,0.1104,0.04625,1,低谷
1/3/2020 6:00,54 ,0.30872,0.027,0.05,0.1104,0.04625,1,低谷
1/3/2020 7:00,55 ,0.70245,0.027,0.05,0.1104,0.04625,1,平时
1/3/2020 8:00,56 ,0.70245,0.027,0.05,0.1104,0.04625,1,平时
1/3/2020 9:00,57 ,0.70245,0.027,0.05,0.1104,0.04625,1,平时
1/3/2020 10:00,58 ,0.70245,0.027,0.05,0.1104,0.04625,1,平时
1/3/2020 11:00,59 ,1.09617,0.027,0.05,0.1104,0.04625,1,高峰
1/3/2020 12:00,60 ,1.09617,0.027,0.05,0.1104,0.04625,1,高峰
1/3/2020 13:00,61 ,1.09617,0.027,0.05,0.1104,0.04625,1,高峰
1/3/2020 14:00,62 ,0.70245,0.027,0.05,0.1104,0.04625,1,平时
1/3/2020 15:00,63 ,0.70245,0.027,0.05,0.1104,0.04625,1,平时
1/3/2020 16:00,64 ,0.70245,0.027,0.05,0.1104,0.04625,1,平时
1/3/2020 17:00,65 ,0.70245,0.027,0.05,0.1104,0.04625,1,平时
1/3/2020 18:00,66 ,1.30615,0.027,0.05,0.1104,0.04625,1,尖峰
1/3/2020 19:00,67 ,1.30615,0.027,0.05,0.1104,0.04625,1,尖峰
1/3/2020 20:00,68 ,1.30615,0.027,0.05,0.1104,0.04625,1,尖峰
1/3/2020 21:00,69 ,1.30615,0.027,0.05,0.1104,0.04625,1,尖峰
1/3/2020 22:00,70 ,1.09617,0.027,0.05,0.1104,0.04625,1,高峰
1/3/2020 23:00,71 ,0.30872,0.027,0.05,0.1104,0.04625,1,低谷
1/4/2020 0:00,72 ,0.30872,0.027,0.05,0.1104,0.04625,1,低谷
1/4/2020 1:00,73 ,0.30872,0.027,0.05,0.1104,0.04625,1,低谷
1/4/2020 2:00,74 ,0.30872,0.027,0.05,0.1104,0.04625,1,低谷
1/4/2020 3:00,75 ,0.30872,0.027,0.05,0.1104,0.04625,1,低谷
1/4/2020 4:00,76 ,0.30872,0.027,0.05,0.1104,0.04625,1,低谷
1/4/2020 5:00,77 ,0.30872,0.027,0.05,0.1104,0.04625,1,低谷
1/4/2020 6:00,78 ,0.30872,0.027,0.05,0.1104,0.04625,1,低谷
1/4/2020 7:00,79 ,0.70245,0.027,0.05,0.1104,0.04625,1,平时
1/4/2020 8:00,80 ,0.70245,0.027,0.05,0.1104,0.04625,1,平时
1/4/2020 9:00,81 ,0.70245,0.027,0.05,0.1104,0.04625,1,平时
1/4/2020 10:00,82 ,0.70245,0.027,0.05,0.1104,0.04625,1,平时
1/4/2020 11:00,83 ,1.09617,0.027,0.05,0.1104,0.04625,1,高峰
1/4/2020 12:00,84 ,1.09617,0.027,0.05,0.1104,0.04625,1,高峰
1/4/2020 13:00,85 ,1.09617,0.027,0.05,0.1104,0.04625,1,高峰
1/4/2020 14:00,86 ,0.70245,0.027,0.05,0.1104,0.04625,1,平时
1/4/2020 15:00,87 ,0.70245,0.027,0.05,0.1104,0.04625,1,平时
1/4/2020 16:00,88 ,0.70245,0.027,0.05,0.1104,0.04625,1,平时
1/4/2020 17:00,89 ,0.70245,0.027,0.05,0.1104,0.04625,1,平时
1/4/2020 18:00,90 ,1.30615,0.027,0.05,0.1104,0.04625,1,尖峰
1/4/2020 19:00,91 ,1.30615,0.027,0.05,0.1104,0.04625,1,尖峰
1/4/2020 20:00,92 ,1.30615,0.027,0.05,0.1104,0.04625,1,尖峰
1/4/2020 21:00,93 ,1.30615,0.027,0.05,0.1104,0.04625,1,尖峰
1/4/2020 22:00,94 ,1.09617,0.027,0.05,0.1104,0.04625,1,高峰
1/4/2020 23:00,95 ,0.30872,0.027,0.05,0.1104,0.04625,1,低谷
1/5/2020 0:00,96 ,0.30872,0.027,0.05,0.1104,0.04625,1,低谷
1/5/2020 1:00,97 ,0.30872,0.027,0.05,0.1104,0.04625,1,低谷
1/5/2020 2:00,98 ,0.30872,0.027,0.05,0.1104,0.04625,1,低谷
1/5/2020 3:00,99 ,0.30872,0.027,0.05,0.1104,0.04625,1,低谷
1/5/2020 4:00,100 ,0.30872,0.027,0.05,0.1104,0.04625,1,低谷
1/5/2020 5:00,101 ,0.30872,0.027,0.05,0.1104,0.04625,1,低谷
1/5/2020 6:00,102 ,0.30872,0.027,0.05,0.1104,0.04625,1,低谷
1/5/2020 7:00,103 ,0.70245,0.027,0.05,0.1104,0.04625,1,平时
1/5/2020 8:00,104 ,0.70245,0.027,0.05,0.1104,0.04625,1,平时
1/5/2020 9:00,105 ,0.70245,0.027,0.05,0.1104,0.04625,1,平时
1/5/2020 10:00,106 ,0.70245,0.027,0.05,0.1104,0.04625,1,平时
1/5/2020 11:00,107 ,1.09617,0.027,0.05,0.1104,0.04625,1,高峰
1/5/2020 12:00,108 ,1.09617,0.027,0.05,0.1104,0.04625,1,高峰
1/5/2020 13:00,109 ,1.09617,0.027,0.05,0.1104,0.04625,1,高峰
1/5/2020 14:00,110 ,0.70245,0.027,0.05,0.1104,0.04625,1,平时
1/5/2020 15:00,111 ,0.70245,0.027,0.05,0.1104,0.04625,1,平时
1/5/2020 16:00,112 ,0.70245,0.027,0.05,0.1104,0.04625,1,平时
1/5/2020 17:00,113 ,0.70245,0.027,0.05,0.1104,0.04625,1,平时
1/5/2020 18:00,114 ,1.30615,0.027,0.05,0.1104,0.04625,1,尖峰
1/5/2020 19:00,115 ,1.30615,0.027,0.05,0.1104,0.04625,1,尖峰
1/5/2020 20:00,116 ,1.30615,0.027,0.05,0.1104,0.04625,1,尖峰
1/5/2020 21:00,117 ,1.30615,0.027,0.05,0.1104,0.04625,1,尖峰
1/5/2020 22:00,118 ,1.09617,0.027,0.05,0.1104,0.04625,1,高峰
1/5/2020 23:00,119 ,0.30872,0.027,0.05,0.1104,0.04625,1,低谷
1/6/2020 0:00,120 ,0.30872,0.027,0.05,0.1104,0.04625,1,低谷
1/6/2020 1:00,121 ,0.30872,0.027,0.05,0.1104,0.04625,1,低谷
1/6/2020 2:00,122 ,0.30872,0.027,0.05,0.1104,0.04625,1,低谷
1/6/2020 3:00,123 ,0.30872,0.027,0.05,0.1104,0.04625,1,低谷
1/6/2020 4:00,124 ,0.30872,0.027,0.05,0.1104,0.04625,1,低谷
1/6/2020 5:00,125 ,0.30872,0.027,0.05,0.1104,0.04625,1,低谷
1/6/2020 6:00,126 ,0.30872,0.027,0.05,0.1104,0.04625,1,低谷
1/6/2020 7:00,127 ,0.70245,0.027,0.05,0.1104,0.04625,1,平时
1/6/2020 8:00,128 ,0.70245,0.027,0.05,0.1104,0.04625,1,平时
1/6/2020 9:00,129 ,0.70245,0.027,0.05,0.1104,0.04625,1,平时
1/6/2020 10:00,130 ,0.70245,0.027,0.05,0.1104,0.04625,1,平时
1/6/2020 11:00,131 ,1.09617,0.027,0.05,0.1104,0.04625,1,高峰
1/6/2020 12:00,132 ,1.09617,0.027,0.05,0.1104,0.04625,1,高峰
1/6/2020 13:00,133 ,1.09617,0.027,0.05,0.1104,0.04625,1,高峰
1/6/2020 14:00,134 ,0.70245,0.027,0.05,0.1104,0.04625,1,平时
1/6/2020 15:00,135 ,0.70245,0.027,0.05,0.1104,0.04625,1,平时
1/6/2020 16:00,136 ,0.70245,0.027,0.05,0.1104,0.04625,1,平时
1/6/2020 17:00,137 ,0.70245,0.027,0.05,0.1104,0.04625,1,平时
1/6/2020 18:00,138 ,1.30615,0.027,0.05,0.1104,0.04625,1,尖峰
1/6/2020 19:00,139 ,1.30615,0.027,0.05,0.1104,0.04625,1,尖峰
1/6/2020 20:00,140 ,1.30615,0.027,0.05,0.1104,0.04625,1,尖峰
1/6/2020 21:00,141 ,1.30615,0.027,0.05,0.1104,0.04625,1,尖峰
1/6/2020 22:00,142 ,1.09617,0.027,0.05,0.1104,0.04625,1,高峰
1/6/2020 23:00,143 ,0.30872,0.027,0.05,0.1104,0.04625,1,低谷
1/7/2020 0:00,144 ,0.30872,0.027,0.05,0.1104,0.04625,1,低谷
1/7/2020 1:00,145 ,0.30872,0.027,0.05,0.1104,0.04625,1,低谷
1/7/2020 2:00,146 ,0.30872,0.027,0.05,0.1104,0.04625,1,低谷
1/7/2020 3:00,147 ,0.30872,0.027,0.05,0.1104,0.04625,1,低谷
1/7/2020 4:00,148 ,0.30872,0.027,0.05,0.1104,0.04625,1,低谷
1/7/2020 5:00,149 ,0.30872,0.027,0.05,0.1104,0.04625,1,低谷
1/7/2020 6:00,150 ,0.30872,0.027,0.05,0.1104,0.04625,1,低谷
1/7/2020 7:00,151 ,0.70245,0.027,0.05,0.1104,0.04625,1,平时
1/7/2020 8:00,152 ,0.70245,0.027,0.05,0.1104,0.04625,1,平时
1/7/2020 9:00,153 ,0.70245,0.027,0.05,0.1104,0.04625,1,平时
1/7/2020 10:00,154 ,0.70245,0.027,0.05,0.1104,0.04625,1,平时
1/7/2020 11:00,155 ,1.09617,0.027,0.05,0.1104,0.04625,1,高峰
1/7/2020 12:00,156 ,1.09617,0.027,0.05,0.1104,0.04625,1,高峰
1/7/2020 13:00,157 ,1.09617,0.027,0.05,0.1104,0.04625,1,高峰
1/7/2020 14:00,158 ,0.70245,0.027,0.05,0.1104,0.04625,1,平时
1/7/2020 15:00,159 ,0.70245,0.027,0.05,0.1104,0.04625,1,平时
1/7/2020 16:00,160 ,0.70245,0.027,0.05,0.1104,0.04625,1,平时
1/7/2020 17:00,161 ,0.70245,0.027,0.05,0.1104,0.04625,1,平时
1/7/2020 18:00,162 ,1.30615,0.027,0.05,0.1104,0.04625,1,尖峰
1/7/2020 19:00,163 ,1.30615,0.027,0.05,0.1104,0.04625,1,尖峰
1/7/2020 20:00,164 ,1.30615,0.027,0.05,0.1104,0.04625,1,尖峰
1/7/2020 21:00,165 ,1.30615,0.027,0.05,0.1104,0.04625,1,尖峰
1/7/2020 22:00,166 ,1.09617,0.027,0.05,0.1104,0.04625,1,高峰
1/7/2020 23:00,167 ,0.30872,0.027,0.05,0.1104,0.04625,1,低谷
1/8/2020 0:00,168 ,0.30872,0.027,0.05,0.1104,0.04625,1,低谷
1/8/2020 1:00,169 ,0.30872,0.027,0.05,0.1104,0.04625,1,低谷
1/8/2020 2:00,170 ,0.30872,0.027,0.05,0.1104,0.04625,1,低谷
1/8/2020 3:00,171 ,0.30872,0.027,0.05,0.1104,0.04625,1,低谷
1/8/2020 4:00,172 ,0.30872,0.027,0.05,0.1104,0.04625,1,低谷
1/8/2020 5:00,173 ,0.30872,0.027,0.05,0.1104,0.04625,1,低谷
1/8/2020 6:00,174 ,0.30872,0.027,0.05,0.1104,0.04625,1,低谷
1/8/2020 7:00,175 ,0.70245,0.027,0.05,0.1104,0.04625,1,平时
1/8/2020 8:00,176 ,0.70245,0.027,0.05,0.1104,0.04625,1,平时
1/8/2020 9:00,177 ,0.70245,0.027,0.05,0.1104,0.04625,1,平时
1/8/2020 10:00,178 ,0.70245,0.027,0.05,0.1104,0.04625,1,平时
1/8/2020 11:00,179 ,1.09617,0.027,0.05,0.1104,0.04625,1,高峰
1/8/2020 12:00,180 ,1.09617,0.027,0.05,0.1104,0.04625,1,高峰
1/8/2020 13:00,181 ,1.09617,0.027,0.05,0.1104,0.04625,1,高峰
1/8/2020 14:00,182 ,0.70245,0.027,0.05,0.1104,0.04625,1,平时
1/8/2020 15:00,183 ,0.70245,0.027,0.05,0.1104,0.04625,1,平时
1/8/2020 16:00,184 ,0.70245,0.027,0.05,0.1104,0.04625,1,平时
1/8/2020 17:00,185 ,0.70245,0.027,0.05,0.1104,0.04625,1,平时
1/8/2020 18:00,186 ,1.30615,0.027,0.05,0.1104,0.04625,1,尖峰
1/8/2020 19:00,187 ,1.30615,0.027,0.05,0.1104,0.04625,1,尖峰
1/8/2020 20:00,188 ,1.30615,0.027,0.05,0.1104,0.04625,1,尖峰
1/8/2020 21:00,189 ,1.30615,0.027,0.05,0.1104,0.04625,1,尖峰
1/8/2020 22:00,190 ,1.09617,0.027,0.05,0.1104,0.04625,1,高峰
1/8/2020 23:00,191 ,0.30872,0.027,0.05,0.1104,0.04625,1,低谷
1/9/2020 0:00,192 ,0.30872,0.027,0.05,0.1104,0.04625,1,低谷
1/9/2020 1:00,193 ,0.30872,0.027,0.05,0.1104,0.04625,1,低谷
1/9/2020 2:00,194 ,0.30872,0.027,0.05,0.1104,0.04625,1,低谷
1/9/2020 3:00,195 ,0.30872,0.027,0.05,0.1104,0.04625,1,低谷
1/9/2020 4:00,196 ,0.30872,0.027,0.05,0.1104,0.04625,1,低谷
1/9/2020 5:00,197 ,0.30872,0.027,0.05,0.1104,0.04625,1,低谷
1/9/2020 6:00,198 ,0.30872,0.027,0.05,0.1104,0.04625,1,低谷
1/9/2020 7:00,199 ,0.70245,0.027,0.05,0.1104,0.04625,1,平时
1/9/2020 8:00,200 ,0.70245,0.027,0.05,0.1104,0.04625,1,平时
1/9/2020 9:00,201 ,0.70245,0.027,0.05,0.1104,0.04625,1,平时
1/9/2020 10:00,202 ,0.70245,0.027,0.05,0.1104,0.04625,1,平时
1/9/2020 11:00,203 ,1.09617,0.027,0.05,0.1104,0.04625,1,高峰
1/9/2020 12:00,204 ,1.09617,0.027,0.05,0.1104,0.04625,1,高峰
1/9/2020 13:00,205 ,1.09617,0.027,0.05,0.1104,0.04625,1,高峰
1/9/2020 14:00,206 ,0.70245,0.027,0.05,0.1104,0.04625,1,平时
1/9/2020 15:00,207 ,0.70245,0.027,0.05,0.1104,0.04625,1,平时
1/9/2020 16:00,208 ,0.70245,0.027,0.05,0.1104,0.04625,1,平时
1/9/2020 17:00,209 ,0.70245,0.027,0.05,0.1104,0.04625,1,平时
1/9/2020 18:00,210 ,1.30615,0.027,0.05,0.1104,0.04625,1,尖峰
1/9/2020 19:00,211 ,1.30615,0.027,0.05,0.1104,0.04625,1,尖峰
1/9/2020 20:00,212 ,1.30615,0.027,0.05,0.1104,0.04625,1,尖峰
1/9/2020 21:00,213 ,1.30615,0.027,0.05,0.1104,0.04625,1,尖峰
1/9/2020 22:00,214 ,1.09617,0.027,0.05,0.1104,0.04625,1,高峰
1/9/2020 23:00,215 ,0.30872,0.027,0.05,0.1104,0.04625,1,低谷
1/10/2020 0:00,216 ,0.30872,0.027,0.05,0.1104,0.04625,1,低谷
1/10/2020 1:00,217 ,0.30872,0.027,0.05,0.1104,0.04625,1,低谷
1/10/2020 2:00,218 ,0.30872,0.027,0.05,0.1104,0.04625,1,低谷
1/10/2020 3:00,219 ,0.30872,0.027,0.05,0.1104,0.04625,1,低谷
1/10/2020 4:00,220 ,0.30872,0.027,0.05,0.1104,0.04625,1,低谷
1/10/2020 5:00,221 ,0.30872,0.027,0.05,0.1104,0.04625,1,低谷
1/10/2020 6:00,222 ,0.30872,0.027,0.05,0.1104,0.04625,1,低谷
1/10/2020 7:00,223 ,0.70245,0.027,0.05,0.1104,0.04625,1,平时
1/10/2020 8:00,224 ,0.70245,0.027,0.05,0.1104,0.04625,1,平时
1/10/2020 9:00,225 ,0.70245,0.027,0.05,0.1104,0.04625,1,平时
1/10/2020 10:00,226 ,0.70245,0.027,0.05,0.1104,0.04625,1,平时
1/10/2020 11:00,227 ,1.09617,0.027,0.05,0.1104,0.04625,1,高峰
1/10/2020 12:00,228 ,1.09617,0.027,0.05,0.1104,0.04625,1,高峰
1/10/2020 13:00,229 ,1.09617,0.027,0.05,0.1104,0.04625,1,高峰
1/10/2020 14:00,230 ,0.70245,0.027,0.05,0.1104,0.04625,1,平时
1/10/2020 15:00,231 ,0.70245,0.027,0.05,0.1104,0.04625,1,平时
1/10/2020 16:00,232 ,0.70245,0.027,0.05,0.1104,0.04625,1,平时
1/10/2020 17:00,233 ,0.70245,0.027,0.05,0.1104,0.04625,1,平时
1/10/2020 18:00,234 ,1.30615,0.027,0.05,0.1104,0.04625,1,尖峰
1/10/2020 19:00,235 ,1.30615,0.027,0.05,0.1104,0.04625,1,尖峰
1/10/2020 20:00,236 ,1.30615,0.027,0.05,0.1104,0.04625,1,尖峰
1/10/2020 21:00,237 ,1.30615,0.027,0.05,0.1104,0.04625,1,尖峰
1/10/2020 22:00,238 ,1.09617,0.027,0.05,0.1104,0.04625,1,高峰
1/10/2020 23:00,239 ,0.30872,0.027,0.05,0.1104,0.04625,1,低谷
1/11/2020 0:00,240 ,0.30872,0.027,0.05,0.1104,0.04625,1,低谷
1/11/2020 1:00,241 ,0.30872,0.027,0.05,0.1104,0.04625,1,低谷
1/11/2020 2:00,242 ,0.30872,0.027,0.05,0.1104,0.04625,1,低谷
1/11/2020 3:00,243 ,0.30872,0.027,0.05,0.1104,0.04625,1,低谷
1/11/2020 4:00,244 ,0.30872,0.027,0.05,0.1104,0.04625,1,低谷
1/11/2020 5:00,245 ,0.30872,0.027,0.05,0.1104,0.04625,1,低谷
1/11/2020 6:00,246 ,0.30872,0.027,0.05,0.1104,0.04625,1,低谷
1/11/2020 7:00,247 ,0.70245,0.027,0.05,0.1104,0.04625,1,平时
1/11/2020 8:00,248 ,0.70245,0.027,0.05,0.1104,0.04625,1,平时
1/11/2020 9:00,249 ,0.70245,0.027,0.05,0.1104,0.04625,1,平时
1/11/2020 10:00,250 ,0.70245,0.027,0.05,0.1104,0.04625,1,平时
1/11/2020 11:00,251 ,1.09617,0.027,0.05,0.1104,0.04625,1,高峰
1/11/2020 12:00,252 ,1.09617,0.027,0.05,0.1104,0.04625,1,高峰
1/11/2020 13:00,253 ,1.09617,0.027,0.05,0.1104,0.04625,1,高峰
1/11/2020 14:00,254 ,0.70245,0.027,0.05,0.1104,0.04625,1,平时
1/11/2020 15:00,255 ,0.70245,0.027,0.05,0.1104,0.04625,1,平时
1/11/2020 16:00,256 ,0.70245,0.027,0.05,0.1104,0.04625,1,平时
1/11/2020 17:00,257 ,0.70245,0.027,0.05,0.1104,0.04625,1,平时
1/11/2020 18:00,258 ,1.30615,0.027,0.05,0.1104,0.04625,1,尖峰
1/11/2020 19:00,259 ,1.30615,0.027,0.05,0.1104,0.04625,1,尖峰
1/11/2020 20:00,260 ,1.30615,0.027,0.05,0.1104,0.04625,1,尖峰
1/11/2020 21:00,261 ,1.30615,0.027,0.05,0.1104,0.04625,1,尖峰
1/11/2020 22:00,262 ,1.09617,0.027,0.05,0.1104,0.04625,1,高峰
1/11/2020 23:00,263 ,0.30872,0.027,0.05,0.1104,0.04625,1,低谷
1/12/2020 0:00,264 ,0.30872,0.027,0.05,0.1104,0.04625,1,低谷
1/12/2020 1:00,265 ,0.30872,0.027,0.05,0.1104,0.04625,1,低谷
1/12/2020 2:00,266 ,0.30872,0.027,0.05,0.1104,0.04625,1,低谷
1/12/2020 3:00,267 ,0.30872,0.027,0.05,0.1104,0.04625,1,低谷
1/12/2020 4:00,268 ,0.30872,0.027,0.05,0.1104,0.04625,1,低谷
1/12/2020 5:00,269 ,0.30872,0.027,0.05,0.1104,0.04625,1,低谷
1/12/2020 6:00,270 ,0.30872,0.027,0.05,0.1104,0.04625,1,低谷
1/12/2020 7:00,271 ,0.70245,0.027,0.05,0.1104,0.04625,1,平时
1/12/2020 8:00,272 ,0.70245,0.027,0.05,0.1104,0.04625,1,平时
1/12/2020 9:00,273 ,0.70245,0.027,0.05,0.1104,0.04625,1,平时
1/12/2020 10:00,274 ,0.70245,0.027,0.05,0.1104,0.04625,1,平时
1/12/2020 11:00,275 ,1.09617,0.027,0.05,0.1104,0.04625,1,高峰
1/12/2020 12:00,276 ,1.09617,0.027,0.05,0.1104,0.04625,1,高峰
1/12/2020 13:00,277 ,1.09617,0.027,0.05,0.1104,0.04625,1,高峰
1/12/2020 14:00,278 ,0.70245,0.027,0.05,0.1104,0.04625,1,平时
1/12/2020 15:00,279 ,0.70245,0.027,0.05,0.1104,0.04625,1,平时
1/12/2020 16:00,280 ,0.70245,0.027,0.05,0.1104,0.04625,1,平时
1/12/2020 17:00,281 ,0.70245,0.027,0.05,0.1104,0.04625,1,平时
1/12/2020 18:00,282 ,1.30615,0.027,0.05,0.1104,0.04625,1,尖峰
1/12/2020 19:00,283 ,1.30615,0.027,0.05,0.1104,0.04625,1,尖峰
1/12/2020 20:00,284 ,1.30615,0.027,0.05,0.1104,0.04625,1,尖峰
1/12/2020 21:00,285 ,1.30615,0.027,0.05,0.1104,0.04625,1,尖峰
1/12/2020 22:00,286 ,1.09617,0.027,0.05,0.1104,0.04625,1,高峰
1/12/2020 23:00,287 ,0.30872,0.027,0.05,0.1104,0.04625,1,低谷
1/13/2020 0:00,288 ,0.30872,0.027,0.05,0.1104,0.04625,1,低谷
1/13/2020 1:00,289 ,0.30872,0.027,0.05,0.1104,0.04625,1,低谷
1/13/2020 2:00,290 ,0.30872,0.027,0.05,0.1104,0.04625,1,低谷
1/13/2020 3:00,291 ,0.30872,0.027,0.05,0.1104,0.04625,1,低谷
1/13/2020 4:00,292 ,0.30872,0.027,0.05,0.1104,0.04625,1,低谷
1/13/2020 5:00,293 ,0.30872,0.027,0.05,0.1104,0.04625,1,低谷
1/13/2020 6:00,294 ,0.30872,0.027,0.05,0.1104,0.04625,1,低谷
1/13/2020 7:00,295 ,0.70245,0.027,0.05,0.1104,0.04625,1,平时
1/13/2020 8:00,296 ,0.70245,0.027,0.05,0.1104,0.04625,1,平时
1/13/2020 9:00,297 ,0.70245,0.027,0.05,0.1104,0.04625,1,平时
1/13/2020 10:00,298 ,0.70245,0.027,0.05,0.1104,0.04625,1,平时
1/13/2020 11:00,299 ,1.09617,0.027,0.05,0.1104,0.04625,1,高峰
1/13/2020 12:00,300 ,1.09617,0.027,0.05,0.1104,0.04625,1,高峰
1/13/2020 13:00,301 ,1.09617,0.027,0.05,0.1104,0.04625,1,高峰
1/13/2020 14:00,302 ,0.70245,0.027,0.05,0.1104,0.04625,1,平时
1/13/2020 15:00,303 ,0.70245,0.027,0.05,0.1104,0.04625,1,平时
1/13/2020 16:00,304 ,0.70245,0.027,0.05,0.1104,0.04625,1,平时
1/13/2020 17:00,305 ,0.70245,0.027,0.05,0.1104,0.04625,1,平时
1/13/2020 18:00,306 ,1.30615,0.027,0.05,0.1104,0.04625,1,尖峰
1/13/2020 19:00,307 ,1.30615,0.027,0.05,0.1104,0.04625,1,尖峰
1/13/2020 20:00,308 ,1.30615,0.027,0.05,0.1104,0.04625,1,尖峰
1/13/2020 21:00,309 ,1.30615,0.027,0.05,0.1104,0.04625,1,尖峰
1/13/2020 22:00,310 ,1.09617,0.027,0.05,0.1104,0.04625,1,高峰
1/13/2020 23:00,311 ,0.30872,0.027,0.05,0.1104,0.04625,1,低谷
1/14/2020 0:00,312 ,0.30872,0.027,0.05,0.1104,0.04625,1,低谷
1/14/2020 1:00,313 ,0.30872,0.027,0.05,0.1104,0.04625,1,低谷
1/14/2020 2:00,314 ,0.30872,0.027,0.05,0.1104,0.04625,1,低谷
1/14/2020 3:00,315 ,0.30872,0.027,0.05,0.1104,0.04625,1,低谷
1/14/2020 4:00,316 ,0.30872,0.027,0.05,0.1104,0.04625,1,低谷
1/14/2020 5:00,317 ,0.30872,0.027,0.05,0.1104,0.04625,1,低谷
1/14/2020 6:00,318 ,0.30872,0.027,0.05,0.1104,0.04625,1,低谷
1/14/2020 7:00,319 ,0.70245,0.027,0.05,0.1104,0.04625,1,平时
1/14/2020 8:00,320 ,0.70245,0.027,0.05,0.1104,0.04625,1,平时
1/14/2020 9:00,321 ,0.70245,0.027,0.05,0.1104,0.04625,1,平时
1/14/2020 10:00,322 ,0.70245,0.027,0.05,0.1104,0.04625,1,平时
1/14/2020 11:00,323 ,1.09617,0.027,0.05,0.1104,0.04625,1,高峰
1/14/2020 12:00,324 ,1.09617,0.027,0.05,0.1104,0.04625,1,高峰
1/14/2020 13:00,325 ,1.09617,0.027,0.05,0.1104,0.04625,1,高峰
1/14/2020 14:00,326 ,0.70245,0.027,0.05,0.1104,0.04625,1,平时
1/14/2020 15:00,327 ,0.70245,0.027,0.05,0.1104,0.04625,1,平时
1/14/2020 16:00,328 ,0.70245,0.027,0.05,0.1104,0.04625,1,平时
1/14/2020 17:00,329 ,0.70245,0.027,0.05,0.1104,0.04625,1,平时
1/14/2020 18:00,330 ,1.30615,0.027,0.05,0.1104,0.04625,1,尖峰
1/14/2020 19:00,331 ,1.30615,0.027,0.05,0.1104,0.04625,1,尖峰
1/14/2020 20:00,332 ,1.30615,0.027,0.05,0.1104,0.04625,1,尖峰
1/14/2020 21:00,333 ,1.30615,0.027,0.05,0.1104,0.04625,1,尖峰
1/14/2020 22:00,334 ,1.09617,0.027,0.05,0.1104,0.04625,1,高峰
1/14/2020 23:00,335 ,0.30872,0.027,0.05,0.1104,0.04625,1,低谷
1/15/2020 0:00,336 ,0.30872,0.027,0.05,0.1104,0.04625,1,低谷
1/15/2020 1:00,337 ,0.30872,0.027,0.05,0.1104,0.04625,1,低谷
1/15/2020 2:00,338 ,0.30872,0.027,0.05,0.1104,0.04625,1,低谷
1/15/2020 3:00,339 ,0.30872,0.027,0.05,0.1104,0.04625,1,低谷
1/15/2020 4:00,340 ,0.30872,0.027,0.05,0.1104,0.04625,1,低谷
1/15/2020 5:00,341 ,0.30872,0.027,0.05,0.1104,0.04625,1,低谷
1/15/2020 6:00,342 ,0.30872,0.027,0.05,0.1104,0.04625,1,低谷
1/15/2020 7:00,343 ,0.70245,0.027,0.05,0.1104,0.04625,1,平时
1/15/2020 8:00,344 ,0.70245,0.027,0.05,0.1104,0.04625,1,平时
1/15/2020 9:00,345 ,0.70245,0.027,0.05,0.1104,0.04625,1,平时
1/15/2020 10:00,346 ,0.70245,0.027,0.05,0.1104,0.04625,1,平时
1/15/2020 11:00,347 ,1.09617,0.027,0.05,0.1104,0.04625,1,高峰
1/15/2020 12:00,348 ,1.09617,0.027,0.05,0.1104,0.04625,1,高峰
1/15/2020 13:00,349 ,1.09617,0.027,0.05,0.1104,0.04625,1,高峰
1/15/2020 14:00,350 ,0.70245,0.027,0.05,0.1104,0.04625,1,平时
1/15/2020 15:00,351 ,0.70245,0.027,0.05,0.1104,0.04625,1,平时
1/15/2020 16:00,352 ,0.70245,0.027,0.05,0.1104,0.04625,1,平时
1/15/2020 17:00,353 ,0.70245,0.027,0.05,0.1104,0.04625,1,平时
1/15/2020 18:00,354 ,1.30615,0.027,0.05,0.1104,0.04625,1,尖峰
1/15/2020 19:00,355 ,1.30615,0.027,0.05,0.1104,0.04625,1,尖峰
1/15/2020 20:00,356 ,1.30615,0.027,0.05,0.1104,0.04625,1,尖峰
1/15/2020 21:00,357 ,1.30615,0.027,0.05,0.1104,0.04625,1,尖峰
1/15/2020 22:00,358 ,1.09617,0.027,0.05,0.1104,0.04625,1,高峰
1/15/2020 23:00,359 ,0.30872,0.027,0.05,0.1104,0.04625,1,低谷
1/16/2020 0:00,360 ,0.30872,0.027,0.05,0.1104,0.04625,1,低谷
1/16/2020 1:00,361 ,0.30872,0.027,0.05,0.1104,0.04625,1,低谷
1/16/2020 2:00,362 ,0.30872,0.027,0.05,0.1104,0.04625,1,低谷
1/16/2020 3:00,363 ,0.30872,0.027,0.05,0.1104,0.04625,1,低谷
1/16/2020 4:00,364 ,0.30872,0.027,0.05,0.1104,0.04625,1,低谷
1/16/2020 5:00,365 ,0.30872,0.027,0.05,0.1104,0.04625,1,低谷
1/16/2020 6:00,366 ,0.30872,0.027,0.05,0.1104,0.04625,1,低谷
1/16/2020 7:00,367 ,0.70245,0.027,0.05,0.1104,0.04625,1,平时
1/16/2020 8:00,368 ,0.70245,0.027,0.05,0.1104,0.04625,1,平时
1/16/2020 9:00,369 ,0.70245,0.027,0.05,0.1104,0.04625,1,平时
1/16/2020 10:00,370 ,0.70245,0.027,0.05,0.1104,0.04625,1,平时
1/16/2020 11:00,371 ,1.09617,0.027,0.05,0.1104,0.04625,1,高峰
1/16/2020 12:00,372 ,1.09617,0.027,0.05,0.1104,0.04625,1,高峰
1/16/2020 13:00,373 ,1.09617,0.027,0.05,0.1104,0.04625,1,高峰
1/16/2020 14:00,374 ,0.70245,0.027,0.05,0.1104,0.04625,1,平时
1/16/2020 15:00,375 ,0.70245,0.027,0.05,0.1104,0.04625,1,平时
1/16/2020 16:00,376 ,0.70245,0.027,0.05,0.1104,0.04625,1,平时
1/16/2020 17:00,377 ,0.70245,0.027,0.05,0.1104,0.04625,1,平时
1/16/2020 18:00,378 ,1.30615,0.027,0.05,0.1104,0.04625,1,尖峰
1/16/2020 19:00,379 ,1.30615,0.027,0.05,0.1104,0.04625,1,尖峰
1/16/2020 20:00,380 ,1.30615,0.027,0.05,0.1104,0.04625,1,尖峰
1/16/2020 21:00,381 ,1.30615,0.027,0.05,0.1104,0.04625,1,尖峰
1/16/2020 22:00,382 ,1.09617,0.027,0.05,0.1104,0.04625,1,高峰
1/16/2020 23:00,383 ,0.30872,0.027,0.05,0.1104,0.04625,1,低谷
1/17/2020 0:00,384 ,0.30872,0.027,0.05,0.1104,0.04625,1,低谷
1/17/2020 1:00,385 ,0.30872,0.027,0.05,0.1104,0.04625,1,低谷
1/17/2020 2:00,386 ,0.30872,0.027,0.05,0.1104,0.04625,1,低谷
1/17/2020 3:00,387 ,0.30872,0.027,0.05,0.1104,0.04625,1,低谷
1/17/2020 4:00,388 ,0.30872,0.027,0.05,0.1104,0.04625,1,低谷
1/17/2020 5:00,389 ,0.30872,0.027,0.05,0.1104,0.04625,1,低谷
1/17/2020 6:00,390 ,0.30872,0.027,0.05,0.1104,0.04625,1,低谷
1/17/2020 7:00,391 ,0.70245,0.027,0.05,0.1104,0.04625,1,平时
1/17/2020 8:00,392 ,0.70245,0.027,0.05,0.1104,0.04625,1,平时
1/17/2020 9:00,393 ,0.70245,0.027,0.05,0.1104,0.04625,1,平时
1/17/2020 10:00,394 ,0.70245,0.027,0.05,0.1104,0.04625,1,平时
1/17/2020 11:00,395 ,1.09617,0.027,0.05,0.1104,0.04625,1,高峰
1/17/2020 12:00,396 ,1.09617,0.027,0.05,0.1104,0.04625,1,高峰
1/17/2020 13:00,397 ,1.09617,0.027,0.05,0.1104,0.04625,1,高峰
1/17/2020 14:00,398 ,0.70245,0.027,0.05,0.1104,0.04625,1,平时
1/17/2020 15:00,399 ,0.70245,0.027,0.05,0.1104,0.04625,1,平时
1/17/2020 16:00,400 ,0.70245,0.027,0.05,0.1104,0.04625,1,平时
1/17/2020 17:00,401 ,0.70245,0.027,0.05,0.1104,0.04625,1,平时
1/17/2020 18:00,402 ,1.30615,0.027,0.05,0.1104,0.04625,1,尖峰
1/17/2020 19:00,403 ,1.30615,0.027,0.05,0.1104,0.04625,1,尖峰
1/17/2020 20:00,404 ,1.30615,0.027,0.05,0.1104,0.04625,1,尖峰
1/17/2020 21:00,405 ,1.30615,0.027,0.05,0.1104,0.04625,1,尖峰
1/17/2020 22:00,406 ,1.09617,0.027,0.05,0.1104,0.04625,1,高峰
1/17/2020 23:00,407 ,0.30872,0.027,0.05,0.1104,0.04625,1,低谷
1/18/2020 0:00,408 ,0.30872,0.027,0.05,0.1104,0.04625,1,低谷
1/18/2020 1:00,409 ,0.30872,0.027,0.05,0.1104,0.04625,1,低谷
1/18/2020 2:00,410 ,0.30872,0.027,0.05,0.1104,0.04625,1,低谷
1/18/2020 3:00,411 ,0.30872,0.027,0.05,0.1104,0.04625,1,低谷
1/18/2020 4:00,412 ,0.30872,0.027,0.05,0.1104,0.04625,1,低谷
1/18/2020 5:00,413 ,0.30872,0.027,0.05,0.1104,0.04625,1,低谷
1/18/2020 6:00,414 ,0.30872,0.027,0.05,0.1104,0.04625,1,低谷
1/18/2020 7:00,415 ,0.70245,0.027,0.05,0.1104,0.04625,1,平时
1/18/2020 8:00,416 ,0.70245,0.027,0.05,0.1104,0.04625,1,平时
1/18/2020 9:00,417 ,0.70245,0.027,0.05,0.1104,0.04625,1,平时
1/18/2020 10:00,418 ,0.70245,0.027,0.05,0.1104,0.04625,1,平时
1/18/2020 11:00,419 ,1.09617,0.027,0.05,0.1104,0.04625,1,高峰
1/18/2020 12:00,420 ,1.09617,0.027,0.05,0.1104,0.04625,1,高峰
1/18/2020 13:00,421 ,1.09617,0.027,0.05,0.1104,0.04625,1,高峰
1/18/2020 14:00,422 ,0.70245,0.027,0.05,0.1104,0.04625,1,平时
1/18/2020 15:00,423 ,0.70245,0.027,0.05,0.1104,0.04625,1,平时
1/18/2020 16:00,424 ,0.70245,0.027,0.05,0.1104,0.04625,1,平时
1/18/2020 17:00,425 ,0.70245,0.027,0.05,0.1104,0.04625,1,平时
1/18/2020 18:00,426 ,1.30615,0.027,0.05,0.1104,0.04625,1,尖峰
1/18/2020 19:00,427 ,1.30615,0.027,0.05,0.1104,0.04625,1,尖峰
1/18/2020 20:00,428 ,1.30615,0.027,0.05,0.1104,0.04625,1,尖峰
1/18/2020 21:00,429 ,1.30615,0.027,0.05,0.1104,0.04625,1,尖峰
1/18/2020 22:00,430 ,1.09617,0.027,0.05,0.1104,0.04625,1,高峰
1/18/2020 23:00,431 ,0.30872,0.027,0.05,0.1104,0.04625,1,低谷
1/19/2020 0:00,432 ,0.30872,0.027,0.05,0.1104,0.04625,1,低谷
1/19/2020 1:00,433 ,0.30872,0.027,0.05,0.1104,0.04625,1,低谷
1/19/2020 2:00,434 ,0.30872,0.027,0.05,0.1104,0.04625,1,低谷
1/19/2020 3:00,435 ,0.30872,0.027,0.05,0.1104,0.04625,1,低谷
1/19/2020 4:00,436 ,0.30872,0.027,0.05,0.1104,0.04625,1,低谷
1/19/2020 5:00,437 ,0.30872,0.027,0.05,0.1104,0.04625,1,低谷
1/19/2020 6:00,438 ,0.30872,0.027,0.05,0.1104,0.04625,1,低谷
1/19/2020 7:00,439 ,0.70245,0.027,0.05,0.1104,0.04625,1,平时
1/19/2020 8:00,440 ,0.70245,0.027,0.05,0.1104,0.04625,1,平时
1/19/2020 9:00,441 ,0.70245,0.027,0.05,0.1104,0.04625,1,平时
1/19/2020 10:00,442 ,0.70245,0.027,0.05,0.1104,0.04625,1,平时
1/19/2020 11:00,443 ,1.09617,0.027,0.05,0.1104,0.04625,1,高峰
1/19/2020 12:00,444 ,1.09617,0.027,0.05,0.1104,0.04625,1,高峰
1/19/2020 13:00,445 ,1.09617,0.027,0.05,0.1104,0.04625,1,高峰
1/19/2020 14:00,446 ,0.70245,0.027,0.05,0.1104,0.04625,1,平时
1/19/2020 15:00,447 ,0.70245,0.027,0.05,0.1104,0.04625,1,平时
1/19/2020 16:00,448 ,0.70245,0.027,0.05,0.1104,0.04625,1,平时
1/19/2020 17:00,449 ,0.70245,0.027,0.05,0.1104,0.04625,1,平时
1/19/2020 18:00,450 ,1.30615,0.027,0.05,0.1104,0.04625,1,尖峰
1/19/2020 19:00,451 ,1.30615,0.027,0.05,0.1104,0.04625,1,尖峰
1/19/2020 20:00,452 ,1.30615,0.027,0.05,0.1104,0.04625,1,尖峰
1/19/2020 21:00,453 ,1.30615,0.027,0.05,0.1104,0.04625,1,尖峰
1/19/2020 22:00,454 ,1.09617,0.027,0.05,0.1104,0.04625,1,高峰
1/19/2020 23:00,455 ,0.30872,0.027,0.05,0.1104,0.04625,1,低谷
1/20/2020 0:00,456 ,0.30872,0.027,0.05,0.1104,0.04625,1,低谷
1/20/2020 1:00,457 ,0.30872,0.027,0.05,0.1104,0.04625,1,低谷
1/20/2020 2:00,458 ,0.30872,0.027,0.05,0.1104,0.04625,1,低谷
1/20/2020 3:00,459 ,0.30872,0.027,0.05,0.1104,0.04625,1,低谷
1/20/2020 4:00,460 ,0.30872,0.027,0.05,0.1104,0.04625,1,低谷
1/20/2020 5:00,461 ,0.30872,0.027,0.05,0.1104,0.04625,1,低谷
1/20/2020 6:00,462 ,0.30872,0.027,0.05,0.1104,0.04625,1,低谷
1/20/2020 7:00,463 ,0.70245,0.027,0.05,0.1104,0.04625,1,平时
1/20/2020 8:00,464 ,0.70245,0.027,0.05,0.1104,0.04625,1,平时
1/20/2020 9:00,465 ,0.70245,0.027,0.05,0.1104,0.04625,1,平时
1/20/2020 10:00,466 ,0.70245,0.027,0.05,0.1104,0.04625,1,平时
1/20/2020 11:00,467 ,1.09617,0.027,0.05,0.1104,0.04625,1,高峰
1/20/2020 12:00,468 ,1.09617,0.027,0.05,0.1104,0.04625,1,高峰
1/20/2020 13:00,469 ,1.09617,0.027,0.05,0.1104,0.04625,1,高峰
1/20/2020 14:00,470 ,0.70245,0.027,0.05,0.1104,0.04625,1,平时
1/20/2020 15:00,471 ,0.70245,0.027,0.05,0.1104,0.04625,1,平时
1/20/2020 16:00,472 ,0.70245,0.027,0.05,0.1104,0.04625,1,平时
1/20/2020 17:00,473 ,0.70245,0.027,0.05,0.1104,0.04625,1,平时
1/20/2020 18:00,474 ,1.30615,0.027,0.05,0.1104,0.04625,1,尖峰
1/20/2020 19:00,475 ,1.30615,0.027,0.05,0.1104,0.04625,1,尖峰
1/20/2020 20:00,476 ,1.30615,0.027,0.05,0.1104,0.04625,1,尖峰
1/20/2020 21:00,477 ,1.30615,0.027,0.05,0.1104,0.04625,1,尖峰
1/20/2020 22:00,478 ,1.09617,0.027,0.05,0.1104,0.04625,1,高峰
1/20/2020 23:00,479 ,0.30872,0.027,0.05,0.1104,0.04625,1,低谷
1/21/2020 0:00,480 ,0.30872,0.027,0.05,0.1104,0.04625,1,低谷
1/21/2020 1:00,481 ,0.30872,0.027,0.05,0.1104,0.04625,1,低谷
1/21/2020 2:00,482 ,0.30872,0.027,0.05,0.1104,0.04625,1,低谷
1/21/2020 3:00,483 ,0.30872,0.027,0.05,0.1104,0.04625,1,低谷
1/21/2020 4:00,484 ,0.30872,0.027,0.05,0.1104,0.04625,1,低谷
1/21/2020 5:00,485 ,0.30872,0.027,0.05,0.1104,0.04625,1,低谷
1/21/2020 6:00,486 ,0.30872,0.027,0.05,0.1104,0.04625,1,低谷
1/21/2020 7:00,487 ,0.70245,0.027,0.05,0.1104,0.04625,1,平时
1/21/2020 8:00,488 ,0.70245,0.027,0.05,0.1104,0.04625,1,平时
1/21/2020 9:00,489 ,0.70245,0.027,0.05,0.1104,0.04625,1,平时
1/21/2020 10:00,490 ,0.70245,0.027,0.05,0.1104,0.04625,1,平时
1/21/2020 11:00,491 ,1.09617,0.027,0.05,0.1104,0.04625,1,高峰
1/21/2020 12:00,492 ,1.09617,0.027,0.05,0.1104,0.04625,1,高峰
1/21/2020 13:00,493 ,1.09617,0.027,0.05,0.1104,0.04625,1,高峰
1/21/2020 14:00,494 ,0.70245,0.027,0.05,0.1104,0.04625,1,平时
1/21/2020 15:00,495 ,0.70245,0.027,0.05,0.1104,0.04625,1,平时
1/21/2020 16:00,496 ,0.70245,0.027,0.05,0.1104,0.04625,1,平时
1/21/2020 17:00,497 ,0.70245,0.027,0.05,0.1104,0.04625,1,平时
1/21/2020 18:00,498 ,1.30615,0.027,0.05,0.1104,0.04625,1,尖峰
1/21/2020 19:00,499 ,1.30615,0.027,0.05,0.1104,0.04625,1,尖峰
1/21/2020 20:00,500 ,1.30615,0.027,0.05,0.1104,0.04625,1,尖峰
1/21/2020 21:00,501 ,1.30615,0.027,0.05,0.1104,0.04625,1,尖峰
1/21/2020 22:00,502 ,1.09617,0.027,0.05,0.1104,0.04625,1,高峰
1/21/2020 23:00,503 ,0.30872,0.027,0.05,0.1104,0.04625,1,低谷
1/22/2020 0:00,504 ,0.30872,0.027,0.05,0.1104,0.04625,1,低谷
1/22/2020 1:00,505 ,0.30872,0.027,0.05,0.1104,0.04625,1,低谷
1/22/2020 2:00,506 ,0.30872,0.027,0.05,0.1104,0.04625,1,低谷
1/22/2020 3:00,507 ,0.30872,0.027,0.05,0.1104,0.04625,1,低谷
1/22/2020 4:00,508 ,0.30872,0.027,0.05,0.1104,0.04625,1,低谷
1/22/2020 5:00,509 ,0.30872,0.027,0.05,0.1104,0.04625,1,低谷
1/22/2020 6:00,510 ,0.30872,0.027,0.05,0.1104,0.04625,1,低谷
1/22/2020 7:00,511 ,0.70245,0.027,0.05,0.1104,0.04625,1,平时
1/22/2020 8:00,512 ,0.70245,0.027,0.05,0.1104,0.04625,1,平时
1/22/2020 9:00,513 ,0.70245,0.027,0.05,0.1104,0.04625,1,平时
1/22/2020 10:00,514 ,0.70245,0.027,0.05,0.1104,0.04625,1,平时
1/22/2020 11:00,515 ,1.09617,0.027,0.05,0.1104,0.04625,1,高峰
1/22/2020 12:00,516 ,1.09617,0.027,0.05,0.1104,0.04625,1,高峰
1/22/2020 13:00,517 ,1.09617,0.027,0.05,0.1104,0.04625,1,高峰
1/22/2020 14:00,518 ,0.70245,0.027,0.05,0.1104,0.04625,1,平时
1/22/2020 15:00,519 ,0.70245,0.027,0.05,0.1104,0.04625,1,平时
1/22/2020 16:00,520 ,0.70245,0.027,0.05,0.1104,0.04625,1,平时
1/22/2020 17:00,521 ,0.70245,0.027,0.05,0.1104,0.04625,1,平时
1/22/2020 18:00,522 ,1.30615,0.027,0.05,0.1104,0.04625,1,尖峰
1/22/2020 19:00,523 ,1.30615,0.027,0.05,0.1104,0.04625,1,尖峰
1/22/2020 20:00,524 ,1.30615,0.027,0.05,0.1104,0.04625,1,尖峰
1/22/2020 21:00,525 ,1.30615,0.027,0.05,0.1104,0.04625,1,尖峰
1/22/2020 22:00,526 ,1.09617,0.027,0.05,0.1104,0.04625,1,高峰
1/22/2020 23:00,527 ,0.30872,0.027,0.05,0.1104,0.04625,1,低谷
1/23/2020 0:00,528 ,0.30872,0.027,0.05,0.1104,0.04625,1,低谷
1/23/2020 1:00,529 ,0.30872,0.027,0.05,0.1104,0.04625,1,低谷
1/23/2020 2:00,530 ,0.30872,0.027,0.05,0.1104,0.04625,1,低谷
1/23/2020 3:00,531 ,0.30872,0.027,0.05,0.1104,0.04625,1,低谷
1/23/2020 4:00,532 ,0.30872,0.027,0.05,0.1104,0.04625,1,低谷
1/23/2020 5:00,533 ,0.30872,0.027,0.05,0.1104,0.04625,1,低谷
1/23/2020 6:00,534 ,0.30872,0.027,0.05,0.1104,0.04625,1,低谷
1/23/2020 7:00,535 ,0.70245,0.027,0.05,0.1104,0.04625,1,平时
1/23/2020 8:00,536 ,0.70245,0.027,0.05,0.1104,0.04625,1,平时
1/23/2020 9:00,537 ,0.70245,0.027,0.05,0.1104,0.04625,1,平时
1/23/2020 10:00,538 ,0.70245,0.027,0.05,0.1104,0.04625,1,平时
1/23/2020 11:00,539 ,1.09617,0.027,0.05,0.1104,0.04625,1,高峰
1/23/2020 12:00,540 ,1.09617,0.027,0.05,0.1104,0.04625,1,高峰
1/23/2020 13:00,541 ,1.09617,0.027,0.05,0.1104,0.04625,1,高峰
1/23/2020 14:00,542 ,0.70245,0.027,0.05,0.1104,0.04625,1,平时
1/23/2020 15:00,543 ,0.70245,0.027,0.05,0.1104,0.04625,1,平时
1/23/2020 16:00,544 ,0.70245,0.027,0.05,0.1104,0.04625,1,平时
1/23/2020 17:00,545 ,0.70245,0.027,0.05,0.1104,0.04625,1,平时
1/23/2020 18:00,546 ,1.30615,0.027,0.05,0.1104,0.04625,1,尖峰
1/23/2020 19:00,547 ,1.30615,0.027,0.05,0.1104,0.04625,1,尖峰
1/23/2020 20:00,548 ,1.30615,0.027,0.05,0.1104,0.04625,1,尖峰
1/23/2020 21:00,549 ,1.30615,0.027,0.05,0.1104,0.04625,1,尖峰
1/23/2020 22:00,550 ,1.09617,0.027,0.05,0.1104,0.04625,1,高峰
1/23/2020 23:00,551 ,0.30872,0.027,0.05,0.1104,0.04625,1,低谷
1/24/2020 0:00,552 ,0.30872,0.027,0.05,0.1104,0.04625,1,低谷
1/24/2020 1:00,553 ,0.30872,0.027,0.05,0.1104,0.04625,1,低谷
1/24/2020 2:00,554 ,0.30872,0.027,0.05,0.1104,0.04625,1,低谷
1/24/2020 3:00,555 ,0.30872,0.027,0.05,0.1104,0.04625,1,低谷
1/24/2020 4:00,556 ,0.30872,0.027,0.05,0.1104,0.04625,1,低谷
1/24/2020 5:00,557 ,0.30872,0.027,0.05,0.1104,0.04625,1,低谷
1/24/2020 6:00,558 ,0.30872,0.027,0.05,0.1104,0.04625,1,低谷
1/24/2020 7:00,559 ,0.70245,0.027,0.05,0.1104,0.04625,1,平时
1/24/2020 8:00,560 ,0.70245,0.027,0.05,0.1104,0.04625,1,平时
1/24/2020 9:00,561 ,0.70245,0.027,0.05,0.1104,0.04625,1,平时
1/24/2020 10:00,562 ,0.70245,0.027,0.05,0.1104,0.04625,1,平时
1/24/2020 11:00,563 ,1.09617,0.027,0.05,0.1104,0.04625,1,高峰
1/24/2020 12:00,564 ,1.09617,0.027,0.05,0.1104,0.04625,1,高峰
1/24/2020 13:00,565 ,1.09617,0.027,0.05,0.1104,0.04625,1,高峰
1/24/2020 14:00,566 ,0.70245,0.027,0.05,0.1104,0.04625,1,平时
1/24/2020 15:00,567 ,0.70245,0.027,0.05,0.1104,0.04625,1,平时
1/24/2020 16:00,568 ,0.70245,0.027,0.05,0.1104,0.04625,1,平时
1/24/2020 17:00,569 ,0.70245,0.027,0.05,0.1104,0.04625,1,平时
1/24/2020 18:00,570 ,1.30615,0.027,0.05,0.1104,0.04625,1,尖峰
1/24/2020 19:00,571 ,1.30615,0.027,0.05,0.1104,0.04625,1,尖峰
1/24/2020 20:00,572 ,1.30615,0.027,0.05,0.1104,0.04625,1,尖峰
1/24/2020 21:00,573 ,1.30615,0.027,0.05,0.1104,0.04625,1,尖峰
1/24/2020 22:00,574 ,1.09617,0.027,0.05,0.1104,0.04625,1,高峰
1/24/2020 23:00,575 ,0.30872,0.027,0.05,0.1104,0.04625,1,低谷
1/25/2020 0:00,576 ,0.30872,0.027,0.05,0.1104,0.04625,1,低谷
1/25/2020 1:00,577 ,0.30872,0.027,0.05,0.1104,0.04625,1,低谷
1/25/2020 2:00,578 ,0.30872,0.027,0.05,0.1104,0.04625,1,低谷
1/25/2020 3:00,579 ,0.30872,0.027,0.05,0.1104,0.04625,1,低谷
1/25/2020 4:00,580 ,0.30872,0.027,0.05,0.1104,0.04625,1,低谷
1/25/2020 5:00,581 ,0.30872,0.027,0.05,0.1104,0.04625,1,低谷
1/25/2020 6:00,582 ,0.30872,0.027,0.05,0.1104,0.04625,1,低谷
1/25/2020 7:00,583 ,0.70245,0.027,0.05,0.1104,0.04625,1,平时
1/25/2020 8:00,584 ,0.70245,0.027,0.05,0.1104,0.04625,1,平时
1/25/2020 9:00,585 ,0.70245,0.027,0.05,0.1104,0.04625,1,平时
1/25/2020 10:00,586 ,0.70245,0.027,0.05,0.1104,0.04625,1,平时
1/25/2020 11:00,587 ,1.09617,0.027,0.05,0.1104,0.04625,1,高峰
1/25/2020 12:00,588 ,1.09617,0.027,0.05,0.1104,0.04625,1,高峰
1/25/2020 13:00,589 ,1.09617,0.027,0.05,0.1104,0.04625,1,高峰
1/25/2020 14:00,590 ,0.70245,0.027,0.05,0.1104,0.04625,1,平时
1/25/2020 15:00,591 ,0.70245,0.027,0.05,0.1104,0.04625,1,平时
1/25/2020 16:00,592 ,0.70245,0.027,0.05,0.1104,0.04625,1,平时
1/25/2020 17:00,593 ,0.70245,0.027,0.05,0.1104,0.04625,1,平时
1/25/2020 18:00,594 ,1.30615,0.027,0.05,0.1104,0.04625,1,尖峰
1/25/2020 19:00,595 ,1.30615,0.027,0.05,0.1104,0.04625,1,尖峰
1/25/2020 20:00,596 ,1.30615,0.027,0.05,0.1104,0.04625,1,尖峰
1/25/2020 21:00,597 ,1.30615,0.027,0.05,0.1104,0.04625,1,尖峰
1/25/2020 22:00,598 ,1.09617,0.027,0.05,0.1104,0.04625,1,高峰
1/25/2020 23:00,599 ,0.30872,0.027,0.05,0.1104,0.04625,1,低谷
1/26/2020 0:00,600 ,0.30872,0.027,0.05,0.1104,0.04625,1,低谷
1/26/2020 1:00,601 ,0.30872,0.027,0.05,0.1104,0.04625,1,低谷
1/26/2020 2:00,602 ,0.30872,0.027,0.05,0.1104,0.04625,1,低谷
1/26/2020 3:00,603 ,0.30872,0.027,0.05,0.1104,0.04625,1,低谷
1/26/2020 4:00,604 ,0.30872,0.027,0.05,0.1104,0.04625,1,低谷
1/26/2020 5:00,605 ,0.30872,0.027,0.05,0.1104,0.04625,1,低谷
1/26/2020 6:00,606 ,0.30872,0.027,0.05,0.1104,0.04625,1,低谷
1/26/2020 7:00,607 ,0.70245,0.027,0.05,0.1104,0.04625,1,平时
1/26/2020 8:00,608 ,0.70245,0.027,0.05,0.1104,0.04625,1,平时
1/26/2020 9:00,609 ,0.70245,0.027,0.05,0.1104,0.04625,1,平时
1/26/2020 10:00,610 ,0.70245,0.027,0.05,0.1104,0.04625,1,平时
1/26/2020 11:00,611 ,1.09617,0.027,0.05,0.1104,0.04625,1,高峰
1/26/2020 12:00,612 ,1.09617,0.027,0.05,0.1104,0.04625,1,高峰
1/26/2020 13:00,613 ,1.09617,0.027,0.05,0.1104,0.04625,1,高峰
1/26/2020 14:00,614 ,0.70245,0.027,0.05,0.1104,0.04625,1,平时
1/26/2020 15:00,615 ,0.70245,0.027,0.05,0.1104,0.04625,1,平时
1/26/2020 16:00,616 ,0.70245,0.027,0.05,0.1104,0.04625,1,平时
1/26/2020 17:00,617 ,0.70245,0.027,0.05,0.1104,0.04625,1,平时
1/26/2020 18:00,618 ,1.30615,0.027,0.05,0.1104,0.04625,1,尖峰
1/26/2020 19:00,619 ,1.30615,0.027,0.05,0.1104,0.04625,1,尖峰
1/26/2020 20:00,620 ,1.30615,0.027,0.05,0.1104,0.04625,1,尖峰
1/26/2020 21:00,621 ,1.30615,0.027,0.05,0.1104,0.04625,1,尖峰
1/26/2020 22:00,622 ,1.09617,0.027,0.05,0.1104,0.04625,1,高峰
1/26/2020 23:00,623 ,0.30872,0.027,0.05,0.1104,0.04625,1,低谷
1/27/2020 0:00,624 ,0.30872,0.027,0.05,0.1104,0.04625,1,低谷
1/27/2020 1:00,625 ,0.30872,0.027,0.05,0.1104,0.04625,1,低谷
1/27/2020 2:00,626 ,0.30872,0.027,0.05,0.1104,0.04625,1,低谷
1/27/2020 3:00,627 ,0.30872,0.027,0.05,0.1104,0.04625,1,低谷
1/27/2020 4:00,628 ,0.30872,0.027,0.05,0.1104,0.04625,1,低谷
1/27/2020 5:00,629 ,0.30872,0.027,0.05,0.1104,0.04625,1,低谷
1/27/2020 6:00,630 ,0.30872,0.027,0.05,0.1104,0.04625,1,低谷
1/27/2020 7:00,631 ,0.70245,0.027,0.05,0.1104,0.04625,1,平时
1/27/2020 8:00,632 ,0.70245,0.027,0.05,0.1104,0.04625,1,平时
1/27/2020 9:00,633 ,0.70245,0.027,0.05,0.1104,0.04625,1,平时
1/27/2020 10:00,634 ,0.70245,0.027,0.05,0.1104,0.04625,1,平时
1/27/2020 11:00,635 ,1.09617,0.027,0.05,0.1104,0.04625,1,高峰
1/27/2020 12:00,636 ,1.09617,0.027,0.05,0.1104,0.04625,1,高峰
1/27/2020 13:00,637 ,1.09617,0.027,0.05,0.1104,0.04625,1,高峰
1/27/2020 14:00,638 ,0.70245,0.027,0.05,0.1104,0.04625,1,平时
1/27/2020 15:00,639 ,0.70245,0.027,0.05,0.1104,0.04625,1,平时
1/27/2020 16:00,640 ,0.70245,0.027,0.05,0.1104,0.04625,1,平时
1/27/2020 17:00,641 ,0.70245,0.027,0.05,0.1104,0.04625,1,平时
1/27/2020 18:00,642 ,1.30615,0.027,0.05,0.1104,0.04625,1,尖峰
1/27/2020 19:00,643 ,1.30615,0.027,0.05,0.1104,0.04625,1,尖峰
1/27/2020 20:00,644 ,1.30615,0.027,0.05,0.1104,0.04625,1,尖峰
1/27/2020 21:00,645 ,1.30615,0.027,0.05,0.1104,0.04625,1,尖峰
1/27/2020 22:00,646 ,1.09617,0.027,0.05,0.1104,0.04625,1,高峰
1/27/2020 23:00,647 ,0.30872,0.027,0.05,0.1104,0.04625,1,低谷
1/28/2020 0:00,648 ,0.30872,0.027,0.05,0.1104,0.04625,1,低谷
1/28/2020 1:00,649 ,0.30872,0.027,0.05,0.1104,0.04625,1,低谷
1/28/2020 2:00,650 ,0.30872,0.027,0.05,0.1104,0.04625,1,低谷
1/28/2020 3:00,651 ,0.30872,0.027,0.05,0.1104,0.04625,1,低谷
1/28/2020 4:00,652 ,0.30872,0.027,0.05,0.1104,0.04625,1,低谷
1/28/2020 5:00,653 ,0.30872,0.027,0.05,0.1104,0.04625,1,低谷
1/28/2020 6:00,654 ,0.30872,0.027,0.05,0.1104,0.04625,1,低谷
1/28/2020 7:00,655 ,0.70245,0.027,0.05,0.1104,0.04625,1,平时
1/28/2020 8:00,656 ,0.70245,0.027,0.05,0.1104,0.04625,1,平时
1/28/2020 9:00,657 ,0.70245,0.027,0.05,0.1104,0.04625,1,平时
1/28/2020 10:00,658 ,0.70245,0.027,0.05,0.1104,0.04625,1,平时
1/28/2020 11:00,659 ,1.09617,0.027,0.05,0.1104,0.04625,1,高峰
1/28/2020 12:00,660 ,1.09617,0.027,0.05,0.1104,0.04625,1,高峰
1/28/2020 13:00,661 ,1.09617,0.027,0.05,0.1104,0.04625,1,高峰
1/28/2020 14:00,662 ,0.70245,0.027,0.05,0.1104,0.04625,1,平时
1/28/2020 15:00,663 ,0.70245,0.027,0.05,0.1104,0.04625,1,平时
1/28/2020 16:00,664 ,0.70245,0.027,0.05,0.1104,0.04625,1,平时
1/28/2020 17:00,665 ,0.70245,0.027,0.05,0.1104,0.04625,1,平时
1/28/2020 18:00,666 ,1.30615,0.027,0.05,0.1104,0.04625,1,尖峰
1/28/2020 19:00,667 ,1.30615,0.027,0.05,0.1104,0.04625,1,尖峰
1/28/2020 20:00,668 ,1.30615,0.027,0.05,0.1104,0.04625,1,尖峰
1/28/2020 21:00,669 ,1.30615,0.027,0.05,0.1104,0.04625,1,尖峰
1/28/2020 22:00,670 ,1.09617,0.027,0.05,0.1104,0.04625,1,高峰
1/28/2020 23:00,671 ,0.30872,0.027,0.05,0.1104,0.04625,1,低谷
1/29/2020 0:00,672 ,0.30872,0.027,0.05,0.1104,0.04625,1,低谷
1/29/2020 1:00,673 ,0.30872,0.027,0.05,0.1104,0.04625,1,低谷
1/29/2020 2:00,674 ,0.30872,0.027,0.05,0.1104,0.04625,1,低谷
1/29/2020 3:00,675 ,0.30872,0.027,0.05,0.1104,0.04625,1,低谷
1/29/2020 4:00,676 ,0.30872,0.027,0.05,0.1104,0.04625,1,低谷
1/29/2020 5:00,677 ,0.30872,0.027,0.05,0.1104,0.04625,1,低谷
1/29/2020 6:00,678 ,0.30872,0.027,0.05,0.1104,0.04625,1,低谷
1/29/2020 7:00,679 ,0.70245,0.027,0.05,0.1104,0.04625,1,平时
1/29/2020 8:00,680 ,0.70245,0.027,0.05,0.1104,0.04625,1,平时
1/29/2020 9:00,681 ,0.70245,0.027,0.05,0.1104,0.04625,1,平时
1/29/2020 10:00,682 ,0.70245,0.027,0.05,0.1104,0.04625,1,平时
1/29/2020 11:00,683 ,1.09617,0.027,0.05,0.1104,0.04625,1,高峰
1/29/2020 12:00,684 ,1.09617,0.027,0.05,0.1104,0.04625,1,高峰
1/29/2020 13:00,685 ,1.09617,0.027,0.05,0.1104,0.04625,1,高峰
1/29/2020 14:00,686 ,0.70245,0.027,0.05,0.1104,0.04625,1,平时
1/29/2020 15:00,687 ,0.70245,0.027,0.05,0.1104,0.04625,1,平时
1/29/2020 16:00,688 ,0.70245,0.027,0.05,0.1104,0.04625,1,平时
1/29/2020 17:00,689 ,0.70245,0.027,0.05,0.1104,0.04625,1,平时
1/29/2020 18:00,690 ,1.30615,0.027,0.05,0.1104,0.04625,1,尖峰
1/29/2020 19:00,691 ,1.30615,0.027,0.05,0.1104,0.04625,1,尖峰
1/29/2020 20:00,692 ,1.30615,0.027,0.05,0.1104,0.04625,1,尖峰
1/29/2020 21:00,693 ,1.30615,0.027,0.05,0.1104,0.04625,1,尖峰
1/29/2020 22:00,694 ,1.09617,0.027,0.05,0.1104,0.04625,1,高峰
1/29/2020 23:00,695 ,0.30872,0.027,0.05,0.1104,0.04625,1,低谷
1/30/2020 0:00,696 ,0.30872,0.027,0.05,0.1104,0.04625,1,低谷
1/30/2020 1:00,697 ,0.30872,0.027,0.05,0.1104,0.04625,1,低谷
1/30/2020 2:00,698 ,0.30872,0.027,0.05,0.1104,0.04625,1,低谷
1/30/2020 3:00,699 ,0.30872,0.027,0.05,0.1104,0.04625,1,低谷
1/30/2020 4:00,700 ,0.30872,0.027,0.05,0.1104,0.04625,1,低谷
1/30/2020 5:00,701 ,0.30872,0.027,0.05,0.1104,0.04625,1,低谷
1/30/2020 6:00,702 ,0.30872,0.027,0.05,0.1104,0.04625,1,低谷
1/30/2020 7:00,703 ,0.70245,0.027,0.05,0.1104,0.04625,1,平时
1/30/2020 8:00,704 ,0.70245,0.027,0.05,0.1104,0.04625,1,平时
1/30/2020 9:00,705 ,0.70245,0.027,0.05,0.1104,0.04625,1,平时
1/30/2020 10:00,706 ,0.70245,0.027,0.05,0.1104,0.04625,1,平时
1/30/2020 11:00,707 ,1.09617,0.027,0.05,0.1104,0.04625,1,高峰
1/30/2020 12:00,708 ,1.09617,0.027,0.05,0.1104,0.04625,1,高峰
1/30/2020 13:00,709 ,1.09617,0.027,0.05,0.1104,0.04625,1,高峰
1/30/2020 14:00,710 ,0.70245,0.027,0.05,0.1104,0.04625,1,平时
1/30/2020 15:00,711 ,0.70245,0.027,0.05,0.1104,0.04625,1,平时
1/30/2020 16:00,712 ,0.70245,0.027,0.05,0.1104,0.04625,1,平时
1/30/2020 17:00,713 ,0.70245,0.027,0.05,0.1104,0.04625,1,平时
1/30/2020 18:00,714 ,1.30615,0.027,0.05,0.1104,0.04625,1,尖峰
1/30/2020 19:00,715 ,1.30615,0.027,0.05,0.1104,0.04625,1,尖峰
1/30/2020 20:00,716 ,1.30615,0.027,0.05,0.1104,0.04625,1,尖峰
1/30/2020 21:00,717 ,1.30615,0.027,0.05,0.1104,0.04625,1,尖峰
1/30/2020 22:00,718 ,1.09617,0.027,0.05,0.1104,0.04625,1,高峰
1/30/2020 23:00,719 ,0.30872,0.027,0.05,0.1104,0.04625,1,低谷
1/31/2020 0:00,720 ,0.30872,0.027,0.05,0.1104,0.04625,1,低谷
1/31/2020 1:00,721 ,0.30872,0.027,0.05,0.1104,0.04625,1,低谷
1/31/2020 2:00,722 ,0.30872,0.027,0.05,0.1104,0.04625,1,低谷
1/31/2020 3:00,723 ,0.30872,0.027,0.05,0.1104,0.04625,1,低谷
1/31/2020 4:00,724 ,0.30872,0.027,0.05,0.1104,0.04625,1,低谷
1/31/2020 5:00,725 ,0.30872,0.027,0.05,0.1104,0.04625,1,低谷
1/31/2020 6:00,726 ,0.30872,0.027,0.05,0.1104,0.04625,1,低谷
1/31/2020 7:00,727 ,0.70245,0.027,0.05,0.1104,0.04625,1,平时
1/31/2020 8:00,728 ,0.70245,0.027,0.05,0.1104,0.04625,1,平时
1/31/2020 9:00,729 ,0.70245,0.027,0.05,0.1104,0.04625,1,平时
1/31/2020 10:00,730 ,0.70245,0.027,0.05,0.1104,0.04625,1,平时
1/31/2020 11:00,731 ,1.09617,0.027,0.05,0.1104,0.04625,1,高峰
1/31/2020 12:00,732 ,1.09617,0.027,0.05,0.1104,0.04625,1,高峰
1/31/2020 13:00,733 ,1.09617,0.027,0.05,0.1104,0.04625,1,高峰
1/31/2020 14:00,734 ,0.70245,0.027,0.05,0.1104,0.04625,1,平时
1/31/2020 15:00,735 ,0.70245,0.027,0.05,0.1104,0.04625,1,平时
1/31/2020 16:00,736 ,0.70245,0.027,0.05,0.1104,0.04625,1,平时
1/31/2020 17:00,737 ,0.70245,0.027,0.05,0.1104,0.04625,1,平时
1/31/2020 18:00,738 ,1.30615,0.027,0.05,0.1104,0.04625,1,尖峰
1/31/2020 19:00,739 ,1.30615,0.027,0.05,0.1104,0.04625,1,尖峰
1/31/2020 20:00,740 ,1.30615,0.027,0.05,0.1104,0.04625,1,尖峰
1/31/2020 21:00,741 ,1.30615,0.027,0.05,0.1104,0.04625,1,尖峰
1/31/2020 22:00,742 ,1.09617,0.027,0.05,0.1104,0.04625,1,高峰
1/31/2020 23:00,743 ,0.30872,0.027,0.05,0.1104,0.04625,1,低谷
2/1/2020 0:00,744 ,0.30582,0.027,0.05,0.1104,0.04625,2,低谷
2/1/2020 1:00,745 ,0.30582,0.027,0.05,0.1104,0.04625,2,低谷
2/1/2020 2:00,746 ,0.30582,0.027,0.05,0.1104,0.04625,2,低谷
2/1/2020 3:00,747 ,0.30582,0.027,0.05,0.1104,0.04625,2,低谷
2/1/2020 4:00,748 ,0.30582,0.027,0.05,0.1104,0.04625,2,低谷
2/1/2020 5:00,749 ,0.30582,0.027,0.05,0.1104,0.04625,2,低谷
2/1/2020 6:00,750 ,0.30582,0.027,0.05,0.1104,0.04625,2,低谷
2/1/2020 7:00,751 ,0.68618,0.027,0.05,0.1104,0.04625,2,平时
2/1/2020 8:00,752 ,0.68618,0.027,0.05,0.1104,0.04625,2,平时
2/1/2020 9:00,753 ,0.68618,0.027,0.05,0.1104,0.04625,2,平时
2/1/2020 10:00,754 ,0.68618,0.027,0.05,0.1104,0.04625,2,平时
2/1/2020 11:00,755 ,1.08454,0.027,0.05,0.1104,0.04625,2,高峰
2/1/2020 12:00,756 ,1.08454,0.027,0.05,0.1104,0.04625,2,高峰
2/1/2020 13:00,757 ,1.08454,0.027,0.05,0.1104,0.04625,2,高峰
2/1/2020 14:00,758 ,0.68618,0.027,0.05,0.1104,0.04625,2,平时
2/1/2020 15:00,759 ,0.68618,0.027,0.05,0.1104,0.04625,2,平时
2/1/2020 16:00,760 ,0.68618,0.027,0.05,0.1104,0.04625,2,平时
2/1/2020 17:00,761 ,0.68618,0.027,0.05,0.1104,0.04625,2,平时
2/1/2020 18:00,762 ,1.08454,0.027,0.05,0.1104,0.04625,2,高峰
2/1/2020 19:00,763 ,1.08454,0.027,0.05,0.1104,0.04625,2,高峰
2/1/2020 20:00,764 ,1.08454,0.027,0.05,0.1104,0.04625,2,高峰
2/1/2020 21:00,765 ,1.08454,0.027,0.05,0.1104,0.04625,2,高峰
2/1/2020 22:00,766 ,1.08454,0.027,0.05,0.1104,0.04625,2,高峰
2/1/2020 23:00,767 ,0.30582,0.027,0.05,0.1104,0.04625,2,低谷
2/2/2020 0:00,768 ,0.30582,0.027,0.05,0.1104,0.04625,2,低谷
2/2/2020 1:00,769 ,0.30582,0.027,0.05,0.1104,0.04625,2,低谷
2/2/2020 2:00,770 ,0.30582,0.027,0.05,0.1104,0.04625,2,低谷
2/2/2020 3:00,771 ,0.30582,0.027,0.05,0.1104,0.04625,2,低谷
2/2/2020 4:00,772 ,0.30582,0.027,0.05,0.1104,0.04625,2,低谷
2/2/2020 5:00,773 ,0.30582,0.027,0.05,0.1104,0.04625,2,低谷
2/2/2020 6:00,774 ,0.30582,0.027,0.05,0.1104,0.04625,2,低谷
2/2/2020 7:00,775 ,0.68618,0.027,0.05,0.1104,0.04625,2,平时
2/2/2020 8:00,776 ,0.68618,0.027,0.05,0.1104,0.04625,2,平时
2/2/2020 9:00,777 ,0.68618,0.027,0.05,0.1104,0.04625,2,平时
2/2/2020 10:00,778 ,0.68618,0.027,0.05,0.1104,0.04625,2,平时
2/2/2020 11:00,779 ,1.08454,0.027,0.05,0.1104,0.04625,2,高峰
2/2/2020 12:00,780 ,1.08454,0.027,0.05,0.1104,0.04625,2,高峰
2/2/2020 13:00,781 ,1.08454,0.027,0.05,0.1104,0.04625,2,高峰
2/2/2020 14:00,782 ,0.68618,0.027,0.05,0.1104,0.04625,2,平时
2/2/2020 15:00,783 ,0.68618,0.027,0.05,0.1104,0.04625,2,平时
2/2/2020 16:00,784 ,0.68618,0.027,0.05,0.1104,0.04625,2,平时
2/2/2020 17:00,785 ,0.68618,0.027,0.05,0.1104,0.04625,2,平时
2/2/2020 18:00,786 ,1.08454,0.027,0.05,0.1104,0.04625,2,高峰
2/2/2020 19:00,787 ,1.08454,0.027,0.05,0.1104,0.04625,2,高峰
2/2/2020 20:00,788 ,1.08454,0.027,0.05,0.1104,0.04625,2,高峰
2/2/2020 21:00,789 ,1.08454,0.027,0.05,0.1104,0.04625,2,高峰
2/2/2020 22:00,790 ,1.08454,0.027,0.05,0.1104,0.04625,2,高峰
2/2/2020 23:00,791 ,0.30582,0.027,0.05,0.1104,0.04625,2,低谷
2/3/2020 0:00,792 ,0.30582,0.027,0.05,0.1104,0.04625,2,低谷
2/3/2020 1:00,793 ,0.30582,0.027,0.05,0.1104,0.04625,2,低谷
2/3/2020 2:00,794 ,0.30582,0.027,0.05,0.1104,0.04625,2,低谷
2/3/2020 3:00,795 ,0.30582,0.027,0.05,0.1104,0.04625,2,低谷
2/3/2020 4:00,796 ,0.30582,0.027,0.05,0.1104,0.04625,2,低谷
2/3/2020 5:00,797 ,0.30582,0.027,0.05,0.1104,0.04625,2,低谷
2/3/2020 6:00,798 ,0.30582,0.027,0.05,0.1104,0.04625,2,低谷
2/3/2020 7:00,799 ,0.68618,0.027,0.05,0.1104,0.04625,2,平时
2/3/2020 8:00,800 ,0.68618,0.027,0.05,0.1104,0.04625,2,平时
2/3/2020 9:00,801 ,0.68618,0.027,0.05,0.1104,0.04625,2,平时
2/3/2020 10:00,802 ,0.68618,0.027,0.05,0.1104,0.04625,2,平时
2/3/2020 11:00,803 ,1.08454,0.027,0.05,0.1104,0.04625,2,高峰
2/3/2020 12:00,804 ,1.08454,0.027,0.05,0.1104,0.04625,2,高峰
2/3/2020 13:00,805 ,1.08454,0.027,0.05,0.1104,0.04625,2,高峰
2/3/2020 14:00,806 ,0.68618,0.027,0.05,0.1104,0.04625,2,平时
2/3/2020 15:00,807 ,0.68618,0.027,0.05,0.1104,0.04625,2,平时
2/3/2020 16:00,808 ,0.68618,0.027,0.05,0.1104,0.04625,2,平时
2/3/2020 17:00,809 ,0.68618,0.027,0.05,0.1104,0.04625,2,平时
2/3/2020 18:00,810 ,1.08454,0.027,0.05,0.1104,0.04625,2,高峰
2/3/2020 19:00,811 ,1.08454,0.027,0.05,0.1104,0.04625,2,高峰
2/3/2020 20:00,812 ,1.08454,0.027,0.05,0.1104,0.04625,2,高峰
2/3/2020 21:00,813 ,1.08454,0.027,0.05,0.1104,0.04625,2,高峰
2/3/2020 22:00,814 ,1.08454,0.027,0.05,0.1104,0.04625,2,高峰
2/3/2020 23:00,815 ,0.30582,0.027,0.05,0.1104,0.04625,2,低谷
2/4/2020 0:00,816 ,0.30582,0.027,0.05,0.1104,0.04625,2,低谷
2/4/2020 1:00,817 ,0.30582,0.027,0.05,0.1104,0.04625,2,低谷
2/4/2020 2:00,818 ,0.30582,0.027,0.05,0.1104,0.04625,2,低谷
2/4/2020 3:00,819 ,0.30582,0.027,0.05,0.1104,0.04625,2,低谷
2/4/2020 4:00,820 ,0.30582,0.027,0.05,0.1104,0.04625,2,低谷
2/4/2020 5:00,821 ,0.30582,0.027,0.05,0.1104,0.04625,2,低谷
2/4/2020 6:00,822 ,0.30582,0.027,0.05,0.1104,0.04625,2,低谷
2/4/2020 7:00,823 ,0.68618,0.027,0.05,0.1104,0.04625,2,平时
2/4/2020 8:00,824 ,0.68618,0.027,0.05,0.1104,0.04625,2,平时
2/4/2020 9:00,825 ,0.68618,0.027,0.05,0.1104,0.04625,2,平时
2/4/2020 10:00,826 ,0.68618,0.027,0.05,0.1104,0.04625,2,平时
2/4/2020 11:00,827 ,1.08454,0.027,0.05,0.1104,0.04625,2,高峰
2/4/2020 12:00,828 ,1.08454,0.027,0.05,0.1104,0.04625,2,高峰
2/4/2020 13:00,829 ,1.08454,0.027,0.05,0.1104,0.04625,2,高峰
2/4/2020 14:00,830 ,0.68618,0.027,0.05,0.1104,0.04625,2,平时
2/4/2020 15:00,831 ,0.68618,0.027,0.05,0.1104,0.04625,2,平时
2/4/2020 16:00,832 ,0.68618,0.027,0.05,0.1104,0.04625,2,平时
2/4/2020 17:00,833 ,0.68618,0.027,0.05,0.1104,0.04625,2,平时
2/4/2020 18:00,834 ,1.08454,0.027,0.05,0.1104,0.04625,2,高峰
2/4/2020 19:00,835 ,1.08454,0.027,0.05,0.1104,0.04625,2,高峰
2/4/2020 20:00,836 ,1.08454,0.027,0.05,0.1104,0.04625,2,高峰
2/4/2020 21:00,837 ,1.08454,0.027,0.05,0.1104,0.04625,2,高峰
2/4/2020 22:00,838 ,1.08454,0.027,0.05,0.1104,0.04625,2,高峰
2/4/2020 23:00,839 ,0.30582,0.027,0.05,0.1104,0.04625,2,低谷
2/5/2020 0:00,840 ,0.30582,0.027,0.05,0.1104,0.04625,2,低谷
2/5/2020 1:00,841 ,0.30582,0.027,0.05,0.1104,0.04625,2,低谷
2/5/2020 2:00,842 ,0.30582,0.027,0.05,0.1104,0.04625,2,低谷
2/5/2020 3:00,843 ,0.30582,0.027,0.05,0.1104,0.04625,2,低谷
2/5/2020 4:00,844 ,0.30582,0.027,0.05,0.1104,0.04625,2,低谷
2/5/2020 5:00,845 ,0.30582,0.027,0.05,0.1104,0.04625,2,低谷
2/5/2020 6:00,846 ,0.30582,0.027,0.05,0.1104,0.04625,2,低谷
2/5/2020 7:00,847 ,0.68618,0.027,0.05,0.1104,0.04625,2,平时
2/5/2020 8:00,848 ,0.68618,0.027,0.05,0.1104,0.04625,2,平时
2/5/2020 9:00,849 ,0.68618,0.027,0.05,0.1104,0.04625,2,平时
2/5/2020 10:00,850 ,0.68618,0.027,0.05,0.1104,0.04625,2,平时
2/5/2020 11:00,851 ,1.08454,0.027,0.05,0.1104,0.04625,2,高峰
2/5/2020 12:00,852 ,1.08454,0.027,0.05,0.1104,0.04625,2,高峰
2/5/2020 13:00,853 ,1.08454,0.027,0.05,0.1104,0.04625,2,高峰
2/5/2020 14:00,854 ,0.68618,0.027,0.05,0.1104,0.04625,2,平时
2/5/2020 15:00,855 ,0.68618,0.027,0.05,0.1104,0.04625,2,平时
2/5/2020 16:00,856 ,0.68618,0.027,0.05,0.1104,0.04625,2,平时
2/5/2020 17:00,857 ,0.68618,0.027,0.05,0.1104,0.04625,2,平时
2/5/2020 18:00,858 ,1.08454,0.027,0.05,0.1104,0.04625,2,高峰
2/5/2020 19:00,859 ,1.08454,0.027,0.05,0.1104,0.04625,2,高峰
2/5/2020 20:00,860 ,1.08454,0.027,0.05,0.1104,0.04625,2,高峰
2/5/2020 21:00,861 ,1.08454,0.027,0.05,0.1104,0.04625,2,高峰
2/5/2020 22:00,862 ,1.08454,0.027,0.05,0.1104,0.04625,2,高峰
2/5/2020 23:00,863 ,0.30582,0.027,0.05,0.1104,0.04625,2,低谷
2/6/2020 0:00,864 ,0.30582,0.027,0.05,0.1104,0.04625,2,低谷
2/6/2020 1:00,865 ,0.30582,0.027,0.05,0.1104,0.04625,2,低谷
2/6/2020 2:00,866 ,0.30582,0.027,0.05,0.1104,0.04625,2,低谷
2/6/2020 3:00,867 ,0.30582,0.027,0.05,0.1104,0.04625,2,低谷
2/6/2020 4:00,868 ,0.30582,0.027,0.05,0.1104,0.04625,2,低谷
2/6/2020 5:00,869 ,0.30582,0.027,0.05,0.1104,0.04625,2,低谷
2/6/2020 6:00,870 ,0.30582,0.027,0.05,0.1104,0.04625,2,低谷
2/6/2020 7:00,871 ,0.68618,0.027,0.05,0.1104,0.04625,2,平时
2/6/2020 8:00,872 ,0.68618,0.027,0.05,0.1104,0.04625,2,平时
2/6/2020 9:00,873 ,0.68618,0.027,0.05,0.1104,0.04625,2,平时
2/6/2020 10:00,874 ,0.68618,0.027,0.05,0.1104,0.04625,2,平时
2/6/2020 11:00,875 ,1.08454,0.027,0.05,0.1104,0.04625,2,高峰
2/6/2020 12:00,876 ,1.08454,0.027,0.05,0.1104,0.04625,2,高峰
2/6/2020 13:00,877 ,1.08454,0.027,0.05,0.1104,0.04625,2,高峰
2/6/2020 14:00,878 ,0.68618,0.027,0.05,0.1104,0.04625,2,平时
2/6/2020 15:00,879 ,0.68618,0.027,0.05,0.1104,0.04625,2,平时
2/6/2020 16:00,880 ,0.68618,0.027,0.05,0.1104,0.04625,2,平时
2/6/2020 17:00,881 ,0.68618,0.027,0.05,0.1104,0.04625,2,平时
2/6/2020 18:00,882 ,1.08454,0.027,0.05,0.1104,0.04625,2,高峰
2/6/2020 19:00,883 ,1.08454,0.027,0.05,0.1104,0.04625,2,高峰
2/6/2020 20:00,884 ,1.08454,0.027,0.05,0.1104,0.04625,2,高峰
2/6/2020 21:00,885 ,1.08454,0.027,0.05,0.1104,0.04625,2,高峰
2/6/2020 22:00,886 ,1.08454,0.027,0.05,0.1104,0.04625,2,高峰
2/6/2020 23:00,887 ,0.30582,0.027,0.05,0.1104,0.04625,2,低谷
2/7/2020 0:00,888 ,0.30582,0.027,0.05,0.1104,0.04625,2,低谷
2/7/2020 1:00,889 ,0.30582,0.027,0.05,0.1104,0.04625,2,低谷
2/7/2020 2:00,890 ,0.30582,0.027,0.05,0.1104,0.04625,2,低谷
2/7/2020 3:00,891 ,0.30582,0.027,0.05,0.1104,0.04625,2,低谷
2/7/2020 4:00,892 ,0.30582,0.027,0.05,0.1104,0.04625,2,低谷
2/7/2020 5:00,893 ,0.30582,0.027,0.05,0.1104,0.04625,2,低谷
2/7/2020 6:00,894 ,0.30582,0.027,0.05,0.1104,0.04625,2,低谷
2/7/2020 7:00,895 ,0.68618,0.027,0.05,0.1104,0.04625,2,平时
2/7/2020 8:00,896 ,0.68618,0.027,0.05,0.1104,0.04625,2,平时
2/7/2020 9:00,897 ,0.68618,0.027,0.05,0.1104,0.04625,2,平时
2/7/2020 10:00,898 ,0.68618,0.027,0.05,0.1104,0.04625,2,平时
2/7/2020 11:00,899 ,1.08454,0.027,0.05,0.1104,0.04625,2,高峰
2/7/2020 12:00,900 ,1.08454,0.027,0.05,0.1104,0.04625,2,高峰
2/7/2020 13:00,901 ,1.08454,0.027,0.05,0.1104,0.04625,2,高峰
2/7/2020 14:00,902 ,0.68618,0.027,0.05,0.1104,0.04625,2,平时
2/7/2020 15:00,903 ,0.68618,0.027,0.05,0.1104,0.04625,2,平时
2/7/2020 16:00,904 ,0.68618,0.027,0.05,0.1104,0.04625,2,平时
2/7/2020 17:00,905 ,0.68618,0.027,0.05,0.1104,0.04625,2,平时
2/7/2020 18:00,906 ,1.08454,0.027,0.05,0.1104,0.04625,2,高峰
2/7/2020 19:00,907 ,1.08454,0.027,0.05,0.1104,0.04625,2,高峰
2/7/2020 20:00,908 ,1.08454,0.027,0.05,0.1104,0.04625,2,高峰
2/7/2020 21:00,909 ,1.08454,0.027,0.05,0.1104,0.04625,2,高峰
2/7/2020 22:00,910 ,1.08454,0.027,0.05,0.1104,0.04625,2,高峰
2/7/2020 23:00,911 ,0.30582,0.027,0.05,0.1104,0.04625,2,低谷
2/8/2020 0:00,912 ,0.30582,0.027,0.05,0.1104,0.04625,2,低谷
2/8/2020 1:00,913 ,0.30582,0.027,0.05,0.1104,0.04625,2,低谷
2/8/2020 2:00,914 ,0.30582,0.027,0.05,0.1104,0.04625,2,低谷
2/8/2020 3:00,915 ,0.30582,0.027,0.05,0.1104,0.04625,2,低谷
2/8/2020 4:00,916 ,0.30582,0.027,0.05,0.1104,0.04625,2,低谷
2/8/2020 5:00,917 ,0.30582,0.027,0.05,0.1104,0.04625,2,低谷
2/8/2020 6:00,918 ,0.30582,0.027,0.05,0.1104,0.04625,2,低谷
2/8/2020 7:00,919 ,0.68618,0.027,0.05,0.1104,0.04625,2,平时
2/8/2020 8:00,920 ,0.68618,0.027,0.05,0.1104,0.04625,2,平时
2/8/2020 9:00,921 ,0.68618,0.027,0.05,0.1104,0.04625,2,平时
2/8/2020 10:00,922 ,0.68618,0.027,0.05,0.1104,0.04625,2,平时
2/8/2020 11:00,923 ,1.08454,0.027,0.05,0.1104,0.04625,2,高峰
2/8/2020 12:00,924 ,1.08454,0.027,0.05,0.1104,0.04625,2,高峰
2/8/2020 13:00,925 ,1.08454,0.027,0.05,0.1104,0.04625,2,高峰
2/8/2020 14:00,926 ,0.68618,0.027,0.05,0.1104,0.04625,2,平时
2/8/2020 15:00,927 ,0.68618,0.027,0.05,0.1104,0.04625,2,平时
2/8/2020 16:00,928 ,0.68618,0.027,0.05,0.1104,0.04625,2,平时
2/8/2020 17:00,929 ,0.68618,0.027,0.05,0.1104,0.04625,2,平时
2/8/2020 18:00,930 ,1.08454,0.027,0.05,0.1104,0.04625,2,高峰
2/8/2020 19:00,931 ,1.08454,0.027,0.05,0.1104,0.04625,2,高峰
2/8/2020 20:00,932 ,1.08454,0.027,0.05,0.1104,0.04625,2,高峰
2/8/2020 21:00,933 ,1.08454,0.027,0.05,0.1104,0.04625,2,高峰
2/8/2020 22:00,934 ,1.08454,0.027,0.05,0.1104,0.04625,2,高峰
2/8/2020 23:00,935 ,0.30582,0.027,0.05,0.1104,0.04625,2,低谷
2/9/2020 0:00,936 ,0.30582,0.027,0.05,0.1104,0.04625,2,低谷
2/9/2020 1:00,937 ,0.30582,0.027,0.05,0.1104,0.04625,2,低谷
2/9/2020 2:00,938 ,0.30582,0.027,0.05,0.1104,0.04625,2,低谷
2/9/2020 3:00,939 ,0.30582,0.027,0.05,0.1104,0.04625,2,低谷
2/9/2020 4:00,940 ,0.30582,0.027,0.05,0.1104,0.04625,2,低谷
2/9/2020 5:00,941 ,0.30582,0.027,0.05,0.1104,0.04625,2,低谷
2/9/2020 6:00,942 ,0.30582,0.027,0.05,0.1104,0.04625,2,低谷
2/9/2020 7:00,943 ,0.68618,0.027,0.05,0.1104,0.04625,2,平时
2/9/2020 8:00,944 ,0.68618,0.027,0.05,0.1104,0.04625,2,平时
2/9/2020 9:00,945 ,0.68618,0.027,0.05,0.1104,0.04625,2,平时
2/9/2020 10:00,946 ,0.68618,0.027,0.05,0.1104,0.04625,2,平时
2/9/2020 11:00,947 ,1.08454,0.027,0.05,0.1104,0.04625,2,高峰
2/9/2020 12:00,948 ,1.08454,0.027,0.05,0.1104,0.04625,2,高峰
2/9/2020 13:00,949 ,1.08454,0.027,0.05,0.1104,0.04625,2,高峰
2/9/2020 14:00,950 ,0.68618,0.027,0.05,0.1104,0.04625,2,平时
2/9/2020 15:00,951 ,0.68618,0.027,0.05,0.1104,0.04625,2,平时
2/9/2020 16:00,952 ,0.68618,0.027,0.05,0.1104,0.04625,2,平时
2/9/2020 17:00,953 ,0.68618,0.027,0.05,0.1104,0.04625,2,平时
2/9/2020 18:00,954 ,1.08454,0.027,0.05,0.1104,0.04625,2,高峰
2/9/2020 19:00,955 ,1.08454,0.027,0.05,0.1104,0.04625,2,高峰
2/9/2020 20:00,956 ,1.08454,0.027,0.05,0.1104,0.04625,2,高峰
2/9/2020 21:00,957 ,1.08454,0.027,0.05,0.1104,0.04625,2,高峰
2/9/2020 22:00,958 ,1.08454,0.027,0.05,0.1104,0.04625,2,高峰
2/9/2020 23:00,959 ,0.30582,0.027,0.05,0.1104,0.04625,2,低谷
2/10/2020 0:00,960 ,0.30582,0.027,0.05,0.1104,0.04625,2,低谷
2/10/2020 1:00,961 ,0.30582,0.027,0.05,0.1104,0.04625,2,低谷
2/10/2020 2:00,962 ,0.30582,0.027,0.05,0.1104,0.04625,2,低谷
2/10/2020 3:00,963 ,0.30582,0.027,0.05,0.1104,0.04625,2,低谷
2/10/2020 4:00,964 ,0.30582,0.027,0.05,0.1104,0.04625,2,低谷
2/10/2020 5:00,965 ,0.30582,0.027,0.05,0.1104,0.04625,2,低谷
2/10/2020 6:00,966 ,0.30582,0.027,0.05,0.1104,0.04625,2,低谷
2/10/2020 7:00,967 ,0.68618,0.027,0.05,0.1104,0.04625,2,平时
2/10/2020 8:00,968 ,0.68618,0.027,0.05,0.1104,0.04625,2,平时
2/10/2020 9:00,969 ,0.68618,0.027,0.05,0.1104,0.04625,2,平时
2/10/2020 10:00,970 ,0.68618,0.027,0.05,0.1104,0.04625,2,平时
2/10/2020 11:00,971 ,1.08454,0.027,0.05,0.1104,0.04625,2,高峰
2/10/2020 12:00,972 ,1.08454,0.027,0.05,0.1104,0.04625,2,高峰
2/10/2020 13:00,973 ,1.08454,0.027,0.05,0.1104,0.04625,2,高峰
2/10/2020 14:00,974 ,0.68618,0.027,0.05,0.1104,0.04625,2,平时
2/10/2020 15:00,975 ,0.68618,0.027,0.05,0.1104,0.04625,2,平时
2/10/2020 16:00,976 ,0.68618,0.027,0.05,0.1104,0.04625,2,平时
2/10/2020 17:00,977 ,0.68618,0.027,0.05,0.1104,0.04625,2,平时
2/10/2020 18:00,978 ,1.08454,0.027,0.05,0.1104,0.04625,2,高峰
2/10/2020 19:00,979 ,1.08454,0.027,0.05,0.1104,0.04625,2,高峰
2/10/2020 20:00,980 ,1.08454,0.027,0.05,0.1104,0.04625,2,高峰
2/10/2020 21:00,981 ,1.08454,0.027,0.05,0.1104,0.04625,2,高峰
2/10/2020 22:00,982 ,1.08454,0.027,0.05,0.1104,0.04625,2,高峰
2/10/2020 23:00,983 ,0.30582,0.027,0.05,0.1104,0.04625,2,低谷
2/11/2020 0:00,984 ,0.30582,0.027,0.05,0.1104,0.04625,2,低谷
2/11/2020 1:00,985 ,0.30582,0.027,0.05,0.1104,0.04625,2,低谷
2/11/2020 2:00,986 ,0.30582,0.027,0.05,0.1104,0.04625,2,低谷
2/11/2020 3:00,987 ,0.30582,0.027,0.05,0.1104,0.04625,2,低谷
2/11/2020 4:00,988 ,0.30582,0.027,0.05,0.1104,0.04625,2,低谷
2/11/2020 5:00,989 ,0.30582,0.027,0.05,0.1104,0.04625,2,低谷
2/11/2020 6:00,990 ,0.30582,0.027,0.05,0.1104,0.04625,2,低谷
2/11/2020 7:00,991 ,0.68618,0.027,0.05,0.1104,0.04625,2,平时
2/11/2020 8:00,992 ,0.68618,0.027,0.05,0.1104,0.04625,2,平时
2/11/2020 9:00,993 ,0.68618,0.027,0.05,0.1104,0.04625,2,平时
2/11/2020 10:00,994 ,0.68618,0.027,0.05,0.1104,0.04625,2,平时
2/11/2020 11:00,995 ,1.08454,0.027,0.05,0.1104,0.04625,2,高峰
2/11/2020 12:00,996 ,1.08454,0.027,0.05,0.1104,0.04625,2,高峰
2/11/2020 13:00,997 ,1.08454,0.027,0.05,0.1104,0.04625,2,高峰
2/11/2020 14:00,998 ,0.68618,0.027,0.05,0.1104,0.04625,2,平时
2/11/2020 15:00,999 ,0.68618,0.027,0.05,0.1104,0.04625,2,平时
2/11/2020 16:00,1000 ,0.68618,0.027,0.05,0.1104,0.04625,2,平时
2/11/2020 17:00,1001 ,0.68618,0.027,0.05,0.1104,0.04625,2,平时
2/11/2020 18:00,1002 ,1.08454,0.027,0.05,0.1104,0.04625,2,高峰
2/11/2020 19:00,1003 ,1.08454,0.027,0.05,0.1104,0.04625,2,高峰
2/11/2020 20:00,1004 ,1.08454,0.027,0.05,0.1104,0.04625,2,高峰
2/11/2020 21:00,1005 ,1.08454,0.027,0.05,0.1104,0.04625,2,高峰
2/11/2020 22:00,1006 ,1.08454,0.027,0.05,0.1104,0.04625,2,高峰
2/11/2020 23:00,1007 ,0.30582,0.027,0.05,0.1104,0.04625,2,低谷
2/12/2020 0:00,1008 ,0.30582,0.027,0.05,0.1104,0.04625,2,低谷
2/12/2020 1:00,1009 ,0.30582,0.027,0.05,0.1104,0.04625,2,低谷
2/12/2020 2:00,1010 ,0.30582,0.027,0.05,0.1104,0.04625,2,低谷
2/12/2020 3:00,1011 ,0.30582,0.027,0.05,0.1104,0.04625,2,低谷
2/12/2020 4:00,1012 ,0.30582,0.027,0.05,0.1104,0.04625,2,低谷
2/12/2020 5:00,1013 ,0.30582,0.027,0.05,0.1104,0.04625,2,低谷
2/12/2020 6:00,1014 ,0.30582,0.027,0.05,0.1104,0.04625,2,低谷
2/12/2020 7:00,1015 ,0.68618,0.027,0.05,0.1104,0.04625,2,平时
2/12/2020 8:00,1016 ,0.68618,0.027,0.05,0.1104,0.04625,2,平时
2/12/2020 9:00,1017 ,0.68618,0.027,0.05,0.1104,0.04625,2,平时
2/12/2020 10:00,1018 ,0.68618,0.027,0.05,0.1104,0.04625,2,平时
2/12/2020 11:00,1019 ,1.08454,0.027,0.05,0.1104,0.04625,2,高峰
2/12/2020 12:00,1020 ,1.08454,0.027,0.05,0.1104,0.04625,2,高峰
2/12/2020 13:00,1021 ,1.08454,0.027,0.05,0.1104,0.04625,2,高峰
2/12/2020 14:00,1022 ,0.68618,0.027,0.05,0.1104,0.04625,2,平时
2/12/2020 15:00,1023 ,0.68618,0.027,0.05,0.1104,0.04625,2,平时
2/12/2020 16:00,1024 ,0.68618,0.027,0.05,0.1104,0.04625,2,平时
2/12/2020 17:00,1025 ,0.68618,0.027,0.05,0.1104,0.04625,2,平时
2/12/2020 18:00,1026 ,1.08454,0.027,0.05,0.1104,0.04625,2,高峰
2/12/2020 19:00,1027 ,1.08454,0.027,0.05,0.1104,0.04625,2,高峰
2/12/2020 20:00,1028 ,1.08454,0.027,0.05,0.1104,0.04625,2,高峰
2/12/2020 21:00,1029 ,1.08454,0.027,0.05,0.1104,0.04625,2,高峰
2/12/2020 22:00,1030 ,1.08454,0.027,0.05,0.1104,0.04625,2,高峰
2/12/2020 23:00,1031 ,0.30582,0.027,0.05,0.1104,0.04625,2,低谷
2/13/2020 0:00,1032 ,0.30582,0.027,0.05,0.1104,0.04625,2,低谷
2/13/2020 1:00,1033 ,0.30582,0.027,0.05,0.1104,0.04625,2,低谷
2/13/2020 2:00,1034 ,0.30582,0.027,0.05,0.1104,0.04625,2,低谷
2/13/2020 3:00,1035 ,0.30582,0.027,0.05,0.1104,0.04625,2,低谷
2/13/2020 4:00,1036 ,0.30582,0.027,0.05,0.1104,0.04625,2,低谷
2/13/2020 5:00,1037 ,0.30582,0.027,0.05,0.1104,0.04625,2,低谷
2/13/2020 6:00,1038 ,0.30582,0.027,0.05,0.1104,0.04625,2,低谷
2/13/2020 7:00,1039 ,0.68618,0.027,0.05,0.1104,0.04625,2,平时
2/13/2020 8:00,1040 ,0.68618,0.027,0.05,0.1104,0.04625,2,平时
2/13/2020 9:00,1041 ,0.68618,0.027,0.05,0.1104,0.04625,2,平时
2/13/2020 10:00,1042 ,0.68618,0.027,0.05,0.1104,0.04625,2,平时
2/13/2020 11:00,1043 ,1.08454,0.027,0.05,0.1104,0.04625,2,高峰
2/13/2020 12:00,1044 ,1.08454,0.027,0.05,0.1104,0.04625,2,高峰
2/13/2020 13:00,1045 ,1.08454,0.027,0.05,0.1104,0.04625,2,高峰
2/13/2020 14:00,1046 ,0.68618,0.027,0.05,0.1104,0.04625,2,平时
2/13/2020 15:00,1047 ,0.68618,0.027,0.05,0.1104,0.04625,2,平时
2/13/2020 16:00,1048 ,0.68618,0.027,0.05,0.1104,0.04625,2,平时
2/13/2020 17:00,1049 ,0.68618,0.027,0.05,0.1104,0.04625,2,平时
2/13/2020 18:00,1050 ,1.08454,0.027,0.05,0.1104,0.04625,2,高峰
2/13/2020 19:00,1051 ,1.08454,0.027,0.05,0.1104,0.04625,2,高峰
2/13/2020 20:00,1052 ,1.08454,0.027,0.05,0.1104,0.04625,2,高峰
2/13/2020 21:00,1053 ,1.08454,0.027,0.05,0.1104,0.04625,2,高峰
2/13/2020 22:00,1054 ,1.08454,0.027,0.05,0.1104,0.04625,2,高峰
2/13/2020 23:00,1055 ,0.30582,0.027,0.05,0.1104,0.04625,2,低谷
2/14/2020 0:00,1056 ,0.30582,0.027,0.05,0.1104,0.04625,2,低谷
2/14/2020 1:00,1057 ,0.30582,0.027,0.05,0.1104,0.04625,2,低谷
2/14/2020 2:00,1058 ,0.30582,0.027,0.05,0.1104,0.04625,2,低谷
2/14/2020 3:00,1059 ,0.30582,0.027,0.05,0.1104,0.04625,2,低谷
2/14/2020 4:00,1060 ,0.30582,0.027,0.05,0.1104,0.04625,2,低谷
2/14/2020 5:00,1061 ,0.30582,0.027,0.05,0.1104,0.04625,2,低谷
2/14/2020 6:00,1062 ,0.30582,0.027,0.05,0.1104,0.04625,2,低谷
2/14/2020 7:00,1063 ,0.68618,0.027,0.05,0.1104,0.04625,2,平时
2/14/2020 8:00,1064 ,0.68618,0.027,0.05,0.1104,0.04625,2,平时
2/14/2020 9:00,1065 ,0.68618,0.027,0.05,0.1104,0.04625,2,平时
2/14/2020 10:00,1066 ,0.68618,0.027,0.05,0.1104,0.04625,2,平时
2/14/2020 11:00,1067 ,1.08454,0.027,0.05,0.1104,0.04625,2,高峰
2/14/2020 12:00,1068 ,1.08454,0.027,0.05,0.1104,0.04625,2,高峰
2/14/2020 13:00,1069 ,1.08454,0.027,0.05,0.1104,0.04625,2,高峰
2/14/2020 14:00,1070 ,0.68618,0.027,0.05,0.1104,0.04625,2,平时
2/14/2020 15:00,1071 ,0.68618,0.027,0.05,0.1104,0.04625,2,平时
2/14/2020 16:00,1072 ,0.68618,0.027,0.05,0.1104,0.04625,2,平时
2/14/2020 17:00,1073 ,0.68618,0.027,0.05,0.1104,0.04625,2,平时
2/14/2020 18:00,1074 ,1.08454,0.027,0.05,0.1104,0.04625,2,高峰
2/14/2020 19:00,1075 ,1.08454,0.027,0.05,0.1104,0.04625,2,高峰
2/14/2020 20:00,1076 ,1.08454,0.027,0.05,0.1104,0.04625,2,高峰
2/14/2020 21:00,1077 ,1.08454,0.027,0.05,0.1104,0.04625,2,高峰
2/14/2020 22:00,1078 ,1.08454,0.027,0.05,0.1104,0.04625,2,高峰
2/14/2020 23:00,1079 ,0.30582,0.027,0.05,0.1104,0.04625,2,低谷
2/15/2020 0:00,1080 ,0.30582,0.027,0.05,0.1104,0.04625,2,低谷
2/15/2020 1:00,1081 ,0.30582,0.027,0.05,0.1104,0.04625,2,低谷
2/15/2020 2:00,1082 ,0.30582,0.027,0.05,0.1104,0.04625,2,低谷
2/15/2020 3:00,1083 ,0.30582,0.027,0.05,0.1104,0.04625,2,低谷
2/15/2020 4:00,1084 ,0.30582,0.027,0.05,0.1104,0.04625,2,低谷
2/15/2020 5:00,1085 ,0.30582,0.027,0.05,0.1104,0.04625,2,低谷
2/15/2020 6:00,1086 ,0.30582,0.027,0.05,0.1104,0.04625,2,低谷
2/15/2020 7:00,1087 ,0.68618,0.027,0.05,0.1104,0.04625,2,平时
2/15/2020 8:00,1088 ,0.68618,0.027,0.05,0.1104,0.04625,2,平时
2/15/2020 9:00,1089 ,0.68618,0.027,0.05,0.1104,0.04625,2,平时
2/15/2020 10:00,1090 ,0.68618,0.027,0.05,0.1104,0.04625,2,平时
2/15/2020 11:00,1091 ,1.08454,0.027,0.05,0.1104,0.04625,2,高峰
2/15/2020 12:00,1092 ,1.08454,0.027,0.05,0.1104,0.04625,2,高峰
2/15/2020 13:00,1093 ,1.08454,0.027,0.05,0.1104,0.04625,2,高峰
2/15/2020 14:00,1094 ,0.68618,0.027,0.05,0.1104,0.04625,2,平时
2/15/2020 15:00,1095 ,0.68618,0.027,0.05,0.1104,0.04625,2,平时
2/15/2020 16:00,1096 ,0.68618,0.027,0.05,0.1104,0.04625,2,平时
2/15/2020 17:00,1097 ,0.68618,0.027,0.05,0.1104,0.04625,2,平时
2/15/2020 18:00,1098 ,1.08454,0.027,0.05,0.1104,0.04625,2,高峰
2/15/2020 19:00,1099 ,1.08454,0.027,0.05,0.1104,0.04625,2,高峰
2/15/2020 20:00,1100 ,1.08454,0.027,0.05,0.1104,0.04625,2,高峰
2/15/2020 21:00,1101 ,1.08454,0.027,0.05,0.1104,0.04625,2,高峰
2/15/2020 22:00,1102 ,1.08454,0.027,0.05,0.1104,0.04625,2,高峰
2/15/2020 23:00,1103 ,0.30582,0.027,0.05,0.1104,0.04625,2,低谷
2/16/2020 0:00,1104 ,0.30582,0.027,0.05,0.1104,0.04625,2,低谷
2/16/2020 1:00,1105 ,0.30582,0.027,0.05,0.1104,0.04625,2,低谷
2/16/2020 2:00,1106 ,0.30582,0.027,0.05,0.1104,0.04625,2,低谷
2/16/2020 3:00,1107 ,0.30582,0.027,0.05,0.1104,0.04625,2,低谷
2/16/2020 4:00,1108 ,0.30582,0.027,0.05,0.1104,0.04625,2,低谷
2/16/2020 5:00,1109 ,0.30582,0.027,0.05,0.1104,0.04625,2,低谷
2/16/2020 6:00,1110 ,0.30582,0.027,0.05,0.1104,0.04625,2,低谷
2/16/2020 7:00,1111 ,0.68618,0.027,0.05,0.1104,0.04625,2,平时
2/16/2020 8:00,1112 ,0.68618,0.027,0.05,0.1104,0.04625,2,平时
2/16/2020 9:00,1113 ,0.68618,0.027,0.05,0.1104,0.04625,2,平时
2/16/2020 10:00,1114 ,0.68618,0.027,0.05,0.1104,0.04625,2,平时
2/16/2020 11:00,1115 ,1.08454,0.027,0.05,0.1104,0.04625,2,高峰
2/16/2020 12:00,1116 ,1.08454,0.027,0.05,0.1104,0.04625,2,高峰
2/16/2020 13:00,1117 ,1.08454,0.027,0.05,0.1104,0.04625,2,高峰
2/16/2020 14:00,1118 ,0.68618,0.027,0.05,0.1104,0.04625,2,平时
2/16/2020 15:00,1119 ,0.68618,0.027,0.05,0.1104,0.04625,2,平时
2/16/2020 16:00,1120 ,0.68618,0.027,0.05,0.1104,0.04625,2,平时
2/16/2020 17:00,1121 ,0.68618,0.027,0.05,0.1104,0.04625,2,平时
2/16/2020 18:00,1122 ,1.08454,0.027,0.05,0.1104,0.04625,2,高峰
2/16/2020 19:00,1123 ,1.08454,0.027,0.05,0.1104,0.04625,2,高峰
2/16/2020 20:00,1124 ,1.08454,0.027,0.05,0.1104,0.04625,2,高峰
2/16/2020 21:00,1125 ,1.08454,0.027,0.05,0.1104,0.04625,2,高峰
2/16/2020 22:00,1126 ,1.08454,0.027,0.05,0.1104,0.04625,2,高峰
2/16/2020 23:00,1127 ,0.30582,0.027,0.05,0.1104,0.04625,2,低谷
2/17/2020 0:00,1128 ,0.30582,0.027,0.05,0.1104,0.04625,2,低谷
2/17/2020 1:00,1129 ,0.30582,0.027,0.05,0.1104,0.04625,2,低谷
2/17/2020 2:00,1130 ,0.30582,0.027,0.05,0.1104,0.04625,2,低谷
2/17/2020 3:00,1131 ,0.30582,0.027,0.05,0.1104,0.04625,2,低谷
2/17/2020 4:00,1132 ,0.30582,0.027,0.05,0.1104,0.04625,2,低谷
2/17/2020 5:00,1133 ,0.30582,0.027,0.05,0.1104,0.04625,2,低谷
2/17/2020 6:00,1134 ,0.30582,0.027,0.05,0.1104,0.04625,2,低谷
2/17/2020 7:00,1135 ,0.68618,0.027,0.05,0.1104,0.04625,2,平时
2/17/2020 8:00,1136 ,0.68618,0.027,0.05,0.1104,0.04625,2,平时
2/17/2020 9:00,1137 ,0.68618,0.027,0.05,0.1104,0.04625,2,平时
2/17/2020 10:00,1138 ,0.68618,0.027,0.05,0.1104,0.04625,2,平时
2/17/2020 11:00,1139 ,1.08454,0.027,0.05,0.1104,0.04625,2,高峰
2/17/2020 12:00,1140 ,1.08454,0.027,0.05,0.1104,0.04625,2,高峰
2/17/2020 13:00,1141 ,1.08454,0.027,0.05,0.1104,0.04625,2,高峰
2/17/2020 14:00,1142 ,0.68618,0.027,0.05,0.1104,0.04625,2,平时
2/17/2020 15:00,1143 ,0.68618,0.027,0.05,0.1104,0.04625,2,平时
2/17/2020 16:00,1144 ,0.68618,0.027,0.05,0.1104,0.04625,2,平时
2/17/2020 17:00,1145 ,0.68618,0.027,0.05,0.1104,0.04625,2,平时
2/17/2020 18:00,1146 ,1.08454,0.027,0.05,0.1104,0.04625,2,高峰
2/17/2020 19:00,1147 ,1.08454,0.027,0.05,0.1104,0.04625,2,高峰
2/17/2020 20:00,1148 ,1.08454,0.027,0.05,0.1104,0.04625,2,高峰
2/17/2020 21:00,1149 ,1.08454,0.027,0.05,0.1104,0.04625,2,高峰
2/17/2020 22:00,1150 ,1.08454,0.027,0.05,0.1104,0.04625,2,高峰
2/17/2020 23:00,1151 ,0.30582,0.027,0.05,0.1104,0.04625,2,低谷
2/18/2020 0:00,1152 ,0.30582,0.027,0.05,0.1104,0.04625,2,低谷
2/18/2020 1:00,1153 ,0.30582,0.027,0.05,0.1104,0.04625,2,低谷
2/18/2020 2:00,1154 ,0.30582,0.027,0.05,0.1104,0.04625,2,低谷
2/18/2020 3:00,1155 ,0.30582,0.027,0.05,0.1104,0.04625,2,低谷
2/18/2020 4:00,1156 ,0.30582,0.027,0.05,0.1104,0.04625,2,低谷
2/18/2020 5:00,1157 ,0.30582,0.027,0.05,0.1104,0.04625,2,低谷
2/18/2020 6:00,1158 ,0.30582,0.027,0.05,0.1104,0.04625,2,低谷
2/18/2020 7:00,1159 ,0.68618,0.027,0.05,0.1104,0.04625,2,平时
2/18/2020 8:00,1160 ,0.68618,0.027,0.05,0.1104,0.04625,2,平时
2/18/2020 9:00,1161 ,0.68618,0.027,0.05,0.1104,0.04625,2,平时
2/18/2020 10:00,1162 ,0.68618,0.027,0.05,0.1104,0.04625,2,平时
2/18/2020 11:00,1163 ,1.08454,0.027,0.05,0.1104,0.04625,2,高峰
2/18/2020 12:00,1164 ,1.08454,0.027,0.05,0.1104,0.04625,2,高峰
2/18/2020 13:00,1165 ,1.08454,0.027,0.05,0.1104,0.04625,2,高峰
2/18/2020 14:00,1166 ,0.68618,0.027,0.05,0.1104,0.04625,2,平时
2/18/2020 15:00,1167 ,0.68618,0.027,0.05,0.1104,0.04625,2,平时
2/18/2020 16:00,1168 ,0.68618,0.027,0.05,0.1104,0.04625,2,平时
2/18/2020 17:00,1169 ,0.68618,0.027,0.05,0.1104,0.04625,2,平时
2/18/2020 18:00,1170 ,1.08454,0.027,0.05,0.1104,0.04625,2,高峰
2/18/2020 19:00,1171 ,1.08454,0.027,0.05,0.1104,0.04625,2,高峰
2/18/2020 20:00,1172 ,1.08454,0.027,0.05,0.1104,0.04625,2,高峰
2/18/2020 21:00,1173 ,1.08454,0.027,0.05,0.1104,0.04625,2,高峰
2/18/2020 22:00,1174 ,1.08454,0.027,0.05,0.1104,0.04625,2,高峰
2/18/2020 23:00,1175 ,0.30582,0.027,0.05,0.1104,0.04625,2,低谷
2/19/2020 0:00,1176 ,0.30582,0.027,0.05,0.1104,0.04625,2,低谷
2/19/2020 1:00,1177 ,0.30582,0.027,0.05,0.1104,0.04625,2,低谷
2/19/2020 2:00,1178 ,0.30582,0.027,0.05,0.1104,0.04625,2,低谷
2/19/2020 3:00,1179 ,0.30582,0.027,0.05,0.1104,0.04625,2,低谷
2/19/2020 4:00,1180 ,0.30582,0.027,0.05,0.1104,0.04625,2,低谷
2/19/2020 5:00,1181 ,0.30582,0.027,0.05,0.1104,0.04625,2,低谷
2/19/2020 6:00,1182 ,0.30582,0.027,0.05,0.1104,0.04625,2,低谷
2/19/2020 7:00,1183 ,0.68618,0.027,0.05,0.1104,0.04625,2,平时
2/19/2020 8:00,1184 ,0.68618,0.027,0.05,0.1104,0.04625,2,平时
2/19/2020 9:00,1185 ,0.68618,0.027,0.05,0.1104,0.04625,2,平时
2/19/2020 10:00,1186 ,0.68618,0.027,0.05,0.1104,0.04625,2,平时
2/19/2020 11:00,1187 ,1.08454,0.027,0.05,0.1104,0.04625,2,高峰
2/19/2020 12:00,1188 ,1.08454,0.027,0.05,0.1104,0.04625,2,高峰
2/19/2020 13:00,1189 ,1.08454,0.027,0.05,0.1104,0.04625,2,高峰
2/19/2020 14:00,1190 ,0.68618,0.027,0.05,0.1104,0.04625,2,平时
2/19/2020 15:00,1191 ,0.68618,0.027,0.05,0.1104,0.04625,2,平时
2/19/2020 16:00,1192 ,0.68618,0.027,0.05,0.1104,0.04625,2,平时
2/19/2020 17:00,1193 ,0.68618,0.027,0.05,0.1104,0.04625,2,平时
2/19/2020 18:00,1194 ,1.08454,0.027,0.05,0.1104,0.04625,2,高峰
2/19/2020 19:00,1195 ,1.08454,0.027,0.05,0.1104,0.04625,2,高峰
2/19/2020 20:00,1196 ,1.08454,0.027,0.05,0.1104,0.04625,2,高峰
2/19/2020 21:00,1197 ,1.08454,0.027,0.05,0.1104,0.04625,2,高峰
2/19/2020 22:00,1198 ,1.08454,0.027,0.05,0.1104,0.04625,2,高峰
2/19/2020 23:00,1199 ,0.30582,0.027,0.05,0.1104,0.04625,2,低谷
2/20/2020 0:00,1200 ,0.30582,0.027,0.05,0.1104,0.04625,2,低谷
2/20/2020 1:00,1201 ,0.30582,0.027,0.05,0.1104,0.04625,2,低谷
2/20/2020 2:00,1202 ,0.30582,0.027,0.05,0.1104,0.04625,2,低谷
2/20/2020 3:00,1203 ,0.30582,0.027,0.05,0.1104,0.04625,2,低谷
2/20/2020 4:00,1204 ,0.30582,0.027,0.05,0.1104,0.04625,2,低谷
2/20/2020 5:00,1205 ,0.30582,0.027,0.05,0.1104,0.04625,2,低谷
2/20/2020 6:00,1206 ,0.30582,0.027,0.05,0.1104,0.04625,2,低谷
2/20/2020 7:00,1207 ,0.68618,0.027,0.05,0.1104,0.04625,2,平时
2/20/2020 8:00,1208 ,0.68618,0.027,0.05,0.1104,0.04625,2,平时
2/20/2020 9:00,1209 ,0.68618,0.027,0.05,0.1104,0.04625,2,平时
2/20/2020 10:00,1210 ,0.68618,0.027,0.05,0.1104,0.04625,2,平时
2/20/2020 11:00,1211 ,1.08454,0.027,0.05,0.1104,0.04625,2,高峰
2/20/2020 12:00,1212 ,1.08454,0.027,0.05,0.1104,0.04625,2,高峰
2/20/2020 13:00,1213 ,1.08454,0.027,0.05,0.1104,0.04625,2,高峰
2/20/2020 14:00,1214 ,0.68618,0.027,0.05,0.1104,0.04625,2,平时
2/20/2020 15:00,1215 ,0.68618,0.027,0.05,0.1104,0.04625,2,平时
2/20/2020 16:00,1216 ,0.68618,0.027,0.05,0.1104,0.04625,2,平时
2/20/2020 17:00,1217 ,0.68618,0.027,0.05,0.1104,0.04625,2,平时
2/20/2020 18:00,1218 ,1.08454,0.027,0.05,0.1104,0.04625,2,高峰
2/20/2020 19:00,1219 ,1.08454,0.027,0.05,0.1104,0.04625,2,高峰
2/20/2020 20:00,1220 ,1.08454,0.027,0.05,0.1104,0.04625,2,高峰
2/20/2020 21:00,1221 ,1.08454,0.027,0.05,0.1104,0.04625,2,高峰
2/20/2020 22:00,1222 ,1.08454,0.027,0.05,0.1104,0.04625,2,高峰
2/20/2020 23:00,1223 ,0.30582,0.027,0.05,0.1104,0.04625,2,低谷
2/21/2020 0:00,1224 ,0.30582,0.027,0.05,0.1104,0.04625,2,低谷
2/21/2020 1:00,1225 ,0.30582,0.027,0.05,0.1104,0.04625,2,低谷
2/21/2020 2:00,1226 ,0.30582,0.027,0.05,0.1104,0.04625,2,低谷
2/21/2020 3:00,1227 ,0.30582,0.027,0.05,0.1104,0.04625,2,低谷
2/21/2020 4:00,1228 ,0.30582,0.027,0.05,0.1104,0.04625,2,低谷
2/21/2020 5:00,1229 ,0.30582,0.027,0.05,0.1104,0.04625,2,低谷
2/21/2020 6:00,1230 ,0.30582,0.027,0.05,0.1104,0.04625,2,低谷
2/21/2020 7:00,1231 ,0.68618,0.027,0.05,0.1104,0.04625,2,平时
2/21/2020 8:00,1232 ,0.68618,0.027,0.05,0.1104,0.04625,2,平时
2/21/2020 9:00,1233 ,0.68618,0.027,0.05,0.1104,0.04625,2,平时
2/21/2020 10:00,1234 ,0.68618,0.027,0.05,0.1104,0.04625,2,平时
2/21/2020 11:00,1235 ,1.08454,0.027,0.05,0.1104,0.04625,2,高峰
2/21/2020 12:00,1236 ,1.08454,0.027,0.05,0.1104,0.04625,2,高峰
2/21/2020 13:00,1237 ,1.08454,0.027,0.05,0.1104,0.04625,2,高峰
2/21/2020 14:00,1238 ,0.68618,0.027,0.05,0.1104,0.04625,2,平时
2/21/2020 15:00,1239 ,0.68618,0.027,0.05,0.1104,0.04625,2,平时
2/21/2020 16:00,1240 ,0.68618,0.027,0.05,0.1104,0.04625,2,平时
2/21/2020 17:00,1241 ,0.68618,0.027,0.05,0.1104,0.04625,2,平时
2/21/2020 18:00,1242 ,1.08454,0.027,0.05,0.1104,0.04625,2,高峰
2/21/2020 19:00,1243 ,1.08454,0.027,0.05,0.1104,0.04625,2,高峰
2/21/2020 20:00,1244 ,1.08454,0.027,0.05,0.1104,0.04625,2,高峰
2/21/2020 21:00,1245 ,1.08454,0.027,0.05,0.1104,0.04625,2,高峰
2/21/2020 22:00,1246 ,1.08454,0.027,0.05,0.1104,0.04625,2,高峰
2/21/2020 23:00,1247 ,0.30582,0.027,0.05,0.1104,0.04625,2,低谷
2/22/2020 0:00,1248 ,0.30582,0.027,0.05,0.1104,0.04625,2,低谷
2/22/2020 1:00,1249 ,0.30582,0.027,0.05,0.1104,0.04625,2,低谷
2/22/2020 2:00,1250 ,0.30582,0.027,0.05,0.1104,0.04625,2,低谷
2/22/2020 3:00,1251 ,0.30582,0.027,0.05,0.1104,0.04625,2,低谷
2/22/2020 4:00,1252 ,0.30582,0.027,0.05,0.1104,0.04625,2,低谷
2/22/2020 5:00,1253 ,0.30582,0.027,0.05,0.1104,0.04625,2,低谷
2/22/2020 6:00,1254 ,0.30582,0.027,0.05,0.1104,0.04625,2,低谷
2/22/2020 7:00,1255 ,0.68618,0.027,0.05,0.1104,0.04625,2,平时
2/22/2020 8:00,1256 ,0.68618,0.027,0.05,0.1104,0.04625,2,平时
2/22/2020 9:00,1257 ,0.68618,0.027,0.05,0.1104,0.04625,2,平时
2/22/2020 10:00,1258 ,0.68618,0.027,0.05,0.1104,0.04625,2,平时
2/22/2020 11:00,1259 ,1.08454,0.027,0.05,0.1104,0.04625,2,高峰
2/22/2020 12:00,1260 ,1.08454,0.027,0.05,0.1104,0.04625,2,高峰
2/22/2020 13:00,1261 ,1.08454,0.027,0.05,0.1104,0.04625,2,高峰
2/22/2020 14:00,1262 ,0.68618,0.027,0.05,0.1104,0.04625,2,平时
2/22/2020 15:00,1263 ,0.68618,0.027,0.05,0.1104,0.04625,2,平时
2/22/2020 16:00,1264 ,0.68618,0.027,0.05,0.1104,0.04625,2,平时
2/22/2020 17:00,1265 ,0.68618,0.027,0.05,0.1104,0.04625,2,平时
2/22/2020 18:00,1266 ,1.08454,0.027,0.05,0.1104,0.04625,2,高峰
2/22/2020 19:00,1267 ,1.08454,0.027,0.05,0.1104,0.04625,2,高峰
2/22/2020 20:00,1268 ,1.08454,0.027,0.05,0.1104,0.04625,2,高峰
2/22/2020 21:00,1269 ,1.08454,0.027,0.05,0.1104,0.04625,2,高峰
2/22/2020 22:00,1270 ,1.08454,0.027,0.05,0.1104,0.04625,2,高峰
2/22/2020 23:00,1271 ,0.30582,0.027,0.05,0.1104,0.04625,2,低谷
2/23/2020 0:00,1272 ,0.30582,0.027,0.05,0.1104,0.04625,2,低谷
2/23/2020 1:00,1273 ,0.30582,0.027,0.05,0.1104,0.04625,2,低谷
2/23/2020 2:00,1274 ,0.30582,0.027,0.05,0.1104,0.04625,2,低谷
2/23/2020 3:00,1275 ,0.30582,0.027,0.05,0.1104,0.04625,2,低谷
2/23/2020 4:00,1276 ,0.30582,0.027,0.05,0.1104,0.04625,2,低谷
2/23/2020 5:00,1277 ,0.30582,0.027,0.05,0.1104,0.04625,2,低谷
2/23/2020 6:00,1278 ,0.30582,0.027,0.05,0.1104,0.04625,2,低谷
2/23/2020 7:00,1279 ,0.68618,0.027,0.05,0.1104,0.04625,2,平时
2/23/2020 8:00,1280 ,0.68618,0.027,0.05,0.1104,0.04625,2,平时
2/23/2020 9:00,1281 ,0.68618,0.027,0.05,0.1104,0.04625,2,平时
2/23/2020 10:00,1282 ,0.68618,0.027,0.05,0.1104,0.04625,2,平时
2/23/2020 11:00,1283 ,1.08454,0.027,0.05,0.1104,0.04625,2,高峰
2/23/2020 12:00,1284 ,1.08454,0.027,0.05,0.1104,0.04625,2,高峰
2/23/2020 13:00,1285 ,1.08454,0.027,0.05,0.1104,0.04625,2,高峰
2/23/2020 14:00,1286 ,0.68618,0.027,0.05,0.1104,0.04625,2,平时
2/23/2020 15:00,1287 ,0.68618,0.027,0.05,0.1104,0.04625,2,平时
2/23/2020 16:00,1288 ,0.68618,0.027,0.05,0.1104,0.04625,2,平时
2/23/2020 17:00,1289 ,0.68618,0.027,0.05,0.1104,0.04625,2,平时
2/23/2020 18:00,1290 ,1.08454,0.027,0.05,0.1104,0.04625,2,高峰
2/23/2020 19:00,1291 ,1.08454,0.027,0.05,0.1104,0.04625,2,高峰
2/23/2020 20:00,1292 ,1.08454,0.027,0.05,0.1104,0.04625,2,高峰
2/23/2020 21:00,1293 ,1.08454,0.027,0.05,0.1104,0.04625,2,高峰
2/23/2020 22:00,1294 ,1.08454,0.027,0.05,0.1104,0.04625,2,高峰
2/23/2020 23:00,1295 ,0.30582,0.027,0.05,0.1104,0.04625,2,低谷
2/24/2020 0:00,1296 ,0.30582,0.027,0.05,0.1104,0.04625,2,低谷
2/24/2020 1:00,1297 ,0.30582,0.027,0.05,0.1104,0.04625,2,低谷
2/24/2020 2:00,1298 ,0.30582,0.027,0.05,0.1104,0.04625,2,低谷
2/24/2020 3:00,1299 ,0.30582,0.027,0.05,0.1104,0.04625,2,低谷
2/24/2020 4:00,1300 ,0.30582,0.027,0.05,0.1104,0.04625,2,低谷
2/24/2020 5:00,1301 ,0.30582,0.027,0.05,0.1104,0.04625,2,低谷
2/24/2020 6:00,1302 ,0.30582,0.027,0.05,0.1104,0.04625,2,低谷
2/24/2020 7:00,1303 ,0.68618,0.027,0.05,0.1104,0.04625,2,平时
2/24/2020 8:00,1304 ,0.68618,0.027,0.05,0.1104,0.04625,2,平时
2/24/2020 9:00,1305 ,0.68618,0.027,0.05,0.1104,0.04625,2,平时
2/24/2020 10:00,1306 ,0.68618,0.027,0.05,0.1104,0.04625,2,平时
2/24/2020 11:00,1307 ,1.08454,0.027,0.05,0.1104,0.04625,2,高峰
2/24/2020 12:00,1308 ,1.08454,0.027,0.05,0.1104,0.04625,2,高峰
2/24/2020 13:00,1309 ,1.08454,0.027,0.05,0.1104,0.04625,2,高峰
2/24/2020 14:00,1310 ,0.68618,0.027,0.05,0.1104,0.04625,2,平时
2/24/2020 15:00,1311 ,0.68618,0.027,0.05,0.1104,0.04625,2,平时
2/24/2020 16:00,1312 ,0.68618,0.027,0.05,0.1104,0.04625,2,平时
2/24/2020 17:00,1313 ,0.68618,0.027,0.05,0.1104,0.04625,2,平时
2/24/2020 18:00,1314 ,1.08454,0.027,0.05,0.1104,0.04625,2,高峰
2/24/2020 19:00,1315 ,1.08454,0.027,0.05,0.1104,0.04625,2,高峰
2/24/2020 20:00,1316 ,1.08454,0.027,0.05,0.1104,0.04625,2,高峰
2/24/2020 21:00,1317 ,1.08454,0.027,0.05,0.1104,0.04625,2,高峰
2/24/2020 22:00,1318 ,1.08454,0.027,0.05,0.1104,0.04625,2,高峰
2/24/2020 23:00,1319 ,0.30582,0.027,0.05,0.1104,0.04625,2,低谷
2/25/2020 0:00,1320 ,0.30582,0.027,0.05,0.1104,0.04625,2,低谷
2/25/2020 1:00,1321 ,0.30582,0.027,0.05,0.1104,0.04625,2,低谷
2/25/2020 2:00,1322 ,0.30582,0.027,0.05,0.1104,0.04625,2,低谷
2/25/2020 3:00,1323 ,0.30582,0.027,0.05,0.1104,0.04625,2,低谷
2/25/2020 4:00,1324 ,0.30582,0.027,0.05,0.1104,0.04625,2,低谷
2/25/2020 5:00,1325 ,0.30582,0.027,0.05,0.1104,0.04625,2,低谷
2/25/2020 6:00,1326 ,0.30582,0.027,0.05,0.1104,0.04625,2,低谷
2/25/2020 7:00,1327 ,0.68618,0.027,0.05,0.1104,0.04625,2,平时
2/25/2020 8:00,1328 ,0.68618,0.027,0.05,0.1104,0.04625,2,平时
2/25/2020 9:00,1329 ,0.68618,0.027,0.05,0.1104,0.04625,2,平时
2/25/2020 10:00,1330 ,0.68618,0.027,0.05,0.1104,0.04625,2,平时
2/25/2020 11:00,1331 ,1.08454,0.027,0.05,0.1104,0.04625,2,高峰
2/25/2020 12:00,1332 ,1.08454,0.027,0.05,0.1104,0.04625,2,高峰
2/25/2020 13:00,1333 ,1.08454,0.027,0.05,0.1104,0.04625,2,高峰
2/25/2020 14:00,1334 ,0.68618,0.027,0.05,0.1104,0.04625,2,平时
2/25/2020 15:00,1335 ,0.68618,0.027,0.05,0.1104,0.04625,2,平时
2/25/2020 16:00,1336 ,0.68618,0.027,0.05,0.1104,0.04625,2,平时
2/25/2020 17:00,1337 ,0.68618,0.027,0.05,0.1104,0.04625,2,平时
2/25/2020 18:00,1338 ,1.08454,0.027,0.05,0.1104,0.04625,2,高峰
2/25/2020 19:00,1339 ,1.08454,0.027,0.05,0.1104,0.04625,2,高峰
2/25/2020 20:00,1340 ,1.08454,0.027,0.05,0.1104,0.04625,2,高峰
2/25/2020 21:00,1341 ,1.08454,0.027,0.05,0.1104,0.04625,2,高峰
2/25/2020 22:00,1342 ,1.08454,0.027,0.05,0.1104,0.04625,2,高峰
2/25/2020 23:00,1343 ,0.30582,0.027,0.05,0.1104,0.04625,2,低谷
2/26/2020 0:00,1344 ,0.30582,0.027,0.05,0.1104,0.04625,2,低谷
2/26/2020 1:00,1345 ,0.30582,0.027,0.05,0.1104,0.04625,2,低谷
2/26/2020 2:00,1346 ,0.30582,0.027,0.05,0.1104,0.04625,2,低谷
2/26/2020 3:00,1347 ,0.30582,0.027,0.05,0.1104,0.04625,2,低谷
2/26/2020 4:00,1348 ,0.30582,0.027,0.05,0.1104,0.04625,2,低谷
2/26/2020 5:00,1349 ,0.30582,0.027,0.05,0.1104,0.04625,2,低谷
2/26/2020 6:00,1350 ,0.30582,0.027,0.05,0.1104,0.04625,2,低谷
2/26/2020 7:00,1351 ,0.68618,0.027,0.05,0.1104,0.04625,2,平时
2/26/2020 8:00,1352 ,0.68618,0.027,0.05,0.1104,0.04625,2,平时
2/26/2020 9:00,1353 ,0.68618,0.027,0.05,0.1104,0.04625,2,平时
2/26/2020 10:00,1354 ,0.68618,0.027,0.05,0.1104,0.04625,2,平时
2/26/2020 11:00,1355 ,1.08454,0.027,0.05,0.1104,0.04625,2,高峰
2/26/2020 12:00,1356 ,1.08454,0.027,0.05,0.1104,0.04625,2,高峰
2/26/2020 13:00,1357 ,1.08454,0.027,0.05,0.1104,0.04625,2,高峰
2/26/2020 14:00,1358 ,0.68618,0.027,0.05,0.1104,0.04625,2,平时
2/26/2020 15:00,1359 ,0.68618,0.027,0.05,0.1104,0.04625,2,平时
2/26/2020 16:00,1360 ,0.68618,0.027,0.05,0.1104,0.04625,2,平时
2/26/2020 17:00,1361 ,0.68618,0.027,0.05,0.1104,0.04625,2,平时
2/26/2020 18:00,1362 ,1.08454,0.027,0.05,0.1104,0.04625,2,高峰
2/26/2020 19:00,1363 ,1.08454,0.027,0.05,0.1104,0.04625,2,高峰
2/26/2020 20:00,1364 ,1.08454,0.027,0.05,0.1104,0.04625,2,高峰
2/26/2020 21:00,1365 ,1.08454,0.027,0.05,0.1104,0.04625,2,高峰
2/26/2020 22:00,1366 ,1.08454,0.027,0.05,0.1104,0.04625,2,高峰
2/26/2020 23:00,1367 ,0.30582,0.027,0.05,0.1104,0.04625,2,低谷
2/27/2020 0:00,1368 ,0.30582,0.027,0.05,0.1104,0.04625,2,低谷
2/27/2020 1:00,1369 ,0.30582,0.027,0.05,0.1104,0.04625,2,低谷
2/27/2020 2:00,1370 ,0.30582,0.027,0.05,0.1104,0.04625,2,低谷
2/27/2020 3:00,1371 ,0.30582,0.027,0.05,0.1104,0.04625,2,低谷
2/27/2020 4:00,1372 ,0.30582,0.027,0.05,0.1104,0.04625,2,低谷
2/27/2020 5:00,1373 ,0.30582,0.027,0.05,0.1104,0.04625,2,低谷
2/27/2020 6:00,1374 ,0.30582,0.027,0.05,0.1104,0.04625,2,低谷
2/27/2020 7:00,1375 ,0.68618,0.027,0.05,0.1104,0.04625,2,平时
2/27/2020 8:00,1376 ,0.68618,0.027,0.05,0.1104,0.04625,2,平时
2/27/2020 9:00,1377 ,0.68618,0.027,0.05,0.1104,0.04625,2,平时
2/27/2020 10:00,1378 ,0.68618,0.027,0.05,0.1104,0.04625,2,平时
2/27/2020 11:00,1379 ,1.08454,0.027,0.05,0.1104,0.04625,2,高峰
2/27/2020 12:00,1380 ,1.08454,0.027,0.05,0.1104,0.04625,2,高峰
2/27/2020 13:00,1381 ,1.08454,0.027,0.05,0.1104,0.04625,2,高峰
2/27/2020 14:00,1382 ,0.68618,0.027,0.05,0.1104,0.04625,2,平时
2/27/2020 15:00,1383 ,0.68618,0.027,0.05,0.1104,0.04625,2,平时
2/27/2020 16:00,1384 ,0.68618,0.027,0.05,0.1104,0.04625,2,平时
2/27/2020 17:00,1385 ,0.68618,0.027,0.05,0.1104,0.04625,2,平时
2/27/2020 18:00,1386 ,1.08454,0.027,0.05,0.1104,0.04625,2,高峰
2/27/2020 19:00,1387 ,1.08454,0.027,0.05,0.1104,0.04625,2,高峰
2/27/2020 20:00,1388 ,1.08454,0.027,0.05,0.1104,0.04625,2,高峰
2/27/2020 21:00,1389 ,1.08454,0.027,0.05,0.1104,0.04625,2,高峰
2/27/2020 22:00,1390 ,1.08454,0.027,0.05,0.1104,0.04625,2,高峰
2/27/2020 23:00,1391 ,0.30582,0.027,0.05,0.1104,0.04625,2,低谷
2/28/2020 0:00,1392 ,0.30582,0.027,0.05,0.1104,0.04625,2,低谷
2/28/2020 1:00,1393 ,0.30582,0.027,0.05,0.1104,0.04625,2,低谷
2/28/2020 2:00,1394 ,0.30582,0.027,0.05,0.1104,0.04625,2,低谷
2/28/2020 3:00,1395 ,0.30582,0.027,0.05,0.1104,0.04625,2,低谷
2/28/2020 4:00,1396 ,0.30582,0.027,0.05,0.1104,0.04625,2,低谷
2/28/2020 5:00,1397 ,0.30582,0.027,0.05,0.1104,0.04625,2,低谷
2/28/2020 6:00,1398 ,0.30582,0.027,0.05,0.1104,0.04625,2,低谷
2/28/2020 7:00,1399 ,0.68618,0.027,0.05,0.1104,0.04625,2,平时
2/28/2020 8:00,1400 ,0.68618,0.027,0.05,0.1104,0.04625,2,平时
2/28/2020 9:00,1401 ,0.68618,0.027,0.05,0.1104,0.04625,2,平时
2/28/2020 10:00,1402 ,0.68618,0.027,0.05,0.1104,0.04625,2,平时
2/28/2020 11:00,1403 ,1.08454,0.027,0.05,0.1104,0.04625,2,高峰
2/28/2020 12:00,1404 ,1.08454,0.027,0.05,0.1104,0.04625,2,高峰
2/28/2020 13:00,1405 ,1.08454,0.027,0.05,0.1104,0.04625,2,高峰
2/28/2020 14:00,1406 ,0.68618,0.027,0.05,0.1104,0.04625,2,平时
2/28/2020 15:00,1407 ,0.68618,0.027,0.05,0.1104,0.04625,2,平时
2/28/2020 16:00,1408 ,0.68618,0.027,0.05,0.1104,0.04625,2,平时
2/28/2020 17:00,1409 ,0.68618,0.027,0.05,0.1104,0.04625,2,平时
2/28/2020 18:00,1410 ,1.08454,0.027,0.05,0.1104,0.04625,2,高峰
2/28/2020 19:00,1411 ,1.08454,0.027,0.05,0.1104,0.04625,2,高峰
2/28/2020 20:00,1412 ,1.08454,0.027,0.05,0.1104,0.04625,2,高峰
2/28/2020 21:00,1413 ,1.08454,0.027,0.05,0.1104,0.04625,2,高峰
2/28/2020 22:00,1414 ,1.08454,0.027,0.05,0.1104,0.04625,2,高峰
2/28/2020 23:00,1415 ,0.30582,0.027,0.05,0.1104,0.04625,2,低谷
2/29/2020 0:00,1416 ,0.30582,0.027,0.05,0.1104,0.04625,2,低谷
2/29/2020 1:00,1417 ,0.30582,0.027,0.05,0.1104,0.04625,2,低谷
2/29/2020 2:00,1418 ,0.30582,0.027,0.05,0.1104,0.04625,2,低谷
2/29/2020 3:00,1419 ,0.30582,0.027,0.05,0.1104,0.04625,2,低谷
2/29/2020 4:00,1420 ,0.30582,0.027,0.05,0.1104,0.04625,2,低谷
2/29/2020 5:00,1421 ,0.30582,0.027,0.05,0.1104,0.04625,2,低谷
2/29/2020 6:00,1422 ,0.30582,0.027,0.05,0.1104,0.04625,2,低谷
2/29/2020 7:00,1423 ,0.68618,0.027,0.05,0.1104,0.04625,2,平时
2/29/2020 8:00,1424 ,0.68618,0.027,0.05,0.1104,0.04625,2,平时
2/29/2020 9:00,1425 ,0.68618,0.027,0.05,0.1104,0.04625,2,平时
2/29/2020 10:00,1426 ,0.68618,0.027,0.05,0.1104,0.04625,2,平时
2/29/2020 11:00,1427 ,1.08454,0.027,0.05,0.1104,0.04625,2,高峰
2/29/2020 12:00,1428 ,1.08454,0.027,0.05,0.1104,0.04625,2,高峰
2/29/2020 13:00,1429 ,1.08454,0.027,0.05,0.1104,0.04625,2,高峰
2/29/2020 14:00,1430 ,0.68618,0.027,0.05,0.1104,0.04625,2,平时
2/29/2020 15:00,1431 ,0.68618,0.027,0.05,0.1104,0.04625,2,平时
2/29/2020 16:00,1432 ,0.68618,0.027,0.05,0.1104,0.04625,2,平时
2/29/2020 17:00,1433 ,0.68618,0.027,0.05,0.1104,0.04625,2,平时
2/29/2020 18:00,1434 ,1.08454,0.027,0.05,0.1104,0.04625,2,高峰
2/29/2020 19:00,1435 ,1.08454,0.027,0.05,0.1104,0.04625,2,高峰
2/29/2020 20:00,1436 ,1.08454,0.027,0.05,0.1104,0.04625,2,高峰
2/29/2020 21:00,1437 ,1.08454,0.027,0.05,0.1104,0.04625,2,高峰
2/29/2020 22:00,1438 ,1.08454,0.027,0.05,0.1104,0.04625,2,高峰
2/29/2020 23:00,1439 ,0.30582,0.027,0.05,0.1104,0.04625,2,低谷
3/1/2020 0:00,1440 ,0.30325,0.027,0.05,0.1104,0.04625,3,低谷
3/1/2020 1:00,1441 ,0.30325,0.027,0.05,0.1104,0.04625,3,低谷
3/1/2020 2:00,1442 ,0.30325,0.027,0.05,0.1104,0.04625,3,低谷
3/1/2020 3:00,1443 ,0.30325,0.027,0.05,0.1104,0.04625,3,低谷
3/1/2020 4:00,1444 ,0.30325,0.027,0.05,0.1104,0.04625,3,低谷
3/1/2020 5:00,1445 ,0.30325,0.027,0.05,0.1104,0.04625,3,低谷
3/1/2020 6:00,1446 ,0.30325,0.027,0.05,0.1104,0.04625,3,低谷
3/1/2020 7:00,1447 ,0.8482,0.027,0.05,0.1104,0.04625,3,平时
3/1/2020 8:00,1448 ,0.8482,0.027,0.05,0.1104,0.04625,3,平时
3/1/2020 9:00,1449 ,0.8482,0.027,0.05,0.1104,0.04625,3,平时
3/1/2020 10:00,1450 ,0.8482,0.027,0.05,0.1104,0.04625,3,平时
3/1/2020 11:00,1451 ,1.07427,0.027,0.05,0.1104,0.04625,3,高峰
3/1/2020 12:00,1452 ,1.07427,0.027,0.05,0.1104,0.04625,3,高峰
3/1/2020 13:00,1453 ,1.07427,0.027,0.05,0.1104,0.04625,3,高峰
3/1/2020 14:00,1454 ,0.8482,0.027,0.05,0.1104,0.04625,3,平时
3/1/2020 15:00,1455 ,0.8482,0.027,0.05,0.1104,0.04625,3,平时
3/1/2020 16:00,1456 ,0.8482,0.027,0.05,0.1104,0.04625,3,平时
3/1/2020 17:00,1457 ,0.8482,0.027,0.05,0.1104,0.04625,3,平时
3/1/2020 18:00,1458 ,1.07427,0.027,0.05,0.1104,0.04625,3,高峰
3/1/2020 19:00,1459 ,1.07427,0.027,0.05,0.1104,0.04625,3,高峰
3/1/2020 20:00,1460 ,1.07427,0.027,0.05,0.1104,0.04625,3,高峰
3/1/2020 21:00,1461 ,1.07427,0.027,0.05,0.1104,0.04625,3,高峰
3/1/2020 22:00,1462 ,1.07427,0.027,0.05,0.1104,0.04625,3,高峰
3/1/2020 23:00,1463 ,0.30325,0.027,0.05,0.1104,0.04625,3,低谷
3/2/2020 0:00,1464 ,0.30325,0.027,0.05,0.1104,0.04625,3,低谷
3/2/2020 1:00,1465 ,0.30325,0.027,0.05,0.1104,0.04625,3,低谷
3/2/2020 2:00,1466 ,0.30325,0.027,0.05,0.1104,0.04625,3,低谷
3/2/2020 3:00,1467 ,0.30325,0.027,0.05,0.1104,0.04625,3,低谷
3/2/2020 4:00,1468 ,0.30325,0.027,0.05,0.1104,0.04625,3,低谷
3/2/2020 5:00,1469 ,0.30325,0.027,0.05,0.1104,0.04625,3,低谷
3/2/2020 6:00,1470 ,0.30325,0.027,0.05,0.1104,0.04625,3,低谷
3/2/2020 7:00,1471 ,0.8482,0.027,0.05,0.1104,0.04625,3,平时
3/2/2020 8:00,1472 ,0.8482,0.027,0.05,0.1104,0.04625,3,平时
3/2/2020 9:00,1473 ,0.8482,0.027,0.05,0.1104,0.04625,3,平时
3/2/2020 10:00,1474 ,0.8482,0.027,0.05,0.1104,0.04625,3,平时
3/2/2020 11:00,1475 ,1.07427,0.027,0.05,0.1104,0.04625,3,高峰
3/2/2020 12:00,1476 ,1.07427,0.027,0.05,0.1104,0.04625,3,高峰
3/2/2020 13:00,1477 ,1.07427,0.027,0.05,0.1104,0.04625,3,高峰
3/2/2020 14:00,1478 ,0.8482,0.027,0.05,0.1104,0.04625,3,平时
3/2/2020 15:00,1479 ,0.8482,0.027,0.05,0.1104,0.04625,3,平时
3/2/2020 16:00,1480 ,0.8482,0.027,0.05,0.1104,0.04625,3,平时
3/2/2020 17:00,1481 ,0.8482,0.027,0.05,0.1104,0.04625,3,平时
3/2/2020 18:00,1482 ,1.07427,0.027,0.05,0.1104,0.04625,3,高峰
3/2/2020 19:00,1483 ,1.07427,0.027,0.05,0.1104,0.04625,3,高峰
3/2/2020 20:00,1484 ,1.07427,0.027,0.05,0.1104,0.04625,3,高峰
3/2/2020 21:00,1485 ,1.07427,0.027,0.05,0.1104,0.04625,3,高峰
3/2/2020 22:00,1486 ,1.07427,0.027,0.05,0.1104,0.04625,3,高峰
3/2/2020 23:00,1487 ,0.30325,0.027,0.05,0.1104,0.04625,3,低谷
3/3/2020 0:00,1488 ,0.30325,0.027,0.05,0.1104,0.04625,3,低谷
3/3/2020 1:00,1489 ,0.30325,0.027,0.05,0.1104,0.04625,3,低谷
3/3/2020 2:00,1490 ,0.30325,0.027,0.05,0.1104,0.04625,3,低谷
3/3/2020 3:00,1491 ,0.30325,0.027,0.05,0.1104,0.04625,3,低谷
3/3/2020 4:00,1492 ,0.30325,0.027,0.05,0.1104,0.04625,3,低谷
3/3/2020 5:00,1493 ,0.30325,0.027,0.05,0.1104,0.04625,3,低谷
3/3/2020 6:00,1494 ,0.30325,0.027,0.05,0.1104,0.04625,3,低谷
3/3/2020 7:00,1495 ,0.8482,0.027,0.05,0.1104,0.04625,3,平时
3/3/2020 8:00,1496 ,0.8482,0.027,0.05,0.1104,0.04625,3,平时
3/3/2020 9:00,1497 ,0.8482,0.027,0.05,0.1104,0.04625,3,平时
3/3/2020 10:00,1498 ,0.8482,0.027,0.05,0.1104,0.04625,3,平时
3/3/2020 11:00,1499 ,1.07427,0.027,0.05,0.1104,0.04625,3,高峰
3/3/2020 12:00,1500 ,1.07427,0.027,0.05,0.1104,0.04625,3,高峰
3/3/2020 13:00,1501 ,1.07427,0.027,0.05,0.1104,0.04625,3,高峰
3/3/2020 14:00,1502 ,0.8482,0.027,0.05,0.1104,0.04625,3,平时
3/3/2020 15:00,1503 ,0.8482,0.027,0.05,0.1104,0.04625,3,平时
3/3/2020 16:00,1504 ,0.8482,0.027,0.05,0.1104,0.04625,3,平时
3/3/2020 17:00,1505 ,0.8482,0.027,0.05,0.1104,0.04625,3,平时
3/3/2020 18:00,1506 ,1.07427,0.027,0.05,0.1104,0.04625,3,高峰
3/3/2020 19:00,1507 ,1.07427,0.027,0.05,0.1104,0.04625,3,高峰
3/3/2020 20:00,1508 ,1.07427,0.027,0.05,0.1104,0.04625,3,高峰
3/3/2020 21:00,1509 ,1.07427,0.027,0.05,0.1104,0.04625,3,高峰
3/3/2020 22:00,1510 ,1.07427,0.027,0.05,0.1104,0.04625,3,高峰
3/3/2020 23:00,1511 ,0.30325,0.027,0.05,0.1104,0.04625,3,低谷
3/4/2020 0:00,1512 ,0.30325,0.027,0.05,0.1104,0.04625,3,低谷
3/4/2020 1:00,1513 ,0.30325,0.027,0.05,0.1104,0.04625,3,低谷
3/4/2020 2:00,1514 ,0.30325,0.027,0.05,0.1104,0.04625,3,低谷
3/4/2020 3:00,1515 ,0.30325,0.027,0.05,0.1104,0.04625,3,低谷
3/4/2020 4:00,1516 ,0.30325,0.027,0.05,0.1104,0.04625,3,低谷
3/4/2020 5:00,1517 ,0.30325,0.027,0.05,0.1104,0.04625,3,低谷
3/4/2020 6:00,1518 ,0.30325,0.027,0.05,0.1104,0.04625,3,低谷
3/4/2020 7:00,1519 ,0.8482,0.027,0.05,0.1104,0.04625,3,平时
3/4/2020 8:00,1520 ,0.8482,0.027,0.05,0.1104,0.04625,3,平时
3/4/2020 9:00,1521 ,0.8482,0.027,0.05,0.1104,0.04625,3,平时
3/4/2020 10:00,1522 ,0.8482,0.027,0.05,0.1104,0.04625,3,平时
3/4/2020 11:00,1523 ,1.07427,0.027,0.05,0.1104,0.04625,3,高峰
3/4/2020 12:00,1524 ,1.07427,0.027,0.05,0.1104,0.04625,3,高峰
3/4/2020 13:00,1525 ,1.07427,0.027,0.05,0.1104,0.04625,3,高峰
3/4/2020 14:00,1526 ,0.8482,0.027,0.05,0.1104,0.04625,3,平时
3/4/2020 15:00,1527 ,0.8482,0.027,0.05,0.1104,0.04625,3,平时
3/4/2020 16:00,1528 ,0.8482,0.027,0.05,0.1104,0.04625,3,平时
3/4/2020 17:00,1529 ,0.8482,0.027,0.05,0.1104,0.04625,3,平时
3/4/2020 18:00,1530 ,1.07427,0.027,0.05,0.1104,0.04625,3,高峰
3/4/2020 19:00,1531 ,1.07427,0.027,0.05,0.1104,0.04625,3,高峰
3/4/2020 20:00,1532 ,1.07427,0.027,0.05,0.1104,0.04625,3,高峰
3/4/2020 21:00,1533 ,1.07427,0.027,0.05,0.1104,0.04625,3,高峰
3/4/2020 22:00,1534 ,1.07427,0.027,0.05,0.1104,0.04625,3,高峰
3/4/2020 23:00,1535 ,0.30325,0.027,0.05,0.1104,0.04625,3,低谷
3/5/2020 0:00,1536 ,0.30325,0.027,0.05,0.1104,0.04625,3,低谷
3/5/2020 1:00,1537 ,0.30325,0.027,0.05,0.1104,0.04625,3,低谷
3/5/2020 2:00,1538 ,0.30325,0.027,0.05,0.1104,0.04625,3,低谷
3/5/2020 3:00,1539 ,0.30325,0.027,0.05,0.1104,0.04625,3,低谷
3/5/2020 4:00,1540 ,0.30325,0.027,0.05,0.1104,0.04625,3,低谷
3/5/2020 5:00,1541 ,0.30325,0.027,0.05,0.1104,0.04625,3,低谷
3/5/2020 6:00,1542 ,0.30325,0.027,0.05,0.1104,0.04625,3,低谷
3/5/2020 7:00,1543 ,0.8482,0.027,0.05,0.1104,0.04625,3,平时
3/5/2020 8:00,1544 ,0.8482,0.027,0.05,0.1104,0.04625,3,平时
3/5/2020 9:00,1545 ,0.8482,0.027,0.05,0.1104,0.04625,3,平时
3/5/2020 10:00,1546 ,0.8482,0.027,0.05,0.1104,0.04625,3,平时
3/5/2020 11:00,1547 ,1.07427,0.027,0.05,0.1104,0.04625,3,高峰
3/5/2020 12:00,1548 ,1.07427,0.027,0.05,0.1104,0.04625,3,高峰
3/5/2020 13:00,1549 ,1.07427,0.027,0.05,0.1104,0.04625,3,高峰
3/5/2020 14:00,1550 ,0.8482,0.027,0.05,0.1104,0.04625,3,平时
3/5/2020 15:00,1551 ,0.8482,0.027,0.05,0.1104,0.04625,3,平时
3/5/2020 16:00,1552 ,0.8482,0.027,0.05,0.1104,0.04625,3,平时
3/5/2020 17:00,1553 ,0.8482,0.027,0.05,0.1104,0.04625,3,平时
3/5/2020 18:00,1554 ,1.07427,0.027,0.05,0.1104,0.04625,3,高峰
3/5/2020 19:00,1555 ,1.07427,0.027,0.05,0.1104,0.04625,3,高峰
3/5/2020 20:00,1556 ,1.07427,0.027,0.05,0.1104,0.04625,3,高峰
3/5/2020 21:00,1557 ,1.07427,0.027,0.05,0.1104,0.04625,3,高峰
3/5/2020 22:00,1558 ,1.07427,0.027,0.05,0.1104,0.04625,3,高峰
3/5/2020 23:00,1559 ,0.30325,0.027,0.05,0.1104,0.04625,3,低谷
3/6/2020 0:00,1560 ,0.30325,0.027,0.05,0.1104,0.04625,3,低谷
3/6/2020 1:00,1561 ,0.30325,0.027,0.05,0.1104,0.04625,3,低谷
3/6/2020 2:00,1562 ,0.30325,0.027,0.05,0.1104,0.04625,3,低谷
3/6/2020 3:00,1563 ,0.30325,0.027,0.05,0.1104,0.04625,3,低谷
3/6/2020 4:00,1564 ,0.30325,0.027,0.05,0.1104,0.04625,3,低谷
3/6/2020 5:00,1565 ,0.30325,0.027,0.05,0.1104,0.04625,3,低谷
3/6/2020 6:00,1566 ,0.30325,0.027,0.05,0.1104,0.04625,3,低谷
3/6/2020 7:00,1567 ,0.8482,0.027,0.05,0.1104,0.04625,3,平时
3/6/2020 8:00,1568 ,0.8482,0.027,0.05,0.1104,0.04625,3,平时
3/6/2020 9:00,1569 ,0.8482,0.027,0.05,0.1104,0.04625,3,平时
3/6/2020 10:00,1570 ,0.8482,0.027,0.05,0.1104,0.04625,3,平时
3/6/2020 11:00,1571 ,1.07427,0.027,0.05,0.1104,0.04625,3,高峰
3/6/2020 12:00,1572 ,1.07427,0.027,0.05,0.1104,0.04625,3,高峰
3/6/2020 13:00,1573 ,1.07427,0.027,0.05,0.1104,0.04625,3,高峰
3/6/2020 14:00,1574 ,0.8482,0.027,0.05,0.1104,0.04625,3,平时
3/6/2020 15:00,1575 ,0.8482,0.027,0.05,0.1104,0.04625,3,平时
3/6/2020 16:00,1576 ,0.8482,0.027,0.05,0.1104,0.04625,3,平时
3/6/2020 17:00,1577 ,0.8482,0.027,0.05,0.1104,0.04625,3,平时
3/6/2020 18:00,1578 ,1.07427,0.027,0.05,0.1104,0.04625,3,高峰
3/6/2020 19:00,1579 ,1.07427,0.027,0.05,0.1104,0.04625,3,高峰
3/6/2020 20:00,1580 ,1.07427,0.027,0.05,0.1104,0.04625,3,高峰
3/6/2020 21:00,1581 ,1.07427,0.027,0.05,0.1104,0.04625,3,高峰
3/6/2020 22:00,1582 ,1.07427,0.027,0.05,0.1104,0.04625,3,高峰
3/6/2020 23:00,1583 ,0.30325,0.027,0.05,0.1104,0.04625,3,低谷
3/7/2020 0:00,1584 ,0.30325,0.027,0.05,0.1104,0.04625,3,低谷
3/7/2020 1:00,1585 ,0.30325,0.027,0.05,0.1104,0.04625,3,低谷
3/7/2020 2:00,1586 ,0.30325,0.027,0.05,0.1104,0.04625,3,低谷
3/7/2020 3:00,1587 ,0.30325,0.027,0.05,0.1104,0.04625,3,低谷
3/7/2020 4:00,1588 ,0.30325,0.027,0.05,0.1104,0.04625,3,低谷
3/7/2020 5:00,1589 ,0.30325,0.027,0.05,0.1104,0.04625,3,低谷
3/7/2020 6:00,1590 ,0.30325,0.027,0.05,0.1104,0.04625,3,低谷
3/7/2020 7:00,1591 ,0.8482,0.027,0.05,0.1104,0.04625,3,平时
3/7/2020 8:00,1592 ,0.8482,0.027,0.05,0.1104,0.04625,3,平时
3/7/2020 9:00,1593 ,0.8482,0.027,0.05,0.1104,0.04625,3,平时
3/7/2020 10:00,1594 ,0.8482,0.027,0.05,0.1104,0.04625,3,平时
3/7/2020 11:00,1595 ,1.07427,0.027,0.05,0.1104,0.04625,3,高峰
3/7/2020 12:00,1596 ,1.07427,0.027,0.05,0.1104,0.04625,3,高峰
3/7/2020 13:00,1597 ,1.07427,0.027,0.05,0.1104,0.04625,3,高峰
3/7/2020 14:00,1598 ,0.8482,0.027,0.05,0.1104,0.04625,3,平时
3/7/2020 15:00,1599 ,0.8482,0.027,0.05,0.1104,0.04625,3,平时
3/7/2020 16:00,1600 ,0.8482,0.027,0.05,0.1104,0.04625,3,平时
3/7/2020 17:00,1601 ,0.8482,0.027,0.05,0.1104,0.04625,3,平时
3/7/2020 18:00,1602 ,1.07427,0.027,0.05,0.1104,0.04625,3,高峰
3/7/2020 19:00,1603 ,1.07427,0.027,0.05,0.1104,0.04625,3,高峰
3/7/2020 20:00,1604 ,1.07427,0.027,0.05,0.1104,0.04625,3,高峰
3/7/2020 21:00,1605 ,1.07427,0.027,0.05,0.1104,0.04625,3,高峰
3/7/2020 22:00,1606 ,1.07427,0.027,0.05,0.1104,0.04625,3,高峰
3/7/2020 23:00,1607 ,0.30325,0.027,0.05,0.1104,0.04625,3,低谷
3/8/2020 0:00,1608 ,0.30325,0.027,0.05,0.1104,0.04625,3,低谷
3/8/2020 1:00,1609 ,0.30325,0.027,0.05,0.1104,0.04625,3,低谷
3/8/2020 2:00,1610 ,0.30325,0.027,0.05,0.1104,0.04625,3,低谷
3/8/2020 3:00,1611 ,0.30325,0.027,0.05,0.1104,0.04625,3,低谷
3/8/2020 4:00,1612 ,0.30325,0.027,0.05,0.1104,0.04625,3,低谷
3/8/2020 5:00,1613 ,0.30325,0.027,0.05,0.1104,0.04625,3,低谷
3/8/2020 6:00,1614 ,0.30325,0.027,0.05,0.1104,0.04625,3,低谷
3/8/2020 7:00,1615 ,0.8482,0.027,0.05,0.1104,0.04625,3,平时
3/8/2020 8:00,1616 ,0.8482,0.027,0.05,0.1104,0.04625,3,平时
3/8/2020 9:00,1617 ,0.8482,0.027,0.05,0.1104,0.04625,3,平时
3/8/2020 10:00,1618 ,0.8482,0.027,0.05,0.1104,0.04625,3,平时
3/8/2020 11:00,1619 ,1.07427,0.027,0.05,0.1104,0.04625,3,高峰
3/8/2020 12:00,1620 ,1.07427,0.027,0.05,0.1104,0.04625,3,高峰
3/8/2020 13:00,1621 ,1.07427,0.027,0.05,0.1104,0.04625,3,高峰
3/8/2020 14:00,1622 ,0.8482,0.027,0.05,0.1104,0.04625,3,平时
3/8/2020 15:00,1623 ,0.8482,0.027,0.05,0.1104,0.04625,3,平时
3/8/2020 16:00,1624 ,0.8482,0.027,0.05,0.1104,0.04625,3,平时
3/8/2020 17:00,1625 ,0.8482,0.027,0.05,0.1104,0.04625,3,平时
3/8/2020 18:00,1626 ,1.07427,0.027,0.05,0.1104,0.04625,3,高峰
3/8/2020 19:00,1627 ,1.07427,0.027,0.05,0.1104,0.04625,3,高峰
3/8/2020 20:00,1628 ,1.07427,0.027,0.05,0.1104,0.04625,3,高峰
3/8/2020 21:00,1629 ,1.07427,0.027,0.05,0.1104,0.04625,3,高峰
3/8/2020 22:00,1630 ,1.07427,0.027,0.05,0.1104,0.04625,3,高峰
3/8/2020 23:00,1631 ,0.30325,0.027,0.05,0.1104,0.04625,3,低谷
3/9/2020 0:00,1632 ,0.30325,0.027,0.05,0.1104,0.04625,3,低谷
3/9/2020 1:00,1633 ,0.30325,0.027,0.05,0.1104,0.04625,3,低谷
3/9/2020 2:00,1634 ,0.30325,0.027,0.05,0.1104,0.04625,3,低谷
3/9/2020 3:00,1635 ,0.30325,0.027,0.05,0.1104,0.04625,3,低谷
3/9/2020 4:00,1636 ,0.30325,0.027,0.05,0.1104,0.04625,3,低谷
3/9/2020 5:00,1637 ,0.30325,0.027,0.05,0.1104,0.04625,3,低谷
3/9/2020 6:00,1638 ,0.30325,0.027,0.05,0.1104,0.04625,3,低谷
3/9/2020 7:00,1639 ,0.8482,0.027,0.05,0.1104,0.04625,3,平时
3/9/2020 8:00,1640 ,0.8482,0.027,0.05,0.1104,0.04625,3,平时
3/9/2020 9:00,1641 ,0.8482,0.027,0.05,0.1104,0.04625,3,平时
3/9/2020 10:00,1642 ,0.8482,0.027,0.05,0.1104,0.04625,3,平时
3/9/2020 11:00,1643 ,1.07427,0.027,0.05,0.1104,0.04625,3,高峰
3/9/2020 12:00,1644 ,1.07427,0.027,0.05,0.1104,0.04625,3,高峰
3/9/2020 13:00,1645 ,1.07427,0.027,0.05,0.1104,0.04625,3,高峰
3/9/2020 14:00,1646 ,0.8482,0.027,0.05,0.1104,0.04625,3,平时
3/9/2020 15:00,1647 ,0.8482,0.027,0.05,0.1104,0.04625,3,平时
3/9/2020 16:00,1648 ,0.8482,0.027,0.05,0.1104,0.04625,3,平时
3/9/2020 17:00,1649 ,0.8482,0.027,0.05,0.1104,0.04625,3,平时
3/9/2020 18:00,1650 ,1.07427,0.027,0.05,0.1104,0.04625,3,高峰
3/9/2020 19:00,1651 ,1.07427,0.027,0.05,0.1104,0.04625,3,高峰
3/9/2020 20:00,1652 ,1.07427,0.027,0.05,0.1104,0.04625,3,高峰
3/9/2020 21:00,1653 ,1.07427,0.027,0.05,0.1104,0.04625,3,高峰
3/9/2020 22:00,1654 ,1.07427,0.027,0.05,0.1104,0.04625,3,高峰
3/9/2020 23:00,1655 ,0.30325,0.027,0.05,0.1104,0.04625,3,低谷
3/10/2020 0:00,1656 ,0.30325,0.027,0.05,0.1104,0.04625,3,低谷
3/10/2020 1:00,1657 ,0.30325,0.027,0.05,0.1104,0.04625,3,低谷
3/10/2020 2:00,1658 ,0.30325,0.027,0.05,0.1104,0.04625,3,低谷
3/10/2020 3:00,1659 ,0.30325,0.027,0.05,0.1104,0.04625,3,低谷
3/10/2020 4:00,1660 ,0.30325,0.027,0.05,0.1104,0.04625,3,低谷
3/10/2020 5:00,1661 ,0.30325,0.027,0.05,0.1104,0.04625,3,低谷
3/10/2020 6:00,1662 ,0.30325,0.027,0.05,0.1104,0.04625,3,低谷
3/10/2020 7:00,1663 ,0.8482,0.027,0.05,0.1104,0.04625,3,平时
3/10/2020 8:00,1664 ,0.8482,0.027,0.05,0.1104,0.04625,3,平时
3/10/2020 9:00,1665 ,0.8482,0.027,0.05,0.1104,0.04625,3,平时
3/10/2020 10:00,1666 ,0.8482,0.027,0.05,0.1104,0.04625,3,平时
3/10/2020 11:00,1667 ,1.07427,0.027,0.05,0.1104,0.04625,3,高峰
3/10/2020 12:00,1668 ,1.07427,0.027,0.05,0.1104,0.04625,3,高峰
3/10/2020 13:00,1669 ,1.07427,0.027,0.05,0.1104,0.04625,3,高峰
3/10/2020 14:00,1670 ,0.8482,0.027,0.05,0.1104,0.04625,3,平时
3/10/2020 15:00,1671 ,0.8482,0.027,0.05,0.1104,0.04625,3,平时
3/10/2020 16:00,1672 ,0.8482,0.027,0.05,0.1104,0.04625,3,平时
3/10/2020 17:00,1673 ,0.8482,0.027,0.05,0.1104,0.04625,3,平时
3/10/2020 18:00,1674 ,1.07427,0.027,0.05,0.1104,0.04625,3,高峰
3/10/2020 19:00,1675 ,1.07427,0.027,0.05,0.1104,0.04625,3,高峰
3/10/2020 20:00,1676 ,1.07427,0.027,0.05,0.1104,0.04625,3,高峰
3/10/2020 21:00,1677 ,1.07427,0.027,0.05,0.1104,0.04625,3,高峰
3/10/2020 22:00,1678 ,1.07427,0.027,0.05,0.1104,0.04625,3,高峰
3/10/2020 23:00,1679 ,0.30325,0.027,0.05,0.1104,0.04625,3,低谷
3/11/2020 0:00,1680 ,0.30325,0.027,0.05,0.1104,0.04625,3,低谷
3/11/2020 1:00,1681 ,0.30325,0.027,0.05,0.1104,0.04625,3,低谷
3/11/2020 2:00,1682 ,0.30325,0.027,0.05,0.1104,0.04625,3,低谷
3/11/2020 3:00,1683 ,0.30325,0.027,0.05,0.1104,0.04625,3,低谷
3/11/2020 4:00,1684 ,0.30325,0.027,0.05,0.1104,0.04625,3,低谷
3/11/2020 5:00,1685 ,0.30325,0.027,0.05,0.1104,0.04625,3,低谷
3/11/2020 6:00,1686 ,0.30325,0.027,0.05,0.1104,0.04625,3,低谷
3/11/2020 7:00,1687 ,0.8482,0.027,0.05,0.1104,0.04625,3,平时
3/11/2020 8:00,1688 ,0.8482,0.027,0.05,0.1104,0.04625,3,平时
3/11/2020 9:00,1689 ,0.8482,0.027,0.05,0.1104,0.04625,3,平时
3/11/2020 10:00,1690 ,0.8482,0.027,0.05,0.1104,0.04625,3,平时
3/11/2020 11:00,1691 ,1.07427,0.027,0.05,0.1104,0.04625,3,高峰
3/11/2020 12:00,1692 ,1.07427,0.027,0.05,0.1104,0.04625,3,高峰
3/11/2020 13:00,1693 ,1.07427,0.027,0.05,0.1104,0.04625,3,高峰
3/11/2020 14:00,1694 ,0.8482,0.027,0.05,0.1104,0.04625,3,平时
3/11/2020 15:00,1695 ,0.8482,0.027,0.05,0.1104,0.04625,3,平时
3/11/2020 16:00,1696 ,0.8482,0.027,0.05,0.1104,0.04625,3,平时
3/11/2020 17:00,1697 ,0.8482,0.027,0.05,0.1104,0.04625,3,平时
3/11/2020 18:00,1698 ,1.07427,0.027,0.05,0.1104,0.04625,3,高峰
3/11/2020 19:00,1699 ,1.07427,0.027,0.05,0.1104,0.04625,3,高峰
3/11/2020 20:00,1700 ,1.07427,0.027,0.05,0.1104,0.04625,3,高峰
3/11/2020 21:00,1701 ,1.07427,0.027,0.05,0.1104,0.04625,3,高峰
3/11/2020 22:00,1702 ,1.07427,0.027,0.05,0.1104,0.04625,3,高峰
3/11/2020 23:00,1703 ,0.30325,0.027,0.05,0.1104,0.04625,3,低谷
3/12/2020 0:00,1704 ,0.30325,0.027,0.05,0.1104,0.04625,3,低谷
3/12/2020 1:00,1705 ,0.30325,0.027,0.05,0.1104,0.04625,3,低谷
3/12/2020 2:00,1706 ,0.30325,0.027,0.05,0.1104,0.04625,3,低谷
3/12/2020 3:00,1707 ,0.30325,0.027,0.05,0.1104,0.04625,3,低谷
3/12/2020 4:00,1708 ,0.30325,0.027,0.05,0.1104,0.04625,3,低谷
3/12/2020 5:00,1709 ,0.30325,0.027,0.05,0.1104,0.04625,3,低谷
3/12/2020 6:00,1710 ,0.30325,0.027,0.05,0.1104,0.04625,3,低谷
3/12/2020 7:00,1711 ,0.8482,0.027,0.05,0.1104,0.04625,3,平时
3/12/2020 8:00,1712 ,0.8482,0.027,0.05,0.1104,0.04625,3,平时
3/12/2020 9:00,1713 ,0.8482,0.027,0.05,0.1104,0.04625,3,平时
3/12/2020 10:00,1714 ,0.8482,0.027,0.05,0.1104,0.04625,3,平时
3/12/2020 11:00,1715 ,1.07427,0.027,0.05,0.1104,0.04625,3,高峰
3/12/2020 12:00,1716 ,1.07427,0.027,0.05,0.1104,0.04625,3,高峰
3/12/2020 13:00,1717 ,1.07427,0.027,0.05,0.1104,0.04625,3,高峰
3/12/2020 14:00,1718 ,0.8482,0.027,0.05,0.1104,0.04625,3,平时
3/12/2020 15:00,1719 ,0.8482,0.027,0.05,0.1104,0.04625,3,平时
3/12/2020 16:00,1720 ,0.8482,0.027,0.05,0.1104,0.04625,3,平时
3/12/2020 17:00,1721 ,0.8482,0.027,0.05,0.1104,0.04625,3,平时
3/12/2020 18:00,1722 ,1.07427,0.027,0.05,0.1104,0.04625,3,高峰
3/12/2020 19:00,1723 ,1.07427,0.027,0.05,0.1104,0.04625,3,高峰
3/12/2020 20:00,1724 ,1.07427,0.027,0.05,0.1104,0.04625,3,高峰
3/12/2020 21:00,1725 ,1.07427,0.027,0.05,0.1104,0.04625,3,高峰
3/12/2020 22:00,1726 ,1.07427,0.027,0.05,0.1104,0.04625,3,高峰
3/12/2020 23:00,1727 ,0.30325,0.027,0.05,0.1104,0.04625,3,低谷
3/13/2020 0:00,1728 ,0.30325,0.027,0.05,0.1104,0.04625,3,低谷
3/13/2020 1:00,1729 ,0.30325,0.027,0.05,0.1104,0.04625,3,低谷
3/13/2020 2:00,1730 ,0.30325,0.027,0.05,0.1104,0.04625,3,低谷
3/13/2020 3:00,1731 ,0.30325,0.027,0.05,0.1104,0.04625,3,低谷
3/13/2020 4:00,1732 ,0.30325,0.027,0.05,0.1104,0.04625,3,低谷
3/13/2020 5:00,1733 ,0.30325,0.027,0.05,0.1104,0.04625,3,低谷
3/13/2020 6:00,1734 ,0.30325,0.027,0.05,0.1104,0.04625,3,低谷
3/13/2020 7:00,1735 ,0.8482,0.027,0.05,0.1104,0.04625,3,平时
3/13/2020 8:00,1736 ,0.8482,0.027,0.05,0.1104,0.04625,3,平时
3/13/2020 9:00,1737 ,0.8482,0.027,0.05,0.1104,0.04625,3,平时
3/13/2020 10:00,1738 ,0.8482,0.027,0.05,0.1104,0.04625,3,平时
3/13/2020 11:00,1739 ,1.07427,0.027,0.05,0.1104,0.04625,3,高峰
3/13/2020 12:00,1740 ,1.07427,0.027,0.05,0.1104,0.04625,3,高峰
3/13/2020 13:00,1741 ,1.07427,0.027,0.05,0.1104,0.04625,3,高峰
3/13/2020 14:00,1742 ,0.8482,0.027,0.05,0.1104,0.04625,3,平时
3/13/2020 15:00,1743 ,0.8482,0.027,0.05,0.1104,0.04625,3,平时
3/13/2020 16:00,1744 ,0.8482,0.027,0.05,0.1104,0.04625,3,平时
3/13/2020 17:00,1745 ,0.8482,0.027,0.05,0.1104,0.04625,3,平时
3/13/2020 18:00,1746 ,1.07427,0.027,0.05,0.1104,0.04625,3,高峰
3/13/2020 19:00,1747 ,1.07427,0.027,0.05,0.1104,0.04625,3,高峰
3/13/2020 20:00,1748 ,1.07427,0.027,0.05,0.1104,0.04625,3,高峰
3/13/2020 21:00,1749 ,1.07427,0.027,0.05,0.1104,0.04625,3,高峰
3/13/2020 22:00,1750 ,1.07427,0.027,0.05,0.1104,0.04625,3,高峰
3/13/2020 23:00,1751 ,0.30325,0.027,0.05,0.1104,0.04625,3,低谷
3/14/2020 0:00,1752 ,0.30325,0.027,0.05,0.1104,0.04625,3,低谷
3/14/2020 1:00,1753 ,0.30325,0.027,0.05,0.1104,0.04625,3,低谷
3/14/2020 2:00,1754 ,0.30325,0.027,0.05,0.1104,0.04625,3,低谷
3/14/2020 3:00,1755 ,0.30325,0.027,0.05,0.1104,0.04625,3,低谷
3/14/2020 4:00,1756 ,0.30325,0.027,0.05,0.1104,0.04625,3,低谷
3/14/2020 5:00,1757 ,0.30325,0.027,0.05,0.1104,0.04625,3,低谷
3/14/2020 6:00,1758 ,0.30325,0.027,0.05,0.1104,0.04625,3,低谷
3/14/2020 7:00,1759 ,0.8482,0.027,0.05,0.1104,0.04625,3,平时
3/14/2020 8:00,1760 ,0.8482,0.027,0.05,0.1104,0.04625,3,平时
3/14/2020 9:00,1761 ,0.8482,0.027,0.05,0.1104,0.04625,3,平时
3/14/2020 10:00,1762 ,0.8482,0.027,0.05,0.1104,0.04625,3,平时
3/14/2020 11:00,1763 ,1.07427,0.027,0.05,0.1104,0.04625,3,高峰
3/14/2020 12:00,1764 ,1.07427,0.027,0.05,0.1104,0.04625,3,高峰
3/14/2020 13:00,1765 ,1.07427,0.027,0.05,0.1104,0.04625,3,高峰
3/14/2020 14:00,1766 ,0.8482,0.027,0.05,0.1104,0.04625,3,平时
3/14/2020 15:00,1767 ,0.8482,0.027,0.05,0.1104,0.04625,3,平时
3/14/2020 16:00,1768 ,0.8482,0.027,0.05,0.1104,0.04625,3,平时
3/14/2020 17:00,1769 ,0.8482,0.027,0.05,0.1104,0.04625,3,平时
3/14/2020 18:00,1770 ,1.07427,0.027,0.05,0.1104,0.04625,3,高峰
3/14/2020 19:00,1771 ,1.07427,0.027,0.05,0.1104,0.04625,3,高峰
3/14/2020 20:00,1772 ,1.07427,0.027,0.05,0.1104,0.04625,3,高峰
3/14/2020 21:00,1773 ,1.07427,0.027,0.05,0.1104,0.04625,3,高峰
3/14/2020 22:00,1774 ,1.07427,0.027,0.05,0.1104,0.04625,3,高峰
3/14/2020 23:00,1775 ,0.30325,0.027,0.05,0.1104,0.04625,3,低谷
3/15/2020 0:00,1776 ,0.30325,0.027,0.05,0.1104,0.04625,3,低谷
3/15/2020 1:00,1777 ,0.30325,0.027,0.05,0.1104,0.04625,3,低谷
3/15/2020 2:00,1778 ,0.30325,0.027,0.05,0.1104,0.04625,3,低谷
3/15/2020 3:00,1779 ,0.30325,0.027,0.05,0.1104,0.04625,3,低谷
3/15/2020 4:00,1780 ,0.30325,0.027,0.05,0.1104,0.04625,3,低谷
3/15/2020 5:00,1781 ,0.30325,0.027,0.05,0.1104,0.04625,3,低谷
3/15/2020 6:00,1782 ,0.30325,0.027,0.05,0.1104,0.04625,3,低谷
3/15/2020 7:00,1783 ,0.8482,0.027,0.05,0.1104,0.04625,3,平时
3/15/2020 8:00,1784 ,0.8482,0.027,0.05,0.1104,0.04625,3,平时
3/15/2020 9:00,1785 ,0.8482,0.027,0.05,0.1104,0.04625,3,平时
3/15/2020 10:00,1786 ,0.8482,0.027,0.05,0.1104,0.04625,3,平时
3/15/2020 11:00,1787 ,1.07427,0.027,0.05,0.1104,0.04625,3,高峰
3/15/2020 12:00,1788 ,1.07427,0.027,0.05,0.1104,0.04625,3,高峰
3/15/2020 13:00,1789 ,1.07427,0.027,0.05,0.1104,0.04625,3,高峰
3/15/2020 14:00,1790 ,0.8482,0.027,0.05,0.1104,0.04625,3,平时
3/15/2020 15:00,1791 ,0.8482,0.027,0.05,0.1104,0.04625,3,平时
3/15/2020 16:00,1792 ,0.8482,0.027,0.05,0.1104,0.04625,3,平时
3/15/2020 17:00,1793 ,0.8482,0.027,0.05,0.1104,0.04625,3,平时
3/15/2020 18:00,1794 ,1.07427,0.027,0.05,0.1104,0.04625,3,高峰
3/15/2020 19:00,1795 ,1.07427,0.027,0.05,0.1104,0.04625,3,高峰
3/15/2020 20:00,1796 ,1.07427,0.027,0.05,0.1104,0.04625,3,高峰
3/15/2020 21:00,1797 ,1.07427,0.027,0.05,0.1104,0.04625,3,高峰
3/15/2020 22:00,1798 ,1.07427,0.027,0.05,0.1104,0.04625,3,高峰
3/15/2020 23:00,1799 ,0.30325,0.027,0.05,0.1104,0.04625,3,低谷
3/16/2020 0:00,1800 ,0.30325,0.027,0.05,0.1104,0.04625,3,低谷
3/16/2020 1:00,1801 ,0.30325,0.027,0.05,0.1104,0.04625,3,低谷
3/16/2020 2:00,1802 ,0.30325,0.027,0.05,0.1104,0.04625,3,低谷
3/16/2020 3:00,1803 ,0.30325,0.027,0.05,0.1104,0.04625,3,低谷
3/16/2020 4:00,1804 ,0.30325,0.027,0.05,0.1104,0.04625,3,低谷
3/16/2020 5:00,1805 ,0.30325,0.027,0.05,0.1104,0.04625,3,低谷
3/16/2020 6:00,1806 ,0.30325,0.027,0.05,0.1104,0.04625,3,低谷
3/16/2020 7:00,1807 ,0.8482,0.027,0.05,0.1104,0.04625,3,平时
3/16/2020 8:00,1808 ,0.8482,0.027,0.05,0.1104,0.04625,3,平时
3/16/2020 9:00,1809 ,0.8482,0.027,0.05,0.1104,0.04625,3,平时
3/16/2020 10:00,1810 ,0.8482,0.027,0.05,0.1104,0.04625,3,平时
3/16/2020 11:00,1811 ,1.07427,0.027,0.05,0.1104,0.04625,3,高峰
3/16/2020 12:00,1812 ,1.07427,0.027,0.05,0.1104,0.04625,3,高峰
3/16/2020 13:00,1813 ,1.07427,0.027,0.05,0.1104,0.04625,3,高峰
3/16/2020 14:00,1814 ,0.8482,0.027,0.05,0.1104,0.04625,3,平时
3/16/2020 15:00,1815 ,0.8482,0.027,0.05,0.1104,0.04625,3,平时
3/16/2020 16:00,1816 ,0.8482,0.027,0.05,0.1104,0.04625,3,平时
3/16/2020 17:00,1817 ,0.8482,0.027,0.05,0.1104,0.04625,3,平时
3/16/2020 18:00,1818 ,1.07427,0.027,0.05,0.1104,0.04625,3,高峰
3/16/2020 19:00,1819 ,1.07427,0.027,0.05,0.1104,0.04625,3,高峰
3/16/2020 20:00,1820 ,1.07427,0.027,0.05,0.1104,0.04625,3,高峰
3/16/2020 21:00,1821 ,1.07427,0.027,0.05,0.1104,0.04625,3,高峰
3/16/2020 22:00,1822 ,1.07427,0.027,0.05,0.1104,0.04625,3,高峰
3/16/2020 23:00,1823 ,0.30325,0.027,0.05,0.1104,0.04625,3,低谷
3/17/2020 0:00,1824 ,0.30325,0.027,0.05,0.1104,0.04625,3,低谷
3/17/2020 1:00,1825 ,0.30325,0.027,0.05,0.1104,0.04625,3,低谷
3/17/2020 2:00,1826 ,0.30325,0.027,0.05,0.1104,0.04625,3,低谷
3/17/2020 3:00,1827 ,0.30325,0.027,0.05,0.1104,0.04625,3,低谷
3/17/2020 4:00,1828 ,0.30325,0.027,0.05,0.1104,0.04625,3,低谷
3/17/2020 5:00,1829 ,0.30325,0.027,0.05,0.1104,0.04625,3,低谷
3/17/2020 6:00,1830 ,0.30325,0.027,0.05,0.1104,0.04625,3,低谷
3/17/2020 7:00,1831 ,0.8482,0.027,0.05,0.1104,0.04625,3,平时
3/17/2020 8:00,1832 ,0.8482,0.027,0.05,0.1104,0.04625,3,平时
3/17/2020 9:00,1833 ,0.8482,0.027,0.05,0.1104,0.04625,3,平时
3/17/2020 10:00,1834 ,0.8482,0.027,0.05,0.1104,0.04625,3,平时
3/17/2020 11:00,1835 ,1.07427,0.027,0.05,0.1104,0.04625,3,高峰
3/17/2020 12:00,1836 ,1.07427,0.027,0.05,0.1104,0.04625,3,高峰
3/17/2020 13:00,1837 ,1.07427,0.027,0.05,0.1104,0.04625,3,高峰
3/17/2020 14:00,1838 ,0.8482,0.027,0.05,0.1104,0.04625,3,平时
3/17/2020 15:00,1839 ,0.8482,0.027,0.05,0.1104,0.04625,3,平时
3/17/2020 16:00,1840 ,0.8482,0.027,0.05,0.1104,0.04625,3,平时
3/17/2020 17:00,1841 ,0.8482,0.027,0.05,0.1104,0.04625,3,平时
3/17/2020 18:00,1842 ,1.07427,0.027,0.05,0.1104,0.04625,3,高峰
3/17/2020 19:00,1843 ,1.07427,0.027,0.05,0.1104,0.04625,3,高峰
3/17/2020 20:00,1844 ,1.07427,0.027,0.05,0.1104,0.04625,3,高峰
3/17/2020 21:00,1845 ,1.07427,0.027,0.05,0.1104,0.04625,3,高峰
3/17/2020 22:00,1846 ,1.07427,0.027,0.05,0.1104,0.04625,3,高峰
3/17/2020 23:00,1847 ,0.30325,0.027,0.05,0.1104,0.04625,3,低谷
3/18/2020 0:00,1848 ,0.30325,0.027,0.05,0.1104,0.04625,3,低谷
3/18/2020 1:00,1849 ,0.30325,0.027,0.05,0.1104,0.04625,3,低谷
3/18/2020 2:00,1850 ,0.30325,0.027,0.05,0.1104,0.04625,3,低谷
3/18/2020 3:00,1851 ,0.30325,0.027,0.05,0.1104,0.04625,3,低谷
3/18/2020 4:00,1852 ,0.30325,0.027,0.05,0.1104,0.04625,3,低谷
3/18/2020 5:00,1853 ,0.30325,0.027,0.05,0.1104,0.04625,3,低谷
3/18/2020 6:00,1854 ,0.30325,0.027,0.05,0.1104,0.04625,3,低谷
3/18/2020 7:00,1855 ,0.8482,0.027,0.05,0.1104,0.04625,3,平时
3/18/2020 8:00,1856 ,0.8482,0.027,0.05,0.1104,0.04625,3,平时
3/18/2020 9:00,1857 ,0.8482,0.027,0.05,0.1104,0.04625,3,平时
3/18/2020 10:00,1858 ,0.8482,0.027,0.05,0.1104,0.04625,3,平时
3/18/2020 11:00,1859 ,1.07427,0.027,0.05,0.1104,0.04625,3,高峰
3/18/2020 12:00,1860 ,1.07427,0.027,0.05,0.1104,0.04625,3,高峰
3/18/2020 13:00,1861 ,1.07427,0.027,0.05,0.1104,0.04625,3,高峰
3/18/2020 14:00,1862 ,0.8482,0.027,0.05,0.1104,0.04625,3,平时
3/18/2020 15:00,1863 ,0.8482,0.027,0.05,0.1104,0.04625,3,平时
3/18/2020 16:00,1864 ,0.8482,0.027,0.05,0.1104,0.04625,3,平时
3/18/2020 17:00,1865 ,0.8482,0.027,0.05,0.1104,0.04625,3,平时
3/18/2020 18:00,1866 ,1.07427,0.027,0.05,0.1104,0.04625,3,高峰
3/18/2020 19:00,1867 ,1.07427,0.027,0.05,0.1104,0.04625,3,高峰
3/18/2020 20:00,1868 ,1.07427,0.027,0.05,0.1104,0.04625,3,高峰
3/18/2020 21:00,1869 ,1.07427,0.027,0.05,0.1104,0.04625,3,高峰
3/18/2020 22:00,1870 ,1.07427,0.027,0.05,0.1104,0.04625,3,高峰
3/18/2020 23:00,1871 ,0.30325,0.027,0.05,0.1104,0.04625,3,低谷
3/19/2020 0:00,1872 ,0.30325,0.027,0.05,0.1104,0.04625,3,低谷
3/19/2020 1:00,1873 ,0.30325,0.027,0.05,0.1104,0.04625,3,低谷
3/19/2020 2:00,1874 ,0.30325,0.027,0.05,0.1104,0.04625,3,低谷
3/19/2020 3:00,1875 ,0.30325,0.027,0.05,0.1104,0.04625,3,低谷
3/19/2020 4:00,1876 ,0.30325,0.027,0.05,0.1104,0.04625,3,低谷
3/19/2020 5:00,1877 ,0.30325,0.027,0.05,0.1104,0.04625,3,低谷
3/19/2020 6:00,1878 ,0.30325,0.027,0.05,0.1104,0.04625,3,低谷
3/19/2020 7:00,1879 ,0.8482,0.027,0.05,0.1104,0.04625,3,平时
3/19/2020 8:00,1880 ,0.8482,0.027,0.05,0.1104,0.04625,3,平时
3/19/2020 9:00,1881 ,0.8482,0.027,0.05,0.1104,0.04625,3,平时
3/19/2020 10:00,1882 ,0.8482,0.027,0.05,0.1104,0.04625,3,平时
3/19/2020 11:00,1883 ,1.07427,0.027,0.05,0.1104,0.04625,3,高峰
3/19/2020 12:00,1884 ,1.07427,0.027,0.05,0.1104,0.04625,3,高峰
3/19/2020 13:00,1885 ,1.07427,0.027,0.05,0.1104,0.04625,3,高峰
3/19/2020 14:00,1886 ,0.8482,0.027,0.05,0.1104,0.04625,3,平时
3/19/2020 15:00,1887 ,0.8482,0.027,0.05,0.1104,0.04625,3,平时
3/19/2020 16:00,1888 ,0.8482,0.027,0.05,0.1104,0.04625,3,平时
3/19/2020 17:00,1889 ,0.8482,0.027,0.05,0.1104,0.04625,3,平时
3/19/2020 18:00,1890 ,1.07427,0.027,0.05,0.1104,0.04625,3,高峰
3/19/2020 19:00,1891 ,1.07427,0.027,0.05,0.1104,0.04625,3,高峰
3/19/2020 20:00,1892 ,1.07427,0.027,0.05,0.1104,0.04625,3,高峰
3/19/2020 21:00,1893 ,1.07427,0.027,0.05,0.1104,0.04625,3,高峰
3/19/2020 22:00,1894 ,1.07427,0.027,0.05,0.1104,0.04625,3,高峰
3/19/2020 23:00,1895 ,0.30325,0.027,0.05,0.1104,0.04625,3,低谷
3/20/2020 0:00,1896 ,0.30325,0.027,0.05,0.1104,0.04625,3,低谷
3/20/2020 1:00,1897 ,0.30325,0.027,0.05,0.1104,0.04625,3,低谷
3/20/2020 2:00,1898 ,0.30325,0.027,0.05,0.1104,0.04625,3,低谷
3/20/2020 3:00,1899 ,0.30325,0.027,0.05,0.1104,0.04625,3,低谷
3/20/2020 4:00,1900 ,0.30325,0.027,0.05,0.1104,0.04625,3,低谷
3/20/2020 5:00,1901 ,0.30325,0.027,0.05,0.1104,0.04625,3,低谷
3/20/2020 6:00,1902 ,0.30325,0.027,0.05,0.1104,0.04625,3,低谷
3/20/2020 7:00,1903 ,0.8482,0.027,0.05,0.1104,0.04625,3,平时
3/20/2020 8:00,1904 ,0.8482,0.027,0.05,0.1104,0.04625,3,平时
3/20/2020 9:00,1905 ,0.8482,0.027,0.05,0.1104,0.04625,3,平时
3/20/2020 10:00,1906 ,0.8482,0.027,0.05,0.1104,0.04625,3,平时
3/20/2020 11:00,1907 ,1.07427,0.027,0.05,0.1104,0.04625,3,高峰
3/20/2020 12:00,1908 ,1.07427,0.027,0.05,0.1104,0.04625,3,高峰
3/20/2020 13:00,1909 ,1.07427,0.027,0.05,0.1104,0.04625,3,高峰
3/20/2020 14:00,1910 ,0.8482,0.027,0.05,0.1104,0.04625,3,平时
3/20/2020 15:00,1911 ,0.8482,0.027,0.05,0.1104,0.04625,3,平时
3/20/2020 16:00,1912 ,0.8482,0.027,0.05,0.1104,0.04625,3,平时
3/20/2020 17:00,1913 ,0.8482,0.027,0.05,0.1104,0.04625,3,平时
3/20/2020 18:00,1914 ,1.07427,0.027,0.05,0.1104,0.04625,3,高峰
3/20/2020 19:00,1915 ,1.07427,0.027,0.05,0.1104,0.04625,3,高峰
3/20/2020 20:00,1916 ,1.07427,0.027,0.05,0.1104,0.04625,3,高峰
3/20/2020 21:00,1917 ,1.07427,0.027,0.05,0.1104,0.04625,3,高峰
3/20/2020 22:00,1918 ,1.07427,0.027,0.05,0.1104,0.04625,3,高峰
3/20/2020 23:00,1919 ,0.30325,0.027,0.05,0.1104,0.04625,3,低谷
3/21/2020 0:00,1920 ,0.30325,0.027,0.05,0.1104,0.04625,3,低谷
3/21/2020 1:00,1921 ,0.30325,0.027,0.05,0.1104,0.04625,3,低谷
3/21/2020 2:00,1922 ,0.30325,0.027,0.05,0.1104,0.04625,3,低谷
3/21/2020 3:00,1923 ,0.30325,0.027,0.05,0.1104,0.04625,3,低谷
3/21/2020 4:00,1924 ,0.30325,0.027,0.05,0.1104,0.04625,3,低谷
3/21/2020 5:00,1925 ,0.30325,0.027,0.05,0.1104,0.04625,3,低谷
3/21/2020 6:00,1926 ,0.30325,0.027,0.05,0.1104,0.04625,3,低谷
3/21/2020 7:00,1927 ,0.8482,0.027,0.05,0.1104,0.04625,3,平时
3/21/2020 8:00,1928 ,0.8482,0.027,0.05,0.1104,0.04625,3,平时
3/21/2020 9:00,1929 ,0.8482,0.027,0.05,0.1104,0.04625,3,平时
3/21/2020 10:00,1930 ,0.8482,0.027,0.05,0.1104,0.04625,3,平时
3/21/2020 11:00,1931 ,1.07427,0.027,0.05,0.1104,0.04625,3,高峰
3/21/2020 12:00,1932 ,1.07427,0.027,0.05,0.1104,0.04625,3,高峰
3/21/2020 13:00,1933 ,1.07427,0.027,0.05,0.1104,0.04625,3,高峰
3/21/2020 14:00,1934 ,0.8482,0.027,0.05,0.1104,0.04625,3,平时
3/21/2020 15:00,1935 ,0.8482,0.027,0.05,0.1104,0.04625,3,平时
3/21/2020 16:00,1936 ,0.8482,0.027,0.05,0.1104,0.04625,3,平时
3/21/2020 17:00,1937 ,0.8482,0.027,0.05,0.1104,0.04625,3,平时
3/21/2020 18:00,1938 ,1.07427,0.027,0.05,0.1104,0.04625,3,高峰
3/21/2020 19:00,1939 ,1.07427,0.027,0.05,0.1104,0.04625,3,高峰
3/21/2020 20:00,1940 ,1.07427,0.027,0.05,0.1104,0.04625,3,高峰
3/21/2020 21:00,1941 ,1.07427,0.027,0.05,0.1104,0.04625,3,高峰
3/21/2020 22:00,1942 ,1.07427,0.027,0.05,0.1104,0.04625,3,高峰
3/21/2020 23:00,1943 ,0.30325,0.027,0.05,0.1104,0.04625,3,低谷
3/22/2020 0:00,1944 ,0.30325,0.027,0.05,0.1104,0.04625,3,低谷
3/22/2020 1:00,1945 ,0.30325,0.027,0.05,0.1104,0.04625,3,低谷
3/22/2020 2:00,1946 ,0.30325,0.027,0.05,0.1104,0.04625,3,低谷
3/22/2020 3:00,1947 ,0.30325,0.027,0.05,0.1104,0.04625,3,低谷
3/22/2020 4:00,1948 ,0.30325,0.027,0.05,0.1104,0.04625,3,低谷
3/22/2020 5:00,1949 ,0.30325,0.027,0.05,0.1104,0.04625,3,低谷
3/22/2020 6:00,1950 ,0.30325,0.027,0.05,0.1104,0.04625,3,低谷
3/22/2020 7:00,1951 ,0.8482,0.027,0.05,0.1104,0.04625,3,平时
3/22/2020 8:00,1952 ,0.8482,0.027,0.05,0.1104,0.04625,3,平时
3/22/2020 9:00,1953 ,0.8482,0.027,0.05,0.1104,0.04625,3,平时
3/22/2020 10:00,1954 ,0.8482,0.027,0.05,0.1104,0.04625,3,平时
3/22/2020 11:00,1955 ,1.07427,0.027,0.05,0.1104,0.04625,3,高峰
3/22/2020 12:00,1956 ,1.07427,0.027,0.05,0.1104,0.04625,3,高峰
3/22/2020 13:00,1957 ,1.07427,0.027,0.05,0.1104,0.04625,3,高峰
3/22/2020 14:00,1958 ,0.8482,0.027,0.05,0.1104,0.04625,3,平时
3/22/2020 15:00,1959 ,0.8482,0.027,0.05,0.1104,0.04625,3,平时
3/22/2020 16:00,1960 ,0.8482,0.027,0.05,0.1104,0.04625,3,平时
3/22/2020 17:00,1961 ,0.8482,0.027,0.05,0.1104,0.04625,3,平时
3/22/2020 18:00,1962 ,1.07427,0.027,0.05,0.1104,0.04625,3,高峰
3/22/2020 19:00,1963 ,1.07427,0.027,0.05,0.1104,0.04625,3,高峰
3/22/2020 20:00,1964 ,1.07427,0.027,0.05,0.1104,0.04625,3,高峰
3/22/2020 21:00,1965 ,1.07427,0.027,0.05,0.1104,0.04625,3,高峰
3/22/2020 22:00,1966 ,1.07427,0.027,0.05,0.1104,0.04625,3,高峰
3/22/2020 23:00,1967 ,0.30325,0.027,0.05,0.1104,0.04625,3,低谷
3/23/2020 0:00,1968 ,0.30325,0.027,0.05,0.1104,0.04625,3,低谷
3/23/2020 1:00,1969 ,0.30325,0.027,0.05,0.1104,0.04625,3,低谷
3/23/2020 2:00,1970 ,0.30325,0.027,0.05,0.1104,0.04625,3,低谷
3/23/2020 3:00,1971 ,0.30325,0.027,0.05,0.1104,0.04625,3,低谷
3/23/2020 4:00,1972 ,0.30325,0.027,0.05,0.1104,0.04625,3,低谷
3/23/2020 5:00,1973 ,0.30325,0.027,0.05,0.1104,0.04625,3,低谷
3/23/2020 6:00,1974 ,0.30325,0.027,0.05,0.1104,0.04625,3,低谷
3/23/2020 7:00,1975 ,0.8482,0.027,0.05,0.1104,0.04625,3,平时
3/23/2020 8:00,1976 ,0.8482,0.027,0.05,0.1104,0.04625,3,平时
3/23/2020 9:00,1977 ,0.8482,0.027,0.05,0.1104,0.04625,3,平时
3/23/2020 10:00,1978 ,0.8482,0.027,0.05,0.1104,0.04625,3,平时
3/23/2020 11:00,1979 ,1.07427,0.027,0.05,0.1104,0.04625,3,高峰
3/23/2020 12:00,1980 ,1.07427,0.027,0.05,0.1104,0.04625,3,高峰
3/23/2020 13:00,1981 ,1.07427,0.027,0.05,0.1104,0.04625,3,高峰
3/23/2020 14:00,1982 ,0.8482,0.027,0.05,0.1104,0.04625,3,平时
3/23/2020 15:00,1983 ,0.8482,0.027,0.05,0.1104,0.04625,3,平时
3/23/2020 16:00,1984 ,0.8482,0.027,0.05,0.1104,0.04625,3,平时
3/23/2020 17:00,1985 ,0.8482,0.027,0.05,0.1104,0.04625,3,平时
3/23/2020 18:00,1986 ,1.07427,0.027,0.05,0.1104,0.04625,3,高峰
3/23/2020 19:00,1987 ,1.07427,0.027,0.05,0.1104,0.04625,3,高峰
3/23/2020 20:00,1988 ,1.07427,0.027,0.05,0.1104,0.04625,3,高峰
3/23/2020 21:00,1989 ,1.07427,0.027,0.05,0.1104,0.04625,3,高峰
3/23/2020 22:00,1990 ,1.07427,0.027,0.05,0.1104,0.04625,3,高峰
3/23/2020 23:00,1991 ,0.30325,0.027,0.05,0.1104,0.04625,3,低谷
3/24/2020 0:00,1992 ,0.30325,0.027,0.05,0.1104,0.04625,3,低谷
3/24/2020 1:00,1993 ,0.30325,0.027,0.05,0.1104,0.04625,3,低谷
3/24/2020 2:00,1994 ,0.30325,0.027,0.05,0.1104,0.04625,3,低谷
3/24/2020 3:00,1995 ,0.30325,0.027,0.05,0.1104,0.04625,3,低谷
3/24/2020 4:00,1996 ,0.30325,0.027,0.05,0.1104,0.04625,3,低谷
3/24/2020 5:00,1997 ,0.30325,0.027,0.05,0.1104,0.04625,3,低谷
3/24/2020 6:00,1998 ,0.30325,0.027,0.05,0.1104,0.04625,3,低谷
3/24/2020 7:00,1999 ,0.8482,0.027,0.05,0.1104,0.04625,3,平时
3/24/2020 8:00,2000 ,0.8482,0.027,0.05,0.1104,0.04625,3,平时
3/24/2020 9:00,2001 ,0.8482,0.027,0.05,0.1104,0.04625,3,平时
3/24/2020 10:00,2002 ,0.8482,0.027,0.05,0.1104,0.04625,3,平时
3/24/2020 11:00,2003 ,1.07427,0.027,0.05,0.1104,0.04625,3,高峰
3/24/2020 12:00,2004 ,1.07427,0.027,0.05,0.1104,0.04625,3,高峰
3/24/2020 13:00,2005 ,1.07427,0.027,0.05,0.1104,0.04625,3,高峰
3/24/2020 14:00,2006 ,0.8482,0.027,0.05,0.1104,0.04625,3,平时
3/24/2020 15:00,2007 ,0.8482,0.027,0.05,0.1104,0.04625,3,平时
3/24/2020 16:00,2008 ,0.8482,0.027,0.05,0.1104,0.04625,3,平时
3/24/2020 17:00,2009 ,0.8482,0.027,0.05,0.1104,0.04625,3,平时
3/24/2020 18:00,2010 ,1.07427,0.027,0.05,0.1104,0.04625,3,高峰
3/24/2020 19:00,2011 ,1.07427,0.027,0.05,0.1104,0.04625,3,高峰
3/24/2020 20:00,2012 ,1.07427,0.027,0.05,0.1104,0.04625,3,高峰
3/24/2020 21:00,2013 ,1.07427,0.027,0.05,0.1104,0.04625,3,高峰
3/24/2020 22:00,2014 ,1.07427,0.027,0.05,0.1104,0.04625,3,高峰
3/24/2020 23:00,2015 ,0.30325,0.027,0.05,0.1104,0.04625,3,低谷
3/25/2020 0:00,2016 ,0.30325,0.027,0.05,0.1104,0.04625,3,低谷
3/25/2020 1:00,2017 ,0.30325,0.027,0.05,0.1104,0.04625,3,低谷
3/25/2020 2:00,2018 ,0.30325,0.027,0.05,0.1104,0.04625,3,低谷
3/25/2020 3:00,2019 ,0.30325,0.027,0.05,0.1104,0.04625,3,低谷
3/25/2020 4:00,2020 ,0.30325,0.027,0.05,0.1104,0.04625,3,低谷
3/25/2020 5:00,2021 ,0.30325,0.027,0.05,0.1104,0.04625,3,低谷
3/25/2020 6:00,2022 ,0.30325,0.027,0.05,0.1104,0.04625,3,低谷
3/25/2020 7:00,2023 ,0.8482,0.027,0.05,0.1104,0.04625,3,平时
3/25/2020 8:00,2024 ,0.8482,0.027,0.05,0.1104,0.04625,3,平时
3/25/2020 9:00,2025 ,0.8482,0.027,0.05,0.1104,0.04625,3,平时
3/25/2020 10:00,2026 ,0.8482,0.027,0.05,0.1104,0.04625,3,平时
3/25/2020 11:00,2027 ,1.07427,0.027,0.05,0.1104,0.04625,3,高峰
3/25/2020 12:00,2028 ,1.07427,0.027,0.05,0.1104,0.04625,3,高峰
3/25/2020 13:00,2029 ,1.07427,0.027,0.05,0.1104,0.04625,3,高峰
3/25/2020 14:00,2030 ,0.8482,0.027,0.05,0.1104,0.04625,3,平时
3/25/2020 15:00,2031 ,0.8482,0.027,0.05,0.1104,0.04625,3,平时
3/25/2020 16:00,2032 ,0.8482,0.027,0.05,0.1104,0.04625,3,平时
3/25/2020 17:00,2033 ,0.8482,0.027,0.05,0.1104,0.04625,3,平时
3/25/2020 18:00,2034 ,1.07427,0.027,0.05,0.1104,0.04625,3,高峰
3/25/2020 19:00,2035 ,1.07427,0.027,0.05,0.1104,0.04625,3,高峰
3/25/2020 20:00,2036 ,1.07427,0.027,0.05,0.1104,0.04625,3,高峰
3/25/2020 21:00,2037 ,1.07427,0.027,0.05,0.1104,0.04625,3,高峰
3/25/2020 22:00,2038 ,1.07427,0.027,0.05,0.1104,0.04625,3,高峰
3/25/2020 23:00,2039 ,0.30325,0.027,0.05,0.1104,0.04625,3,低谷
3/26/2020 0:00,2040 ,0.30325,0.027,0.05,0.1104,0.04625,3,低谷
3/26/2020 1:00,2041 ,0.30325,0.027,0.05,0.1104,0.04625,3,低谷
3/26/2020 2:00,2042 ,0.30325,0.027,0.05,0.1104,0.04625,3,低谷
3/26/2020 3:00,2043 ,0.30325,0.027,0.05,0.1104,0.04625,3,低谷
3/26/2020 4:00,2044 ,0.30325,0.027,0.05,0.1104,0.04625,3,低谷
3/26/2020 5:00,2045 ,0.30325,0.027,0.05,0.1104,0.04625,3,低谷
3/26/2020 6:00,2046 ,0.30325,0.027,0.05,0.1104,0.04625,3,低谷
3/26/2020 7:00,2047 ,0.8482,0.027,0.05,0.1104,0.04625,3,平时
3/26/2020 8:00,2048 ,0.8482,0.027,0.05,0.1104,0.04625,3,平时
3/26/2020 9:00,2049 ,0.8482,0.027,0.05,0.1104,0.04625,3,平时
3/26/2020 10:00,2050 ,0.8482,0.027,0.05,0.1104,0.04625,3,平时
3/26/2020 11:00,2051 ,1.07427,0.027,0.05,0.1104,0.04625,3,高峰
3/26/2020 12:00,2052 ,1.07427,0.027,0.05,0.1104,0.04625,3,高峰
3/26/2020 13:00,2053 ,1.07427,0.027,0.05,0.1104,0.04625,3,高峰
3/26/2020 14:00,2054 ,0.8482,0.027,0.05,0.1104,0.04625,3,平时
3/26/2020 15:00,2055 ,0.8482,0.027,0.05,0.1104,0.04625,3,平时
3/26/2020 16:00,2056 ,0.8482,0.027,0.05,0.1104,0.04625,3,平时
3/26/2020 17:00,2057 ,0.8482,0.027,0.05,0.1104,0.04625,3,平时
3/26/2020 18:00,2058 ,1.07427,0.027,0.05,0.1104,0.04625,3,高峰
3/26/2020 19:00,2059 ,1.07427,0.027,0.05,0.1104,0.04625,3,高峰
3/26/2020 20:00,2060 ,1.07427,0.027,0.05,0.1104,0.04625,3,高峰
3/26/2020 21:00,2061 ,1.07427,0.027,0.05,0.1104,0.04625,3,高峰
3/26/2020 22:00,2062 ,1.07427,0.027,0.05,0.1104,0.04625,3,高峰
3/26/2020 23:00,2063 ,0.30325,0.027,0.05,0.1104,0.04625,3,低谷
3/27/2020 0:00,2064 ,0.30325,0.027,0.05,0.1104,0.04625,3,低谷
3/27/2020 1:00,2065 ,0.30325,0.027,0.05,0.1104,0.04625,3,低谷
3/27/2020 2:00,2066 ,0.30325,0.027,0.05,0.1104,0.04625,3,低谷
3/27/2020 3:00,2067 ,0.30325,0.027,0.05,0.1104,0.04625,3,低谷
3/27/2020 4:00,2068 ,0.30325,0.027,0.05,0.1104,0.04625,3,低谷
3/27/2020 5:00,2069 ,0.30325,0.027,0.05,0.1104,0.04625,3,低谷
3/27/2020 6:00,2070 ,0.30325,0.027,0.05,0.1104,0.04625,3,低谷
3/27/2020 7:00,2071 ,0.8482,0.027,0.05,0.1104,0.04625,3,平时
3/27/2020 8:00,2072 ,0.8482,0.027,0.05,0.1104,0.04625,3,平时
3/27/2020 9:00,2073 ,0.8482,0.027,0.05,0.1104,0.04625,3,平时
3/27/2020 10:00,2074 ,0.8482,0.027,0.05,0.1104,0.04625,3,平时
3/27/2020 11:00,2075 ,1.07427,0.027,0.05,0.1104,0.04625,3,高峰
3/27/2020 12:00,2076 ,1.07427,0.027,0.05,0.1104,0.04625,3,高峰
3/27/2020 13:00,2077 ,1.07427,0.027,0.05,0.1104,0.04625,3,高峰
3/27/2020 14:00,2078 ,0.8482,0.027,0.05,0.1104,0.04625,3,平时
3/27/2020 15:00,2079 ,0.8482,0.027,0.05,0.1104,0.04625,3,平时
3/27/2020 16:00,2080 ,0.8482,0.027,0.05,0.1104,0.04625,3,平时
3/27/2020 17:00,2081 ,0.8482,0.027,0.05,0.1104,0.04625,3,平时
3/27/2020 18:00,2082 ,1.07427,0.027,0.05,0.1104,0.04625,3,高峰
3/27/2020 19:00,2083 ,1.07427,0.027,0.05,0.1104,0.04625,3,高峰
3/27/2020 20:00,2084 ,1.07427,0.027,0.05,0.1104,0.04625,3,高峰
3/27/2020 21:00,2085 ,1.07427,0.027,0.05,0.1104,0.04625,3,高峰
3/27/2020 22:00,2086 ,1.07427,0.027,0.05,0.1104,0.04625,3,高峰
3/27/2020 23:00,2087 ,0.30325,0.027,0.05,0.1104,0.04625,3,低谷
3/28/2020 0:00,2088 ,0.30325,0.027,0.05,0.1104,0.04625,3,低谷
3/28/2020 1:00,2089 ,0.30325,0.027,0.05,0.1104,0.04625,3,低谷
3/28/2020 2:00,2090 ,0.30325,0.027,0.05,0.1104,0.04625,3,低谷
3/28/2020 3:00,2091 ,0.30325,0.027,0.05,0.1104,0.04625,3,低谷
3/28/2020 4:00,2092 ,0.30325,0.027,0.05,0.1104,0.04625,3,低谷
3/28/2020 5:00,2093 ,0.30325,0.027,0.05,0.1104,0.04625,3,低谷
3/28/2020 6:00,2094 ,0.30325,0.027,0.05,0.1104,0.04625,3,低谷
3/28/2020 7:00,2095 ,0.8482,0.027,0.05,0.1104,0.04625,3,平时
3/28/2020 8:00,2096 ,0.8482,0.027,0.05,0.1104,0.04625,3,平时
3/28/2020 9:00,2097 ,0.8482,0.027,0.05,0.1104,0.04625,3,平时
3/28/2020 10:00,2098 ,0.8482,0.027,0.05,0.1104,0.04625,3,平时
3/28/2020 11:00,2099 ,1.07427,0.027,0.05,0.1104,0.04625,3,高峰
3/28/2020 12:00,2100 ,1.07427,0.027,0.05,0.1104,0.04625,3,高峰
3/28/2020 13:00,2101 ,1.07427,0.027,0.05,0.1104,0.04625,3,高峰
3/28/2020 14:00,2102 ,0.8482,0.027,0.05,0.1104,0.04625,3,平时
3/28/2020 15:00,2103 ,0.8482,0.027,0.05,0.1104,0.04625,3,平时
3/28/2020 16:00,2104 ,0.8482,0.027,0.05,0.1104,0.04625,3,平时
3/28/2020 17:00,2105 ,0.8482,0.027,0.05,0.1104,0.04625,3,平时
3/28/2020 18:00,2106 ,1.07427,0.027,0.05,0.1104,0.04625,3,高峰
3/28/2020 19:00,2107 ,1.07427,0.027,0.05,0.1104,0.04625,3,高峰
3/28/2020 20:00,2108 ,1.07427,0.027,0.05,0.1104,0.04625,3,高峰
3/28/2020 21:00,2109 ,1.07427,0.027,0.05,0.1104,0.04625,3,高峰
3/28/2020 22:00,2110 ,1.07427,0.027,0.05,0.1104,0.04625,3,高峰
3/28/2020 23:00,2111 ,0.30325,0.027,0.05,0.1104,0.04625,3,低谷
3/29/2020 0:00,2112 ,0.30325,0.027,0.05,0.1104,0.04625,3,低谷
3/29/2020 1:00,2113 ,0.30325,0.027,0.05,0.1104,0.04625,3,低谷
3/29/2020 2:00,2114 ,0.30325,0.027,0.05,0.1104,0.04625,3,低谷
3/29/2020 3:00,2115 ,0.30325,0.027,0.05,0.1104,0.04625,3,低谷
3/29/2020 4:00,2116 ,0.30325,0.027,0.05,0.1104,0.04625,3,低谷
3/29/2020 5:00,2117 ,0.30325,0.027,0.05,0.1104,0.04625,3,低谷
3/29/2020 6:00,2118 ,0.30325,0.027,0.05,0.1104,0.04625,3,低谷
3/29/2020 7:00,2119 ,0.8482,0.027,0.05,0.1104,0.04625,3,平时
3/29/2020 8:00,2120 ,0.8482,0.027,0.05,0.1104,0.04625,3,平时
3/29/2020 9:00,2121 ,0.8482,0.027,0.05,0.1104,0.04625,3,平时
3/29/2020 10:00,2122 ,0.8482,0.027,0.05,0.1104,0.04625,3,平时
3/29/2020 11:00,2123 ,1.07427,0.027,0.05,0.1104,0.04625,3,高峰
3/29/2020 12:00,2124 ,1.07427,0.027,0.05,0.1104,0.04625,3,高峰
3/29/2020 13:00,2125 ,1.07427,0.027,0.05,0.1104,0.04625,3,高峰
3/29/2020 14:00,2126 ,0.8482,0.027,0.05,0.1104,0.04625,3,平时
3/29/2020 15:00,2127 ,0.8482,0.027,0.05,0.1104,0.04625,3,平时
3/29/2020 16:00,2128 ,0.8482,0.027,0.05,0.1104,0.04625,3,平时
3/29/2020 17:00,2129 ,0.8482,0.027,0.05,0.1104,0.04625,3,平时
3/29/2020 18:00,2130 ,1.07427,0.027,0.05,0.1104,0.04625,3,高峰
3/29/2020 19:00,2131 ,1.07427,0.027,0.05,0.1104,0.04625,3,高峰
3/29/2020 20:00,2132 ,1.07427,0.027,0.05,0.1104,0.04625,3,高峰
3/29/2020 21:00,2133 ,1.07427,0.027,0.05,0.1104,0.04625,3,高峰
3/29/2020 22:00,2134 ,1.07427,0.027,0.05,0.1104,0.04625,3,高峰
3/29/2020 23:00,2135 ,0.30325,0.027,0.05,0.1104,0.04625,3,低谷
3/30/2020 0:00,2136 ,0.30325,0.027,0.05,0.1104,0.04625,3,低谷
3/30/2020 1:00,2137 ,0.30325,0.027,0.05,0.1104,0.04625,3,低谷
3/30/2020 2:00,2138 ,0.30325,0.027,0.05,0.1104,0.04625,3,低谷
3/30/2020 3:00,2139 ,0.30325,0.027,0.05,0.1104,0.04625,3,低谷
3/30/2020 4:00,2140 ,0.30325,0.027,0.05,0.1104,0.04625,3,低谷
3/30/2020 5:00,2141 ,0.30325,0.027,0.05,0.1104,0.04625,3,低谷
3/30/2020 6:00,2142 ,0.30325,0.027,0.05,0.1104,0.04625,3,低谷
3/30/2020 7:00,2143 ,0.8482,0.027,0.05,0.1104,0.04625,3,平时
3/30/2020 8:00,2144 ,0.8482,0.027,0.05,0.1104,0.04625,3,平时
3/30/2020 9:00,2145 ,0.8482,0.027,0.05,0.1104,0.04625,3,平时
3/30/2020 10:00,2146 ,0.8482,0.027,0.05,0.1104,0.04625,3,平时
3/30/2020 11:00,2147 ,1.07427,0.027,0.05,0.1104,0.04625,3,高峰
3/30/2020 12:00,2148 ,1.07427,0.027,0.05,0.1104,0.04625,3,高峰
3/30/2020 13:00,2149 ,1.07427,0.027,0.05,0.1104,0.04625,3,高峰
3/30/2020 14:00,2150 ,0.8482,0.027,0.05,0.1104,0.04625,3,平时
3/30/2020 15:00,2151 ,0.8482,0.027,0.05,0.1104,0.04625,3,平时
3/30/2020 16:00,2152 ,0.8482,0.027,0.05,0.1104,0.04625,3,平时
3/30/2020 17:00,2153 ,0.8482,0.027,0.05,0.1104,0.04625,3,平时
3/30/2020 18:00,2154 ,1.07427,0.027,0.05,0.1104,0.04625,3,高峰
3/30/2020 19:00,2155 ,1.07427,0.027,0.05,0.1104,0.04625,3,高峰
3/30/2020 20:00,2156 ,1.07427,0.027,0.05,0.1104,0.04625,3,高峰
3/30/2020 21:00,2157 ,1.07427,0.027,0.05,0.1104,0.04625,3,高峰
3/30/2020 22:00,2158 ,1.07427,0.027,0.05,0.1104,0.04625,3,高峰
3/30/2020 23:00,2159 ,0.30325,0.027,0.05,0.1104,0.04625,3,低谷
3/31/2020 0:00,2160 ,0.30325,0.027,0.05,0.1104,0.04625,3,低谷
3/31/2020 1:00,2161 ,0.30325,0.027,0.05,0.1104,0.04625,3,低谷
3/31/2020 2:00,2162 ,0.30325,0.027,0.05,0.1104,0.04625,3,低谷
3/31/2020 3:00,2163 ,0.30325,0.027,0.05,0.1104,0.04625,3,低谷
3/31/2020 4:00,2164 ,0.30325,0.027,0.05,0.1104,0.04625,3,低谷
3/31/2020 5:00,2165 ,0.30325,0.027,0.05,0.1104,0.04625,3,低谷
3/31/2020 6:00,2166 ,0.30325,0.027,0.05,0.1104,0.04625,3,低谷
3/31/2020 7:00,2167 ,0.8482,0.027,0.05,0.1104,0.04625,3,平时
3/31/2020 8:00,2168 ,0.8482,0.027,0.05,0.1104,0.04625,3,平时
3/31/2020 9:00,2169 ,0.8482,0.027,0.05,0.1104,0.04625,3,平时
3/31/2020 10:00,2170 ,0.8482,0.027,0.05,0.1104,0.04625,3,平时
3/31/2020 11:00,2171 ,1.07427,0.027,0.05,0.1104,0.04625,3,高峰
3/31/2020 12:00,2172 ,1.07427,0.027,0.05,0.1104,0.04625,3,高峰
3/31/2020 13:00,2173 ,1.07427,0.027,0.05,0.1104,0.04625,3,高峰
3/31/2020 14:00,2174 ,0.8482,0.027,0.05,0.1104,0.04625,3,平时
3/31/2020 15:00,2175 ,0.8482,0.027,0.05,0.1104,0.04625,3,平时
3/31/2020 16:00,2176 ,0.8482,0.027,0.05,0.1104,0.04625,3,平时
3/31/2020 17:00,2177 ,0.8482,0.027,0.05,0.1104,0.04625,3,平时
3/31/2020 18:00,2178 ,1.07427,0.027,0.05,0.1104,0.04625,3,高峰
3/31/2020 19:00,2179 ,1.07427,0.027,0.05,0.1104,0.04625,3,高峰
3/31/2020 20:00,2180 ,1.07427,0.027,0.05,0.1104,0.04625,3,高峰
3/31/2020 21:00,2181 ,1.07427,0.027,0.05,0.1104,0.04625,3,高峰
3/31/2020 22:00,2182 ,1.07427,0.027,0.05,0.1104,0.04625,3,高峰
3/31/2020 23:00,2183 ,0.30325,0.027,0.05,0.1104,0.04625,3,低谷
4/1/2020 0:00,2184 ,0.30325,0.027,0.05,0.1104,0.04625,4,低谷
4/1/2020 1:00,2185 ,0.30325,0.027,0.05,0.1104,0.04625,4,低谷
4/1/2020 2:00,2186 ,0.30325,0.027,0.05,0.1104,0.04625,4,低谷
4/1/2020 3:00,2187 ,0.30325,0.027,0.05,0.1104,0.04625,4,低谷
4/1/2020 4:00,2188 ,0.30325,0.027,0.05,0.1104,0.04625,4,低谷
4/1/2020 5:00,2189 ,0.30325,0.027,0.05,0.1104,0.04625,4,低谷
4/1/2020 6:00,2190 ,0.30325,0.027,0.05,0.1104,0.04625,4,低谷
4/1/2020 7:00,2191 ,0.8482,0.027,0.05,0.1104,0.04625,4,平时
4/1/2020 8:00,2192 ,0.8482,0.027,0.05,0.1104,0.04625,4,平时
4/1/2020 9:00,2193 ,0.8482,0.027,0.05,0.1104,0.04625,4,平时
4/1/2020 10:00,2194 ,0.8482,0.027,0.05,0.1104,0.04625,4,平时
4/1/2020 11:00,2195 ,1.07427,0.027,0.05,0.1104,0.04625,4,高峰
4/1/2020 12:00,2196 ,1.07427,0.027,0.05,0.1104,0.04625,4,高峰
4/1/2020 13:00,2197 ,1.07427,0.027,0.05,0.1104,0.04625,4,高峰
4/1/2020 14:00,2198 ,0.8482,0.027,0.05,0.1104,0.04625,4,平时
4/1/2020 15:00,2199 ,0.8482,0.027,0.05,0.1104,0.04625,4,平时
4/1/2020 16:00,2200 ,0.8482,0.027,0.05,0.1104,0.04625,4,平时
4/1/2020 17:00,2201 ,0.8482,0.027,0.05,0.1104,0.04625,4,平时
4/1/2020 18:00,2202 ,1.07427,0.027,0.05,0.1104,0.04625,4,高峰
4/1/2020 19:00,2203 ,1.07427,0.027,0.05,0.1104,0.04625,4,高峰
4/1/2020 20:00,2204 ,1.07427,0.027,0.05,0.1104,0.04625,4,高峰
4/1/2020 21:00,2205 ,1.07427,0.027,0.05,0.1104,0.04625,4,高峰
4/1/2020 22:00,2206 ,1.07427,0.027,0.05,0.1104,0.04625,4,高峰
4/1/2020 23:00,2207 ,0.30325,0.027,0.05,0.1104,0.04625,4,低谷
4/2/2020 0:00,2208 ,0.30325,0.027,0.05,0.1104,0.04625,4,低谷
4/2/2020 1:00,2209 ,0.30325,0.027,0.05,0.1104,0.04625,4,低谷
4/2/2020 2:00,2210 ,0.30325,0.027,0.05,0.1104,0.04625,4,低谷
4/2/2020 3:00,2211 ,0.30325,0.027,0.05,0.1104,0.04625,4,低谷
4/2/2020 4:00,2212 ,0.30325,0.027,0.05,0.1104,0.04625,4,低谷
4/2/2020 5:00,2213 ,0.30325,0.027,0.05,0.1104,0.04625,4,低谷
4/2/2020 6:00,2214 ,0.30325,0.027,0.05,0.1104,0.04625,4,低谷
4/2/2020 7:00,2215 ,0.8482,0.027,0.05,0.1104,0.04625,4,平时
4/2/2020 8:00,2216 ,0.8482,0.027,0.05,0.1104,0.04625,4,平时
4/2/2020 9:00,2217 ,0.8482,0.027,0.05,0.1104,0.04625,4,平时
4/2/2020 10:00,2218 ,0.8482,0.027,0.05,0.1104,0.04625,4,平时
4/2/2020 11:00,2219 ,1.07427,0.027,0.05,0.1104,0.04625,4,高峰
4/2/2020 12:00,2220 ,1.07427,0.027,0.05,0.1104,0.04625,4,高峰
4/2/2020 13:00,2221 ,1.07427,0.027,0.05,0.1104,0.04625,4,高峰
4/2/2020 14:00,2222 ,0.8482,0.027,0.05,0.1104,0.04625,4,平时
4/2/2020 15:00,2223 ,0.8482,0.027,0.05,0.1104,0.04625,4,平时
4/2/2020 16:00,2224 ,0.8482,0.027,0.05,0.1104,0.04625,4,平时
4/2/2020 17:00,2225 ,0.8482,0.027,0.05,0.1104,0.04625,4,平时
4/2/2020 18:00,2226 ,1.07427,0.027,0.05,0.1104,0.04625,4,高峰
4/2/2020 19:00,2227 ,1.07427,0.027,0.05,0.1104,0.04625,4,高峰
4/2/2020 20:00,2228 ,1.07427,0.027,0.05,0.1104,0.04625,4,高峰
4/2/2020 21:00,2229 ,1.07427,0.027,0.05,0.1104,0.04625,4,高峰
4/2/2020 22:00,2230 ,1.07427,0.027,0.05,0.1104,0.04625,4,高峰
4/2/2020 23:00,2231 ,0.30325,0.027,0.05,0.1104,0.04625,4,低谷
4/3/2020 0:00,2232 ,0.30325,0.027,0.05,0.1104,0.04625,4,低谷
4/3/2020 1:00,2233 ,0.30325,0.027,0.05,0.1104,0.04625,4,低谷
4/3/2020 2:00,2234 ,0.30325,0.027,0.05,0.1104,0.04625,4,低谷
4/3/2020 3:00,2235 ,0.30325,0.027,0.05,0.1104,0.04625,4,低谷
4/3/2020 4:00,2236 ,0.30325,0.027,0.05,0.1104,0.04625,4,低谷
4/3/2020 5:00,2237 ,0.30325,0.027,0.05,0.1104,0.04625,4,低谷
4/3/2020 6:00,2238 ,0.30325,0.027,0.05,0.1104,0.04625,4,低谷
4/3/2020 7:00,2239 ,0.8482,0.027,0.05,0.1104,0.04625,4,平时
4/3/2020 8:00,2240 ,0.8482,0.027,0.05,0.1104,0.04625,4,平时
4/3/2020 9:00,2241 ,0.8482,0.027,0.05,0.1104,0.04625,4,平时
4/3/2020 10:00,2242 ,0.8482,0.027,0.05,0.1104,0.04625,4,平时
4/3/2020 11:00,2243 ,1.07427,0.027,0.05,0.1104,0.04625,4,高峰
4/3/2020 12:00,2244 ,1.07427,0.027,0.05,0.1104,0.04625,4,高峰
4/3/2020 13:00,2245 ,1.07427,0.027,0.05,0.1104,0.04625,4,高峰
4/3/2020 14:00,2246 ,0.8482,0.027,0.05,0.1104,0.04625,4,平时
4/3/2020 15:00,2247 ,0.8482,0.027,0.05,0.1104,0.04625,4,平时
4/3/2020 16:00,2248 ,0.8482,0.027,0.05,0.1104,0.04625,4,平时
4/3/2020 17:00,2249 ,0.8482,0.027,0.05,0.1104,0.04625,4,平时
4/3/2020 18:00,2250 ,1.07427,0.027,0.05,0.1104,0.04625,4,高峰
4/3/2020 19:00,2251 ,1.07427,0.027,0.05,0.1104,0.04625,4,高峰
4/3/2020 20:00,2252 ,1.07427,0.027,0.05,0.1104,0.04625,4,高峰
4/3/2020 21:00,2253 ,1.07427,0.027,0.05,0.1104,0.04625,4,高峰
4/3/2020 22:00,2254 ,1.07427,0.027,0.05,0.1104,0.04625,4,高峰
4/3/2020 23:00,2255 ,0.30325,0.027,0.05,0.1104,0.04625,4,低谷
4/4/2020 0:00,2256 ,0.30325,0.027,0.05,0.1104,0.04625,4,低谷
4/4/2020 1:00,2257 ,0.30325,0.027,0.05,0.1104,0.04625,4,低谷
4/4/2020 2:00,2258 ,0.30325,0.027,0.05,0.1104,0.04625,4,低谷
4/4/2020 3:00,2259 ,0.30325,0.027,0.05,0.1104,0.04625,4,低谷
4/4/2020 4:00,2260 ,0.30325,0.027,0.05,0.1104,0.04625,4,低谷
4/4/2020 5:00,2261 ,0.30325,0.027,0.05,0.1104,0.04625,4,低谷
4/4/2020 6:00,2262 ,0.30325,0.027,0.05,0.1104,0.04625,4,低谷
4/4/2020 7:00,2263 ,0.8482,0.027,0.05,0.1104,0.04625,4,平时
4/4/2020 8:00,2264 ,0.8482,0.027,0.05,0.1104,0.04625,4,平时
4/4/2020 9:00,2265 ,0.8482,0.027,0.05,0.1104,0.04625,4,平时
4/4/2020 10:00,2266 ,0.8482,0.027,0.05,0.1104,0.04625,4,平时
4/4/2020 11:00,2267 ,1.07427,0.027,0.05,0.1104,0.04625,4,高峰
4/4/2020 12:00,2268 ,1.07427,0.027,0.05,0.1104,0.04625,4,高峰
4/4/2020 13:00,2269 ,1.07427,0.027,0.05,0.1104,0.04625,4,高峰
4/4/2020 14:00,2270 ,0.8482,0.027,0.05,0.1104,0.04625,4,平时
4/4/2020 15:00,2271 ,0.8482,0.027,0.05,0.1104,0.04625,4,平时
4/4/2020 16:00,2272 ,0.8482,0.027,0.05,0.1104,0.04625,4,平时
4/4/2020 17:00,2273 ,0.8482,0.027,0.05,0.1104,0.04625,4,平时
4/4/2020 18:00,2274 ,1.07427,0.027,0.05,0.1104,0.04625,4,高峰
4/4/2020 19:00,2275 ,1.07427,0.027,0.05,0.1104,0.04625,4,高峰
4/4/2020 20:00,2276 ,1.07427,0.027,0.05,0.1104,0.04625,4,高峰
4/4/2020 21:00,2277 ,1.07427,0.027,0.05,0.1104,0.04625,4,高峰
4/4/2020 22:00,2278 ,1.07427,0.027,0.05,0.1104,0.04625,4,高峰
4/4/2020 23:00,2279 ,0.30325,0.027,0.05,0.1104,0.04625,4,低谷
4/5/2020 0:00,2280 ,0.30325,0.027,0.05,0.1104,0.04625,4,低谷
4/5/2020 1:00,2281 ,0.30325,0.027,0.05,0.1104,0.04625,4,低谷
4/5/2020 2:00,2282 ,0.30325,0.027,0.05,0.1104,0.04625,4,低谷
4/5/2020 3:00,2283 ,0.30325,0.027,0.05,0.1104,0.04625,4,低谷
4/5/2020 4:00,2284 ,0.30325,0.027,0.05,0.1104,0.04625,4,低谷
4/5/2020 5:00,2285 ,0.30325,0.027,0.05,0.1104,0.04625,4,低谷
4/5/2020 6:00,2286 ,0.30325,0.027,0.05,0.1104,0.04625,4,低谷
4/5/2020 7:00,2287 ,0.8482,0.027,0.05,0.1104,0.04625,4,平时
4/5/2020 8:00,2288 ,0.8482,0.027,0.05,0.1104,0.04625,4,平时
4/5/2020 9:00,2289 ,0.8482,0.027,0.05,0.1104,0.04625,4,平时
4/5/2020 10:00,2290 ,0.8482,0.027,0.05,0.1104,0.04625,4,平时
4/5/2020 11:00,2291 ,1.07427,0.027,0.05,0.1104,0.04625,4,高峰
4/5/2020 12:00,2292 ,1.07427,0.027,0.05,0.1104,0.04625,4,高峰
4/5/2020 13:00,2293 ,1.07427,0.027,0.05,0.1104,0.04625,4,高峰
4/5/2020 14:00,2294 ,0.8482,0.027,0.05,0.1104,0.04625,4,平时
4/5/2020 15:00,2295 ,0.8482,0.027,0.05,0.1104,0.04625,4,平时
4/5/2020 16:00,2296 ,0.8482,0.027,0.05,0.1104,0.04625,4,平时
4/5/2020 17:00,2297 ,0.8482,0.027,0.05,0.1104,0.04625,4,平时
4/5/2020 18:00,2298 ,1.07427,0.027,0.05,0.1104,0.04625,4,高峰
4/5/2020 19:00,2299 ,1.07427,0.027,0.05,0.1104,0.04625,4,高峰
4/5/2020 20:00,2300 ,1.07427,0.027,0.05,0.1104,0.04625,4,高峰
4/5/2020 21:00,2301 ,1.07427,0.027,0.05,0.1104,0.04625,4,高峰
4/5/2020 22:00,2302 ,1.07427,0.027,0.05,0.1104,0.04625,4,高峰
4/5/2020 23:00,2303 ,0.30325,0.027,0.05,0.1104,0.04625,4,低谷
4/6/2020 0:00,2304 ,0.30325,0.027,0.05,0.1104,0.04625,4,低谷
4/6/2020 1:00,2305 ,0.30325,0.027,0.05,0.1104,0.04625,4,低谷
4/6/2020 2:00,2306 ,0.30325,0.027,0.05,0.1104,0.04625,4,低谷
4/6/2020 3:00,2307 ,0.30325,0.027,0.05,0.1104,0.04625,4,低谷
4/6/2020 4:00,2308 ,0.30325,0.027,0.05,0.1104,0.04625,4,低谷
4/6/2020 5:00,2309 ,0.30325,0.027,0.05,0.1104,0.04625,4,低谷
4/6/2020 6:00,2310 ,0.30325,0.027,0.05,0.1104,0.04625,4,低谷
4/6/2020 7:00,2311 ,0.8482,0.027,0.05,0.1104,0.04625,4,平时
4/6/2020 8:00,2312 ,0.8482,0.027,0.05,0.1104,0.04625,4,平时
4/6/2020 9:00,2313 ,0.8482,0.027,0.05,0.1104,0.04625,4,平时
4/6/2020 10:00,2314 ,0.8482,0.027,0.05,0.1104,0.04625,4,平时
4/6/2020 11:00,2315 ,1.07427,0.027,0.05,0.1104,0.04625,4,高峰
4/6/2020 12:00,2316 ,1.07427,0.027,0.05,0.1104,0.04625,4,高峰
4/6/2020 13:00,2317 ,1.07427,0.027,0.05,0.1104,0.04625,4,高峰
4/6/2020 14:00,2318 ,0.8482,0.027,0.05,0.1104,0.04625,4,平时
4/6/2020 15:00,2319 ,0.8482,0.027,0.05,0.1104,0.04625,4,平时
4/6/2020 16:00,2320 ,0.8482,0.027,0.05,0.1104,0.04625,4,平时
4/6/2020 17:00,2321 ,0.8482,0.027,0.05,0.1104,0.04625,4,平时
4/6/2020 18:00,2322 ,1.07427,0.027,0.05,0.1104,0.04625,4,高峰
4/6/2020 19:00,2323 ,1.07427,0.027,0.05,0.1104,0.04625,4,高峰
4/6/2020 20:00,2324 ,1.07427,0.027,0.05,0.1104,0.04625,4,高峰
4/6/2020 21:00,2325 ,1.07427,0.027,0.05,0.1104,0.04625,4,高峰
4/6/2020 22:00,2326 ,1.07427,0.027,0.05,0.1104,0.04625,4,高峰
4/6/2020 23:00,2327 ,0.30325,0.027,0.05,0.1104,0.04625,4,低谷
4/7/2020 0:00,2328 ,0.30325,0.027,0.05,0.1104,0.04625,4,低谷
4/7/2020 1:00,2329 ,0.30325,0.027,0.05,0.1104,0.04625,4,低谷
4/7/2020 2:00,2330 ,0.30325,0.027,0.05,0.1104,0.04625,4,低谷
4/7/2020 3:00,2331 ,0.30325,0.027,0.05,0.1104,0.04625,4,低谷
4/7/2020 4:00,2332 ,0.30325,0.027,0.05,0.1104,0.04625,4,低谷
4/7/2020 5:00,2333 ,0.30325,0.027,0.05,0.1104,0.04625,4,低谷
4/7/2020 6:00,2334 ,0.30325,0.027,0.05,0.1104,0.04625,4,低谷
4/7/2020 7:00,2335 ,0.8482,0.027,0.05,0.1104,0.04625,4,平时
4/7/2020 8:00,2336 ,0.8482,0.027,0.05,0.1104,0.04625,4,平时
4/7/2020 9:00,2337 ,0.8482,0.027,0.05,0.1104,0.04625,4,平时
4/7/2020 10:00,2338 ,0.8482,0.027,0.05,0.1104,0.04625,4,平时
4/7/2020 11:00,2339 ,1.07427,0.027,0.05,0.1104,0.04625,4,高峰
4/7/2020 12:00,2340 ,1.07427,0.027,0.05,0.1104,0.04625,4,高峰
4/7/2020 13:00,2341 ,1.07427,0.027,0.05,0.1104,0.04625,4,高峰
4/7/2020 14:00,2342 ,0.8482,0.027,0.05,0.1104,0.04625,4,平时
4/7/2020 15:00,2343 ,0.8482,0.027,0.05,0.1104,0.04625,4,平时
4/7/2020 16:00,2344 ,0.8482,0.027,0.05,0.1104,0.04625,4,平时
4/7/2020 17:00,2345 ,0.8482,0.027,0.05,0.1104,0.04625,4,平时
4/7/2020 18:00,2346 ,1.07427,0.027,0.05,0.1104,0.04625,4,高峰
4/7/2020 19:00,2347 ,1.07427,0.027,0.05,0.1104,0.04625,4,高峰
4/7/2020 20:00,2348 ,1.07427,0.027,0.05,0.1104,0.04625,4,高峰
4/7/2020 21:00,2349 ,1.07427,0.027,0.05,0.1104,0.04625,4,高峰
4/7/2020 22:00,2350 ,1.07427,0.027,0.05,0.1104,0.04625,4,高峰
4/7/2020 23:00,2351 ,0.30325,0.027,0.05,0.1104,0.04625,4,低谷
4/8/2020 0:00,2352 ,0.30325,0.027,0.05,0.1104,0.04625,4,低谷
4/8/2020 1:00,2353 ,0.30325,0.027,0.05,0.1104,0.04625,4,低谷
4/8/2020 2:00,2354 ,0.30325,0.027,0.05,0.1104,0.04625,4,低谷
4/8/2020 3:00,2355 ,0.30325,0.027,0.05,0.1104,0.04625,4,低谷
4/8/2020 4:00,2356 ,0.30325,0.027,0.05,0.1104,0.04625,4,低谷
4/8/2020 5:00,2357 ,0.30325,0.027,0.05,0.1104,0.04625,4,低谷
4/8/2020 6:00,2358 ,0.30325,0.027,0.05,0.1104,0.04625,4,低谷
4/8/2020 7:00,2359 ,0.8482,0.027,0.05,0.1104,0.04625,4,平时
4/8/2020 8:00,2360 ,0.8482,0.027,0.05,0.1104,0.04625,4,平时
4/8/2020 9:00,2361 ,0.8482,0.027,0.05,0.1104,0.04625,4,平时
4/8/2020 10:00,2362 ,0.8482,0.027,0.05,0.1104,0.04625,4,平时
4/8/2020 11:00,2363 ,1.07427,0.027,0.05,0.1104,0.04625,4,高峰
4/8/2020 12:00,2364 ,1.07427,0.027,0.05,0.1104,0.04625,4,高峰
4/8/2020 13:00,2365 ,1.07427,0.027,0.05,0.1104,0.04625,4,高峰
4/8/2020 14:00,2366 ,0.8482,0.027,0.05,0.1104,0.04625,4,平时
4/8/2020 15:00,2367 ,0.8482,0.027,0.05,0.1104,0.04625,4,平时
4/8/2020 16:00,2368 ,0.8482,0.027,0.05,0.1104,0.04625,4,平时
4/8/2020 17:00,2369 ,0.8482,0.027,0.05,0.1104,0.04625,4,平时
4/8/2020 18:00,2370 ,1.07427,0.027,0.05,0.1104,0.04625,4,高峰
4/8/2020 19:00,2371 ,1.07427,0.027,0.05,0.1104,0.04625,4,高峰
4/8/2020 20:00,2372 ,1.07427,0.027,0.05,0.1104,0.04625,4,高峰
4/8/2020 21:00,2373 ,1.07427,0.027,0.05,0.1104,0.04625,4,高峰
4/8/2020 22:00,2374 ,1.07427,0.027,0.05,0.1104,0.04625,4,高峰
4/8/2020 23:00,2375 ,0.30325,0.027,0.05,0.1104,0.04625,4,低谷
4/9/2020 0:00,2376 ,0.30325,0.027,0.05,0.1104,0.04625,4,低谷
4/9/2020 1:00,2377 ,0.30325,0.027,0.05,0.1104,0.04625,4,低谷
4/9/2020 2:00,2378 ,0.30325,0.027,0.05,0.1104,0.04625,4,低谷
4/9/2020 3:00,2379 ,0.30325,0.027,0.05,0.1104,0.04625,4,低谷
4/9/2020 4:00,2380 ,0.30325,0.027,0.05,0.1104,0.04625,4,低谷
4/9/2020 5:00,2381 ,0.30325,0.027,0.05,0.1104,0.04625,4,低谷
4/9/2020 6:00,2382 ,0.30325,0.027,0.05,0.1104,0.04625,4,低谷
4/9/2020 7:00,2383 ,0.8482,0.027,0.05,0.1104,0.04625,4,平时
4/9/2020 8:00,2384 ,0.8482,0.027,0.05,0.1104,0.04625,4,平时
4/9/2020 9:00,2385 ,0.8482,0.027,0.05,0.1104,0.04625,4,平时
4/9/2020 10:00,2386 ,0.8482,0.027,0.05,0.1104,0.04625,4,平时
4/9/2020 11:00,2387 ,1.07427,0.027,0.05,0.1104,0.04625,4,高峰
4/9/2020 12:00,2388 ,1.07427,0.027,0.05,0.1104,0.04625,4,高峰
4/9/2020 13:00,2389 ,1.07427,0.027,0.05,0.1104,0.04625,4,高峰
4/9/2020 14:00,2390 ,0.8482,0.027,0.05,0.1104,0.04625,4,平时
4/9/2020 15:00,2391 ,0.8482,0.027,0.05,0.1104,0.04625,4,平时
4/9/2020 16:00,2392 ,0.8482,0.027,0.05,0.1104,0.04625,4,平时
4/9/2020 17:00,2393 ,0.8482,0.027,0.05,0.1104,0.04625,4,平时
4/9/2020 18:00,2394 ,1.07427,0.027,0.05,0.1104,0.04625,4,高峰
4/9/2020 19:00,2395 ,1.07427,0.027,0.05,0.1104,0.04625,4,高峰
4/9/2020 20:00,2396 ,1.07427,0.027,0.05,0.1104,0.04625,4,高峰
4/9/2020 21:00,2397 ,1.07427,0.027,0.05,0.1104,0.04625,4,高峰
4/9/2020 22:00,2398 ,1.07427,0.027,0.05,0.1104,0.04625,4,高峰
4/9/2020 23:00,2399 ,0.30325,0.027,0.05,0.1104,0.04625,4,低谷
4/10/2020 0:00,2400 ,0.30325,0.027,0.05,0.1104,0.04625,4,低谷
4/10/2020 1:00,2401 ,0.30325,0.027,0.05,0.1104,0.04625,4,低谷
4/10/2020 2:00,2402 ,0.30325,0.027,0.05,0.1104,0.04625,4,低谷
4/10/2020 3:00,2403 ,0.30325,0.027,0.05,0.1104,0.04625,4,低谷
4/10/2020 4:00,2404 ,0.30325,0.027,0.05,0.1104,0.04625,4,低谷
4/10/2020 5:00,2405 ,0.30325,0.027,0.05,0.1104,0.04625,4,低谷
4/10/2020 6:00,2406 ,0.30325,0.027,0.05,0.1104,0.04625,4,低谷
4/10/2020 7:00,2407 ,0.8482,0.027,0.05,0.1104,0.04625,4,平时
4/10/2020 8:00,2408 ,0.8482,0.027,0.05,0.1104,0.04625,4,平时
4/10/2020 9:00,2409 ,0.8482,0.027,0.05,0.1104,0.04625,4,平时
4/10/2020 10:00,2410 ,0.8482,0.027,0.05,0.1104,0.04625,4,平时
4/10/2020 11:00,2411 ,1.07427,0.027,0.05,0.1104,0.04625,4,高峰
4/10/2020 12:00,2412 ,1.07427,0.027,0.05,0.1104,0.04625,4,高峰
4/10/2020 13:00,2413 ,1.07427,0.027,0.05,0.1104,0.04625,4,高峰
4/10/2020 14:00,2414 ,0.8482,0.027,0.05,0.1104,0.04625,4,平时
4/10/2020 15:00,2415 ,0.8482,0.027,0.05,0.1104,0.04625,4,平时
4/10/2020 16:00,2416 ,0.8482,0.027,0.05,0.1104,0.04625,4,平时
4/10/2020 17:00,2417 ,0.8482,0.027,0.05,0.1104,0.04625,4,平时
4/10/2020 18:00,2418 ,1.07427,0.027,0.05,0.1104,0.04625,4,高峰
4/10/2020 19:00,2419 ,1.07427,0.027,0.05,0.1104,0.04625,4,高峰
4/10/2020 20:00,2420 ,1.07427,0.027,0.05,0.1104,0.04625,4,高峰
4/10/2020 21:00,2421 ,1.07427,0.027,0.05,0.1104,0.04625,4,高峰
4/10/2020 22:00,2422 ,1.07427,0.027,0.05,0.1104,0.04625,4,高峰
4/10/2020 23:00,2423 ,0.30325,0.027,0.05,0.1104,0.04625,4,低谷
4/11/2020 0:00,2424 ,0.30325,0.027,0.05,0.1104,0.04625,4,低谷
4/11/2020 1:00,2425 ,0.30325,0.027,0.05,0.1104,0.04625,4,低谷
4/11/2020 2:00,2426 ,0.30325,0.027,0.05,0.1104,0.04625,4,低谷
4/11/2020 3:00,2427 ,0.30325,0.027,0.05,0.1104,0.04625,4,低谷
4/11/2020 4:00,2428 ,0.30325,0.027,0.05,0.1104,0.04625,4,低谷
4/11/2020 5:00,2429 ,0.30325,0.027,0.05,0.1104,0.04625,4,低谷
4/11/2020 6:00,2430 ,0.30325,0.027,0.05,0.1104,0.04625,4,低谷
4/11/2020 7:00,2431 ,0.8482,0.027,0.05,0.1104,0.04625,4,平时
4/11/2020 8:00,2432 ,0.8482,0.027,0.05,0.1104,0.04625,4,平时
4/11/2020 9:00,2433 ,0.8482,0.027,0.05,0.1104,0.04625,4,平时
4/11/2020 10:00,2434 ,0.8482,0.027,0.05,0.1104,0.04625,4,平时
4/11/2020 11:00,2435 ,1.07427,0.027,0.05,0.1104,0.04625,4,高峰
4/11/2020 12:00,2436 ,1.07427,0.027,0.05,0.1104,0.04625,4,高峰
4/11/2020 13:00,2437 ,1.07427,0.027,0.05,0.1104,0.04625,4,高峰
4/11/2020 14:00,2438 ,0.8482,0.027,0.05,0.1104,0.04625,4,平时
4/11/2020 15:00,2439 ,0.8482,0.027,0.05,0.1104,0.04625,4,平时
4/11/2020 16:00,2440 ,0.8482,0.027,0.05,0.1104,0.04625,4,平时
4/11/2020 17:00,2441 ,0.8482,0.027,0.05,0.1104,0.04625,4,平时
4/11/2020 18:00,2442 ,1.07427,0.027,0.05,0.1104,0.04625,4,高峰
4/11/2020 19:00,2443 ,1.07427,0.027,0.05,0.1104,0.04625,4,高峰
4/11/2020 20:00,2444 ,1.07427,0.027,0.05,0.1104,0.04625,4,高峰
4/11/2020 21:00,2445 ,1.07427,0.027,0.05,0.1104,0.04625,4,高峰
4/11/2020 22:00,2446 ,1.07427,0.027,0.05,0.1104,0.04625,4,高峰
4/11/2020 23:00,2447 ,0.30325,0.027,0.05,0.1104,0.04625,4,低谷
4/12/2020 0:00,2448 ,0.30325,0.027,0.05,0.1104,0.04625,4,低谷
4/12/2020 1:00,2449 ,0.30325,0.027,0.05,0.1104,0.04625,4,低谷
4/12/2020 2:00,2450 ,0.30325,0.027,0.05,0.1104,0.04625,4,低谷
4/12/2020 3:00,2451 ,0.30325,0.027,0.05,0.1104,0.04625,4,低谷
4/12/2020 4:00,2452 ,0.30325,0.027,0.05,0.1104,0.04625,4,低谷
4/12/2020 5:00,2453 ,0.30325,0.027,0.05,0.1104,0.04625,4,低谷
4/12/2020 6:00,2454 ,0.30325,0.027,0.05,0.1104,0.04625,4,低谷
4/12/2020 7:00,2455 ,0.8482,0.027,0.05,0.1104,0.04625,4,平时
4/12/2020 8:00,2456 ,0.8482,0.027,0.05,0.1104,0.04625,4,平时
4/12/2020 9:00,2457 ,0.8482,0.027,0.05,0.1104,0.04625,4,平时
4/12/2020 10:00,2458 ,0.8482,0.027,0.05,0.1104,0.04625,4,平时
4/12/2020 11:00,2459 ,1.07427,0.027,0.05,0.1104,0.04625,4,高峰
4/12/2020 12:00,2460 ,1.07427,0.027,0.05,0.1104,0.04625,4,高峰
4/12/2020 13:00,2461 ,1.07427,0.027,0.05,0.1104,0.04625,4,高峰
4/12/2020 14:00,2462 ,0.8482,0.027,0.05,0.1104,0.04625,4,平时
4/12/2020 15:00,2463 ,0.8482,0.027,0.05,0.1104,0.04625,4,平时
4/12/2020 16:00,2464 ,0.8482,0.027,0.05,0.1104,0.04625,4,平时
4/12/2020 17:00,2465 ,0.8482,0.027,0.05,0.1104,0.04625,4,平时
4/12/2020 18:00,2466 ,1.07427,0.027,0.05,0.1104,0.04625,4,高峰
4/12/2020 19:00,2467 ,1.07427,0.027,0.05,0.1104,0.04625,4,高峰
4/12/2020 20:00,2468 ,1.07427,0.027,0.05,0.1104,0.04625,4,高峰
4/12/2020 21:00,2469 ,1.07427,0.027,0.05,0.1104,0.04625,4,高峰
4/12/2020 22:00,2470 ,1.07427,0.027,0.05,0.1104,0.04625,4,高峰
4/12/2020 23:00,2471 ,0.30325,0.027,0.05,0.1104,0.04625,4,低谷
4/13/2020 0:00,2472 ,0.30325,0.027,0.05,0.1104,0.04625,4,低谷
4/13/2020 1:00,2473 ,0.30325,0.027,0.05,0.1104,0.04625,4,低谷
4/13/2020 2:00,2474 ,0.30325,0.027,0.05,0.1104,0.04625,4,低谷
4/13/2020 3:00,2475 ,0.30325,0.027,0.05,0.1104,0.04625,4,低谷
4/13/2020 4:00,2476 ,0.30325,0.027,0.05,0.1104,0.04625,4,低谷
4/13/2020 5:00,2477 ,0.30325,0.027,0.05,0.1104,0.04625,4,低谷
4/13/2020 6:00,2478 ,0.30325,0.027,0.05,0.1104,0.04625,4,低谷
4/13/2020 7:00,2479 ,0.8482,0.027,0.05,0.1104,0.04625,4,平时
4/13/2020 8:00,2480 ,0.8482,0.027,0.05,0.1104,0.04625,4,平时
4/13/2020 9:00,2481 ,0.8482,0.027,0.05,0.1104,0.04625,4,平时
4/13/2020 10:00,2482 ,0.8482,0.027,0.05,0.1104,0.04625,4,平时
4/13/2020 11:00,2483 ,1.07427,0.027,0.05,0.1104,0.04625,4,高峰
4/13/2020 12:00,2484 ,1.07427,0.027,0.05,0.1104,0.04625,4,高峰
4/13/2020 13:00,2485 ,1.07427,0.027,0.05,0.1104,0.04625,4,高峰
4/13/2020 14:00,2486 ,0.8482,0.027,0.05,0.1104,0.04625,4,平时
4/13/2020 15:00,2487 ,0.8482,0.027,0.05,0.1104,0.04625,4,平时
4/13/2020 16:00,2488 ,0.8482,0.027,0.05,0.1104,0.04625,4,平时
4/13/2020 17:00,2489 ,0.8482,0.027,0.05,0.1104,0.04625,4,平时
4/13/2020 18:00,2490 ,1.07427,0.027,0.05,0.1104,0.04625,4,高峰
4/13/2020 19:00,2491 ,1.07427,0.027,0.05,0.1104,0.04625,4,高峰
4/13/2020 20:00,2492 ,1.07427,0.027,0.05,0.1104,0.04625,4,高峰
4/13/2020 21:00,2493 ,1.07427,0.027,0.05,0.1104,0.04625,4,高峰
4/13/2020 22:00,2494 ,1.07427,0.027,0.05,0.1104,0.04625,4,高峰
4/13/2020 23:00,2495 ,0.30325,0.027,0.05,0.1104,0.04625,4,低谷
4/14/2020 0:00,2496 ,0.30325,0.027,0.05,0.1104,0.04625,4,低谷
4/14/2020 1:00,2497 ,0.30325,0.027,0.05,0.1104,0.04625,4,低谷
4/14/2020 2:00,2498 ,0.30325,0.027,0.05,0.1104,0.04625,4,低谷
4/14/2020 3:00,2499 ,0.30325,0.027,0.05,0.1104,0.04625,4,低谷
4/14/2020 4:00,2500 ,0.30325,0.027,0.05,0.1104,0.04625,4,低谷
4/14/2020 5:00,2501 ,0.30325,0.027,0.05,0.1104,0.04625,4,低谷
4/14/2020 6:00,2502 ,0.30325,0.027,0.05,0.1104,0.04625,4,低谷
4/14/2020 7:00,2503 ,0.8482,0.027,0.05,0.1104,0.04625,4,平时
4/14/2020 8:00,2504 ,0.8482,0.027,0.05,0.1104,0.04625,4,平时
4/14/2020 9:00,2505 ,0.8482,0.027,0.05,0.1104,0.04625,4,平时
4/14/2020 10:00,2506 ,0.8482,0.027,0.05,0.1104,0.04625,4,平时
4/14/2020 11:00,2507 ,1.07427,0.027,0.05,0.1104,0.04625,4,高峰
4/14/2020 12:00,2508 ,1.07427,0.027,0.05,0.1104,0.04625,4,高峰
4/14/2020 13:00,2509 ,1.07427,0.027,0.05,0.1104,0.04625,4,高峰
4/14/2020 14:00,2510 ,0.8482,0.027,0.05,0.1104,0.04625,4,平时
4/14/2020 15:00,2511 ,0.8482,0.027,0.05,0.1104,0.04625,4,平时
4/14/2020 16:00,2512 ,0.8482,0.027,0.05,0.1104,0.04625,4,平时
4/14/2020 17:00,2513 ,0.8482,0.027,0.05,0.1104,0.04625,4,平时
4/14/2020 18:00,2514 ,1.07427,0.027,0.05,0.1104,0.04625,4,高峰
4/14/2020 19:00,2515 ,1.07427,0.027,0.05,0.1104,0.04625,4,高峰
4/14/2020 20:00,2516 ,1.07427,0.027,0.05,0.1104,0.04625,4,高峰
4/14/2020 21:00,2517 ,1.07427,0.027,0.05,0.1104,0.04625,4,高峰
4/14/2020 22:00,2518 ,1.07427,0.027,0.05,0.1104,0.04625,4,高峰
4/14/2020 23:00,2519 ,0.30325,0.027,0.05,0.1104,0.04625,4,低谷
4/15/2020 0:00,2520 ,0.30325,0.027,0.05,0.1104,0.04625,4,低谷
4/15/2020 1:00,2521 ,0.30325,0.027,0.05,0.1104,0.04625,4,低谷
4/15/2020 2:00,2522 ,0.30325,0.027,0.05,0.1104,0.04625,4,低谷
4/15/2020 3:00,2523 ,0.30325,0.027,0.05,0.1104,0.04625,4,低谷
4/15/2020 4:00,2524 ,0.30325,0.027,0.05,0.1104,0.04625,4,低谷
4/15/2020 5:00,2525 ,0.30325,0.027,0.05,0.1104,0.04625,4,低谷
4/15/2020 6:00,2526 ,0.30325,0.027,0.05,0.1104,0.04625,4,低谷
4/15/2020 7:00,2527 ,0.8482,0.027,0.05,0.1104,0.04625,4,平时
4/15/2020 8:00,2528 ,0.8482,0.027,0.05,0.1104,0.04625,4,平时
4/15/2020 9:00,2529 ,0.8482,0.027,0.05,0.1104,0.04625,4,平时
4/15/2020 10:00,2530 ,0.8482,0.027,0.05,0.1104,0.04625,4,平时
4/15/2020 11:00,2531 ,1.07427,0.027,0.05,0.1104,0.04625,4,高峰
4/15/2020 12:00,2532 ,1.07427,0.027,0.05,0.1104,0.04625,4,高峰
4/15/2020 13:00,2533 ,1.07427,0.027,0.05,0.1104,0.04625,4,高峰
4/15/2020 14:00,2534 ,0.8482,0.027,0.05,0.1104,0.04625,4,平时
4/15/2020 15:00,2535 ,0.8482,0.027,0.05,0.1104,0.04625,4,平时
4/15/2020 16:00,2536 ,0.8482,0.027,0.05,0.1104,0.04625,4,平时
4/15/2020 17:00,2537 ,0.8482,0.027,0.05,0.1104,0.04625,4,平时
4/15/2020 18:00,2538 ,1.07427,0.027,0.05,0.1104,0.04625,4,高峰
4/15/2020 19:00,2539 ,1.07427,0.027,0.05,0.1104,0.04625,4,高峰
4/15/2020 20:00,2540 ,1.07427,0.027,0.05,0.1104,0.04625,4,高峰
4/15/2020 21:00,2541 ,1.07427,0.027,0.05,0.1104,0.04625,4,高峰
4/15/2020 22:00,2542 ,1.07427,0.027,0.05,0.1104,0.04625,4,高峰
4/15/2020 23:00,2543 ,0.30325,0.027,0.05,0.1104,0.04625,4,低谷
4/16/2020 0:00,2544 ,0.30325,0.027,0.05,0.1104,0.04625,4,低谷
4/16/2020 1:00,2545 ,0.30325,0.027,0.05,0.1104,0.04625,4,低谷
4/16/2020 2:00,2546 ,0.30325,0.027,0.05,0.1104,0.04625,4,低谷
4/16/2020 3:00,2547 ,0.30325,0.027,0.05,0.1104,0.04625,4,低谷
4/16/2020 4:00,2548 ,0.30325,0.027,0.05,0.1104,0.04625,4,低谷
4/16/2020 5:00,2549 ,0.30325,0.027,0.05,0.1104,0.04625,4,低谷
4/16/2020 6:00,2550 ,0.30325,0.027,0.05,0.1104,0.04625,4,低谷
4/16/2020 7:00,2551 ,0.8482,0.027,0.05,0.1104,0.04625,4,平时
4/16/2020 8:00,2552 ,0.8482,0.027,0.05,0.1104,0.04625,4,平时
4/16/2020 9:00,2553 ,0.8482,0.027,0.05,0.1104,0.04625,4,平时
4/16/2020 10:00,2554 ,0.8482,0.027,0.05,0.1104,0.04625,4,平时
4/16/2020 11:00,2555 ,1.07427,0.027,0.05,0.1104,0.04625,4,高峰
4/16/2020 12:00,2556 ,1.07427,0.027,0.05,0.1104,0.04625,4,高峰
4/16/2020 13:00,2557 ,1.07427,0.027,0.05,0.1104,0.04625,4,高峰
4/16/2020 14:00,2558 ,0.8482,0.027,0.05,0.1104,0.04625,4,平时
4/16/2020 15:00,2559 ,0.8482,0.027,0.05,0.1104,0.04625,4,平时
4/16/2020 16:00,2560 ,0.8482,0.027,0.05,0.1104,0.04625,4,平时
4/16/2020 17:00,2561 ,0.8482,0.027,0.05,0.1104,0.04625,4,平时
4/16/2020 18:00,2562 ,1.07427,0.027,0.05,0.1104,0.04625,4,高峰
4/16/2020 19:00,2563 ,1.07427,0.027,0.05,0.1104,0.04625,4,高峰
4/16/2020 20:00,2564 ,1.07427,0.027,0.05,0.1104,0.04625,4,高峰
4/16/2020 21:00,2565 ,1.07427,0.027,0.05,0.1104,0.04625,4,高峰
4/16/2020 22:00,2566 ,1.07427,0.027,0.05,0.1104,0.04625,4,高峰
4/16/2020 23:00,2567 ,0.30325,0.027,0.05,0.1104,0.04625,4,低谷
4/17/2020 0:00,2568 ,0.30325,0.027,0.05,0.1104,0.04625,4,低谷
4/17/2020 1:00,2569 ,0.30325,0.027,0.05,0.1104,0.04625,4,低谷
4/17/2020 2:00,2570 ,0.30325,0.027,0.05,0.1104,0.04625,4,低谷
4/17/2020 3:00,2571 ,0.30325,0.027,0.05,0.1104,0.04625,4,低谷
4/17/2020 4:00,2572 ,0.30325,0.027,0.05,0.1104,0.04625,4,低谷
4/17/2020 5:00,2573 ,0.30325,0.027,0.05,0.1104,0.04625,4,低谷
4/17/2020 6:00,2574 ,0.30325,0.027,0.05,0.1104,0.04625,4,低谷
4/17/2020 7:00,2575 ,0.8482,0.027,0.05,0.1104,0.04625,4,平时
4/17/2020 8:00,2576 ,0.8482,0.027,0.05,0.1104,0.04625,4,平时
4/17/2020 9:00,2577 ,0.8482,0.027,0.05,0.1104,0.04625,4,平时
4/17/2020 10:00,2578 ,0.8482,0.027,0.05,0.1104,0.04625,4,平时
4/17/2020 11:00,2579 ,1.07427,0.027,0.05,0.1104,0.04625,4,高峰
4/17/2020 12:00,2580 ,1.07427,0.027,0.05,0.1104,0.04625,4,高峰
4/17/2020 13:00,2581 ,1.07427,0.027,0.05,0.1104,0.04625,4,高峰
4/17/2020 14:00,2582 ,0.8482,0.027,0.05,0.1104,0.04625,4,平时
4/17/2020 15:00,2583 ,0.8482,0.027,0.05,0.1104,0.04625,4,平时
4/17/2020 16:00,2584 ,0.8482,0.027,0.05,0.1104,0.04625,4,平时
4/17/2020 17:00,2585 ,0.8482,0.027,0.05,0.1104,0.04625,4,平时
4/17/2020 18:00,2586 ,1.07427,0.027,0.05,0.1104,0.04625,4,高峰
4/17/2020 19:00,2587 ,1.07427,0.027,0.05,0.1104,0.04625,4,高峰
4/17/2020 20:00,2588 ,1.07427,0.027,0.05,0.1104,0.04625,4,高峰
4/17/2020 21:00,2589 ,1.07427,0.027,0.05,0.1104,0.04625,4,高峰
4/17/2020 22:00,2590 ,1.07427,0.027,0.05,0.1104,0.04625,4,高峰
4/17/2020 23:00,2591 ,0.30325,0.027,0.05,0.1104,0.04625,4,低谷
4/18/2020 0:00,2592 ,0.30325,0.027,0.05,0.1104,0.04625,4,低谷
4/18/2020 1:00,2593 ,0.30325,0.027,0.05,0.1104,0.04625,4,低谷
4/18/2020 2:00,2594 ,0.30325,0.027,0.05,0.1104,0.04625,4,低谷
4/18/2020 3:00,2595 ,0.30325,0.027,0.05,0.1104,0.04625,4,低谷
4/18/2020 4:00,2596 ,0.30325,0.027,0.05,0.1104,0.04625,4,低谷
4/18/2020 5:00,2597 ,0.30325,0.027,0.05,0.1104,0.04625,4,低谷
4/18/2020 6:00,2598 ,0.30325,0.027,0.05,0.1104,0.04625,4,低谷
4/18/2020 7:00,2599 ,0.8482,0.027,0.05,0.1104,0.04625,4,平时
4/18/2020 8:00,2600 ,0.8482,0.027,0.05,0.1104,0.04625,4,平时
4/18/2020 9:00,2601 ,0.8482,0.027,0.05,0.1104,0.04625,4,平时
4/18/2020 10:00,2602 ,0.8482,0.027,0.05,0.1104,0.04625,4,平时
4/18/2020 11:00,2603 ,1.07427,0.027,0.05,0.1104,0.04625,4,高峰
4/18/2020 12:00,2604 ,1.07427,0.027,0.05,0.1104,0.04625,4,高峰
4/18/2020 13:00,2605 ,1.07427,0.027,0.05,0.1104,0.04625,4,高峰
4/18/2020 14:00,2606 ,0.8482,0.027,0.05,0.1104,0.04625,4,平时
4/18/2020 15:00,2607 ,0.8482,0.027,0.05,0.1104,0.04625,4,平时
4/18/2020 16:00,2608 ,0.8482,0.027,0.05,0.1104,0.04625,4,平时
4/18/2020 17:00,2609 ,0.8482,0.027,0.05,0.1104,0.04625,4,平时
4/18/2020 18:00,2610 ,1.07427,0.027,0.05,0.1104,0.04625,4,高峰
4/18/2020 19:00,2611 ,1.07427,0.027,0.05,0.1104,0.04625,4,高峰
4/18/2020 20:00,2612 ,1.07427,0.027,0.05,0.1104,0.04625,4,高峰
4/18/2020 21:00,2613 ,1.07427,0.027,0.05,0.1104,0.04625,4,高峰
4/18/2020 22:00,2614 ,1.07427,0.027,0.05,0.1104,0.04625,4,高峰
4/18/2020 23:00,2615 ,0.30325,0.027,0.05,0.1104,0.04625,4,低谷
4/19/2020 0:00,2616 ,0.30325,0.027,0.05,0.1104,0.04625,4,低谷
4/19/2020 1:00,2617 ,0.30325,0.027,0.05,0.1104,0.04625,4,低谷
4/19/2020 2:00,2618 ,0.30325,0.027,0.05,0.1104,0.04625,4,低谷
4/19/2020 3:00,2619 ,0.30325,0.027,0.05,0.1104,0.04625,4,低谷
4/19/2020 4:00,2620 ,0.30325,0.027,0.05,0.1104,0.04625,4,低谷
4/19/2020 5:00,2621 ,0.30325,0.027,0.05,0.1104,0.04625,4,低谷
4/19/2020 6:00,2622 ,0.30325,0.027,0.05,0.1104,0.04625,4,低谷
4/19/2020 7:00,2623 ,0.8482,0.027,0.05,0.1104,0.04625,4,平时
4/19/2020 8:00,2624 ,0.8482,0.027,0.05,0.1104,0.04625,4,平时
4/19/2020 9:00,2625 ,0.8482,0.027,0.05,0.1104,0.04625,4,平时
4/19/2020 10:00,2626 ,0.8482,0.027,0.05,0.1104,0.04625,4,平时
4/19/2020 11:00,2627 ,1.07427,0.027,0.05,0.1104,0.04625,4,高峰
4/19/2020 12:00,2628 ,1.07427,0.027,0.05,0.1104,0.04625,4,高峰
4/19/2020 13:00,2629 ,1.07427,0.027,0.05,0.1104,0.04625,4,高峰
4/19/2020 14:00,2630 ,0.8482,0.027,0.05,0.1104,0.04625,4,平时
4/19/2020 15:00,2631 ,0.8482,0.027,0.05,0.1104,0.04625,4,平时
4/19/2020 16:00,2632 ,0.8482,0.027,0.05,0.1104,0.04625,4,平时
4/19/2020 17:00,2633 ,0.8482,0.027,0.05,0.1104,0.04625,4,平时
4/19/2020 18:00,2634 ,1.07427,0.027,0.05,0.1104,0.04625,4,高峰
4/19/2020 19:00,2635 ,1.07427,0.027,0.05,0.1104,0.04625,4,高峰
4/19/2020 20:00,2636 ,1.07427,0.027,0.05,0.1104,0.04625,4,高峰
4/19/2020 21:00,2637 ,1.07427,0.027,0.05,0.1104,0.04625,4,高峰
4/19/2020 22:00,2638 ,1.07427,0.027,0.05,0.1104,0.04625,4,高峰
4/19/2020 23:00,2639 ,0.30325,0.027,0.05,0.1104,0.04625,4,低谷
4/20/2020 0:00,2640 ,0.30325,0.027,0.05,0.1104,0.04625,4,低谷
4/20/2020 1:00,2641 ,0.30325,0.027,0.05,0.1104,0.04625,4,低谷
4/20/2020 2:00,2642 ,0.30325,0.027,0.05,0.1104,0.04625,4,低谷
4/20/2020 3:00,2643 ,0.30325,0.027,0.05,0.1104,0.04625,4,低谷
4/20/2020 4:00,2644 ,0.30325,0.027,0.05,0.1104,0.04625,4,低谷
4/20/2020 5:00,2645 ,0.30325,0.027,0.05,0.1104,0.04625,4,低谷
4/20/2020 6:00,2646 ,0.30325,0.027,0.05,0.1104,0.04625,4,低谷
4/20/2020 7:00,2647 ,0.8482,0.027,0.05,0.1104,0.04625,4,平时
4/20/2020 8:00,2648 ,0.8482,0.027,0.05,0.1104,0.04625,4,平时
4/20/2020 9:00,2649 ,0.8482,0.027,0.05,0.1104,0.04625,4,平时
4/20/2020 10:00,2650 ,0.8482,0.027,0.05,0.1104,0.04625,4,平时
4/20/2020 11:00,2651 ,1.07427,0.027,0.05,0.1104,0.04625,4,高峰
4/20/2020 12:00,2652 ,1.07427,0.027,0.05,0.1104,0.04625,4,高峰
4/20/2020 13:00,2653 ,1.07427,0.027,0.05,0.1104,0.04625,4,高峰
4/20/2020 14:00,2654 ,0.8482,0.027,0.05,0.1104,0.04625,4,平时
4/20/2020 15:00,2655 ,0.8482,0.027,0.05,0.1104,0.04625,4,平时
4/20/2020 16:00,2656 ,0.8482,0.027,0.05,0.1104,0.04625,4,平时
4/20/2020 17:00,2657 ,0.8482,0.027,0.05,0.1104,0.04625,4,平时
4/20/2020 18:00,2658 ,1.07427,0.027,0.05,0.1104,0.04625,4,高峰
4/20/2020 19:00,2659 ,1.07427,0.027,0.05,0.1104,0.04625,4,高峰
4/20/2020 20:00,2660 ,1.07427,0.027,0.05,0.1104,0.04625,4,高峰
4/20/2020 21:00,2661 ,1.07427,0.027,0.05,0.1104,0.04625,4,高峰
4/20/2020 22:00,2662 ,1.07427,0.027,0.05,0.1104,0.04625,4,高峰
4/20/2020 23:00,2663 ,0.30325,0.027,0.05,0.1104,0.04625,4,低谷
4/21/2020 0:00,2664 ,0.30325,0.027,0.05,0.1104,0.04625,4,低谷
4/21/2020 1:00,2665 ,0.30325,0.027,0.05,0.1104,0.04625,4,低谷
4/21/2020 2:00,2666 ,0.30325,0.027,0.05,0.1104,0.04625,4,低谷
4/21/2020 3:00,2667 ,0.30325,0.027,0.05,0.1104,0.04625,4,低谷
4/21/2020 4:00,2668 ,0.30325,0.027,0.05,0.1104,0.04625,4,低谷
4/21/2020 5:00,2669 ,0.30325,0.027,0.05,0.1104,0.04625,4,低谷
4/21/2020 6:00,2670 ,0.30325,0.027,0.05,0.1104,0.04625,4,低谷
4/21/2020 7:00,2671 ,0.8482,0.027,0.05,0.1104,0.04625,4,平时
4/21/2020 8:00,2672 ,0.8482,0.027,0.05,0.1104,0.04625,4,平时
4/21/2020 9:00,2673 ,0.8482,0.027,0.05,0.1104,0.04625,4,平时
4/21/2020 10:00,2674 ,0.8482,0.027,0.05,0.1104,0.04625,4,平时
4/21/2020 11:00,2675 ,1.07427,0.027,0.05,0.1104,0.04625,4,高峰
4/21/2020 12:00,2676 ,1.07427,0.027,0.05,0.1104,0.04625,4,高峰
4/21/2020 13:00,2677 ,1.07427,0.027,0.05,0.1104,0.04625,4,高峰
4/21/2020 14:00,2678 ,0.8482,0.027,0.05,0.1104,0.04625,4,平时
4/21/2020 15:00,2679 ,0.8482,0.027,0.05,0.1104,0.04625,4,平时
4/21/2020 16:00,2680 ,0.8482,0.027,0.05,0.1104,0.04625,4,平时
4/21/2020 17:00,2681 ,0.8482,0.027,0.05,0.1104,0.04625,4,平时
4/21/2020 18:00,2682 ,1.07427,0.027,0.05,0.1104,0.04625,4,高峰
4/21/2020 19:00,2683 ,1.07427,0.027,0.05,0.1104,0.04625,4,高峰
4/21/2020 20:00,2684 ,1.07427,0.027,0.05,0.1104,0.04625,4,高峰
4/21/2020 21:00,2685 ,1.07427,0.027,0.05,0.1104,0.04625,4,高峰
4/21/2020 22:00,2686 ,1.07427,0.027,0.05,0.1104,0.04625,4,高峰
4/21/2020 23:00,2687 ,0.30325,0.027,0.05,0.1104,0.04625,4,低谷
4/22/2020 0:00,2688 ,0.30325,0.027,0.05,0.1104,0.04625,4,低谷
4/22/2020 1:00,2689 ,0.30325,0.027,0.05,0.1104,0.04625,4,低谷
4/22/2020 2:00,2690 ,0.30325,0.027,0.05,0.1104,0.04625,4,低谷
4/22/2020 3:00,2691 ,0.30325,0.027,0.05,0.1104,0.04625,4,低谷
4/22/2020 4:00,2692 ,0.30325,0.027,0.05,0.1104,0.04625,4,低谷
4/22/2020 5:00,2693 ,0.30325,0.027,0.05,0.1104,0.04625,4,低谷
4/22/2020 6:00,2694 ,0.30325,0.027,0.05,0.1104,0.04625,4,低谷
4/22/2020 7:00,2695 ,0.8482,0.027,0.05,0.1104,0.04625,4,平时
4/22/2020 8:00,2696 ,0.8482,0.027,0.05,0.1104,0.04625,4,平时
4/22/2020 9:00,2697 ,0.8482,0.027,0.05,0.1104,0.04625,4,平时
4/22/2020 10:00,2698 ,0.8482,0.027,0.05,0.1104,0.04625,4,平时
4/22/2020 11:00,2699 ,1.07427,0.027,0.05,0.1104,0.04625,4,高峰
4/22/2020 12:00,2700 ,1.07427,0.027,0.05,0.1104,0.04625,4,高峰
4/22/2020 13:00,2701 ,1.07427,0.027,0.05,0.1104,0.04625,4,高峰
4/22/2020 14:00,2702 ,0.8482,0.027,0.05,0.1104,0.04625,4,平时
4/22/2020 15:00,2703 ,0.8482,0.027,0.05,0.1104,0.04625,4,平时
4/22/2020 16:00,2704 ,0.8482,0.027,0.05,0.1104,0.04625,4,平时
4/22/2020 17:00,2705 ,0.8482,0.027,0.05,0.1104,0.04625,4,平时
4/22/2020 18:00,2706 ,1.07427,0.027,0.05,0.1104,0.04625,4,高峰
4/22/2020 19:00,2707 ,1.07427,0.027,0.05,0.1104,0.04625,4,高峰
4/22/2020 20:00,2708 ,1.07427,0.027,0.05,0.1104,0.04625,4,高峰
4/22/2020 21:00,2709 ,1.07427,0.027,0.05,0.1104,0.04625,4,高峰
4/22/2020 22:00,2710 ,1.07427,0.027,0.05,0.1104,0.04625,4,高峰
4/22/2020 23:00,2711 ,0.30325,0.027,0.05,0.1104,0.04625,4,低谷
4/23/2020 0:00,2712 ,0.30325,0.027,0.05,0.1104,0.04625,4,低谷
4/23/2020 1:00,2713 ,0.30325,0.027,0.05,0.1104,0.04625,4,低谷
4/23/2020 2:00,2714 ,0.30325,0.027,0.05,0.1104,0.04625,4,低谷
4/23/2020 3:00,2715 ,0.30325,0.027,0.05,0.1104,0.04625,4,低谷
4/23/2020 4:00,2716 ,0.30325,0.027,0.05,0.1104,0.04625,4,低谷
4/23/2020 5:00,2717 ,0.30325,0.027,0.05,0.1104,0.04625,4,低谷
4/23/2020 6:00,2718 ,0.30325,0.027,0.05,0.1104,0.04625,4,低谷
4/23/2020 7:00,2719 ,0.8482,0.027,0.05,0.1104,0.04625,4,平时
4/23/2020 8:00,2720 ,0.8482,0.027,0.05,0.1104,0.04625,4,平时
4/23/2020 9:00,2721 ,0.8482,0.027,0.05,0.1104,0.04625,4,平时
4/23/2020 10:00,2722 ,0.8482,0.027,0.05,0.1104,0.04625,4,平时
4/23/2020 11:00,2723 ,1.07427,0.027,0.05,0.1104,0.04625,4,高峰
4/23/2020 12:00,2724 ,1.07427,0.027,0.05,0.1104,0.04625,4,高峰
4/23/2020 13:00,2725 ,1.07427,0.027,0.05,0.1104,0.04625,4,高峰
4/23/2020 14:00,2726 ,0.8482,0.027,0.05,0.1104,0.04625,4,平时
4/23/2020 15:00,2727 ,0.8482,0.027,0.05,0.1104,0.04625,4,平时
4/23/2020 16:00,2728 ,0.8482,0.027,0.05,0.1104,0.04625,4,平时
4/23/2020 17:00,2729 ,0.8482,0.027,0.05,0.1104,0.04625,4,平时
4/23/2020 18:00,2730 ,1.07427,0.027,0.05,0.1104,0.04625,4,高峰
4/23/2020 19:00,2731 ,1.07427,0.027,0.05,0.1104,0.04625,4,高峰
4/23/2020 20:00,2732 ,1.07427,0.027,0.05,0.1104,0.04625,4,高峰
4/23/2020 21:00,2733 ,1.07427,0.027,0.05,0.1104,0.04625,4,高峰
4/23/2020 22:00,2734 ,1.07427,0.027,0.05,0.1104,0.04625,4,高峰
4/23/2020 23:00,2735 ,0.30325,0.027,0.05,0.1104,0.04625,4,低谷
4/24/2020 0:00,2736 ,0.30325,0.027,0.05,0.1104,0.04625,4,低谷
4/24/2020 1:00,2737 ,0.30325,0.027,0.05,0.1104,0.04625,4,低谷
4/24/2020 2:00,2738 ,0.30325,0.027,0.05,0.1104,0.04625,4,低谷
4/24/2020 3:00,2739 ,0.30325,0.027,0.05,0.1104,0.04625,4,低谷
4/24/2020 4:00,2740 ,0.30325,0.027,0.05,0.1104,0.04625,4,低谷
4/24/2020 5:00,2741 ,0.30325,0.027,0.05,0.1104,0.04625,4,低谷
4/24/2020 6:00,2742 ,0.30325,0.027,0.05,0.1104,0.04625,4,低谷
4/24/2020 7:00,2743 ,0.8482,0.027,0.05,0.1104,0.04625,4,平时
4/24/2020 8:00,2744 ,0.8482,0.027,0.05,0.1104,0.04625,4,平时
4/24/2020 9:00,2745 ,0.8482,0.027,0.05,0.1104,0.04625,4,平时
4/24/2020 10:00,2746 ,0.8482,0.027,0.05,0.1104,0.04625,4,平时
4/24/2020 11:00,2747 ,1.07427,0.027,0.05,0.1104,0.04625,4,高峰
4/24/2020 12:00,2748 ,1.07427,0.027,0.05,0.1104,0.04625,4,高峰
4/24/2020 13:00,2749 ,1.07427,0.027,0.05,0.1104,0.04625,4,高峰
4/24/2020 14:00,2750 ,0.8482,0.027,0.05,0.1104,0.04625,4,平时
4/24/2020 15:00,2751 ,0.8482,0.027,0.05,0.1104,0.04625,4,平时
4/24/2020 16:00,2752 ,0.8482,0.027,0.05,0.1104,0.04625,4,平时
4/24/2020 17:00,2753 ,0.8482,0.027,0.05,0.1104,0.04625,4,平时
4/24/2020 18:00,2754 ,1.07427,0.027,0.05,0.1104,0.04625,4,高峰
4/24/2020 19:00,2755 ,1.07427,0.027,0.05,0.1104,0.04625,4,高峰
4/24/2020 20:00,2756 ,1.07427,0.027,0.05,0.1104,0.04625,4,高峰
4/24/2020 21:00,2757 ,1.07427,0.027,0.05,0.1104,0.04625,4,高峰
4/24/2020 22:00,2758 ,1.07427,0.027,0.05,0.1104,0.04625,4,高峰
4/24/2020 23:00,2759 ,0.30325,0.027,0.05,0.1104,0.04625,4,低谷
4/25/2020 0:00,2760 ,0.30325,0.027,0.05,0.1104,0.04625,4,低谷
4/25/2020 1:00,2761 ,0.30325,0.027,0.05,0.1104,0.04625,4,低谷
4/25/2020 2:00,2762 ,0.30325,0.027,0.05,0.1104,0.04625,4,低谷
4/25/2020 3:00,2763 ,0.30325,0.027,0.05,0.1104,0.04625,4,低谷
4/25/2020 4:00,2764 ,0.30325,0.027,0.05,0.1104,0.04625,4,低谷
4/25/2020 5:00,2765 ,0.30325,0.027,0.05,0.1104,0.04625,4,低谷
4/25/2020 6:00,2766 ,0.30325,0.027,0.05,0.1104,0.04625,4,低谷
4/25/2020 7:00,2767 ,0.8482,0.027,0.05,0.1104,0.04625,4,平时
4/25/2020 8:00,2768 ,0.8482,0.027,0.05,0.1104,0.04625,4,平时
4/25/2020 9:00,2769 ,0.8482,0.027,0.05,0.1104,0.04625,4,平时
4/25/2020 10:00,2770 ,0.8482,0.027,0.05,0.1104,0.04625,4,平时
4/25/2020 11:00,2771 ,1.07427,0.027,0.05,0.1104,0.04625,4,高峰
4/25/2020 12:00,2772 ,1.07427,0.027,0.05,0.1104,0.04625,4,高峰
4/25/2020 13:00,2773 ,1.07427,0.027,0.05,0.1104,0.04625,4,高峰
4/25/2020 14:00,2774 ,0.8482,0.027,0.05,0.1104,0.04625,4,平时
4/25/2020 15:00,2775 ,0.8482,0.027,0.05,0.1104,0.04625,4,平时
4/25/2020 16:00,2776 ,0.8482,0.027,0.05,0.1104,0.04625,4,平时
4/25/2020 17:00,2777 ,0.8482,0.027,0.05,0.1104,0.04625,4,平时
4/25/2020 18:00,2778 ,1.07427,0.027,0.05,0.1104,0.04625,4,高峰
4/25/2020 19:00,2779 ,1.07427,0.027,0.05,0.1104,0.04625,4,高峰
4/25/2020 20:00,2780 ,1.07427,0.027,0.05,0.1104,0.04625,4,高峰
4/25/2020 21:00,2781 ,1.07427,0.027,0.05,0.1104,0.04625,4,高峰
4/25/2020 22:00,2782 ,1.07427,0.027,0.05,0.1104,0.04625,4,高峰
4/25/2020 23:00,2783 ,0.30325,0.027,0.05,0.1104,0.04625,4,低谷
4/26/2020 0:00,2784 ,0.30325,0.027,0.05,0.1104,0.04625,4,低谷
4/26/2020 1:00,2785 ,0.30325,0.027,0.05,0.1104,0.04625,4,低谷
4/26/2020 2:00,2786 ,0.30325,0.027,0.05,0.1104,0.04625,4,低谷
4/26/2020 3:00,2787 ,0.30325,0.027,0.05,0.1104,0.04625,4,低谷
4/26/2020 4:00,2788 ,0.30325,0.027,0.05,0.1104,0.04625,4,低谷
4/26/2020 5:00,2789 ,0.30325,0.027,0.05,0.1104,0.04625,4,低谷
4/26/2020 6:00,2790 ,0.30325,0.027,0.05,0.1104,0.04625,4,低谷
4/26/2020 7:00,2791 ,0.8482,0.027,0.05,0.1104,0.04625,4,平时
4/26/2020 8:00,2792 ,0.8482,0.027,0.05,0.1104,0.04625,4,平时
4/26/2020 9:00,2793 ,0.8482,0.027,0.05,0.1104,0.04625,4,平时
4/26/2020 10:00,2794 ,0.8482,0.027,0.05,0.1104,0.04625,4,平时
4/26/2020 11:00,2795 ,1.07427,0.027,0.05,0.1104,0.04625,4,高峰
4/26/2020 12:00,2796 ,1.07427,0.027,0.05,0.1104,0.04625,4,高峰
4/26/2020 13:00,2797 ,1.07427,0.027,0.05,0.1104,0.04625,4,高峰
4/26/2020 14:00,2798 ,0.8482,0.027,0.05,0.1104,0.04625,4,平时
4/26/2020 15:00,2799 ,0.8482,0.027,0.05,0.1104,0.04625,4,平时
4/26/2020 16:00,2800 ,0.8482,0.027,0.05,0.1104,0.04625,4,平时
4/26/2020 17:00,2801 ,0.8482,0.027,0.05,0.1104,0.04625,4,平时
4/26/2020 18:00,2802 ,1.07427,0.027,0.05,0.1104,0.04625,4,高峰
4/26/2020 19:00,2803 ,1.07427,0.027,0.05,0.1104,0.04625,4,高峰
4/26/2020 20:00,2804 ,1.07427,0.027,0.05,0.1104,0.04625,4,高峰
4/26/2020 21:00,2805 ,1.07427,0.027,0.05,0.1104,0.04625,4,高峰
4/26/2020 22:00,2806 ,1.07427,0.027,0.05,0.1104,0.04625,4,高峰
4/26/2020 23:00,2807 ,0.30325,0.027,0.05,0.1104,0.04625,4,低谷
4/27/2020 0:00,2808 ,0.30325,0.027,0.05,0.1104,0.04625,4,低谷
4/27/2020 1:00,2809 ,0.30325,0.027,0.05,0.1104,0.04625,4,低谷
4/27/2020 2:00,2810 ,0.30325,0.027,0.05,0.1104,0.04625,4,低谷
4/27/2020 3:00,2811 ,0.30325,0.027,0.05,0.1104,0.04625,4,低谷
4/27/2020 4:00,2812 ,0.30325,0.027,0.05,0.1104,0.04625,4,低谷
4/27/2020 5:00,2813 ,0.30325,0.027,0.05,0.1104,0.04625,4,低谷
4/27/2020 6:00,2814 ,0.30325,0.027,0.05,0.1104,0.04625,4,低谷
4/27/2020 7:00,2815 ,0.8482,0.027,0.05,0.1104,0.04625,4,平时
4/27/2020 8:00,2816 ,0.8482,0.027,0.05,0.1104,0.04625,4,平时
4/27/2020 9:00,2817 ,0.8482,0.027,0.05,0.1104,0.04625,4,平时
4/27/2020 10:00,2818 ,0.8482,0.027,0.05,0.1104,0.04625,4,平时
4/27/2020 11:00,2819 ,1.07427,0.027,0.05,0.1104,0.04625,4,高峰
4/27/2020 12:00,2820 ,1.07427,0.027,0.05,0.1104,0.04625,4,高峰
4/27/2020 13:00,2821 ,1.07427,0.027,0.05,0.1104,0.04625,4,高峰
4/27/2020 14:00,2822 ,0.8482,0.027,0.05,0.1104,0.04625,4,平时
4/27/2020 15:00,2823 ,0.8482,0.027,0.05,0.1104,0.04625,4,平时
4/27/2020 16:00,2824 ,0.8482,0.027,0.05,0.1104,0.04625,4,平时
4/27/2020 17:00,2825 ,0.8482,0.027,0.05,0.1104,0.04625,4,平时
4/27/2020 18:00,2826 ,1.07427,0.027,0.05,0.1104,0.04625,4,高峰
4/27/2020 19:00,2827 ,1.07427,0.027,0.05,0.1104,0.04625,4,高峰
4/27/2020 20:00,2828 ,1.07427,0.027,0.05,0.1104,0.04625,4,高峰
4/27/2020 21:00,2829 ,1.07427,0.027,0.05,0.1104,0.04625,4,高峰
4/27/2020 22:00,2830 ,1.07427,0.027,0.05,0.1104,0.04625,4,高峰
4/27/2020 23:00,2831 ,0.30325,0.027,0.05,0.1104,0.04625,4,低谷
4/28/2020 0:00,2832 ,0.30325,0.027,0.05,0.1104,0.04625,4,低谷
4/28/2020 1:00,2833 ,0.30325,0.027,0.05,0.1104,0.04625,4,低谷
4/28/2020 2:00,2834 ,0.30325,0.027,0.05,0.1104,0.04625,4,低谷
4/28/2020 3:00,2835 ,0.30325,0.027,0.05,0.1104,0.04625,4,低谷
4/28/2020 4:00,2836 ,0.30325,0.027,0.05,0.1104,0.04625,4,低谷
4/28/2020 5:00,2837 ,0.30325,0.027,0.05,0.1104,0.04625,4,低谷
4/28/2020 6:00,2838 ,0.30325,0.027,0.05,0.1104,0.04625,4,低谷
4/28/2020 7:00,2839 ,0.8482,0.027,0.05,0.1104,0.04625,4,平时
4/28/2020 8:00,2840 ,0.8482,0.027,0.05,0.1104,0.04625,4,平时
4/28/2020 9:00,2841 ,0.8482,0.027,0.05,0.1104,0.04625,4,平时
4/28/2020 10:00,2842 ,0.8482,0.027,0.05,0.1104,0.04625,4,平时
4/28/2020 11:00,2843 ,1.07427,0.027,0.05,0.1104,0.04625,4,高峰
4/28/2020 12:00,2844 ,1.07427,0.027,0.05,0.1104,0.04625,4,高峰
4/28/2020 13:00,2845 ,1.07427,0.027,0.05,0.1104,0.04625,4,高峰
4/28/2020 14:00,2846 ,0.8482,0.027,0.05,0.1104,0.04625,4,平时
4/28/2020 15:00,2847 ,0.8482,0.027,0.05,0.1104,0.04625,4,平时
4/28/2020 16:00,2848 ,0.8482,0.027,0.05,0.1104,0.04625,4,平时
4/28/2020 17:00,2849 ,0.8482,0.027,0.05,0.1104,0.04625,4,平时
4/28/2020 18:00,2850 ,1.07427,0.027,0.05,0.1104,0.04625,4,高峰
4/28/2020 19:00,2851 ,1.07427,0.027,0.05,0.1104,0.04625,4,高峰
4/28/2020 20:00,2852 ,1.07427,0.027,0.05,0.1104,0.04625,4,高峰
4/28/2020 21:00,2853 ,1.07427,0.027,0.05,0.1104,0.04625,4,高峰
4/28/2020 22:00,2854 ,1.07427,0.027,0.05,0.1104,0.04625,4,高峰
4/28/2020 23:00,2855 ,0.30325,0.027,0.05,0.1104,0.04625,4,低谷
4/29/2020 0:00,2856 ,0.30325,0.027,0.05,0.1104,0.04625,4,低谷
4/29/2020 1:00,2857 ,0.30325,0.027,0.05,0.1104,0.04625,4,低谷
4/29/2020 2:00,2858 ,0.30325,0.027,0.05,0.1104,0.04625,4,低谷
4/29/2020 3:00,2859 ,0.30325,0.027,0.05,0.1104,0.04625,4,低谷
4/29/2020 4:00,2860 ,0.30325,0.027,0.05,0.1104,0.04625,4,低谷
4/29/2020 5:00,2861 ,0.30325,0.027,0.05,0.1104,0.04625,4,低谷
4/29/2020 6:00,2862 ,0.30325,0.027,0.05,0.1104,0.04625,4,低谷
4/29/2020 7:00,2863 ,0.8482,0.027,0.05,0.1104,0.04625,4,平时
4/29/2020 8:00,2864 ,0.8482,0.027,0.05,0.1104,0.04625,4,平时
4/29/2020 9:00,2865 ,0.8482,0.027,0.05,0.1104,0.04625,4,平时
4/29/2020 10:00,2866 ,0.8482,0.027,0.05,0.1104,0.04625,4,平时
4/29/2020 11:00,2867 ,1.07427,0.027,0.05,0.1104,0.04625,4,高峰
4/29/2020 12:00,2868 ,1.07427,0.027,0.05,0.1104,0.04625,4,高峰
4/29/2020 13:00,2869 ,1.07427,0.027,0.05,0.1104,0.04625,4,高峰
4/29/2020 14:00,2870 ,0.8482,0.027,0.05,0.1104,0.04625,4,平时
4/29/2020 15:00,2871 ,0.8482,0.027,0.05,0.1104,0.04625,4,平时
4/29/2020 16:00,2872 ,0.8482,0.027,0.05,0.1104,0.04625,4,平时
4/29/2020 17:00,2873 ,0.8482,0.027,0.05,0.1104,0.04625,4,平时
4/29/2020 18:00,2874 ,1.07427,0.027,0.05,0.1104,0.04625,4,高峰
4/29/2020 19:00,2875 ,1.07427,0.027,0.05,0.1104,0.04625,4,高峰
4/29/2020 20:00,2876 ,1.07427,0.027,0.05,0.1104,0.04625,4,高峰
4/29/2020 21:00,2877 ,1.07427,0.027,0.05,0.1104,0.04625,4,高峰
4/29/2020 22:00,2878 ,1.07427,0.027,0.05,0.1104,0.04625,4,高峰
4/29/2020 23:00,2879 ,0.30325,0.027,0.05,0.1104,0.04625,4,低谷
4/30/2020 0:00,2880 ,0.30325,0.027,0.05,0.1104,0.04625,4,低谷
4/30/2020 1:00,2881 ,0.30325,0.027,0.05,0.1104,0.04625,4,低谷
4/30/2020 2:00,2882 ,0.30325,0.027,0.05,0.1104,0.04625,4,低谷
4/30/2020 3:00,2883 ,0.30325,0.027,0.05,0.1104,0.04625,4,低谷
4/30/2020 4:00,2884 ,0.30325,0.027,0.05,0.1104,0.04625,4,低谷
4/30/2020 5:00,2885 ,0.30325,0.027,0.05,0.1104,0.04625,4,低谷
4/30/2020 6:00,2886 ,0.30325,0.027,0.05,0.1104,0.04625,4,低谷
4/30/2020 7:00,2887 ,0.8482,0.027,0.05,0.1104,0.04625,4,平时
4/30/2020 8:00,2888 ,0.8482,0.027,0.05,0.1104,0.04625,4,平时
4/30/2020 9:00,2889 ,0.8482,0.027,0.05,0.1104,0.04625,4,平时
4/30/2020 10:00,2890 ,0.8482,0.027,0.05,0.1104,0.04625,4,平时
4/30/2020 11:00,2891 ,1.07427,0.027,0.05,0.1104,0.04625,4,高峰
4/30/2020 12:00,2892 ,1.07427,0.027,0.05,0.1104,0.04625,4,高峰
4/30/2020 13:00,2893 ,1.07427,0.027,0.05,0.1104,0.04625,4,高峰
4/30/2020 14:00,2894 ,0.8482,0.027,0.05,0.1104,0.04625,4,平时
4/30/2020 15:00,2895 ,0.8482,0.027,0.05,0.1104,0.04625,4,平时
4/30/2020 16:00,2896 ,0.8482,0.027,0.05,0.1104,0.04625,4,平时
4/30/2020 17:00,2897 ,0.8482,0.027,0.05,0.1104,0.04625,4,平时
4/30/2020 18:00,2898 ,1.07427,0.027,0.05,0.1104,0.04625,4,高峰
4/30/2020 19:00,2899 ,1.07427,0.027,0.05,0.1104,0.04625,4,高峰
4/30/2020 20:00,2900 ,1.07427,0.027,0.05,0.1104,0.04625,4,高峰
4/30/2020 21:00,2901 ,1.07427,0.027,0.05,0.1104,0.04625,4,高峰
4/30/2020 22:00,2902 ,1.07427,0.027,0.05,0.1104,0.04625,4,高峰
4/30/2020 23:00,2903 ,0.30325,0.027,0.05,0.1104,0.04625,4,低谷
5/1/2020 0:00,2904 ,0.29589,0.027,0.05,0.1104,0.04625,5,低谷
5/1/2020 1:00,2905 ,0.29589,0.027,0.05,0.1104,0.04625,5,低谷
5/1/2020 2:00,2906 ,0.29589,0.027,0.05,0.1104,0.04625,5,低谷
5/1/2020 3:00,2907 ,0.29589,0.027,0.05,0.1104,0.04625,5,低谷
5/1/2020 4:00,2908 ,0.29589,0.027,0.05,0.1104,0.04625,5,低谷
5/1/2020 5:00,2909 ,0.29589,0.027,0.05,0.1104,0.04625,5,低谷
5/1/2020 6:00,2910 ,0.29589,0.027,0.05,0.1104,0.04625,5,低谷
5/1/2020 7:00,2911 ,0.8286,0.027,0.05,0.1104,0.04625,5,平时
5/1/2020 8:00,2912 ,0.8286,0.027,0.05,0.1104,0.04625,5,平时
5/1/2020 9:00,2913 ,0.8286,0.027,0.05,0.1104,0.04625,5,平时
5/1/2020 10:00,2914 ,0.8286,0.027,0.05,0.1104,0.04625,5,平时
5/1/2020 11:00,2915 ,1.04253,0.027,0.05,0.1104,0.04625,5,高峰
5/1/2020 12:00,2916 ,1.04253,0.027,0.05,0.1104,0.04625,5,高峰
5/1/2020 13:00,2917 ,1.04253,0.027,0.05,0.1104,0.04625,5,高峰
5/1/2020 14:00,2918 ,0.8286,0.027,0.05,0.1104,0.04625,5,平时
5/1/2020 15:00,2919 ,0.8286,0.027,0.05,0.1104,0.04625,5,平时
5/1/2020 16:00,2920 ,0.8286,0.027,0.05,0.1104,0.04625,5,平时
5/1/2020 17:00,2921 ,0.8286,0.027,0.05,0.1104,0.04625,5,平时
5/1/2020 18:00,2922 ,1.04253,0.027,0.05,0.1104,0.04625,5,高峰
5/1/2020 19:00,2923 ,1.04253,0.027,0.05,0.1104,0.04625,5,高峰
5/1/2020 20:00,2924 ,1.04253,0.027,0.05,0.1104,0.04625,5,高峰
5/1/2020 21:00,2925 ,1.04253,0.027,0.05,0.1104,0.04625,5,高峰
5/1/2020 22:00,2926 ,1.04253,0.027,0.05,0.1104,0.04625,5,高峰
5/1/2020 23:00,2927 ,0.29589,0.027,0.05,0.1104,0.04625,5,低谷
5/2/2020 0:00,2928 ,0.29589,0.027,0.05,0.1104,0.04625,5,低谷
5/2/2020 1:00,2929 ,0.29589,0.027,0.05,0.1104,0.04625,5,低谷
5/2/2020 2:00,2930 ,0.29589,0.027,0.05,0.1104,0.04625,5,低谷
5/2/2020 3:00,2931 ,0.29589,0.027,0.05,0.1104,0.04625,5,低谷
5/2/2020 4:00,2932 ,0.29589,0.027,0.05,0.1104,0.04625,5,低谷
5/2/2020 5:00,2933 ,0.29589,0.027,0.05,0.1104,0.04625,5,低谷
5/2/2020 6:00,2934 ,0.29589,0.027,0.05,0.1104,0.04625,5,低谷
5/2/2020 7:00,2935 ,0.8286,0.027,0.05,0.1104,0.04625,5,平时
5/2/2020 8:00,2936 ,0.8286,0.027,0.05,0.1104,0.04625,5,平时
5/2/2020 9:00,2937 ,0.8286,0.027,0.05,0.1104,0.04625,5,平时
5/2/2020 10:00,2938 ,0.8286,0.027,0.05,0.1104,0.04625,5,平时
5/2/2020 11:00,2939 ,1.04253,0.027,0.05,0.1104,0.04625,5,高峰
5/2/2020 12:00,2940 ,1.04253,0.027,0.05,0.1104,0.04625,5,高峰
5/2/2020 13:00,2941 ,1.04253,0.027,0.05,0.1104,0.04625,5,高峰
5/2/2020 14:00,2942 ,0.8286,0.027,0.05,0.1104,0.04625,5,平时
5/2/2020 15:00,2943 ,0.8286,0.027,0.05,0.1104,0.04625,5,平时
5/2/2020 16:00,2944 ,0.8286,0.027,0.05,0.1104,0.04625,5,平时
5/2/2020 17:00,2945 ,0.8286,0.027,0.05,0.1104,0.04625,5,平时
5/2/2020 18:00,2946 ,1.04253,0.027,0.05,0.1104,0.04625,5,高峰
5/2/2020 19:00,2947 ,1.04253,0.027,0.05,0.1104,0.04625,5,高峰
5/2/2020 20:00,2948 ,1.04253,0.027,0.05,0.1104,0.04625,5,高峰
5/2/2020 21:00,2949 ,1.04253,0.027,0.05,0.1104,0.04625,5,高峰
5/2/2020 22:00,2950 ,1.04253,0.027,0.05,0.1104,0.04625,5,高峰
5/2/2020 23:00,2951 ,0.29589,0.027,0.05,0.1104,0.04625,5,低谷
5/3/2020 0:00,2952 ,0.29589,0.027,0.05,0.1104,0.04625,5,低谷
5/3/2020 1:00,2953 ,0.29589,0.027,0.05,0.1104,0.04625,5,低谷
5/3/2020 2:00,2954 ,0.29589,0.027,0.05,0.1104,0.04625,5,低谷
5/3/2020 3:00,2955 ,0.29589,0.027,0.05,0.1104,0.04625,5,低谷
5/3/2020 4:00,2956 ,0.29589,0.027,0.05,0.1104,0.04625,5,低谷
5/3/2020 5:00,2957 ,0.29589,0.027,0.05,0.1104,0.04625,5,低谷
5/3/2020 6:00,2958 ,0.29589,0.027,0.05,0.1104,0.04625,5,低谷
5/3/2020 7:00,2959 ,0.8286,0.027,0.05,0.1104,0.04625,5,平时
5/3/2020 8:00,2960 ,0.8286,0.027,0.05,0.1104,0.04625,5,平时
5/3/2020 9:00,2961 ,0.8286,0.027,0.05,0.1104,0.04625,5,平时
5/3/2020 10:00,2962 ,0.8286,0.027,0.05,0.1104,0.04625,5,平时
5/3/2020 11:00,2963 ,1.04253,0.027,0.05,0.1104,0.04625,5,高峰
5/3/2020 12:00,2964 ,1.04253,0.027,0.05,0.1104,0.04625,5,高峰
5/3/2020 13:00,2965 ,1.04253,0.027,0.05,0.1104,0.04625,5,高峰
5/3/2020 14:00,2966 ,0.8286,0.027,0.05,0.1104,0.04625,5,平时
5/3/2020 15:00,2967 ,0.8286,0.027,0.05,0.1104,0.04625,5,平时
5/3/2020 16:00,2968 ,0.8286,0.027,0.05,0.1104,0.04625,5,平时
5/3/2020 17:00,2969 ,0.8286,0.027,0.05,0.1104,0.04625,5,平时
5/3/2020 18:00,2970 ,1.04253,0.027,0.05,0.1104,0.04625,5,高峰
5/3/2020 19:00,2971 ,1.04253,0.027,0.05,0.1104,0.04625,5,高峰
5/3/2020 20:00,2972 ,1.04253,0.027,0.05,0.1104,0.04625,5,高峰
5/3/2020 21:00,2973 ,1.04253,0.027,0.05,0.1104,0.04625,5,高峰
5/3/2020 22:00,2974 ,1.04253,0.027,0.05,0.1104,0.04625,5,高峰
5/3/2020 23:00,2975 ,0.29589,0.027,0.05,0.1104,0.04625,5,低谷
5/4/2020 0:00,2976 ,0.29589,0.027,0.05,0.1104,0.04625,5,低谷
5/4/2020 1:00,2977 ,0.29589,0.027,0.05,0.1104,0.04625,5,低谷
5/4/2020 2:00,2978 ,0.29589,0.027,0.05,0.1104,0.04625,5,低谷
5/4/2020 3:00,2979 ,0.29589,0.027,0.05,0.1104,0.04625,5,低谷
5/4/2020 4:00,2980 ,0.29589,0.027,0.05,0.1104,0.04625,5,低谷
5/4/2020 5:00,2981 ,0.29589,0.027,0.05,0.1104,0.04625,5,低谷
5/4/2020 6:00,2982 ,0.29589,0.027,0.05,0.1104,0.04625,5,低谷
5/4/2020 7:00,2983 ,0.8286,0.027,0.05,0.1104,0.04625,5,平时
5/4/2020 8:00,2984 ,0.8286,0.027,0.05,0.1104,0.04625,5,平时
5/4/2020 9:00,2985 ,0.8286,0.027,0.05,0.1104,0.04625,5,平时
5/4/2020 10:00,2986 ,0.8286,0.027,0.05,0.1104,0.04625,5,平时
5/4/2020 11:00,2987 ,1.04253,0.027,0.05,0.1104,0.04625,5,高峰
5/4/2020 12:00,2988 ,1.04253,0.027,0.05,0.1104,0.04625,5,高峰
5/4/2020 13:00,2989 ,1.04253,0.027,0.05,0.1104,0.04625,5,高峰
5/4/2020 14:00,2990 ,0.8286,0.027,0.05,0.1104,0.04625,5,平时
5/4/2020 15:00,2991 ,0.8286,0.027,0.05,0.1104,0.04625,5,平时
5/4/2020 16:00,2992 ,0.8286,0.027,0.05,0.1104,0.04625,5,平时
5/4/2020 17:00,2993 ,0.8286,0.027,0.05,0.1104,0.04625,5,平时
5/4/2020 18:00,2994 ,1.04253,0.027,0.05,0.1104,0.04625,5,高峰
5/4/2020 19:00,2995 ,1.04253,0.027,0.05,0.1104,0.04625,5,高峰
5/4/2020 20:00,2996 ,1.04253,0.027,0.05,0.1104,0.04625,5,高峰
5/4/2020 21:00,2997 ,1.04253,0.027,0.05,0.1104,0.04625,5,高峰
5/4/2020 22:00,2998 ,1.04253,0.027,0.05,0.1104,0.04625,5,高峰
5/4/2020 23:00,2999 ,0.29589,0.027,0.05,0.1104,0.04625,5,低谷
5/5/2020 0:00,3000 ,0.29589,0.027,0.05,0.1104,0.04625,5,低谷
5/5/2020 1:00,3001 ,0.29589,0.027,0.05,0.1104,0.04625,5,低谷
5/5/2020 2:00,3002 ,0.29589,0.027,0.05,0.1104,0.04625,5,低谷
5/5/2020 3:00,3003 ,0.29589,0.027,0.05,0.1104,0.04625,5,低谷
5/5/2020 4:00,3004 ,0.29589,0.027,0.05,0.1104,0.04625,5,低谷
5/5/2020 5:00,3005 ,0.29589,0.027,0.05,0.1104,0.04625,5,低谷
5/5/2020 6:00,3006 ,0.29589,0.027,0.05,0.1104,0.04625,5,低谷
5/5/2020 7:00,3007 ,0.8286,0.027,0.05,0.1104,0.04625,5,平时
5/5/2020 8:00,3008 ,0.8286,0.027,0.05,0.1104,0.04625,5,平时
5/5/2020 9:00,3009 ,0.8286,0.027,0.05,0.1104,0.04625,5,平时
5/5/2020 10:00,3010 ,0.8286,0.027,0.05,0.1104,0.04625,5,平时
5/5/2020 11:00,3011 ,1.04253,0.027,0.05,0.1104,0.04625,5,高峰
5/5/2020 12:00,3012 ,1.04253,0.027,0.05,0.1104,0.04625,5,高峰
5/5/2020 13:00,3013 ,1.04253,0.027,0.05,0.1104,0.04625,5,高峰
5/5/2020 14:00,3014 ,0.8286,0.027,0.05,0.1104,0.04625,5,平时
5/5/2020 15:00,3015 ,0.8286,0.027,0.05,0.1104,0.04625,5,平时
5/5/2020 16:00,3016 ,0.8286,0.027,0.05,0.1104,0.04625,5,平时
5/5/2020 17:00,3017 ,0.8286,0.027,0.05,0.1104,0.04625,5,平时
5/5/2020 18:00,3018 ,1.04253,0.027,0.05,0.1104,0.04625,5,高峰
5/5/2020 19:00,3019 ,1.04253,0.027,0.05,0.1104,0.04625,5,高峰
5/5/2020 20:00,3020 ,1.04253,0.027,0.05,0.1104,0.04625,5,高峰
5/5/2020 21:00,3021 ,1.04253,0.027,0.05,0.1104,0.04625,5,高峰
5/5/2020 22:00,3022 ,1.04253,0.027,0.05,0.1104,0.04625,5,高峰
5/5/2020 23:00,3023 ,0.29589,0.027,0.05,0.1104,0.04625,5,低谷
5/6/2020 0:00,3024 ,0.29589,0.027,0.05,0.1104,0.04625,5,低谷
5/6/2020 1:00,3025 ,0.29589,0.027,0.05,0.1104,0.04625,5,低谷
5/6/2020 2:00,3026 ,0.29589,0.027,0.05,0.1104,0.04625,5,低谷
5/6/2020 3:00,3027 ,0.29589,0.027,0.05,0.1104,0.04625,5,低谷
5/6/2020 4:00,3028 ,0.29589,0.027,0.05,0.1104,0.04625,5,低谷
5/6/2020 5:00,3029 ,0.29589,0.027,0.05,0.1104,0.04625,5,低谷
5/6/2020 6:00,3030 ,0.29589,0.027,0.05,0.1104,0.04625,5,低谷
5/6/2020 7:00,3031 ,0.8286,0.027,0.05,0.1104,0.04625,5,平时
5/6/2020 8:00,3032 ,0.8286,0.027,0.05,0.1104,0.04625,5,平时
5/6/2020 9:00,3033 ,0.8286,0.027,0.05,0.1104,0.04625,5,平时
5/6/2020 10:00,3034 ,0.8286,0.027,0.05,0.1104,0.04625,5,平时
5/6/2020 11:00,3035 ,1.04253,0.027,0.05,0.1104,0.04625,5,高峰
5/6/2020 12:00,3036 ,1.04253,0.027,0.05,0.1104,0.04625,5,高峰
5/6/2020 13:00,3037 ,1.04253,0.027,0.05,0.1104,0.04625,5,高峰
5/6/2020 14:00,3038 ,0.8286,0.027,0.05,0.1104,0.04625,5,平时
5/6/2020 15:00,3039 ,0.8286,0.027,0.05,0.1104,0.04625,5,平时
5/6/2020 16:00,3040 ,0.8286,0.027,0.05,0.1104,0.04625,5,平时
5/6/2020 17:00,3041 ,0.8286,0.027,0.05,0.1104,0.04625,5,平时
5/6/2020 18:00,3042 ,1.04253,0.027,0.05,0.1104,0.04625,5,高峰
5/6/2020 19:00,3043 ,1.04253,0.027,0.05,0.1104,0.04625,5,高峰
5/6/2020 20:00,3044 ,1.04253,0.027,0.05,0.1104,0.04625,5,高峰
5/6/2020 21:00,3045 ,1.04253,0.027,0.05,0.1104,0.04625,5,高峰
5/6/2020 22:00,3046 ,1.04253,0.027,0.05,0.1104,0.04625,5,高峰
5/6/2020 23:00,3047 ,0.29589,0.027,0.05,0.1104,0.04625,5,低谷
5/7/2020 0:00,3048 ,0.29589,0.027,0.05,0.1104,0.04625,5,低谷
5/7/2020 1:00,3049 ,0.29589,0.027,0.05,0.1104,0.04625,5,低谷
5/7/2020 2:00,3050 ,0.29589,0.027,0.05,0.1104,0.04625,5,低谷
5/7/2020 3:00,3051 ,0.29589,0.027,0.05,0.1104,0.04625,5,低谷
5/7/2020 4:00,3052 ,0.29589,0.027,0.05,0.1104,0.04625,5,低谷
5/7/2020 5:00,3053 ,0.29589,0.027,0.05,0.1104,0.04625,5,低谷
5/7/2020 6:00,3054 ,0.29589,0.027,0.05,0.1104,0.04625,5,低谷
5/7/2020 7:00,3055 ,0.8286,0.027,0.05,0.1104,0.04625,5,平时
5/7/2020 8:00,3056 ,0.8286,0.027,0.05,0.1104,0.04625,5,平时
5/7/2020 9:00,3057 ,0.8286,0.027,0.05,0.1104,0.04625,5,平时
5/7/2020 10:00,3058 ,0.8286,0.027,0.05,0.1104,0.04625,5,平时
5/7/2020 11:00,3059 ,1.04253,0.027,0.05,0.1104,0.04625,5,高峰
5/7/2020 12:00,3060 ,1.04253,0.027,0.05,0.1104,0.04625,5,高峰
5/7/2020 13:00,3061 ,1.04253,0.027,0.05,0.1104,0.04625,5,高峰
5/7/2020 14:00,3062 ,0.8286,0.027,0.05,0.1104,0.04625,5,平时
5/7/2020 15:00,3063 ,0.8286,0.027,0.05,0.1104,0.04625,5,平时
5/7/2020 16:00,3064 ,0.8286,0.027,0.05,0.1104,0.04625,5,平时
5/7/2020 17:00,3065 ,0.8286,0.027,0.05,0.1104,0.04625,5,平时
5/7/2020 18:00,3066 ,1.04253,0.027,0.05,0.1104,0.04625,5,高峰
5/7/2020 19:00,3067 ,1.04253,0.027,0.05,0.1104,0.04625,5,高峰
5/7/2020 20:00,3068 ,1.04253,0.027,0.05,0.1104,0.04625,5,高峰
5/7/2020 21:00,3069 ,1.04253,0.027,0.05,0.1104,0.04625,5,高峰
5/7/2020 22:00,3070 ,1.04253,0.027,0.05,0.1104,0.04625,5,高峰
5/7/2020 23:00,3071 ,0.29589,0.027,0.05,0.1104,0.04625,5,低谷
5/8/2020 0:00,3072 ,0.29589,0.027,0.05,0.1104,0.04625,5,低谷
5/8/2020 1:00,3073 ,0.29589,0.027,0.05,0.1104,0.04625,5,低谷
5/8/2020 2:00,3074 ,0.29589,0.027,0.05,0.1104,0.04625,5,低谷
5/8/2020 3:00,3075 ,0.29589,0.027,0.05,0.1104,0.04625,5,低谷
5/8/2020 4:00,3076 ,0.29589,0.027,0.05,0.1104,0.04625,5,低谷
5/8/2020 5:00,3077 ,0.29589,0.027,0.05,0.1104,0.04625,5,低谷
5/8/2020 6:00,3078 ,0.29589,0.027,0.05,0.1104,0.04625,5,低谷
5/8/2020 7:00,3079 ,0.8286,0.027,0.05,0.1104,0.04625,5,平时
5/8/2020 8:00,3080 ,0.8286,0.027,0.05,0.1104,0.04625,5,平时
5/8/2020 9:00,3081 ,0.8286,0.027,0.05,0.1104,0.04625,5,平时
5/8/2020 10:00,3082 ,0.8286,0.027,0.05,0.1104,0.04625,5,平时
5/8/2020 11:00,3083 ,1.04253,0.027,0.05,0.1104,0.04625,5,高峰
5/8/2020 12:00,3084 ,1.04253,0.027,0.05,0.1104,0.04625,5,高峰
5/8/2020 13:00,3085 ,1.04253,0.027,0.05,0.1104,0.04625,5,高峰
5/8/2020 14:00,3086 ,0.8286,0.027,0.05,0.1104,0.04625,5,平时
5/8/2020 15:00,3087 ,0.8286,0.027,0.05,0.1104,0.04625,5,平时
5/8/2020 16:00,3088 ,0.8286,0.027,0.05,0.1104,0.04625,5,平时
5/8/2020 17:00,3089 ,0.8286,0.027,0.05,0.1104,0.04625,5,平时
5/8/2020 18:00,3090 ,1.04253,0.027,0.05,0.1104,0.04625,5,高峰
5/8/2020 19:00,3091 ,1.04253,0.027,0.05,0.1104,0.04625,5,高峰
5/8/2020 20:00,3092 ,1.04253,0.027,0.05,0.1104,0.04625,5,高峰
5/8/2020 21:00,3093 ,1.04253,0.027,0.05,0.1104,0.04625,5,高峰
5/8/2020 22:00,3094 ,1.04253,0.027,0.05,0.1104,0.04625,5,高峰
5/8/2020 23:00,3095 ,0.29589,0.027,0.05,0.1104,0.04625,5,低谷
5/9/2020 0:00,3096 ,0.29589,0.027,0.05,0.1104,0.04625,5,低谷
5/9/2020 1:00,3097 ,0.29589,0.027,0.05,0.1104,0.04625,5,低谷
5/9/2020 2:00,3098 ,0.29589,0.027,0.05,0.1104,0.04625,5,低谷
5/9/2020 3:00,3099 ,0.29589,0.027,0.05,0.1104,0.04625,5,低谷
5/9/2020 4:00,3100 ,0.29589,0.027,0.05,0.1104,0.04625,5,低谷
5/9/2020 5:00,3101 ,0.29589,0.027,0.05,0.1104,0.04625,5,低谷
5/9/2020 6:00,3102 ,0.29589,0.027,0.05,0.1104,0.04625,5,低谷
5/9/2020 7:00,3103 ,0.8286,0.027,0.05,0.1104,0.04625,5,平时
5/9/2020 8:00,3104 ,0.8286,0.027,0.05,0.1104,0.04625,5,平时
5/9/2020 9:00,3105 ,0.8286,0.027,0.05,0.1104,0.04625,5,平时
5/9/2020 10:00,3106 ,0.8286,0.027,0.05,0.1104,0.04625,5,平时
5/9/2020 11:00,3107 ,1.04253,0.027,0.05,0.1104,0.04625,5,高峰
5/9/2020 12:00,3108 ,1.04253,0.027,0.05,0.1104,0.04625,5,高峰
5/9/2020 13:00,3109 ,1.04253,0.027,0.05,0.1104,0.04625,5,高峰
5/9/2020 14:00,3110 ,0.8286,0.027,0.05,0.1104,0.04625,5,平时
5/9/2020 15:00,3111 ,0.8286,0.027,0.05,0.1104,0.04625,5,平时
5/9/2020 16:00,3112 ,0.8286,0.027,0.05,0.1104,0.04625,5,平时
5/9/2020 17:00,3113 ,0.8286,0.027,0.05,0.1104,0.04625,5,平时
5/9/2020 18:00,3114 ,1.04253,0.027,0.05,0.1104,0.04625,5,高峰
5/9/2020 19:00,3115 ,1.04253,0.027,0.05,0.1104,0.04625,5,高峰
5/9/2020 20:00,3116 ,1.04253,0.027,0.05,0.1104,0.04625,5,高峰
5/9/2020 21:00,3117 ,1.04253,0.027,0.05,0.1104,0.04625,5,高峰
5/9/2020 22:00,3118 ,1.04253,0.027,0.05,0.1104,0.04625,5,高峰
5/9/2020 23:00,3119 ,0.29589,0.027,0.05,0.1104,0.04625,5,低谷
5/10/2020 0:00,3120 ,0.29589,0.027,0.05,0.1104,0.04625,5,低谷
5/10/2020 1:00,3121 ,0.29589,0.027,0.05,0.1104,0.04625,5,低谷
5/10/2020 2:00,3122 ,0.29589,0.027,0.05,0.1104,0.04625,5,低谷
5/10/2020 3:00,3123 ,0.29589,0.027,0.05,0.1104,0.04625,5,低谷
5/10/2020 4:00,3124 ,0.29589,0.027,0.05,0.1104,0.04625,5,低谷
5/10/2020 5:00,3125 ,0.29589,0.027,0.05,0.1104,0.04625,5,低谷
5/10/2020 6:00,3126 ,0.29589,0.027,0.05,0.1104,0.04625,5,低谷
5/10/2020 7:00,3127 ,0.8286,0.027,0.05,0.1104,0.04625,5,平时
5/10/2020 8:00,3128 ,0.8286,0.027,0.05,0.1104,0.04625,5,平时
5/10/2020 9:00,3129 ,0.8286,0.027,0.05,0.1104,0.04625,5,平时
5/10/2020 10:00,3130 ,0.8286,0.027,0.05,0.1104,0.04625,5,平时
5/10/2020 11:00,3131 ,1.04253,0.027,0.05,0.1104,0.04625,5,高峰
5/10/2020 12:00,3132 ,1.04253,0.027,0.05,0.1104,0.04625,5,高峰
5/10/2020 13:00,3133 ,1.04253,0.027,0.05,0.1104,0.04625,5,高峰
5/10/2020 14:00,3134 ,0.8286,0.027,0.05,0.1104,0.04625,5,平时
5/10/2020 15:00,3135 ,0.8286,0.027,0.05,0.1104,0.04625,5,平时
5/10/2020 16:00,3136 ,0.8286,0.027,0.05,0.1104,0.04625,5,平时
5/10/2020 17:00,3137 ,0.8286,0.027,0.05,0.1104,0.04625,5,平时
5/10/2020 18:00,3138 ,1.04253,0.027,0.05,0.1104,0.04625,5,高峰
5/10/2020 19:00,3139 ,1.04253,0.027,0.05,0.1104,0.04625,5,高峰
5/10/2020 20:00,3140 ,1.04253,0.027,0.05,0.1104,0.04625,5,高峰
5/10/2020 21:00,3141 ,1.04253,0.027,0.05,0.1104,0.04625,5,高峰
5/10/2020 22:00,3142 ,1.04253,0.027,0.05,0.1104,0.04625,5,高峰
5/10/2020 23:00,3143 ,0.29589,0.027,0.05,0.1104,0.04625,5,低谷
5/11/2020 0:00,3144 ,0.29589,0.027,0.05,0.1104,0.04625,5,低谷
5/11/2020 1:00,3145 ,0.29589,0.027,0.05,0.1104,0.04625,5,低谷
5/11/2020 2:00,3146 ,0.29589,0.027,0.05,0.1104,0.04625,5,低谷
5/11/2020 3:00,3147 ,0.29589,0.027,0.05,0.1104,0.04625,5,低谷
5/11/2020 4:00,3148 ,0.29589,0.027,0.05,0.1104,0.04625,5,低谷
5/11/2020 5:00,3149 ,0.29589,0.027,0.05,0.1104,0.04625,5,低谷
5/11/2020 6:00,3150 ,0.29589,0.027,0.05,0.1104,0.04625,5,低谷
5/11/2020 7:00,3151 ,0.8286,0.027,0.05,0.1104,0.04625,5,平时
5/11/2020 8:00,3152 ,0.8286,0.027,0.05,0.1104,0.04625,5,平时
5/11/2020 9:00,3153 ,0.8286,0.027,0.05,0.1104,0.04625,5,平时
5/11/2020 10:00,3154 ,0.8286,0.027,0.05,0.1104,0.04625,5,平时
5/11/2020 11:00,3155 ,1.04253,0.027,0.05,0.1104,0.04625,5,高峰
5/11/2020 12:00,3156 ,1.04253,0.027,0.05,0.1104,0.04625,5,高峰
5/11/2020 13:00,3157 ,1.04253,0.027,0.05,0.1104,0.04625,5,高峰
5/11/2020 14:00,3158 ,0.8286,0.027,0.05,0.1104,0.04625,5,平时
5/11/2020 15:00,3159 ,0.8286,0.027,0.05,0.1104,0.04625,5,平时
5/11/2020 16:00,3160 ,0.8286,0.027,0.05,0.1104,0.04625,5,平时
5/11/2020 17:00,3161 ,0.8286,0.027,0.05,0.1104,0.04625,5,平时
5/11/2020 18:00,3162 ,1.04253,0.027,0.05,0.1104,0.04625,5,高峰
5/11/2020 19:00,3163 ,1.04253,0.027,0.05,0.1104,0.04625,5,高峰
5/11/2020 20:00,3164 ,1.04253,0.027,0.05,0.1104,0.04625,5,高峰
5/11/2020 21:00,3165 ,1.04253,0.027,0.05,0.1104,0.04625,5,高峰
5/11/2020 22:00,3166 ,1.04253,0.027,0.05,0.1104,0.04625,5,高峰
5/11/2020 23:00,3167 ,0.29589,0.027,0.05,0.1104,0.04625,5,低谷
5/12/2020 0:00,3168 ,0.29589,0.027,0.05,0.1104,0.04625,5,低谷
5/12/2020 1:00,3169 ,0.29589,0.027,0.05,0.1104,0.04625,5,低谷
5/12/2020 2:00,3170 ,0.29589,0.027,0.05,0.1104,0.04625,5,低谷
5/12/2020 3:00,3171 ,0.29589,0.027,0.05,0.1104,0.04625,5,低谷
5/12/2020 4:00,3172 ,0.29589,0.027,0.05,0.1104,0.04625,5,低谷
5/12/2020 5:00,3173 ,0.29589,0.027,0.05,0.1104,0.04625,5,低谷
5/12/2020 6:00,3174 ,0.29589,0.027,0.05,0.1104,0.04625,5,低谷
5/12/2020 7:00,3175 ,0.8286,0.027,0.05,0.1104,0.04625,5,平时
5/12/2020 8:00,3176 ,0.8286,0.027,0.05,0.1104,0.04625,5,平时
5/12/2020 9:00,3177 ,0.8286,0.027,0.05,0.1104,0.04625,5,平时
5/12/2020 10:00,3178 ,0.8286,0.027,0.05,0.1104,0.04625,5,平时
5/12/2020 11:00,3179 ,1.04253,0.027,0.05,0.1104,0.04625,5,高峰
5/12/2020 12:00,3180 ,1.04253,0.027,0.05,0.1104,0.04625,5,高峰
5/12/2020 13:00,3181 ,1.04253,0.027,0.05,0.1104,0.04625,5,高峰
5/12/2020 14:00,3182 ,0.8286,0.027,0.05,0.1104,0.04625,5,平时
5/12/2020 15:00,3183 ,0.8286,0.027,0.05,0.1104,0.04625,5,平时
5/12/2020 16:00,3184 ,0.8286,0.027,0.05,0.1104,0.04625,5,平时
5/12/2020 17:00,3185 ,0.8286,0.027,0.05,0.1104,0.04625,5,平时
5/12/2020 18:00,3186 ,1.04253,0.027,0.05,0.1104,0.04625,5,高峰
5/12/2020 19:00,3187 ,1.04253,0.027,0.05,0.1104,0.04625,5,高峰
5/12/2020 20:00,3188 ,1.04253,0.027,0.05,0.1104,0.04625,5,高峰
5/12/2020 21:00,3189 ,1.04253,0.027,0.05,0.1104,0.04625,5,高峰
5/12/2020 22:00,3190 ,1.04253,0.027,0.05,0.1104,0.04625,5,高峰
5/12/2020 23:00,3191 ,0.29589,0.027,0.05,0.1104,0.04625,5,低谷
5/13/2020 0:00,3192 ,0.29589,0.027,0.05,0.1104,0.04625,5,低谷
5/13/2020 1:00,3193 ,0.29589,0.027,0.05,0.1104,0.04625,5,低谷
5/13/2020 2:00,3194 ,0.29589,0.027,0.05,0.1104,0.04625,5,低谷
5/13/2020 3:00,3195 ,0.29589,0.027,0.05,0.1104,0.04625,5,低谷
5/13/2020 4:00,3196 ,0.29589,0.027,0.05,0.1104,0.04625,5,低谷
5/13/2020 5:00,3197 ,0.29589,0.027,0.05,0.1104,0.04625,5,低谷
5/13/2020 6:00,3198 ,0.29589,0.027,0.05,0.1104,0.04625,5,低谷
5/13/2020 7:00,3199 ,0.8286,0.027,0.05,0.1104,0.04625,5,平时
5/13/2020 8:00,3200 ,0.8286,0.027,0.05,0.1104,0.04625,5,平时
5/13/2020 9:00,3201 ,0.8286,0.027,0.05,0.1104,0.04625,5,平时
5/13/2020 10:00,3202 ,0.8286,0.027,0.05,0.1104,0.04625,5,平时
5/13/2020 11:00,3203 ,1.04253,0.027,0.05,0.1104,0.04625,5,高峰
5/13/2020 12:00,3204 ,1.04253,0.027,0.05,0.1104,0.04625,5,高峰
5/13/2020 13:00,3205 ,1.04253,0.027,0.05,0.1104,0.04625,5,高峰
5/13/2020 14:00,3206 ,0.8286,0.027,0.05,0.1104,0.04625,5,平时
5/13/2020 15:00,3207 ,0.8286,0.027,0.05,0.1104,0.04625,5,平时
5/13/2020 16:00,3208 ,0.8286,0.027,0.05,0.1104,0.04625,5,平时
5/13/2020 17:00,3209 ,0.8286,0.027,0.05,0.1104,0.04625,5,平时
5/13/2020 18:00,3210 ,1.04253,0.027,0.05,0.1104,0.04625,5,高峰
5/13/2020 19:00,3211 ,1.04253,0.027,0.05,0.1104,0.04625,5,高峰
5/13/2020 20:00,3212 ,1.04253,0.027,0.05,0.1104,0.04625,5,高峰
5/13/2020 21:00,3213 ,1.04253,0.027,0.05,0.1104,0.04625,5,高峰
5/13/2020 22:00,3214 ,1.04253,0.027,0.05,0.1104,0.04625,5,高峰
5/13/2020 23:00,3215 ,0.29589,0.027,0.05,0.1104,0.04625,5,低谷
5/14/2020 0:00,3216 ,0.29589,0.027,0.05,0.1104,0.04625,5,低谷
5/14/2020 1:00,3217 ,0.29589,0.027,0.05,0.1104,0.04625,5,低谷
5/14/2020 2:00,3218 ,0.29589,0.027,0.05,0.1104,0.04625,5,低谷
5/14/2020 3:00,3219 ,0.29589,0.027,0.05,0.1104,0.04625,5,低谷
5/14/2020 4:00,3220 ,0.29589,0.027,0.05,0.1104,0.04625,5,低谷
5/14/2020 5:00,3221 ,0.29589,0.027,0.05,0.1104,0.04625,5,低谷
5/14/2020 6:00,3222 ,0.29589,0.027,0.05,0.1104,0.04625,5,低谷
5/14/2020 7:00,3223 ,0.8286,0.027,0.05,0.1104,0.04625,5,平时
5/14/2020 8:00,3224 ,0.8286,0.027,0.05,0.1104,0.04625,5,平时
5/14/2020 9:00,3225 ,0.8286,0.027,0.05,0.1104,0.04625,5,平时
5/14/2020 10:00,3226 ,0.8286,0.027,0.05,0.1104,0.04625,5,平时
5/14/2020 11:00,3227 ,1.04253,0.027,0.05,0.1104,0.04625,5,高峰
5/14/2020 12:00,3228 ,1.04253,0.027,0.05,0.1104,0.04625,5,高峰
5/14/2020 13:00,3229 ,1.04253,0.027,0.05,0.1104,0.04625,5,高峰
5/14/2020 14:00,3230 ,0.8286,0.027,0.05,0.1104,0.04625,5,平时
5/14/2020 15:00,3231 ,0.8286,0.027,0.05,0.1104,0.04625,5,平时
5/14/2020 16:00,3232 ,0.8286,0.027,0.05,0.1104,0.04625,5,平时
5/14/2020 17:00,3233 ,0.8286,0.027,0.05,0.1104,0.04625,5,平时
5/14/2020 18:00,3234 ,1.04253,0.027,0.05,0.1104,0.04625,5,高峰
5/14/2020 19:00,3235 ,1.04253,0.027,0.05,0.1104,0.04625,5,高峰
5/14/2020 20:00,3236 ,1.04253,0.027,0.05,0.1104,0.04625,5,高峰
5/14/2020 21:00,3237 ,1.04253,0.027,0.05,0.1104,0.04625,5,高峰
5/14/2020 22:00,3238 ,1.04253,0.027,0.05,0.1104,0.04625,5,高峰
5/14/2020 23:00,3239 ,0.29589,0.027,0.05,0.1104,0.04625,5,低谷
5/15/2020 0:00,3240 ,0.29589,0.027,0.05,0.1104,0.04625,5,低谷
5/15/2020 1:00,3241 ,0.29589,0.027,0.05,0.1104,0.04625,5,低谷
5/15/2020 2:00,3242 ,0.29589,0.027,0.05,0.1104,0.04625,5,低谷
5/15/2020 3:00,3243 ,0.29589,0.027,0.05,0.1104,0.04625,5,低谷
5/15/2020 4:00,3244 ,0.29589,0.027,0.05,0.1104,0.04625,5,低谷
5/15/2020 5:00,3245 ,0.29589,0.027,0.05,0.1104,0.04625,5,低谷
5/15/2020 6:00,3246 ,0.29589,0.027,0.05,0.1104,0.04625,5,低谷
5/15/2020 7:00,3247 ,0.8286,0.027,0.05,0.1104,0.04625,5,平时
5/15/2020 8:00,3248 ,0.8286,0.027,0.05,0.1104,0.04625,5,平时
5/15/2020 9:00,3249 ,0.8286,0.027,0.05,0.1104,0.04625,5,平时
5/15/2020 10:00,3250 ,0.8286,0.027,0.05,0.1104,0.04625,5,平时
5/15/2020 11:00,3251 ,1.04253,0.027,0.05,0.1104,0.04625,5,高峰
5/15/2020 12:00,3252 ,1.04253,0.027,0.05,0.1104,0.04625,5,高峰
5/15/2020 13:00,3253 ,1.04253,0.027,0.05,0.1104,0.04625,5,高峰
5/15/2020 14:00,3254 ,0.8286,0.027,0.05,0.1104,0.04625,5,平时
5/15/2020 15:00,3255 ,0.8286,0.027,0.05,0.1104,0.04625,5,平时
5/15/2020 16:00,3256 ,0.8286,0.027,0.05,0.1104,0.04625,5,平时
5/15/2020 17:00,3257 ,0.8286,0.027,0.05,0.1104,0.04625,5,平时
5/15/2020 18:00,3258 ,1.04253,0.027,0.05,0.1104,0.04625,5,高峰
5/15/2020 19:00,3259 ,1.04253,0.027,0.05,0.1104,0.04625,5,高峰
5/15/2020 20:00,3260 ,1.04253,0.027,0.05,0.1104,0.04625,5,高峰
5/15/2020 21:00,3261 ,1.04253,0.027,0.05,0.1104,0.04625,5,高峰
5/15/2020 22:00,3262 ,1.04253,0.027,0.05,0.1104,0.04625,5,高峰
5/15/2020 23:00,3263 ,0.29589,0.027,0.05,0.1104,0.04625,5,低谷
5/16/2020 0:00,3264 ,0.29589,0.027,0.05,0.1104,0.04625,5,低谷
5/16/2020 1:00,3265 ,0.29589,0.027,0.05,0.1104,0.04625,5,低谷
5/16/2020 2:00,3266 ,0.29589,0.027,0.05,0.1104,0.04625,5,低谷
5/16/2020 3:00,3267 ,0.29589,0.027,0.05,0.1104,0.04625,5,低谷
5/16/2020 4:00,3268 ,0.29589,0.027,0.05,0.1104,0.04625,5,低谷
5/16/2020 5:00,3269 ,0.29589,0.027,0.05,0.1104,0.04625,5,低谷
5/16/2020 6:00,3270 ,0.29589,0.027,0.05,0.1104,0.04625,5,低谷
5/16/2020 7:00,3271 ,0.8286,0.027,0.05,0.1104,0.04625,5,平时
5/16/2020 8:00,3272 ,0.8286,0.027,0.05,0.1104,0.04625,5,平时
5/16/2020 9:00,3273 ,0.8286,0.027,0.05,0.1104,0.04625,5,平时
5/16/2020 10:00,3274 ,0.8286,0.027,0.05,0.1104,0.04625,5,平时
5/16/2020 11:00,3275 ,1.04253,0.027,0.05,0.1104,0.04625,5,高峰
5/16/2020 12:00,3276 ,1.04253,0.027,0.05,0.1104,0.04625,5,高峰
5/16/2020 13:00,3277 ,1.04253,0.027,0.05,0.1104,0.04625,5,高峰
5/16/2020 14:00,3278 ,0.8286,0.027,0.05,0.1104,0.04625,5,平时
5/16/2020 15:00,3279 ,0.8286,0.027,0.05,0.1104,0.04625,5,平时
5/16/2020 16:00,3280 ,0.8286,0.027,0.05,0.1104,0.04625,5,平时
5/16/2020 17:00,3281 ,0.8286,0.027,0.05,0.1104,0.04625,5,平时
5/16/2020 18:00,3282 ,1.04253,0.027,0.05,0.1104,0.04625,5,高峰
5/16/2020 19:00,3283 ,1.04253,0.027,0.05,0.1104,0.04625,5,高峰
5/16/2020 20:00,3284 ,1.04253,0.027,0.05,0.1104,0.04625,5,高峰
5/16/2020 21:00,3285 ,1.04253,0.027,0.05,0.1104,0.04625,5,高峰
5/16/2020 22:00,3286 ,1.04253,0.027,0.05,0.1104,0.04625,5,高峰
5/16/2020 23:00,3287 ,0.29589,0.027,0.05,0.1104,0.04625,5,低谷
5/17/2020 0:00,3288 ,0.29589,0.027,0.05,0.1104,0.04625,5,低谷
5/17/2020 1:00,3289 ,0.29589,0.027,0.05,0.1104,0.04625,5,低谷
5/17/2020 2:00,3290 ,0.29589,0.027,0.05,0.1104,0.04625,5,低谷
5/17/2020 3:00,3291 ,0.29589,0.027,0.05,0.1104,0.04625,5,低谷
5/17/2020 4:00,3292 ,0.29589,0.027,0.05,0.1104,0.04625,5,低谷
5/17/2020 5:00,3293 ,0.29589,0.027,0.05,0.1104,0.04625,5,低谷
5/17/2020 6:00,3294 ,0.29589,0.027,0.05,0.1104,0.04625,5,低谷
5/17/2020 7:00,3295 ,0.8286,0.027,0.05,0.1104,0.04625,5,平时
5/17/2020 8:00,3296 ,0.8286,0.027,0.05,0.1104,0.04625,5,平时
5/17/2020 9:00,3297 ,0.8286,0.027,0.05,0.1104,0.04625,5,平时
5/17/2020 10:00,3298 ,0.8286,0.027,0.05,0.1104,0.04625,5,平时
5/17/2020 11:00,3299 ,1.04253,0.027,0.05,0.1104,0.04625,5,高峰
5/17/2020 12:00,3300 ,1.04253,0.027,0.05,0.1104,0.04625,5,高峰
5/17/2020 13:00,3301 ,1.04253,0.027,0.05,0.1104,0.04625,5,高峰
5/17/2020 14:00,3302 ,0.8286,0.027,0.05,0.1104,0.04625,5,平时
5/17/2020 15:00,3303 ,0.8286,0.027,0.05,0.1104,0.04625,5,平时
5/17/2020 16:00,3304 ,0.8286,0.027,0.05,0.1104,0.04625,5,平时
5/17/2020 17:00,3305 ,0.8286,0.027,0.05,0.1104,0.04625,5,平时
5/17/2020 18:00,3306 ,1.04253,0.027,0.05,0.1104,0.04625,5,高峰
5/17/2020 19:00,3307 ,1.04253,0.027,0.05,0.1104,0.04625,5,高峰
5/17/2020 20:00,3308 ,1.04253,0.027,0.05,0.1104,0.04625,5,高峰
5/17/2020 21:00,3309 ,1.04253,0.027,0.05,0.1104,0.04625,5,高峰
5/17/2020 22:00,3310 ,1.04253,0.027,0.05,0.1104,0.04625,5,高峰
5/17/2020 23:00,3311 ,0.29589,0.027,0.05,0.1104,0.04625,5,低谷
5/18/2020 0:00,3312 ,0.29589,0.027,0.05,0.1104,0.04625,5,低谷
5/18/2020 1:00,3313 ,0.29589,0.027,0.05,0.1104,0.04625,5,低谷
5/18/2020 2:00,3314 ,0.29589,0.027,0.05,0.1104,0.04625,5,低谷
5/18/2020 3:00,3315 ,0.29589,0.027,0.05,0.1104,0.04625,5,低谷
5/18/2020 4:00,3316 ,0.29589,0.027,0.05,0.1104,0.04625,5,低谷
5/18/2020 5:00,3317 ,0.29589,0.027,0.05,0.1104,0.04625,5,低谷
5/18/2020 6:00,3318 ,0.29589,0.027,0.05,0.1104,0.04625,5,低谷
5/18/2020 7:00,3319 ,0.8286,0.027,0.05,0.1104,0.04625,5,平时
5/18/2020 8:00,3320 ,0.8286,0.027,0.05,0.1104,0.04625,5,平时
5/18/2020 9:00,3321 ,0.8286,0.027,0.05,0.1104,0.04625,5,平时
5/18/2020 10:00,3322 ,0.8286,0.027,0.05,0.1104,0.04625,5,平时
5/18/2020 11:00,3323 ,1.04253,0.027,0.05,0.1104,0.04625,5,高峰
5/18/2020 12:00,3324 ,1.04253,0.027,0.05,0.1104,0.04625,5,高峰
5/18/2020 13:00,3325 ,1.04253,0.027,0.05,0.1104,0.04625,5,高峰
5/18/2020 14:00,3326 ,0.8286,0.027,0.05,0.1104,0.04625,5,平时
5/18/2020 15:00,3327 ,0.8286,0.027,0.05,0.1104,0.04625,5,平时
5/18/2020 16:00,3328 ,0.8286,0.027,0.05,0.1104,0.04625,5,平时
5/18/2020 17:00,3329 ,0.8286,0.027,0.05,0.1104,0.04625,5,平时
5/18/2020 18:00,3330 ,1.04253,0.027,0.05,0.1104,0.04625,5,高峰
5/18/2020 19:00,3331 ,1.04253,0.027,0.05,0.1104,0.04625,5,高峰
5/18/2020 20:00,3332 ,1.04253,0.027,0.05,0.1104,0.04625,5,高峰
5/18/2020 21:00,3333 ,1.04253,0.027,0.05,0.1104,0.04625,5,高峰
5/18/2020 22:00,3334 ,1.04253,0.027,0.05,0.1104,0.04625,5,高峰
5/18/2020 23:00,3335 ,0.29589,0.027,0.05,0.1104,0.04625,5,低谷
5/19/2020 0:00,3336 ,0.29589,0.027,0.05,0.1104,0.04625,5,低谷
5/19/2020 1:00,3337 ,0.29589,0.027,0.05,0.1104,0.04625,5,低谷
5/19/2020 2:00,3338 ,0.29589,0.027,0.05,0.1104,0.04625,5,低谷
5/19/2020 3:00,3339 ,0.29589,0.027,0.05,0.1104,0.04625,5,低谷
5/19/2020 4:00,3340 ,0.29589,0.027,0.05,0.1104,0.04625,5,低谷
5/19/2020 5:00,3341 ,0.29589,0.027,0.05,0.1104,0.04625,5,低谷
5/19/2020 6:00,3342 ,0.29589,0.027,0.05,0.1104,0.04625,5,低谷
5/19/2020 7:00,3343 ,0.8286,0.027,0.05,0.1104,0.04625,5,平时
5/19/2020 8:00,3344 ,0.8286,0.027,0.05,0.1104,0.04625,5,平时
5/19/2020 9:00,3345 ,0.8286,0.027,0.05,0.1104,0.04625,5,平时
5/19/2020 10:00,3346 ,0.8286,0.027,0.05,0.1104,0.04625,5,平时
5/19/2020 11:00,3347 ,1.04253,0.027,0.05,0.1104,0.04625,5,高峰
5/19/2020 12:00,3348 ,1.04253,0.027,0.05,0.1104,0.04625,5,高峰
5/19/2020 13:00,3349 ,1.04253,0.027,0.05,0.1104,0.04625,5,高峰
5/19/2020 14:00,3350 ,0.8286,0.027,0.05,0.1104,0.04625,5,平时
5/19/2020 15:00,3351 ,0.8286,0.027,0.05,0.1104,0.04625,5,平时
5/19/2020 16:00,3352 ,0.8286,0.027,0.05,0.1104,0.04625,5,平时
5/19/2020 17:00,3353 ,0.8286,0.027,0.05,0.1104,0.04625,5,平时
5/19/2020 18:00,3354 ,1.04253,0.027,0.05,0.1104,0.04625,5,高峰
5/19/2020 19:00,3355 ,1.04253,0.027,0.05,0.1104,0.04625,5,高峰
5/19/2020 20:00,3356 ,1.04253,0.027,0.05,0.1104,0.04625,5,高峰
5/19/2020 21:00,3357 ,1.04253,0.027,0.05,0.1104,0.04625,5,高峰
5/19/2020 22:00,3358 ,1.04253,0.027,0.05,0.1104,0.04625,5,高峰
5/19/2020 23:00,3359 ,0.29589,0.027,0.05,0.1104,0.04625,5,低谷
5/20/2020 0:00,3360 ,0.29589,0.027,0.05,0.1104,0.04625,5,低谷
5/20/2020 1:00,3361 ,0.29589,0.027,0.05,0.1104,0.04625,5,低谷
5/20/2020 2:00,3362 ,0.29589,0.027,0.05,0.1104,0.04625,5,低谷
5/20/2020 3:00,3363 ,0.29589,0.027,0.05,0.1104,0.04625,5,低谷
5/20/2020 4:00,3364 ,0.29589,0.027,0.05,0.1104,0.04625,5,低谷
5/20/2020 5:00,3365 ,0.29589,0.027,0.05,0.1104,0.04625,5,低谷
5/20/2020 6:00,3366 ,0.29589,0.027,0.05,0.1104,0.04625,5,低谷
5/20/2020 7:00,3367 ,0.8286,0.027,0.05,0.1104,0.04625,5,平时
5/20/2020 8:00,3368 ,0.8286,0.027,0.05,0.1104,0.04625,5,平时
5/20/2020 9:00,3369 ,0.8286,0.027,0.05,0.1104,0.04625,5,平时
5/20/2020 10:00,3370 ,0.8286,0.027,0.05,0.1104,0.04625,5,平时
5/20/2020 11:00,3371 ,1.04253,0.027,0.05,0.1104,0.04625,5,高峰
5/20/2020 12:00,3372 ,1.04253,0.027,0.05,0.1104,0.04625,5,高峰
5/20/2020 13:00,3373 ,1.04253,0.027,0.05,0.1104,0.04625,5,高峰
5/20/2020 14:00,3374 ,0.8286,0.027,0.05,0.1104,0.04625,5,平时
5/20/2020 15:00,3375 ,0.8286,0.027,0.05,0.1104,0.04625,5,平时
5/20/2020 16:00,3376 ,0.8286,0.027,0.05,0.1104,0.04625,5,平时
5/20/2020 17:00,3377 ,0.8286,0.027,0.05,0.1104,0.04625,5,平时
5/20/2020 18:00,3378 ,1.04253,0.027,0.05,0.1104,0.04625,5,高峰
5/20/2020 19:00,3379 ,1.04253,0.027,0.05,0.1104,0.04625,5,高峰
5/20/2020 20:00,3380 ,1.04253,0.027,0.05,0.1104,0.04625,5,高峰
5/20/2020 21:00,3381 ,1.04253,0.027,0.05,0.1104,0.04625,5,高峰
5/20/2020 22:00,3382 ,1.04253,0.027,0.05,0.1104,0.04625,5,高峰
5/20/2020 23:00,3383 ,0.29589,0.027,0.05,0.1104,0.04625,5,低谷
5/21/2020 0:00,3384 ,0.29589,0.027,0.05,0.1104,0.04625,5,低谷
5/21/2020 1:00,3385 ,0.29589,0.027,0.05,0.1104,0.04625,5,低谷
5/21/2020 2:00,3386 ,0.29589,0.027,0.05,0.1104,0.04625,5,低谷
5/21/2020 3:00,3387 ,0.29589,0.027,0.05,0.1104,0.04625,5,低谷
5/21/2020 4:00,3388 ,0.29589,0.027,0.05,0.1104,0.04625,5,低谷
5/21/2020 5:00,3389 ,0.29589,0.027,0.05,0.1104,0.04625,5,低谷
5/21/2020 6:00,3390 ,0.29589,0.027,0.05,0.1104,0.04625,5,低谷
5/21/2020 7:00,3391 ,0.8286,0.027,0.05,0.1104,0.04625,5,平时
5/21/2020 8:00,3392 ,0.8286,0.027,0.05,0.1104,0.04625,5,平时
5/21/2020 9:00,3393 ,0.8286,0.027,0.05,0.1104,0.04625,5,平时
5/21/2020 10:00,3394 ,0.8286,0.027,0.05,0.1104,0.04625,5,平时
5/21/2020 11:00,3395 ,1.04253,0.027,0.05,0.1104,0.04625,5,高峰
5/21/2020 12:00,3396 ,1.04253,0.027,0.05,0.1104,0.04625,5,高峰
5/21/2020 13:00,3397 ,1.04253,0.027,0.05,0.1104,0.04625,5,高峰
5/21/2020 14:00,3398 ,0.8286,0.027,0.05,0.1104,0.04625,5,平时
5/21/2020 15:00,3399 ,0.8286,0.027,0.05,0.1104,0.04625,5,平时
5/21/2020 16:00,3400 ,0.8286,0.027,0.05,0.1104,0.04625,5,平时
5/21/2020 17:00,3401 ,0.8286,0.027,0.05,0.1104,0.04625,5,平时
5/21/2020 18:00,3402 ,1.04253,0.027,0.05,0.1104,0.04625,5,高峰
5/21/2020 19:00,3403 ,1.04253,0.027,0.05,0.1104,0.04625,5,高峰
5/21/2020 20:00,3404 ,1.04253,0.027,0.05,0.1104,0.04625,5,高峰
5/21/2020 21:00,3405 ,1.04253,0.027,0.05,0.1104,0.04625,5,高峰
5/21/2020 22:00,3406 ,1.04253,0.027,0.05,0.1104,0.04625,5,高峰
5/21/2020 23:00,3407 ,0.29589,0.027,0.05,0.1104,0.04625,5,低谷
5/22/2020 0:00,3408 ,0.29589,0.027,0.05,0.1104,0.04625,5,低谷
5/22/2020 1:00,3409 ,0.29589,0.027,0.05,0.1104,0.04625,5,低谷
5/22/2020 2:00,3410 ,0.29589,0.027,0.05,0.1104,0.04625,5,低谷
5/22/2020 3:00,3411 ,0.29589,0.027,0.05,0.1104,0.04625,5,低谷
5/22/2020 4:00,3412 ,0.29589,0.027,0.05,0.1104,0.04625,5,低谷
5/22/2020 5:00,3413 ,0.29589,0.027,0.05,0.1104,0.04625,5,低谷
5/22/2020 6:00,3414 ,0.29589,0.027,0.05,0.1104,0.04625,5,低谷
5/22/2020 7:00,3415 ,0.8286,0.027,0.05,0.1104,0.04625,5,平时
5/22/2020 8:00,3416 ,0.8286,0.027,0.05,0.1104,0.04625,5,平时
5/22/2020 9:00,3417 ,0.8286,0.027,0.05,0.1104,0.04625,5,平时
5/22/2020 10:00,3418 ,0.8286,0.027,0.05,0.1104,0.04625,5,平时
5/22/2020 11:00,3419 ,1.04253,0.027,0.05,0.1104,0.04625,5,高峰
5/22/2020 12:00,3420 ,1.04253,0.027,0.05,0.1104,0.04625,5,高峰
5/22/2020 13:00,3421 ,1.04253,0.027,0.05,0.1104,0.04625,5,高峰
5/22/2020 14:00,3422 ,0.8286,0.027,0.05,0.1104,0.04625,5,平时
5/22/2020 15:00,3423 ,0.8286,0.027,0.05,0.1104,0.04625,5,平时
5/22/2020 16:00,3424 ,0.8286,0.027,0.05,0.1104,0.04625,5,平时
5/22/2020 17:00,3425 ,0.8286,0.027,0.05,0.1104,0.04625,5,平时
5/22/2020 18:00,3426 ,1.04253,0.027,0.05,0.1104,0.04625,5,高峰
5/22/2020 19:00,3427 ,1.04253,0.027,0.05,0.1104,0.04625,5,高峰
5/22/2020 20:00,3428 ,1.04253,0.027,0.05,0.1104,0.04625,5,高峰
5/22/2020 21:00,3429 ,1.04253,0.027,0.05,0.1104,0.04625,5,高峰
5/22/2020 22:00,3430 ,1.04253,0.027,0.05,0.1104,0.04625,5,高峰
5/22/2020 23:00,3431 ,0.29589,0.027,0.05,0.1104,0.04625,5,低谷
5/23/2020 0:00,3432 ,0.29589,0.027,0.05,0.1104,0.04625,5,低谷
5/23/2020 1:00,3433 ,0.29589,0.027,0.05,0.1104,0.04625,5,低谷
5/23/2020 2:00,3434 ,0.29589,0.027,0.05,0.1104,0.04625,5,低谷
5/23/2020 3:00,3435 ,0.29589,0.027,0.05,0.1104,0.04625,5,低谷
5/23/2020 4:00,3436 ,0.29589,0.027,0.05,0.1104,0.04625,5,低谷
5/23/2020 5:00,3437 ,0.29589,0.027,0.05,0.1104,0.04625,5,低谷
5/23/2020 6:00,3438 ,0.29589,0.027,0.05,0.1104,0.04625,5,低谷
5/23/2020 7:00,3439 ,0.8286,0.027,0.05,0.1104,0.04625,5,平时
5/23/2020 8:00,3440 ,0.8286,0.027,0.05,0.1104,0.04625,5,平时
5/23/2020 9:00,3441 ,0.8286,0.027,0.05,0.1104,0.04625,5,平时
5/23/2020 10:00,3442 ,0.8286,0.027,0.05,0.1104,0.04625,5,平时
5/23/2020 11:00,3443 ,1.04253,0.027,0.05,0.1104,0.04625,5,高峰
5/23/2020 12:00,3444 ,1.04253,0.027,0.05,0.1104,0.04625,5,高峰
5/23/2020 13:00,3445 ,1.04253,0.027,0.05,0.1104,0.04625,5,高峰
5/23/2020 14:00,3446 ,0.8286,0.027,0.05,0.1104,0.04625,5,平时
5/23/2020 15:00,3447 ,0.8286,0.027,0.05,0.1104,0.04625,5,平时
5/23/2020 16:00,3448 ,0.8286,0.027,0.05,0.1104,0.04625,5,平时
5/23/2020 17:00,3449 ,0.8286,0.027,0.05,0.1104,0.04625,5,平时
5/23/2020 18:00,3450 ,1.04253,0.027,0.05,0.1104,0.04625,5,高峰
5/23/2020 19:00,3451 ,1.04253,0.027,0.05,0.1104,0.04625,5,高峰
5/23/2020 20:00,3452 ,1.04253,0.027,0.05,0.1104,0.04625,5,高峰
5/23/2020 21:00,3453 ,1.04253,0.027,0.05,0.1104,0.04625,5,高峰
5/23/2020 22:00,3454 ,1.04253,0.027,0.05,0.1104,0.04625,5,高峰
5/23/2020 23:00,3455 ,0.29589,0.027,0.05,0.1104,0.04625,5,低谷
5/24/2020 0:00,3456 ,0.29589,0.027,0.05,0.1104,0.04625,5,低谷
5/24/2020 1:00,3457 ,0.29589,0.027,0.05,0.1104,0.04625,5,低谷
5/24/2020 2:00,3458 ,0.29589,0.027,0.05,0.1104,0.04625,5,低谷
5/24/2020 3:00,3459 ,0.29589,0.027,0.05,0.1104,0.04625,5,低谷
5/24/2020 4:00,3460 ,0.29589,0.027,0.05,0.1104,0.04625,5,低谷
5/24/2020 5:00,3461 ,0.29589,0.027,0.05,0.1104,0.04625,5,低谷
5/24/2020 6:00,3462 ,0.29589,0.027,0.05,0.1104,0.04625,5,低谷
5/24/2020 7:00,3463 ,0.8286,0.027,0.05,0.1104,0.04625,5,平时
5/24/2020 8:00,3464 ,0.8286,0.027,0.05,0.1104,0.04625,5,平时
5/24/2020 9:00,3465 ,0.8286,0.027,0.05,0.1104,0.04625,5,平时
5/24/2020 10:00,3466 ,0.8286,0.027,0.05,0.1104,0.04625,5,平时
5/24/2020 11:00,3467 ,1.04253,0.027,0.05,0.1104,0.04625,5,高峰
5/24/2020 12:00,3468 ,1.04253,0.027,0.05,0.1104,0.04625,5,高峰
5/24/2020 13:00,3469 ,1.04253,0.027,0.05,0.1104,0.04625,5,高峰
5/24/2020 14:00,3470 ,0.8286,0.027,0.05,0.1104,0.04625,5,平时
5/24/2020 15:00,3471 ,0.8286,0.027,0.05,0.1104,0.04625,5,平时
5/24/2020 16:00,3472 ,0.8286,0.027,0.05,0.1104,0.04625,5,平时
5/24/2020 17:00,3473 ,0.8286,0.027,0.05,0.1104,0.04625,5,平时
5/24/2020 18:00,3474 ,1.04253,0.027,0.05,0.1104,0.04625,5,高峰
5/24/2020 19:00,3475 ,1.04253,0.027,0.05,0.1104,0.04625,5,高峰
5/24/2020 20:00,3476 ,1.04253,0.027,0.05,0.1104,0.04625,5,高峰
5/24/2020 21:00,3477 ,1.04253,0.027,0.05,0.1104,0.04625,5,高峰
5/24/2020 22:00,3478 ,1.04253,0.027,0.05,0.1104,0.04625,5,高峰
5/24/2020 23:00,3479 ,0.29589,0.027,0.05,0.1104,0.04625,5,低谷
5/25/2020 0:00,3480 ,0.29589,0.027,0.05,0.1104,0.04625,5,低谷
5/25/2020 1:00,3481 ,0.29589,0.027,0.05,0.1104,0.04625,5,低谷
5/25/2020 2:00,3482 ,0.29589,0.027,0.05,0.1104,0.04625,5,低谷
5/25/2020 3:00,3483 ,0.29589,0.027,0.05,0.1104,0.04625,5,低谷
5/25/2020 4:00,3484 ,0.29589,0.027,0.05,0.1104,0.04625,5,低谷
5/25/2020 5:00,3485 ,0.29589,0.027,0.05,0.1104,0.04625,5,低谷
5/25/2020 6:00,3486 ,0.29589,0.027,0.05,0.1104,0.04625,5,低谷
5/25/2020 7:00,3487 ,0.8286,0.027,0.05,0.1104,0.04625,5,平时
5/25/2020 8:00,3488 ,0.8286,0.027,0.05,0.1104,0.04625,5,平时
5/25/2020 9:00,3489 ,0.8286,0.027,0.05,0.1104,0.04625,5,平时
5/25/2020 10:00,3490 ,0.8286,0.027,0.05,0.1104,0.04625,5,平时
5/25/2020 11:00,3491 ,1.04253,0.027,0.05,0.1104,0.04625,5,高峰
5/25/2020 12:00,3492 ,1.04253,0.027,0.05,0.1104,0.04625,5,高峰
5/25/2020 13:00,3493 ,1.04253,0.027,0.05,0.1104,0.04625,5,高峰
5/25/2020 14:00,3494 ,0.8286,0.027,0.05,0.1104,0.04625,5,平时
5/25/2020 15:00,3495 ,0.8286,0.027,0.05,0.1104,0.04625,5,平时
5/25/2020 16:00,3496 ,0.8286,0.027,0.05,0.1104,0.04625,5,平时
5/25/2020 17:00,3497 ,0.8286,0.027,0.05,0.1104,0.04625,5,平时
5/25/2020 18:00,3498 ,1.04253,0.027,0.05,0.1104,0.04625,5,高峰
5/25/2020 19:00,3499 ,1.04253,0.027,0.05,0.1104,0.04625,5,高峰
5/25/2020 20:00,3500 ,1.04253,0.027,0.05,0.1104,0.04625,5,高峰
5/25/2020 21:00,3501 ,1.04253,0.027,0.05,0.1104,0.04625,5,高峰
5/25/2020 22:00,3502 ,1.04253,0.027,0.05,0.1104,0.04625,5,高峰
5/25/2020 23:00,3503 ,0.29589,0.027,0.05,0.1104,0.04625,5,低谷
5/26/2020 0:00,3504 ,0.29589,0.027,0.05,0.1104,0.04625,5,低谷
5/26/2020 1:00,3505 ,0.29589,0.027,0.05,0.1104,0.04625,5,低谷
5/26/2020 2:00,3506 ,0.29589,0.027,0.05,0.1104,0.04625,5,低谷
5/26/2020 3:00,3507 ,0.29589,0.027,0.05,0.1104,0.04625,5,低谷
5/26/2020 4:00,3508 ,0.29589,0.027,0.05,0.1104,0.04625,5,低谷
5/26/2020 5:00,3509 ,0.29589,0.027,0.05,0.1104,0.04625,5,低谷
5/26/2020 6:00,3510 ,0.29589,0.027,0.05,0.1104,0.04625,5,低谷
5/26/2020 7:00,3511 ,0.8286,0.027,0.05,0.1104,0.04625,5,平时
5/26/2020 8:00,3512 ,0.8286,0.027,0.05,0.1104,0.04625,5,平时
5/26/2020 9:00,3513 ,0.8286,0.027,0.05,0.1104,0.04625,5,平时
5/26/2020 10:00,3514 ,0.8286,0.027,0.05,0.1104,0.04625,5,平时
5/26/2020 11:00,3515 ,1.04253,0.027,0.05,0.1104,0.04625,5,高峰
5/26/2020 12:00,3516 ,1.04253,0.027,0.05,0.1104,0.04625,5,高峰
5/26/2020 13:00,3517 ,1.04253,0.027,0.05,0.1104,0.04625,5,高峰
5/26/2020 14:00,3518 ,0.8286,0.027,0.05,0.1104,0.04625,5,平时
5/26/2020 15:00,3519 ,0.8286,0.027,0.05,0.1104,0.04625,5,平时
5/26/2020 16:00,3520 ,0.8286,0.027,0.05,0.1104,0.04625,5,平时
5/26/2020 17:00,3521 ,0.8286,0.027,0.05,0.1104,0.04625,5,平时
5/26/2020 18:00,3522 ,1.04253,0.027,0.05,0.1104,0.04625,5,高峰
5/26/2020 19:00,3523 ,1.04253,0.027,0.05,0.1104,0.04625,5,高峰
5/26/2020 20:00,3524 ,1.04253,0.027,0.05,0.1104,0.04625,5,高峰
5/26/2020 21:00,3525 ,1.04253,0.027,0.05,0.1104,0.04625,5,高峰
5/26/2020 22:00,3526 ,1.04253,0.027,0.05,0.1104,0.04625,5,高峰
5/26/2020 23:00,3527 ,0.29589,0.027,0.05,0.1104,0.04625,5,低谷
5/27/2020 0:00,3528 ,0.29589,0.027,0.05,0.1104,0.04625,5,低谷
5/27/2020 1:00,3529 ,0.29589,0.027,0.05,0.1104,0.04625,5,低谷
5/27/2020 2:00,3530 ,0.29589,0.027,0.05,0.1104,0.04625,5,低谷
5/27/2020 3:00,3531 ,0.29589,0.027,0.05,0.1104,0.04625,5,低谷
5/27/2020 4:00,3532 ,0.29589,0.027,0.05,0.1104,0.04625,5,低谷
5/27/2020 5:00,3533 ,0.29589,0.027,0.05,0.1104,0.04625,5,低谷
5/27/2020 6:00,3534 ,0.29589,0.027,0.05,0.1104,0.04625,5,低谷
5/27/2020 7:00,3535 ,0.8286,0.027,0.05,0.1104,0.04625,5,平时
5/27/2020 8:00,3536 ,0.8286,0.027,0.05,0.1104,0.04625,5,平时
5/27/2020 9:00,3537 ,0.8286,0.027,0.05,0.1104,0.04625,5,平时
5/27/2020 10:00,3538 ,0.8286,0.027,0.05,0.1104,0.04625,5,平时
5/27/2020 11:00,3539 ,1.04253,0.027,0.05,0.1104,0.04625,5,高峰
5/27/2020 12:00,3540 ,1.04253,0.027,0.05,0.1104,0.04625,5,高峰
5/27/2020 13:00,3541 ,1.04253,0.027,0.05,0.1104,0.04625,5,高峰
5/27/2020 14:00,3542 ,0.8286,0.027,0.05,0.1104,0.04625,5,平时
5/27/2020 15:00,3543 ,0.8286,0.027,0.05,0.1104,0.04625,5,平时
5/27/2020 16:00,3544 ,0.8286,0.027,0.05,0.1104,0.04625,5,平时
5/27/2020 17:00,3545 ,0.8286,0.027,0.05,0.1104,0.04625,5,平时
5/27/2020 18:00,3546 ,1.04253,0.027,0.05,0.1104,0.04625,5,高峰
5/27/2020 19:00,3547 ,1.04253,0.027,0.05,0.1104,0.04625,5,高峰
5/27/2020 20:00,3548 ,1.04253,0.027,0.05,0.1104,0.04625,5,高峰
5/27/2020 21:00,3549 ,1.04253,0.027,0.05,0.1104,0.04625,5,高峰
5/27/2020 22:00,3550 ,1.04253,0.027,0.05,0.1104,0.04625,5,高峰
5/27/2020 23:00,3551 ,0.29589,0.027,0.05,0.1104,0.04625,5,低谷
5/28/2020 0:00,3552 ,0.29589,0.027,0.05,0.1104,0.04625,5,低谷
5/28/2020 1:00,3553 ,0.29589,0.027,0.05,0.1104,0.04625,5,低谷
5/28/2020 2:00,3554 ,0.29589,0.027,0.05,0.1104,0.04625,5,低谷
5/28/2020 3:00,3555 ,0.29589,0.027,0.05,0.1104,0.04625,5,低谷
5/28/2020 4:00,3556 ,0.29589,0.027,0.05,0.1104,0.04625,5,低谷
5/28/2020 5:00,3557 ,0.29589,0.027,0.05,0.1104,0.04625,5,低谷
5/28/2020 6:00,3558 ,0.29589,0.027,0.05,0.1104,0.04625,5,低谷
5/28/2020 7:00,3559 ,0.8286,0.027,0.05,0.1104,0.04625,5,平时
5/28/2020 8:00,3560 ,0.8286,0.027,0.05,0.1104,0.04625,5,平时
5/28/2020 9:00,3561 ,0.8286,0.027,0.05,0.1104,0.04625,5,平时
5/28/2020 10:00,3562 ,0.8286,0.027,0.05,0.1104,0.04625,5,平时
5/28/2020 11:00,3563 ,1.04253,0.027,0.05,0.1104,0.04625,5,高峰
5/28/2020 12:00,3564 ,1.04253,0.027,0.05,0.1104,0.04625,5,高峰
5/28/2020 13:00,3565 ,1.04253,0.027,0.05,0.1104,0.04625,5,高峰
5/28/2020 14:00,3566 ,0.8286,0.027,0.05,0.1104,0.04625,5,平时
5/28/2020 15:00,3567 ,0.8286,0.027,0.05,0.1104,0.04625,5,平时
5/28/2020 16:00,3568 ,0.8286,0.027,0.05,0.1104,0.04625,5,平时
5/28/2020 17:00,3569 ,0.8286,0.027,0.05,0.1104,0.04625,5,平时
5/28/2020 18:00,3570 ,1.04253,0.027,0.05,0.1104,0.04625,5,高峰
5/28/2020 19:00,3571 ,1.04253,0.027,0.05,0.1104,0.04625,5,高峰
5/28/2020 20:00,3572 ,1.04253,0.027,0.05,0.1104,0.04625,5,高峰
5/28/2020 21:00,3573 ,1.04253,0.027,0.05,0.1104,0.04625,5,高峰
5/28/2020 22:00,3574 ,1.04253,0.027,0.05,0.1104,0.04625,5,高峰
5/28/2020 23:00,3575 ,0.29589,0.027,0.05,0.1104,0.04625,5,低谷
5/29/2020 0:00,3576 ,0.29589,0.027,0.05,0.1104,0.04625,5,低谷
5/29/2020 1:00,3577 ,0.29589,0.027,0.05,0.1104,0.04625,5,低谷
5/29/2020 2:00,3578 ,0.29589,0.027,0.05,0.1104,0.04625,5,低谷
5/29/2020 3:00,3579 ,0.29589,0.027,0.05,0.1104,0.04625,5,低谷
5/29/2020 4:00,3580 ,0.29589,0.027,0.05,0.1104,0.04625,5,低谷
5/29/2020 5:00,3581 ,0.29589,0.027,0.05,0.1104,0.04625,5,低谷
5/29/2020 6:00,3582 ,0.29589,0.027,0.05,0.1104,0.04625,5,低谷
5/29/2020 7:00,3583 ,0.8286,0.027,0.05,0.1104,0.04625,5,平时
5/29/2020 8:00,3584 ,0.8286,0.027,0.05,0.1104,0.04625,5,平时
5/29/2020 9:00,3585 ,0.8286,0.027,0.05,0.1104,0.04625,5,平时
5/29/2020 10:00,3586 ,0.8286,0.027,0.05,0.1104,0.04625,5,平时
5/29/2020 11:00,3587 ,1.04253,0.027,0.05,0.1104,0.04625,5,高峰
5/29/2020 12:00,3588 ,1.04253,0.027,0.05,0.1104,0.04625,5,高峰
5/29/2020 13:00,3589 ,1.04253,0.027,0.05,0.1104,0.04625,5,高峰
5/29/2020 14:00,3590 ,0.8286,0.027,0.05,0.1104,0.04625,5,平时
5/29/2020 15:00,3591 ,0.8286,0.027,0.05,0.1104,0.04625,5,平时
5/29/2020 16:00,3592 ,0.8286,0.027,0.05,0.1104,0.04625,5,平时
5/29/2020 17:00,3593 ,0.8286,0.027,0.05,0.1104,0.04625,5,平时
5/29/2020 18:00,3594 ,1.04253,0.027,0.05,0.1104,0.04625,5,高峰
5/29/2020 19:00,3595 ,1.04253,0.027,0.05,0.1104,0.04625,5,高峰
5/29/2020 20:00,3596 ,1.04253,0.027,0.05,0.1104,0.04625,5,高峰
5/29/2020 21:00,3597 ,1.04253,0.027,0.05,0.1104,0.04625,5,高峰
5/29/2020 22:00,3598 ,1.04253,0.027,0.05,0.1104,0.04625,5,高峰
5/29/2020 23:00,3599 ,0.29589,0.027,0.05,0.1104,0.04625,5,低谷
5/30/2020 0:00,3600 ,0.29589,0.027,0.05,0.1104,0.04625,5,低谷
5/30/2020 1:00,3601 ,0.29589,0.027,0.05,0.1104,0.04625,5,低谷
5/30/2020 2:00,3602 ,0.29589,0.027,0.05,0.1104,0.04625,5,低谷
5/30/2020 3:00,3603 ,0.29589,0.027,0.05,0.1104,0.04625,5,低谷
5/30/2020 4:00,3604 ,0.29589,0.027,0.05,0.1104,0.04625,5,低谷
5/30/2020 5:00,3605 ,0.29589,0.027,0.05,0.1104,0.04625,5,低谷
5/30/2020 6:00,3606 ,0.29589,0.027,0.05,0.1104,0.04625,5,低谷
5/30/2020 7:00,3607 ,0.8286,0.027,0.05,0.1104,0.04625,5,平时
5/30/2020 8:00,3608 ,0.8286,0.027,0.05,0.1104,0.04625,5,平时
5/30/2020 9:00,3609 ,0.8286,0.027,0.05,0.1104,0.04625,5,平时
5/30/2020 10:00,3610 ,0.8286,0.027,0.05,0.1104,0.04625,5,平时
5/30/2020 11:00,3611 ,1.04253,0.027,0.05,0.1104,0.04625,5,高峰
5/30/2020 12:00,3612 ,1.04253,0.027,0.05,0.1104,0.04625,5,高峰
5/30/2020 13:00,3613 ,1.04253,0.027,0.05,0.1104,0.04625,5,高峰
5/30/2020 14:00,3614 ,0.8286,0.027,0.05,0.1104,0.04625,5,平时
5/30/2020 15:00,3615 ,0.8286,0.027,0.05,0.1104,0.04625,5,平时
5/30/2020 16:00,3616 ,0.8286,0.027,0.05,0.1104,0.04625,5,平时
5/30/2020 17:00,3617 ,0.8286,0.027,0.05,0.1104,0.04625,5,平时
5/30/2020 18:00,3618 ,1.04253,0.027,0.05,0.1104,0.04625,5,高峰
5/30/2020 19:00,3619 ,1.04253,0.027,0.05,0.1104,0.04625,5,高峰
5/30/2020 20:00,3620 ,1.04253,0.027,0.05,0.1104,0.04625,5,高峰
5/30/2020 21:00,3621 ,1.04253,0.027,0.05,0.1104,0.04625,5,高峰
5/30/2020 22:00,3622 ,1.04253,0.027,0.05,0.1104,0.04625,5,高峰
5/30/2020 23:00,3623 ,0.29589,0.027,0.05,0.1104,0.04625,5,低谷
5/31/2020 0:00,3624 ,0.29589,0.027,0.05,0.1104,0.04625,5,低谷
5/31/2020 1:00,3625 ,0.29589,0.027,0.05,0.1104,0.04625,5,低谷
5/31/2020 2:00,3626 ,0.29589,0.027,0.05,0.1104,0.04625,5,低谷
5/31/2020 3:00,3627 ,0.29589,0.027,0.05,0.1104,0.04625,5,低谷
5/31/2020 4:00,3628 ,0.29589,0.027,0.05,0.1104,0.04625,5,低谷
5/31/2020 5:00,3629 ,0.29589,0.027,0.05,0.1104,0.04625,5,低谷
5/31/2020 6:00,3630 ,0.29589,0.027,0.05,0.1104,0.04625,5,低谷
5/31/2020 7:00,3631 ,0.8286,0.027,0.05,0.1104,0.04625,5,平时
5/31/2020 8:00,3632 ,0.8286,0.027,0.05,0.1104,0.04625,5,平时
5/31/2020 9:00,3633 ,0.8286,0.027,0.05,0.1104,0.04625,5,平时
5/31/2020 10:00,3634 ,0.8286,0.027,0.05,0.1104,0.04625,5,平时
5/31/2020 11:00,3635 ,1.04253,0.027,0.05,0.1104,0.04625,5,高峰
5/31/2020 12:00,3636 ,1.04253,0.027,0.05,0.1104,0.04625,5,高峰
5/31/2020 13:00,3637 ,1.04253,0.027,0.05,0.1104,0.04625,5,高峰
5/31/2020 14:00,3638 ,0.8286,0.027,0.05,0.1104,0.04625,5,平时
5/31/2020 15:00,3639 ,0.8286,0.027,0.05,0.1104,0.04625,5,平时
5/31/2020 16:00,3640 ,0.8286,0.027,0.05,0.1104,0.04625,5,平时
5/31/2020 17:00,3641 ,0.8286,0.027,0.05,0.1104,0.04625,5,平时
5/31/2020 18:00,3642 ,1.04253,0.027,0.05,0.1104,0.04625,5,高峰
5/31/2020 19:00,3643 ,1.04253,0.027,0.05,0.1104,0.04625,5,高峰
5/31/2020 20:00,3644 ,1.04253,0.027,0.05,0.1104,0.04625,5,高峰
5/31/2020 21:00,3645 ,1.04253,0.027,0.05,0.1104,0.04625,5,高峰
5/31/2020 22:00,3646 ,1.04253,0.027,0.05,0.1104,0.04625,5,高峰
5/31/2020 23:00,3647 ,0.29589,0.027,0.05,0.1104,0.04625,5,低谷
6/1/2020 0:00,3648 ,0.28981,0.027,0.05,0.1104,0.04625,6,低谷
6/1/2020 1:00,3649 ,0.28981,0.027,0.05,0.1104,0.04625,6,低谷
6/1/2020 2:00,3650 ,0.28981,0.027,0.05,0.1104,0.04625,6,低谷
6/1/2020 3:00,3651 ,0.28981,0.027,0.05,0.1104,0.04625,6,低谷
6/1/2020 4:00,3652 ,0.28981,0.027,0.05,0.1104,0.04625,6,低谷
6/1/2020 5:00,3653 ,0.28981,0.027,0.05,0.1104,0.04625,6,低谷
6/1/2020 6:00,3654 ,0.28981,0.027,0.05,0.1104,0.04625,6,低谷
6/1/2020 7:00,3655 ,0.8122,0.027,0.05,0.1104,0.04625,6,平时
6/1/2020 8:00,3656 ,0.8122,0.027,0.05,0.1104,0.04625,6,平时
6/1/2020 9:00,3657 ,0.8122,0.027,0.05,0.1104,0.04625,6,平时
6/1/2020 10:00,3658 ,0.8122,0.027,0.05,0.1104,0.04625,6,平时
6/1/2020 11:00,3659 ,1.01816,0.027,0.05,0.1104,0.04625,6,高峰
6/1/2020 12:00,3660 ,1.01816,0.027,0.05,0.1104,0.04625,6,高峰
6/1/2020 13:00,3661 ,1.01816,0.027,0.05,0.1104,0.04625,6,高峰
6/1/2020 14:00,3662 ,0.8122,0.027,0.05,0.1104,0.04625,6,平时
6/1/2020 15:00,3663 ,0.8122,0.027,0.05,0.1104,0.04625,6,平时
6/1/2020 16:00,3664 ,0.8122,0.027,0.05,0.1104,0.04625,6,平时
6/1/2020 17:00,3665 ,0.8122,0.027,0.05,0.1104,0.04625,6,平时
6/1/2020 18:00,3666 ,1.01816,0.027,0.05,0.1104,0.04625,6,高峰
6/1/2020 19:00,3667 ,1.01816,0.027,0.05,0.1104,0.04625,6,高峰
6/1/2020 20:00,3668 ,1.01816,0.027,0.05,0.1104,0.04625,6,高峰
6/1/2020 21:00,3669 ,1.01816,0.027,0.05,0.1104,0.04625,6,高峰
6/1/2020 22:00,3670 ,1.01816,0.027,0.05,0.1104,0.04625,6,高峰
6/1/2020 23:00,3671 ,0.28981,0.027,0.05,0.1104,0.04625,6,低谷
6/2/2020 0:00,3672 ,0.28981,0.027,0.05,0.1104,0.04625,6,低谷
6/2/2020 1:00,3673 ,0.28981,0.027,0.05,0.1104,0.04625,6,低谷
6/2/2020 2:00,3674 ,0.28981,0.027,0.05,0.1104,0.04625,6,低谷
6/2/2020 3:00,3675 ,0.28981,0.027,0.05,0.1104,0.04625,6,低谷
6/2/2020 4:00,3676 ,0.28981,0.027,0.05,0.1104,0.04625,6,低谷
6/2/2020 5:00,3677 ,0.28981,0.027,0.05,0.1104,0.04625,6,低谷
6/2/2020 6:00,3678 ,0.28981,0.027,0.05,0.1104,0.04625,6,低谷
6/2/2020 7:00,3679 ,0.8122,0.027,0.05,0.1104,0.04625,6,平时
6/2/2020 8:00,3680 ,0.8122,0.027,0.05,0.1104,0.04625,6,平时
6/2/2020 9:00,3681 ,0.8122,0.027,0.05,0.1104,0.04625,6,平时
6/2/2020 10:00,3682 ,0.8122,0.027,0.05,0.1104,0.04625,6,平时
6/2/2020 11:00,3683 ,1.01816,0.027,0.05,0.1104,0.04625,6,高峰
6/2/2020 12:00,3684 ,1.01816,0.027,0.05,0.1104,0.04625,6,高峰
6/2/2020 13:00,3685 ,1.01816,0.027,0.05,0.1104,0.04625,6,高峰
6/2/2020 14:00,3686 ,0.8122,0.027,0.05,0.1104,0.04625,6,平时
6/2/2020 15:00,3687 ,0.8122,0.027,0.05,0.1104,0.04625,6,平时
6/2/2020 16:00,3688 ,0.8122,0.027,0.05,0.1104,0.04625,6,平时
6/2/2020 17:00,3689 ,0.8122,0.027,0.05,0.1104,0.04625,6,平时
6/2/2020 18:00,3690 ,1.01816,0.027,0.05,0.1104,0.04625,6,高峰
6/2/2020 19:00,3691 ,1.01816,0.027,0.05,0.1104,0.04625,6,高峰
6/2/2020 20:00,3692 ,1.01816,0.027,0.05,0.1104,0.04625,6,高峰
6/2/2020 21:00,3693 ,1.01816,0.027,0.05,0.1104,0.04625,6,高峰
6/2/2020 22:00,3694 ,1.01816,0.027,0.05,0.1104,0.04625,6,高峰
6/2/2020 23:00,3695 ,0.28981,0.027,0.05,0.1104,0.04625,6,低谷
6/3/2020 0:00,3696 ,0.28981,0.027,0.05,0.1104,0.04625,6,低谷
6/3/2020 1:00,3697 ,0.28981,0.027,0.05,0.1104,0.04625,6,低谷
6/3/2020 2:00,3698 ,0.28981,0.027,0.05,0.1104,0.04625,6,低谷
6/3/2020 3:00,3699 ,0.28981,0.027,0.05,0.1104,0.04625,6,低谷
6/3/2020 4:00,3700 ,0.28981,0.027,0.05,0.1104,0.04625,6,低谷
6/3/2020 5:00,3701 ,0.28981,0.027,0.05,0.1104,0.04625,6,低谷
6/3/2020 6:00,3702 ,0.28981,0.027,0.05,0.1104,0.04625,6,低谷
6/3/2020 7:00,3703 ,0.8122,0.027,0.05,0.1104,0.04625,6,平时
6/3/2020 8:00,3704 ,0.8122,0.027,0.05,0.1104,0.04625,6,平时
6/3/2020 9:00,3705 ,0.8122,0.027,0.05,0.1104,0.04625,6,平时
6/3/2020 10:00,3706 ,0.8122,0.027,0.05,0.1104,0.04625,6,平时
6/3/2020 11:00,3707 ,1.01816,0.027,0.05,0.1104,0.04625,6,高峰
6/3/2020 12:00,3708 ,1.01816,0.027,0.05,0.1104,0.04625,6,高峰
6/3/2020 13:00,3709 ,1.01816,0.027,0.05,0.1104,0.04625,6,高峰
6/3/2020 14:00,3710 ,0.8122,0.027,0.05,0.1104,0.04625,6,平时
6/3/2020 15:00,3711 ,0.8122,0.027,0.05,0.1104,0.04625,6,平时
6/3/2020 16:00,3712 ,0.8122,0.027,0.05,0.1104,0.04625,6,平时
6/3/2020 17:00,3713 ,0.8122,0.027,0.05,0.1104,0.04625,6,平时
6/3/2020 18:00,3714 ,1.01816,0.027,0.05,0.1104,0.04625,6,高峰
6/3/2020 19:00,3715 ,1.01816,0.027,0.05,0.1104,0.04625,6,高峰
6/3/2020 20:00,3716 ,1.01816,0.027,0.05,0.1104,0.04625,6,高峰
6/3/2020 21:00,3717 ,1.01816,0.027,0.05,0.1104,0.04625,6,高峰
6/3/2020 22:00,3718 ,1.01816,0.027,0.05,0.1104,0.04625,6,高峰
6/3/2020 23:00,3719 ,0.28981,0.027,0.05,0.1104,0.04625,6,低谷
6/4/2020 0:00,3720 ,0.28981,0.027,0.05,0.1104,0.04625,6,低谷
6/4/2020 1:00,3721 ,0.28981,0.027,0.05,0.1104,0.04625,6,低谷
6/4/2020 2:00,3722 ,0.28981,0.027,0.05,0.1104,0.04625,6,低谷
6/4/2020 3:00,3723 ,0.28981,0.027,0.05,0.1104,0.04625,6,低谷
6/4/2020 4:00,3724 ,0.28981,0.027,0.05,0.1104,0.04625,6,低谷
6/4/2020 5:00,3725 ,0.28981,0.027,0.05,0.1104,0.04625,6,低谷
6/4/2020 6:00,3726 ,0.28981,0.027,0.05,0.1104,0.04625,6,低谷
6/4/2020 7:00,3727 ,0.8122,0.027,0.05,0.1104,0.04625,6,平时
6/4/2020 8:00,3728 ,0.8122,0.027,0.05,0.1104,0.04625,6,平时
6/4/2020 9:00,3729 ,0.8122,0.027,0.05,0.1104,0.04625,6,平时
6/4/2020 10:00,3730 ,0.8122,0.027,0.05,0.1104,0.04625,6,平时
6/4/2020 11:00,3731 ,1.01816,0.027,0.05,0.1104,0.04625,6,高峰
6/4/2020 12:00,3732 ,1.01816,0.027,0.05,0.1104,0.04625,6,高峰
6/4/2020 13:00,3733 ,1.01816,0.027,0.05,0.1104,0.04625,6,高峰
6/4/2020 14:00,3734 ,0.8122,0.027,0.05,0.1104,0.04625,6,平时
6/4/2020 15:00,3735 ,0.8122,0.027,0.05,0.1104,0.04625,6,平时
6/4/2020 16:00,3736 ,0.8122,0.027,0.05,0.1104,0.04625,6,平时
6/4/2020 17:00,3737 ,0.8122,0.027,0.05,0.1104,0.04625,6,平时
6/4/2020 18:00,3738 ,1.01816,0.027,0.05,0.1104,0.04625,6,高峰
6/4/2020 19:00,3739 ,1.01816,0.027,0.05,0.1104,0.04625,6,高峰
6/4/2020 20:00,3740 ,1.01816,0.027,0.05,0.1104,0.04625,6,高峰
6/4/2020 21:00,3741 ,1.01816,0.027,0.05,0.1104,0.04625,6,高峰
6/4/2020 22:00,3742 ,1.01816,0.027,0.05,0.1104,0.04625,6,高峰
6/4/2020 23:00,3743 ,0.28981,0.027,0.05,0.1104,0.04625,6,低谷
6/5/2020 0:00,3744 ,0.28981,0.027,0.05,0.1104,0.04625,6,低谷
6/5/2020 1:00,3745 ,0.28981,0.027,0.05,0.1104,0.04625,6,低谷
6/5/2020 2:00,3746 ,0.28981,0.027,0.05,0.1104,0.04625,6,低谷
6/5/2020 3:00,3747 ,0.28981,0.027,0.05,0.1104,0.04625,6,低谷
6/5/2020 4:00,3748 ,0.28981,0.027,0.05,0.1104,0.04625,6,低谷
6/5/2020 5:00,3749 ,0.28981,0.027,0.05,0.1104,0.04625,6,低谷
6/5/2020 6:00,3750 ,0.28981,0.027,0.05,0.1104,0.04625,6,低谷
6/5/2020 7:00,3751 ,0.8122,0.027,0.05,0.1104,0.04625,6,平时
6/5/2020 8:00,3752 ,0.8122,0.027,0.05,0.1104,0.04625,6,平时
6/5/2020 9:00,3753 ,0.8122,0.027,0.05,0.1104,0.04625,6,平时
6/5/2020 10:00,3754 ,0.8122,0.027,0.05,0.1104,0.04625,6,平时
6/5/2020 11:00,3755 ,1.01816,0.027,0.05,0.1104,0.04625,6,高峰
6/5/2020 12:00,3756 ,1.01816,0.027,0.05,0.1104,0.04625,6,高峰
6/5/2020 13:00,3757 ,1.01816,0.027,0.05,0.1104,0.04625,6,高峰
6/5/2020 14:00,3758 ,0.8122,0.027,0.05,0.1104,0.04625,6,平时
6/5/2020 15:00,3759 ,0.8122,0.027,0.05,0.1104,0.04625,6,平时
6/5/2020 16:00,3760 ,0.8122,0.027,0.05,0.1104,0.04625,6,平时
6/5/2020 17:00,3761 ,0.8122,0.027,0.05,0.1104,0.04625,6,平时
6/5/2020 18:00,3762 ,1.01816,0.027,0.05,0.1104,0.04625,6,高峰
6/5/2020 19:00,3763 ,1.01816,0.027,0.05,0.1104,0.04625,6,高峰
6/5/2020 20:00,3764 ,1.01816,0.027,0.05,0.1104,0.04625,6,高峰
6/5/2020 21:00,3765 ,1.01816,0.027,0.05,0.1104,0.04625,6,高峰
6/5/2020 22:00,3766 ,1.01816,0.027,0.05,0.1104,0.04625,6,高峰
6/5/2020 23:00,3767 ,0.28981,0.027,0.05,0.1104,0.04625,6,低谷
6/6/2020 0:00,3768 ,0.28981,0.027,0.05,0.1104,0.04625,6,低谷
6/6/2020 1:00,3769 ,0.28981,0.027,0.05,0.1104,0.04625,6,低谷
6/6/2020 2:00,3770 ,0.28981,0.027,0.05,0.1104,0.04625,6,低谷
6/6/2020 3:00,3771 ,0.28981,0.027,0.05,0.1104,0.04625,6,低谷
6/6/2020 4:00,3772 ,0.28981,0.027,0.05,0.1104,0.04625,6,低谷
6/6/2020 5:00,3773 ,0.28981,0.027,0.05,0.1104,0.04625,6,低谷
6/6/2020 6:00,3774 ,0.28981,0.027,0.05,0.1104,0.04625,6,低谷
6/6/2020 7:00,3775 ,0.8122,0.027,0.05,0.1104,0.04625,6,平时
6/6/2020 8:00,3776 ,0.8122,0.027,0.05,0.1104,0.04625,6,平时
6/6/2020 9:00,3777 ,0.8122,0.027,0.05,0.1104,0.04625,6,平时
6/6/2020 10:00,3778 ,0.8122,0.027,0.05,0.1104,0.04625,6,平时
6/6/2020 11:00,3779 ,1.01816,0.027,0.05,0.1104,0.04625,6,高峰
6/6/2020 12:00,3780 ,1.01816,0.027,0.05,0.1104,0.04625,6,高峰
6/6/2020 13:00,3781 ,1.01816,0.027,0.05,0.1104,0.04625,6,高峰
6/6/2020 14:00,3782 ,0.8122,0.027,0.05,0.1104,0.04625,6,平时
6/6/2020 15:00,3783 ,0.8122,0.027,0.05,0.1104,0.04625,6,平时
6/6/2020 16:00,3784 ,0.8122,0.027,0.05,0.1104,0.04625,6,平时
6/6/2020 17:00,3785 ,0.8122,0.027,0.05,0.1104,0.04625,6,平时
6/6/2020 18:00,3786 ,1.01816,0.027,0.05,0.1104,0.04625,6,高峰
6/6/2020 19:00,3787 ,1.01816,0.027,0.05,0.1104,0.04625,6,高峰
6/6/2020 20:00,3788 ,1.01816,0.027,0.05,0.1104,0.04625,6,高峰
6/6/2020 21:00,3789 ,1.01816,0.027,0.05,0.1104,0.04625,6,高峰
6/6/2020 22:00,3790 ,1.01816,0.027,0.05,0.1104,0.04625,6,高峰
6/6/2020 23:00,3791 ,0.28981,0.027,0.05,0.1104,0.04625,6,低谷
6/7/2020 0:00,3792 ,0.28981,0.027,0.05,0.1104,0.04625,6,低谷
6/7/2020 1:00,3793 ,0.28981,0.027,0.05,0.1104,0.04625,6,低谷
6/7/2020 2:00,3794 ,0.28981,0.027,0.05,0.1104,0.04625,6,低谷
6/7/2020 3:00,3795 ,0.28981,0.027,0.05,0.1104,0.04625,6,低谷
6/7/2020 4:00,3796 ,0.28981,0.027,0.05,0.1104,0.04625,6,低谷
6/7/2020 5:00,3797 ,0.28981,0.027,0.05,0.1104,0.04625,6,低谷
6/7/2020 6:00,3798 ,0.28981,0.027,0.05,0.1104,0.04625,6,低谷
6/7/2020 7:00,3799 ,0.8122,0.027,0.05,0.1104,0.04625,6,平时
6/7/2020 8:00,3800 ,0.8122,0.027,0.05,0.1104,0.04625,6,平时
6/7/2020 9:00,3801 ,0.8122,0.027,0.05,0.1104,0.04625,6,平时
6/7/2020 10:00,3802 ,0.8122,0.027,0.05,0.1104,0.04625,6,平时
6/7/2020 11:00,3803 ,1.01816,0.027,0.05,0.1104,0.04625,6,高峰
6/7/2020 12:00,3804 ,1.01816,0.027,0.05,0.1104,0.04625,6,高峰
6/7/2020 13:00,3805 ,1.01816,0.027,0.05,0.1104,0.04625,6,高峰
6/7/2020 14:00,3806 ,0.8122,0.027,0.05,0.1104,0.04625,6,平时
6/7/2020 15:00,3807 ,0.8122,0.027,0.05,0.1104,0.04625,6,平时
6/7/2020 16:00,3808 ,0.8122,0.027,0.05,0.1104,0.04625,6,平时
6/7/2020 17:00,3809 ,0.8122,0.027,0.05,0.1104,0.04625,6,平时
6/7/2020 18:00,3810 ,1.01816,0.027,0.05,0.1104,0.04625,6,高峰
6/7/2020 19:00,3811 ,1.01816,0.027,0.05,0.1104,0.04625,6,高峰
6/7/2020 20:00,3812 ,1.01816,0.027,0.05,0.1104,0.04625,6,高峰
6/7/2020 21:00,3813 ,1.01816,0.027,0.05,0.1104,0.04625,6,高峰
6/7/2020 22:00,3814 ,1.01816,0.027,0.05,0.1104,0.04625,6,高峰
6/7/2020 23:00,3815 ,0.28981,0.027,0.05,0.1104,0.04625,6,低谷
6/8/2020 0:00,3816 ,0.28981,0.027,0.05,0.1104,0.04625,6,低谷
6/8/2020 1:00,3817 ,0.28981,0.027,0.05,0.1104,0.04625,6,低谷
6/8/2020 2:00,3818 ,0.28981,0.027,0.05,0.1104,0.04625,6,低谷
6/8/2020 3:00,3819 ,0.28981,0.027,0.05,0.1104,0.04625,6,低谷
6/8/2020 4:00,3820 ,0.28981,0.027,0.05,0.1104,0.04625,6,低谷
6/8/2020 5:00,3821 ,0.28981,0.027,0.05,0.1104,0.04625,6,低谷
6/8/2020 6:00,3822 ,0.28981,0.027,0.05,0.1104,0.04625,6,低谷
6/8/2020 7:00,3823 ,0.8122,0.027,0.05,0.1104,0.04625,6,平时
6/8/2020 8:00,3824 ,0.8122,0.027,0.05,0.1104,0.04625,6,平时
6/8/2020 9:00,3825 ,0.8122,0.027,0.05,0.1104,0.04625,6,平时
6/8/2020 10:00,3826 ,0.8122,0.027,0.05,0.1104,0.04625,6,平时
6/8/2020 11:00,3827 ,1.01816,0.027,0.05,0.1104,0.04625,6,高峰
6/8/2020 12:00,3828 ,1.01816,0.027,0.05,0.1104,0.04625,6,高峰
6/8/2020 13:00,3829 ,1.01816,0.027,0.05,0.1104,0.04625,6,高峰
6/8/2020 14:00,3830 ,0.8122,0.027,0.05,0.1104,0.04625,6,平时
6/8/2020 15:00,3831 ,0.8122,0.027,0.05,0.1104,0.04625,6,平时
6/8/2020 16:00,3832 ,0.8122,0.027,0.05,0.1104,0.04625,6,平时
6/8/2020 17:00,3833 ,0.8122,0.027,0.05,0.1104,0.04625,6,平时
6/8/2020 18:00,3834 ,1.01816,0.027,0.05,0.1104,0.04625,6,高峰
6/8/2020 19:00,3835 ,1.01816,0.027,0.05,0.1104,0.04625,6,高峰
6/8/2020 20:00,3836 ,1.01816,0.027,0.05,0.1104,0.04625,6,高峰
6/8/2020 21:00,3837 ,1.01816,0.027,0.05,0.1104,0.04625,6,高峰
6/8/2020 22:00,3838 ,1.01816,0.027,0.05,0.1104,0.04625,6,高峰
6/8/2020 23:00,3839 ,0.28981,0.027,0.05,0.1104,0.04625,6,低谷
6/9/2020 0:00,3840 ,0.28981,0.027,0.05,0.1104,0.04625,6,低谷
6/9/2020 1:00,3841 ,0.28981,0.027,0.05,0.1104,0.04625,6,低谷
6/9/2020 2:00,3842 ,0.28981,0.027,0.05,0.1104,0.04625,6,低谷
6/9/2020 3:00,3843 ,0.28981,0.027,0.05,0.1104,0.04625,6,低谷
6/9/2020 4:00,3844 ,0.28981,0.027,0.05,0.1104,0.04625,6,低谷
6/9/2020 5:00,3845 ,0.28981,0.027,0.05,0.1104,0.04625,6,低谷
6/9/2020 6:00,3846 ,0.28981,0.027,0.05,0.1104,0.04625,6,低谷
6/9/2020 7:00,3847 ,0.8122,0.027,0.05,0.1104,0.04625,6,平时
6/9/2020 8:00,3848 ,0.8122,0.027,0.05,0.1104,0.04625,6,平时
6/9/2020 9:00,3849 ,0.8122,0.027,0.05,0.1104,0.04625,6,平时
6/9/2020 10:00,3850 ,0.8122,0.027,0.05,0.1104,0.04625,6,平时
6/9/2020 11:00,3851 ,1.01816,0.027,0.05,0.1104,0.04625,6,高峰
6/9/2020 12:00,3852 ,1.01816,0.027,0.05,0.1104,0.04625,6,高峰
6/9/2020 13:00,3853 ,1.01816,0.027,0.05,0.1104,0.04625,6,高峰
6/9/2020 14:00,3854 ,0.8122,0.027,0.05,0.1104,0.04625,6,平时
6/9/2020 15:00,3855 ,0.8122,0.027,0.05,0.1104,0.04625,6,平时
6/9/2020 16:00,3856 ,0.8122,0.027,0.05,0.1104,0.04625,6,平时
6/9/2020 17:00,3857 ,0.8122,0.027,0.05,0.1104,0.04625,6,平时
6/9/2020 18:00,3858 ,1.01816,0.027,0.05,0.1104,0.04625,6,高峰
6/9/2020 19:00,3859 ,1.01816,0.027,0.05,0.1104,0.04625,6,高峰
6/9/2020 20:00,3860 ,1.01816,0.027,0.05,0.1104,0.04625,6,高峰
6/9/2020 21:00,3861 ,1.01816,0.027,0.05,0.1104,0.04625,6,高峰
6/9/2020 22:00,3862 ,1.01816,0.027,0.05,0.1104,0.04625,6,高峰
6/9/2020 23:00,3863 ,0.28981,0.027,0.05,0.1104,0.04625,6,低谷
6/10/2020 0:00,3864 ,0.28981,0.027,0.05,0.1104,0.04625,6,低谷
6/10/2020 1:00,3865 ,0.28981,0.027,0.05,0.1104,0.04625,6,低谷
6/10/2020 2:00,3866 ,0.28981,0.027,0.05,0.1104,0.04625,6,低谷
6/10/2020 3:00,3867 ,0.28981,0.027,0.05,0.1104,0.04625,6,低谷
6/10/2020 4:00,3868 ,0.28981,0.027,0.05,0.1104,0.04625,6,低谷
6/10/2020 5:00,3869 ,0.28981,0.027,0.05,0.1104,0.04625,6,低谷
6/10/2020 6:00,3870 ,0.28981,0.027,0.05,0.1104,0.04625,6,低谷
6/10/2020 7:00,3871 ,0.8122,0.027,0.05,0.1104,0.04625,6,平时
6/10/2020 8:00,3872 ,0.8122,0.027,0.05,0.1104,0.04625,6,平时
6/10/2020 9:00,3873 ,0.8122,0.027,0.05,0.1104,0.04625,6,平时
6/10/2020 10:00,3874 ,0.8122,0.027,0.05,0.1104,0.04625,6,平时
6/10/2020 11:00,3875 ,1.01816,0.027,0.05,0.1104,0.04625,6,高峰
6/10/2020 12:00,3876 ,1.01816,0.027,0.05,0.1104,0.04625,6,高峰
6/10/2020 13:00,3877 ,1.01816,0.027,0.05,0.1104,0.04625,6,高峰
6/10/2020 14:00,3878 ,0.8122,0.027,0.05,0.1104,0.04625,6,平时
6/10/2020 15:00,3879 ,0.8122,0.027,0.05,0.1104,0.04625,6,平时
6/10/2020 16:00,3880 ,0.8122,0.027,0.05,0.1104,0.04625,6,平时
6/10/2020 17:00,3881 ,0.8122,0.027,0.05,0.1104,0.04625,6,平时
6/10/2020 18:00,3882 ,1.01816,0.027,0.05,0.1104,0.04625,6,高峰
6/10/2020 19:00,3883 ,1.01816,0.027,0.05,0.1104,0.04625,6,高峰
6/10/2020 20:00,3884 ,1.01816,0.027,0.05,0.1104,0.04625,6,高峰
6/10/2020 21:00,3885 ,1.01816,0.027,0.05,0.1104,0.04625,6,高峰
6/10/2020 22:00,3886 ,1.01816,0.027,0.05,0.1104,0.04625,6,高峰
6/10/2020 23:00,3887 ,0.28981,0.027,0.05,0.1104,0.04625,6,低谷
6/11/2020 0:00,3888 ,0.28981,0.027,0.05,0.1104,0.04625,6,低谷
6/11/2020 1:00,3889 ,0.28981,0.027,0.05,0.1104,0.04625,6,低谷
6/11/2020 2:00,3890 ,0.28981,0.027,0.05,0.1104,0.04625,6,低谷
6/11/2020 3:00,3891 ,0.28981,0.027,0.05,0.1104,0.04625,6,低谷
6/11/2020 4:00,3892 ,0.28981,0.027,0.05,0.1104,0.04625,6,低谷
6/11/2020 5:00,3893 ,0.28981,0.027,0.05,0.1104,0.04625,6,低谷
6/11/2020 6:00,3894 ,0.28981,0.027,0.05,0.1104,0.04625,6,低谷
6/11/2020 7:00,3895 ,0.8122,0.027,0.05,0.1104,0.04625,6,平时
6/11/2020 8:00,3896 ,0.8122,0.027,0.05,0.1104,0.04625,6,平时
6/11/2020 9:00,3897 ,0.8122,0.027,0.05,0.1104,0.04625,6,平时
6/11/2020 10:00,3898 ,0.8122,0.027,0.05,0.1104,0.04625,6,平时
6/11/2020 11:00,3899 ,1.01816,0.027,0.05,0.1104,0.04625,6,高峰
6/11/2020 12:00,3900 ,1.01816,0.027,0.05,0.1104,0.04625,6,高峰
6/11/2020 13:00,3901 ,1.01816,0.027,0.05,0.1104,0.04625,6,高峰
6/11/2020 14:00,3902 ,0.8122,0.027,0.05,0.1104,0.04625,6,平时
6/11/2020 15:00,3903 ,0.8122,0.027,0.05,0.1104,0.04625,6,平时
6/11/2020 16:00,3904 ,0.8122,0.027,0.05,0.1104,0.04625,6,平时
6/11/2020 17:00,3905 ,0.8122,0.027,0.05,0.1104,0.04625,6,平时
6/11/2020 18:00,3906 ,1.01816,0.027,0.05,0.1104,0.04625,6,高峰
6/11/2020 19:00,3907 ,1.01816,0.027,0.05,0.1104,0.04625,6,高峰
6/11/2020 20:00,3908 ,1.01816,0.027,0.05,0.1104,0.04625,6,高峰
6/11/2020 21:00,3909 ,1.01816,0.027,0.05,0.1104,0.04625,6,高峰
6/11/2020 22:00,3910 ,1.01816,0.027,0.05,0.1104,0.04625,6,高峰
6/11/2020 23:00,3911 ,0.28981,0.027,0.05,0.1104,0.04625,6,低谷
6/12/2020 0:00,3912 ,0.28981,0.027,0.05,0.1104,0.04625,6,低谷
6/12/2020 1:00,3913 ,0.28981,0.027,0.05,0.1104,0.04625,6,低谷
6/12/2020 2:00,3914 ,0.28981,0.027,0.05,0.1104,0.04625,6,低谷
6/12/2020 3:00,3915 ,0.28981,0.027,0.05,0.1104,0.04625,6,低谷
6/12/2020 4:00,3916 ,0.28981,0.027,0.05,0.1104,0.04625,6,低谷
6/12/2020 5:00,3917 ,0.28981,0.027,0.05,0.1104,0.04625,6,低谷
6/12/2020 6:00,3918 ,0.28981,0.027,0.05,0.1104,0.04625,6,低谷
6/12/2020 7:00,3919 ,0.8122,0.027,0.05,0.1104,0.04625,6,平时
6/12/2020 8:00,3920 ,0.8122,0.027,0.05,0.1104,0.04625,6,平时
6/12/2020 9:00,3921 ,0.8122,0.027,0.05,0.1104,0.04625,6,平时
6/12/2020 10:00,3922 ,0.8122,0.027,0.05,0.1104,0.04625,6,平时
6/12/2020 11:00,3923 ,1.01816,0.027,0.05,0.1104,0.04625,6,高峰
6/12/2020 12:00,3924 ,1.01816,0.027,0.05,0.1104,0.04625,6,高峰
6/12/2020 13:00,3925 ,1.01816,0.027,0.05,0.1104,0.04625,6,高峰
6/12/2020 14:00,3926 ,0.8122,0.027,0.05,0.1104,0.04625,6,平时
6/12/2020 15:00,3927 ,0.8122,0.027,0.05,0.1104,0.04625,6,平时
6/12/2020 16:00,3928 ,0.8122,0.027,0.05,0.1104,0.04625,6,平时
6/12/2020 17:00,3929 ,0.8122,0.027,0.05,0.1104,0.04625,6,平时
6/12/2020 18:00,3930 ,1.01816,0.027,0.05,0.1104,0.04625,6,高峰
6/12/2020 19:00,3931 ,1.01816,0.027,0.05,0.1104,0.04625,6,高峰
6/12/2020 20:00,3932 ,1.01816,0.027,0.05,0.1104,0.04625,6,高峰
6/12/2020 21:00,3933 ,1.01816,0.027,0.05,0.1104,0.04625,6,高峰
6/12/2020 22:00,3934 ,1.01816,0.027,0.05,0.1104,0.04625,6,高峰
6/12/2020 23:00,3935 ,0.28981,0.027,0.05,0.1104,0.04625,6,低谷
6/13/2020 0:00,3936 ,0.28981,0.027,0.05,0.1104,0.04625,6,低谷
6/13/2020 1:00,3937 ,0.28981,0.027,0.05,0.1104,0.04625,6,低谷
6/13/2020 2:00,3938 ,0.28981,0.027,0.05,0.1104,0.04625,6,低谷
6/13/2020 3:00,3939 ,0.28981,0.027,0.05,0.1104,0.04625,6,低谷
6/13/2020 4:00,3940 ,0.28981,0.027,0.05,0.1104,0.04625,6,低谷
6/13/2020 5:00,3941 ,0.28981,0.027,0.05,0.1104,0.04625,6,低谷
6/13/2020 6:00,3942 ,0.28981,0.027,0.05,0.1104,0.04625,6,低谷
6/13/2020 7:00,3943 ,0.8122,0.027,0.05,0.1104,0.04625,6,平时
6/13/2020 8:00,3944 ,0.8122,0.027,0.05,0.1104,0.04625,6,平时
6/13/2020 9:00,3945 ,0.8122,0.027,0.05,0.1104,0.04625,6,平时
6/13/2020 10:00,3946 ,0.8122,0.027,0.05,0.1104,0.04625,6,平时
6/13/2020 11:00,3947 ,1.01816,0.027,0.05,0.1104,0.04625,6,高峰
6/13/2020 12:00,3948 ,1.01816,0.027,0.05,0.1104,0.04625,6,高峰
6/13/2020 13:00,3949 ,1.01816,0.027,0.05,0.1104,0.04625,6,高峰
6/13/2020 14:00,3950 ,0.8122,0.027,0.05,0.1104,0.04625,6,平时
6/13/2020 15:00,3951 ,0.8122,0.027,0.05,0.1104,0.04625,6,平时
6/13/2020 16:00,3952 ,0.8122,0.027,0.05,0.1104,0.04625,6,平时
6/13/2020 17:00,3953 ,0.8122,0.027,0.05,0.1104,0.04625,6,平时
6/13/2020 18:00,3954 ,1.01816,0.027,0.05,0.1104,0.04625,6,高峰
6/13/2020 19:00,3955 ,1.01816,0.027,0.05,0.1104,0.04625,6,高峰
6/13/2020 20:00,3956 ,1.01816,0.027,0.05,0.1104,0.04625,6,高峰
6/13/2020 21:00,3957 ,1.01816,0.027,0.05,0.1104,0.04625,6,高峰
6/13/2020 22:00,3958 ,1.01816,0.027,0.05,0.1104,0.04625,6,高峰
6/13/2020 23:00,3959 ,0.28981,0.027,0.05,0.1104,0.04625,6,低谷
6/14/2020 0:00,3960 ,0.28981,0.027,0.05,0.1104,0.04625,6,低谷
6/14/2020 1:00,3961 ,0.28981,0.027,0.05,0.1104,0.04625,6,低谷
6/14/2020 2:00,3962 ,0.28981,0.027,0.05,0.1104,0.04625,6,低谷
6/14/2020 3:00,3963 ,0.28981,0.027,0.05,0.1104,0.04625,6,低谷
6/14/2020 4:00,3964 ,0.28981,0.027,0.05,0.1104,0.04625,6,低谷
6/14/2020 5:00,3965 ,0.28981,0.027,0.05,0.1104,0.04625,6,低谷
6/14/2020 6:00,3966 ,0.28981,0.027,0.05,0.1104,0.04625,6,低谷
6/14/2020 7:00,3967 ,0.8122,0.027,0.05,0.1104,0.04625,6,平时
6/14/2020 8:00,3968 ,0.8122,0.027,0.05,0.1104,0.04625,6,平时
6/14/2020 9:00,3969 ,0.8122,0.027,0.05,0.1104,0.04625,6,平时
6/14/2020 10:00,3970 ,0.8122,0.027,0.05,0.1104,0.04625,6,平时
6/14/2020 11:00,3971 ,1.01816,0.027,0.05,0.1104,0.04625,6,高峰
6/14/2020 12:00,3972 ,1.01816,0.027,0.05,0.1104,0.04625,6,高峰
6/14/2020 13:00,3973 ,1.01816,0.027,0.05,0.1104,0.04625,6,高峰
6/14/2020 14:00,3974 ,0.8122,0.027,0.05,0.1104,0.04625,6,平时
6/14/2020 15:00,3975 ,0.8122,0.027,0.05,0.1104,0.04625,6,平时
6/14/2020 16:00,3976 ,0.8122,0.027,0.05,0.1104,0.04625,6,平时
6/14/2020 17:00,3977 ,0.8122,0.027,0.05,0.1104,0.04625,6,平时
6/14/2020 18:00,3978 ,1.01816,0.027,0.05,0.1104,0.04625,6,高峰
6/14/2020 19:00,3979 ,1.01816,0.027,0.05,0.1104,0.04625,6,高峰
6/14/2020 20:00,3980 ,1.01816,0.027,0.05,0.1104,0.04625,6,高峰
6/14/2020 21:00,3981 ,1.01816,0.027,0.05,0.1104,0.04625,6,高峰
6/14/2020 22:00,3982 ,1.01816,0.027,0.05,0.1104,0.04625,6,高峰
6/14/2020 23:00,3983 ,0.28981,0.027,0.05,0.1104,0.04625,6,低谷
6/15/2020 0:00,3984 ,0.28981,0.027,0.05,0.1104,0.04625,6,低谷
6/15/2020 1:00,3985 ,0.28981,0.027,0.05,0.1104,0.04625,6,低谷
6/15/2020 2:00,3986 ,0.28981,0.027,0.05,0.1104,0.04625,6,低谷
6/15/2020 3:00,3987 ,0.28981,0.027,0.05,0.1104,0.04625,6,低谷
6/15/2020 4:00,3988 ,0.28981,0.027,0.05,0.1104,0.04625,6,低谷
6/15/2020 5:00,3989 ,0.28981,0.027,0.05,0.1104,0.04625,6,低谷
6/15/2020 6:00,3990 ,0.28981,0.027,0.05,0.1104,0.04625,6,低谷
6/15/2020 7:00,3991 ,0.8122,0.027,0.05,0.1104,0.04625,6,平时
6/15/2020 8:00,3992 ,0.8122,0.027,0.05,0.1104,0.04625,6,平时
6/15/2020 9:00,3993 ,0.8122,0.027,0.05,0.1104,0.04625,6,平时
6/15/2020 10:00,3994 ,0.8122,0.027,0.05,0.1104,0.04625,6,平时
6/15/2020 11:00,3995 ,1.01816,0.027,0.05,0.1104,0.04625,6,高峰
6/15/2020 12:00,3996 ,1.01816,0.027,0.05,0.1104,0.04625,6,高峰
6/15/2020 13:00,3997 ,1.01816,0.027,0.05,0.1104,0.04625,6,高峰
6/15/2020 14:00,3998 ,0.8122,0.027,0.05,0.1104,0.04625,6,平时
6/15/2020 15:00,3999 ,0.8122,0.027,0.05,0.1104,0.04625,6,平时
6/15/2020 16:00,4000 ,0.8122,0.027,0.05,0.1104,0.04625,6,平时
6/15/2020 17:00,4001 ,0.8122,0.027,0.05,0.1104,0.04625,6,平时
6/15/2020 18:00,4002 ,1.01816,0.027,0.05,0.1104,0.04625,6,高峰
6/15/2020 19:00,4003 ,1.01816,0.027,0.05,0.1104,0.04625,6,高峰
6/15/2020 20:00,4004 ,1.01816,0.027,0.05,0.1104,0.04625,6,高峰
6/15/2020 21:00,4005 ,1.01816,0.027,0.05,0.1104,0.04625,6,高峰
6/15/2020 22:00,4006 ,1.01816,0.027,0.05,0.1104,0.04625,6,高峰
6/15/2020 23:00,4007 ,0.28981,0.027,0.05,0.1104,0.04625,6,低谷
6/16/2020 0:00,4008 ,0.28981,0.027,0.05,0.1104,0.04625,6,低谷
6/16/2020 1:00,4009 ,0.28981,0.027,0.05,0.1104,0.04625,6,低谷
6/16/2020 2:00,4010 ,0.28981,0.027,0.05,0.1104,0.04625,6,低谷
6/16/2020 3:00,4011 ,0.28981,0.027,0.05,0.1104,0.04625,6,低谷
6/16/2020 4:00,4012 ,0.28981,0.027,0.05,0.1104,0.04625,6,低谷
6/16/2020 5:00,4013 ,0.28981,0.027,0.05,0.1104,0.04625,6,低谷
6/16/2020 6:00,4014 ,0.28981,0.027,0.05,0.1104,0.04625,6,低谷
6/16/2020 7:00,4015 ,0.8122,0.027,0.05,0.1104,0.04625,6,平时
6/16/2020 8:00,4016 ,0.8122,0.027,0.05,0.1104,0.04625,6,平时
6/16/2020 9:00,4017 ,0.8122,0.027,0.05,0.1104,0.04625,6,平时
6/16/2020 10:00,4018 ,0.8122,0.027,0.05,0.1104,0.04625,6,平时
6/16/2020 11:00,4019 ,1.01816,0.027,0.05,0.1104,0.04625,6,高峰
6/16/2020 12:00,4020 ,1.01816,0.027,0.05,0.1104,0.04625,6,高峰
6/16/2020 13:00,4021 ,1.01816,0.027,0.05,0.1104,0.04625,6,高峰
6/16/2020 14:00,4022 ,0.8122,0.027,0.05,0.1104,0.04625,6,平时
6/16/2020 15:00,4023 ,0.8122,0.027,0.05,0.1104,0.04625,6,平时
6/16/2020 16:00,4024 ,0.8122,0.027,0.05,0.1104,0.04625,6,平时
6/16/2020 17:00,4025 ,0.8122,0.027,0.05,0.1104,0.04625,6,平时
6/16/2020 18:00,4026 ,1.01816,0.027,0.05,0.1104,0.04625,6,高峰
6/16/2020 19:00,4027 ,1.01816,0.027,0.05,0.1104,0.04625,6,高峰
6/16/2020 20:00,4028 ,1.01816,0.027,0.05,0.1104,0.04625,6,高峰
6/16/2020 21:00,4029 ,1.01816,0.027,0.05,0.1104,0.04625,6,高峰
6/16/2020 22:00,4030 ,1.01816,0.027,0.05,0.1104,0.04625,6,高峰
6/16/2020 23:00,4031 ,0.28981,0.027,0.05,0.1104,0.04625,6,低谷
6/17/2020 0:00,4032 ,0.28981,0.027,0.05,0.1104,0.04625,6,低谷
6/17/2020 1:00,4033 ,0.28981,0.027,0.05,0.1104,0.04625,6,低谷
6/17/2020 2:00,4034 ,0.28981,0.027,0.05,0.1104,0.04625,6,低谷
6/17/2020 3:00,4035 ,0.28981,0.027,0.05,0.1104,0.04625,6,低谷
6/17/2020 4:00,4036 ,0.28981,0.027,0.05,0.1104,0.04625,6,低谷
6/17/2020 5:00,4037 ,0.28981,0.027,0.05,0.1104,0.04625,6,低谷
6/17/2020 6:00,4038 ,0.28981,0.027,0.05,0.1104,0.04625,6,低谷
6/17/2020 7:00,4039 ,0.8122,0.027,0.05,0.1104,0.04625,6,平时
6/17/2020 8:00,4040 ,0.8122,0.027,0.05,0.1104,0.04625,6,平时
6/17/2020 9:00,4041 ,0.8122,0.027,0.05,0.1104,0.04625,6,平时
6/17/2020 10:00,4042 ,0.8122,0.027,0.05,0.1104,0.04625,6,平时
6/17/2020 11:00,4043 ,1.01816,0.027,0.05,0.1104,0.04625,6,高峰
6/17/2020 12:00,4044 ,1.01816,0.027,0.05,0.1104,0.04625,6,高峰
6/17/2020 13:00,4045 ,1.01816,0.027,0.05,0.1104,0.04625,6,高峰
6/17/2020 14:00,4046 ,0.8122,0.027,0.05,0.1104,0.04625,6,平时
6/17/2020 15:00,4047 ,0.8122,0.027,0.05,0.1104,0.04625,6,平时
6/17/2020 16:00,4048 ,0.8122,0.027,0.05,0.1104,0.04625,6,平时
6/17/2020 17:00,4049 ,0.8122,0.027,0.05,0.1104,0.04625,6,平时
6/17/2020 18:00,4050 ,1.01816,0.027,0.05,0.1104,0.04625,6,高峰
6/17/2020 19:00,4051 ,1.01816,0.027,0.05,0.1104,0.04625,6,高峰
6/17/2020 20:00,4052 ,1.01816,0.027,0.05,0.1104,0.04625,6,高峰
6/17/2020 21:00,4053 ,1.01816,0.027,0.05,0.1104,0.04625,6,高峰
6/17/2020 22:00,4054 ,1.01816,0.027,0.05,0.1104,0.04625,6,高峰
6/17/2020 23:00,4055 ,0.28981,0.027,0.05,0.1104,0.04625,6,低谷
6/18/2020 0:00,4056 ,0.28981,0.027,0.05,0.1104,0.04625,6,低谷
6/18/2020 1:00,4057 ,0.28981,0.027,0.05,0.1104,0.04625,6,低谷
6/18/2020 2:00,4058 ,0.28981,0.027,0.05,0.1104,0.04625,6,低谷
6/18/2020 3:00,4059 ,0.28981,0.027,0.05,0.1104,0.04625,6,低谷
6/18/2020 4:00,4060 ,0.28981,0.027,0.05,0.1104,0.04625,6,低谷
6/18/2020 5:00,4061 ,0.28981,0.027,0.05,0.1104,0.04625,6,低谷
6/18/2020 6:00,4062 ,0.28981,0.027,0.05,0.1104,0.04625,6,低谷
6/18/2020 7:00,4063 ,0.8122,0.027,0.05,0.1104,0.04625,6,平时
6/18/2020 8:00,4064 ,0.8122,0.027,0.05,0.1104,0.04625,6,平时
6/18/2020 9:00,4065 ,0.8122,0.027,0.05,0.1104,0.04625,6,平时
6/18/2020 10:00,4066 ,0.8122,0.027,0.05,0.1104,0.04625,6,平时
6/18/2020 11:00,4067 ,1.01816,0.027,0.05,0.1104,0.04625,6,高峰
6/18/2020 12:00,4068 ,1.01816,0.027,0.05,0.1104,0.04625,6,高峰
6/18/2020 13:00,4069 ,1.01816,0.027,0.05,0.1104,0.04625,6,高峰
6/18/2020 14:00,4070 ,0.8122,0.027,0.05,0.1104,0.04625,6,平时
6/18/2020 15:00,4071 ,0.8122,0.027,0.05,0.1104,0.04625,6,平时
6/18/2020 16:00,4072 ,0.8122,0.027,0.05,0.1104,0.04625,6,平时
6/18/2020 17:00,4073 ,0.8122,0.027,0.05,0.1104,0.04625,6,平时
6/18/2020 18:00,4074 ,1.01816,0.027,0.05,0.1104,0.04625,6,高峰
6/18/2020 19:00,4075 ,1.01816,0.027,0.05,0.1104,0.04625,6,高峰
6/18/2020 20:00,4076 ,1.01816,0.027,0.05,0.1104,0.04625,6,高峰
6/18/2020 21:00,4077 ,1.01816,0.027,0.05,0.1104,0.04625,6,高峰
6/18/2020 22:00,4078 ,1.01816,0.027,0.05,0.1104,0.04625,6,高峰
6/18/2020 23:00,4079 ,0.28981,0.027,0.05,0.1104,0.04625,6,低谷
6/19/2020 0:00,4080 ,0.28981,0.027,0.05,0.1104,0.04625,6,低谷
6/19/2020 1:00,4081 ,0.28981,0.027,0.05,0.1104,0.04625,6,低谷
6/19/2020 2:00,4082 ,0.28981,0.027,0.05,0.1104,0.04625,6,低谷
6/19/2020 3:00,4083 ,0.28981,0.027,0.05,0.1104,0.04625,6,低谷
6/19/2020 4:00,4084 ,0.28981,0.027,0.05,0.1104,0.04625,6,低谷
6/19/2020 5:00,4085 ,0.28981,0.027,0.05,0.1104,0.04625,6,低谷
6/19/2020 6:00,4086 ,0.28981,0.027,0.05,0.1104,0.04625,6,低谷
6/19/2020 7:00,4087 ,0.8122,0.027,0.05,0.1104,0.04625,6,平时
6/19/2020 8:00,4088 ,0.8122,0.027,0.05,0.1104,0.04625,6,平时
6/19/2020 9:00,4089 ,0.8122,0.027,0.05,0.1104,0.04625,6,平时
6/19/2020 10:00,4090 ,0.8122,0.027,0.05,0.1104,0.04625,6,平时
6/19/2020 11:00,4091 ,1.01816,0.027,0.05,0.1104,0.04625,6,高峰
6/19/2020 12:00,4092 ,1.01816,0.027,0.05,0.1104,0.04625,6,高峰
6/19/2020 13:00,4093 ,1.01816,0.027,0.05,0.1104,0.04625,6,高峰
6/19/2020 14:00,4094 ,0.8122,0.027,0.05,0.1104,0.04625,6,平时
6/19/2020 15:00,4095 ,0.8122,0.027,0.05,0.1104,0.04625,6,平时
6/19/2020 16:00,4096 ,0.8122,0.027,0.05,0.1104,0.04625,6,平时
6/19/2020 17:00,4097 ,0.8122,0.027,0.05,0.1104,0.04625,6,平时
6/19/2020 18:00,4098 ,1.01816,0.027,0.05,0.1104,0.04625,6,高峰
6/19/2020 19:00,4099 ,1.01816,0.027,0.05,0.1104,0.04625,6,高峰
6/19/2020 20:00,4100 ,1.01816,0.027,0.05,0.1104,0.04625,6,高峰
6/19/2020 21:00,4101 ,1.01816,0.027,0.05,0.1104,0.04625,6,高峰
6/19/2020 22:00,4102 ,1.01816,0.027,0.05,0.1104,0.04625,6,高峰
6/19/2020 23:00,4103 ,0.28981,0.027,0.05,0.1104,0.04625,6,低谷
6/20/2020 0:00,4104 ,0.28981,0.027,0.05,0.1104,0.04625,6,低谷
6/20/2020 1:00,4105 ,0.28981,0.027,0.05,0.1104,0.04625,6,低谷
6/20/2020 2:00,4106 ,0.28981,0.027,0.05,0.1104,0.04625,6,低谷
6/20/2020 3:00,4107 ,0.28981,0.027,0.05,0.1104,0.04625,6,低谷
6/20/2020 4:00,4108 ,0.28981,0.027,0.05,0.1104,0.04625,6,低谷
6/20/2020 5:00,4109 ,0.28981,0.027,0.05,0.1104,0.04625,6,低谷
6/20/2020 6:00,4110 ,0.28981,0.027,0.05,0.1104,0.04625,6,低谷
6/20/2020 7:00,4111 ,0.8122,0.027,0.05,0.1104,0.04625,6,平时
6/20/2020 8:00,4112 ,0.8122,0.027,0.05,0.1104,0.04625,6,平时
6/20/2020 9:00,4113 ,0.8122,0.027,0.05,0.1104,0.04625,6,平时
6/20/2020 10:00,4114 ,0.8122,0.027,0.05,0.1104,0.04625,6,平时
6/20/2020 11:00,4115 ,1.01816,0.027,0.05,0.1104,0.04625,6,高峰
6/20/2020 12:00,4116 ,1.01816,0.027,0.05,0.1104,0.04625,6,高峰
6/20/2020 13:00,4117 ,1.01816,0.027,0.05,0.1104,0.04625,6,高峰
6/20/2020 14:00,4118 ,0.8122,0.027,0.05,0.1104,0.04625,6,平时
6/20/2020 15:00,4119 ,0.8122,0.027,0.05,0.1104,0.04625,6,平时
6/20/2020 16:00,4120 ,0.8122,0.027,0.05,0.1104,0.04625,6,平时
6/20/2020 17:00,4121 ,0.8122,0.027,0.05,0.1104,0.04625,6,平时
6/20/2020 18:00,4122 ,1.01816,0.027,0.05,0.1104,0.04625,6,高峰
6/20/2020 19:00,4123 ,1.01816,0.027,0.05,0.1104,0.04625,6,高峰
6/20/2020 20:00,4124 ,1.01816,0.027,0.05,0.1104,0.04625,6,高峰
6/20/2020 21:00,4125 ,1.01816,0.027,0.05,0.1104,0.04625,6,高峰
6/20/2020 22:00,4126 ,1.01816,0.027,0.05,0.1104,0.04625,6,高峰
6/20/2020 23:00,4127 ,0.28981,0.027,0.05,0.1104,0.04625,6,低谷
6/21/2020 0:00,4128 ,0.28981,0.027,0.05,0.1104,0.04625,6,低谷
6/21/2020 1:00,4129 ,0.28981,0.027,0.05,0.1104,0.04625,6,低谷
6/21/2020 2:00,4130 ,0.28981,0.027,0.05,0.1104,0.04625,6,低谷
6/21/2020 3:00,4131 ,0.28981,0.027,0.05,0.1104,0.04625,6,低谷
6/21/2020 4:00,4132 ,0.28981,0.027,0.05,0.1104,0.04625,6,低谷
6/21/2020 5:00,4133 ,0.28981,0.027,0.05,0.1104,0.04625,6,低谷
6/21/2020 6:00,4134 ,0.28981,0.027,0.05,0.1104,0.04625,6,低谷
6/21/2020 7:00,4135 ,0.8122,0.027,0.05,0.1104,0.04625,6,平时
6/21/2020 8:00,4136 ,0.8122,0.027,0.05,0.1104,0.04625,6,平时
6/21/2020 9:00,4137 ,0.8122,0.027,0.05,0.1104,0.04625,6,平时
6/21/2020 10:00,4138 ,0.8122,0.027,0.05,0.1104,0.04625,6,平时
6/21/2020 11:00,4139 ,1.01816,0.027,0.05,0.1104,0.04625,6,高峰
6/21/2020 12:00,4140 ,1.01816,0.027,0.05,0.1104,0.04625,6,高峰
6/21/2020 13:00,4141 ,1.01816,0.027,0.05,0.1104,0.04625,6,高峰
6/21/2020 14:00,4142 ,0.8122,0.027,0.05,0.1104,0.04625,6,平时
6/21/2020 15:00,4143 ,0.8122,0.027,0.05,0.1104,0.04625,6,平时
6/21/2020 16:00,4144 ,0.8122,0.027,0.05,0.1104,0.04625,6,平时
6/21/2020 17:00,4145 ,0.8122,0.027,0.05,0.1104,0.04625,6,平时
6/21/2020 18:00,4146 ,1.01816,0.027,0.05,0.1104,0.04625,6,高峰
6/21/2020 19:00,4147 ,1.01816,0.027,0.05,0.1104,0.04625,6,高峰
6/21/2020 20:00,4148 ,1.01816,0.027,0.05,0.1104,0.04625,6,高峰
6/21/2020 21:00,4149 ,1.01816,0.027,0.05,0.1104,0.04625,6,高峰
6/21/2020 22:00,4150 ,1.01816,0.027,0.05,0.1104,0.04625,6,高峰
6/21/2020 23:00,4151 ,0.28981,0.027,0.05,0.1104,0.04625,6,低谷
6/22/2020 0:00,4152 ,0.28981,0.027,0.05,0.1104,0.04625,6,低谷
6/22/2020 1:00,4153 ,0.28981,0.027,0.05,0.1104,0.04625,6,低谷
6/22/2020 2:00,4154 ,0.28981,0.027,0.05,0.1104,0.04625,6,低谷
6/22/2020 3:00,4155 ,0.28981,0.027,0.05,0.1104,0.04625,6,低谷
6/22/2020 4:00,4156 ,0.28981,0.027,0.05,0.1104,0.04625,6,低谷
6/22/2020 5:00,4157 ,0.28981,0.027,0.05,0.1104,0.04625,6,低谷
6/22/2020 6:00,4158 ,0.28981,0.027,0.05,0.1104,0.04625,6,低谷
6/22/2020 7:00,4159 ,0.8122,0.027,0.05,0.1104,0.04625,6,平时
6/22/2020 8:00,4160 ,0.8122,0.027,0.05,0.1104,0.04625,6,平时
6/22/2020 9:00,4161 ,0.8122,0.027,0.05,0.1104,0.04625,6,平时
6/22/2020 10:00,4162 ,0.8122,0.027,0.05,0.1104,0.04625,6,平时
6/22/2020 11:00,4163 ,1.01816,0.027,0.05,0.1104,0.04625,6,高峰
6/22/2020 12:00,4164 ,1.01816,0.027,0.05,0.1104,0.04625,6,高峰
6/22/2020 13:00,4165 ,1.01816,0.027,0.05,0.1104,0.04625,6,高峰
6/22/2020 14:00,4166 ,0.8122,0.027,0.05,0.1104,0.04625,6,平时
6/22/2020 15:00,4167 ,0.8122,0.027,0.05,0.1104,0.04625,6,平时
6/22/2020 16:00,4168 ,0.8122,0.027,0.05,0.1104,0.04625,6,平时
6/22/2020 17:00,4169 ,0.8122,0.027,0.05,0.1104,0.04625,6,平时
6/22/2020 18:00,4170 ,1.01816,0.027,0.05,0.1104,0.04625,6,高峰
6/22/2020 19:00,4171 ,1.01816,0.027,0.05,0.1104,0.04625,6,高峰
6/22/2020 20:00,4172 ,1.01816,0.027,0.05,0.1104,0.04625,6,高峰
6/22/2020 21:00,4173 ,1.01816,0.027,0.05,0.1104,0.04625,6,高峰
6/22/2020 22:00,4174 ,1.01816,0.027,0.05,0.1104,0.04625,6,高峰
6/22/2020 23:00,4175 ,0.28981,0.027,0.05,0.1104,0.04625,6,低谷
6/23/2020 0:00,4176 ,0.28981,0.027,0.05,0.1104,0.04625,6,低谷
6/23/2020 1:00,4177 ,0.28981,0.027,0.05,0.1104,0.04625,6,低谷
6/23/2020 2:00,4178 ,0.28981,0.027,0.05,0.1104,0.04625,6,低谷
6/23/2020 3:00,4179 ,0.28981,0.027,0.05,0.1104,0.04625,6,低谷
6/23/2020 4:00,4180 ,0.28981,0.027,0.05,0.1104,0.04625,6,低谷
6/23/2020 5:00,4181 ,0.28981,0.027,0.05,0.1104,0.04625,6,低谷
6/23/2020 6:00,4182 ,0.28981,0.027,0.05,0.1104,0.04625,6,低谷
6/23/2020 7:00,4183 ,0.8122,0.027,0.05,0.1104,0.04625,6,平时
6/23/2020 8:00,4184 ,0.8122,0.027,0.05,0.1104,0.04625,6,平时
6/23/2020 9:00,4185 ,0.8122,0.027,0.05,0.1104,0.04625,6,平时
6/23/2020 10:00,4186 ,0.8122,0.027,0.05,0.1104,0.04625,6,平时
6/23/2020 11:00,4187 ,1.01816,0.027,0.05,0.1104,0.04625,6,高峰
6/23/2020 12:00,4188 ,1.01816,0.027,0.05,0.1104,0.04625,6,高峰
6/23/2020 13:00,4189 ,1.01816,0.027,0.05,0.1104,0.04625,6,高峰
6/23/2020 14:00,4190 ,0.8122,0.027,0.05,0.1104,0.04625,6,平时
6/23/2020 15:00,4191 ,0.8122,0.027,0.05,0.1104,0.04625,6,平时
6/23/2020 16:00,4192 ,0.8122,0.027,0.05,0.1104,0.04625,6,平时
6/23/2020 17:00,4193 ,0.8122,0.027,0.05,0.1104,0.04625,6,平时
6/23/2020 18:00,4194 ,1.01816,0.027,0.05,0.1104,0.04625,6,高峰
6/23/2020 19:00,4195 ,1.01816,0.027,0.05,0.1104,0.04625,6,高峰
6/23/2020 20:00,4196 ,1.01816,0.027,0.05,0.1104,0.04625,6,高峰
6/23/2020 21:00,4197 ,1.01816,0.027,0.05,0.1104,0.04625,6,高峰
6/23/2020 22:00,4198 ,1.01816,0.027,0.05,0.1104,0.04625,6,高峰
6/23/2020 23:00,4199 ,0.28981,0.027,0.05,0.1104,0.04625,6,低谷
6/24/2020 0:00,4200 ,0.28981,0.027,0.05,0.1104,0.04625,6,低谷
6/24/2020 1:00,4201 ,0.28981,0.027,0.05,0.1104,0.04625,6,低谷
6/24/2020 2:00,4202 ,0.28981,0.027,0.05,0.1104,0.04625,6,低谷
6/24/2020 3:00,4203 ,0.28981,0.027,0.05,0.1104,0.04625,6,低谷
6/24/2020 4:00,4204 ,0.28981,0.027,0.05,0.1104,0.04625,6,低谷
6/24/2020 5:00,4205 ,0.28981,0.027,0.05,0.1104,0.04625,6,低谷
6/24/2020 6:00,4206 ,0.28981,0.027,0.05,0.1104,0.04625,6,低谷
6/24/2020 7:00,4207 ,0.8122,0.027,0.05,0.1104,0.04625,6,平时
6/24/2020 8:00,4208 ,0.8122,0.027,0.05,0.1104,0.04625,6,平时
6/24/2020 9:00,4209 ,0.8122,0.027,0.05,0.1104,0.04625,6,平时
6/24/2020 10:00,4210 ,0.8122,0.027,0.05,0.1104,0.04625,6,平时
6/24/2020 11:00,4211 ,1.01816,0.027,0.05,0.1104,0.04625,6,高峰
6/24/2020 12:00,4212 ,1.01816,0.027,0.05,0.1104,0.04625,6,高峰
6/24/2020 13:00,4213 ,1.01816,0.027,0.05,0.1104,0.04625,6,高峰
6/24/2020 14:00,4214 ,0.8122,0.027,0.05,0.1104,0.04625,6,平时
6/24/2020 15:00,4215 ,0.8122,0.027,0.05,0.1104,0.04625,6,平时
6/24/2020 16:00,4216 ,0.8122,0.027,0.05,0.1104,0.04625,6,平时
6/24/2020 17:00,4217 ,0.8122,0.027,0.05,0.1104,0.04625,6,平时
6/24/2020 18:00,4218 ,1.01816,0.027,0.05,0.1104,0.04625,6,高峰
6/24/2020 19:00,4219 ,1.01816,0.027,0.05,0.1104,0.04625,6,高峰
6/24/2020 20:00,4220 ,1.01816,0.027,0.05,0.1104,0.04625,6,高峰
6/24/2020 21:00,4221 ,1.01816,0.027,0.05,0.1104,0.04625,6,高峰
6/24/2020 22:00,4222 ,1.01816,0.027,0.05,0.1104,0.04625,6,高峰
6/24/2020 23:00,4223 ,0.28981,0.027,0.05,0.1104,0.04625,6,低谷
6/25/2020 0:00,4224 ,0.28981,0.027,0.05,0.1104,0.04625,6,低谷
6/25/2020 1:00,4225 ,0.28981,0.027,0.05,0.1104,0.04625,6,低谷
6/25/2020 2:00,4226 ,0.28981,0.027,0.05,0.1104,0.04625,6,低谷
6/25/2020 3:00,4227 ,0.28981,0.027,0.05,0.1104,0.04625,6,低谷
6/25/2020 4:00,4228 ,0.28981,0.027,0.05,0.1104,0.04625,6,低谷
6/25/2020 5:00,4229 ,0.28981,0.027,0.05,0.1104,0.04625,6,低谷
6/25/2020 6:00,4230 ,0.28981,0.027,0.05,0.1104,0.04625,6,低谷
6/25/2020 7:00,4231 ,0.8122,0.027,0.05,0.1104,0.04625,6,平时
6/25/2020 8:00,4232 ,0.8122,0.027,0.05,0.1104,0.04625,6,平时
6/25/2020 9:00,4233 ,0.8122,0.027,0.05,0.1104,0.04625,6,平时
6/25/2020 10:00,4234 ,0.8122,0.027,0.05,0.1104,0.04625,6,平时
6/25/2020 11:00,4235 ,1.01816,0.027,0.05,0.1104,0.04625,6,高峰
6/25/2020 12:00,4236 ,1.01816,0.027,0.05,0.1104,0.04625,6,高峰
6/25/2020 13:00,4237 ,1.01816,0.027,0.05,0.1104,0.04625,6,高峰
6/25/2020 14:00,4238 ,0.8122,0.027,0.05,0.1104,0.04625,6,平时
6/25/2020 15:00,4239 ,0.8122,0.027,0.05,0.1104,0.04625,6,平时
6/25/2020 16:00,4240 ,0.8122,0.027,0.05,0.1104,0.04625,6,平时
6/25/2020 17:00,4241 ,0.8122,0.027,0.05,0.1104,0.04625,6,平时
6/25/2020 18:00,4242 ,1.01816,0.027,0.05,0.1104,0.04625,6,高峰
6/25/2020 19:00,4243 ,1.01816,0.027,0.05,0.1104,0.04625,6,高峰
6/25/2020 20:00,4244 ,1.01816,0.027,0.05,0.1104,0.04625,6,高峰
6/25/2020 21:00,4245 ,1.01816,0.027,0.05,0.1104,0.04625,6,高峰
6/25/2020 22:00,4246 ,1.01816,0.027,0.05,0.1104,0.04625,6,高峰
6/25/2020 23:00,4247 ,0.28981,0.027,0.05,0.1104,0.04625,6,低谷
6/26/2020 0:00,4248 ,0.28981,0.027,0.05,0.1104,0.04625,6,低谷
6/26/2020 1:00,4249 ,0.28981,0.027,0.05,0.1104,0.04625,6,低谷
6/26/2020 2:00,4250 ,0.28981,0.027,0.05,0.1104,0.04625,6,低谷
6/26/2020 3:00,4251 ,0.28981,0.027,0.05,0.1104,0.04625,6,低谷
6/26/2020 4:00,4252 ,0.28981,0.027,0.05,0.1104,0.04625,6,低谷
6/26/2020 5:00,4253 ,0.28981,0.027,0.05,0.1104,0.04625,6,低谷
6/26/2020 6:00,4254 ,0.28981,0.027,0.05,0.1104,0.04625,6,低谷
6/26/2020 7:00,4255 ,0.8122,0.027,0.05,0.1104,0.04625,6,平时
6/26/2020 8:00,4256 ,0.8122,0.027,0.05,0.1104,0.04625,6,平时
6/26/2020 9:00,4257 ,0.8122,0.027,0.05,0.1104,0.04625,6,平时
6/26/2020 10:00,4258 ,0.8122,0.027,0.05,0.1104,0.04625,6,平时
6/26/2020 11:00,4259 ,1.01816,0.027,0.05,0.1104,0.04625,6,高峰
6/26/2020 12:00,4260 ,1.01816,0.027,0.05,0.1104,0.04625,6,高峰
6/26/2020 13:00,4261 ,1.01816,0.027,0.05,0.1104,0.04625,6,高峰
6/26/2020 14:00,4262 ,0.8122,0.027,0.05,0.1104,0.04625,6,平时
6/26/2020 15:00,4263 ,0.8122,0.027,0.05,0.1104,0.04625,6,平时
6/26/2020 16:00,4264 ,0.8122,0.027,0.05,0.1104,0.04625,6,平时
6/26/2020 17:00,4265 ,0.8122,0.027,0.05,0.1104,0.04625,6,平时
6/26/2020 18:00,4266 ,1.01816,0.027,0.05,0.1104,0.04625,6,高峰
6/26/2020 19:00,4267 ,1.01816,0.027,0.05,0.1104,0.04625,6,高峰
6/26/2020 20:00,4268 ,1.01816,0.027,0.05,0.1104,0.04625,6,高峰
6/26/2020 21:00,4269 ,1.01816,0.027,0.05,0.1104,0.04625,6,高峰
6/26/2020 22:00,4270 ,1.01816,0.027,0.05,0.1104,0.04625,6,高峰
6/26/2020 23:00,4271 ,0.28981,0.027,0.05,0.1104,0.04625,6,低谷
6/27/2020 0:00,4272 ,0.28981,0.027,0.05,0.1104,0.04625,6,低谷
6/27/2020 1:00,4273 ,0.28981,0.027,0.05,0.1104,0.04625,6,低谷
6/27/2020 2:00,4274 ,0.28981,0.027,0.05,0.1104,0.04625,6,低谷
6/27/2020 3:00,4275 ,0.28981,0.027,0.05,0.1104,0.04625,6,低谷
6/27/2020 4:00,4276 ,0.28981,0.027,0.05,0.1104,0.04625,6,低谷
6/27/2020 5:00,4277 ,0.28981,0.027,0.05,0.1104,0.04625,6,低谷
6/27/2020 6:00,4278 ,0.28981,0.027,0.05,0.1104,0.04625,6,低谷
6/27/2020 7:00,4279 ,0.8122,0.027,0.05,0.1104,0.04625,6,平时
6/27/2020 8:00,4280 ,0.8122,0.027,0.05,0.1104,0.04625,6,平时
6/27/2020 9:00,4281 ,0.8122,0.027,0.05,0.1104,0.04625,6,平时
6/27/2020 10:00,4282 ,0.8122,0.027,0.05,0.1104,0.04625,6,平时
6/27/2020 11:00,4283 ,1.01816,0.027,0.05,0.1104,0.04625,6,高峰
6/27/2020 12:00,4284 ,1.01816,0.027,0.05,0.1104,0.04625,6,高峰
6/27/2020 13:00,4285 ,1.01816,0.027,0.05,0.1104,0.04625,6,高峰
6/27/2020 14:00,4286 ,0.8122,0.027,0.05,0.1104,0.04625,6,平时
6/27/2020 15:00,4287 ,0.8122,0.027,0.05,0.1104,0.04625,6,平时
6/27/2020 16:00,4288 ,0.8122,0.027,0.05,0.1104,0.04625,6,平时
6/27/2020 17:00,4289 ,0.8122,0.027,0.05,0.1104,0.04625,6,平时
6/27/2020 18:00,4290 ,1.01816,0.027,0.05,0.1104,0.04625,6,高峰
6/27/2020 19:00,4291 ,1.01816,0.027,0.05,0.1104,0.04625,6,高峰
6/27/2020 20:00,4292 ,1.01816,0.027,0.05,0.1104,0.04625,6,高峰
6/27/2020 21:00,4293 ,1.01816,0.027,0.05,0.1104,0.04625,6,高峰
6/27/2020 22:00,4294 ,1.01816,0.027,0.05,0.1104,0.04625,6,高峰
6/27/2020 23:00,4295 ,0.28981,0.027,0.05,0.1104,0.04625,6,低谷
6/28/2020 0:00,4296 ,0.28981,0.027,0.05,0.1104,0.04625,6,低谷
6/28/2020 1:00,4297 ,0.28981,0.027,0.05,0.1104,0.04625,6,低谷
6/28/2020 2:00,4298 ,0.28981,0.027,0.05,0.1104,0.04625,6,低谷
6/28/2020 3:00,4299 ,0.28981,0.027,0.05,0.1104,0.04625,6,低谷
6/28/2020 4:00,4300 ,0.28981,0.027,0.05,0.1104,0.04625,6,低谷
6/28/2020 5:00,4301 ,0.28981,0.027,0.05,0.1104,0.04625,6,低谷
6/28/2020 6:00,4302 ,0.28981,0.027,0.05,0.1104,0.04625,6,低谷
6/28/2020 7:00,4303 ,0.8122,0.027,0.05,0.1104,0.04625,6,平时
6/28/2020 8:00,4304 ,0.8122,0.027,0.05,0.1104,0.04625,6,平时
6/28/2020 9:00,4305 ,0.8122,0.027,0.05,0.1104,0.04625,6,平时
6/28/2020 10:00,4306 ,0.8122,0.027,0.05,0.1104,0.04625,6,平时
6/28/2020 11:00,4307 ,1.01816,0.027,0.05,0.1104,0.04625,6,高峰
6/28/2020 12:00,4308 ,1.01816,0.027,0.05,0.1104,0.04625,6,高峰
6/28/2020 13:00,4309 ,1.01816,0.027,0.05,0.1104,0.04625,6,高峰
6/28/2020 14:00,4310 ,0.8122,0.027,0.05,0.1104,0.04625,6,平时
6/28/2020 15:00,4311 ,0.8122,0.027,0.05,0.1104,0.04625,6,平时
6/28/2020 16:00,4312 ,0.8122,0.027,0.05,0.1104,0.04625,6,平时
6/28/2020 17:00,4313 ,0.8122,0.027,0.05,0.1104,0.04625,6,平时
6/28/2020 18:00,4314 ,1.01816,0.027,0.05,0.1104,0.04625,6,高峰
6/28/2020 19:00,4315 ,1.01816,0.027,0.05,0.1104,0.04625,6,高峰
6/28/2020 20:00,4316 ,1.01816,0.027,0.05,0.1104,0.04625,6,高峰
6/28/2020 21:00,4317 ,1.01816,0.027,0.05,0.1104,0.04625,6,高峰
6/28/2020 22:00,4318 ,1.01816,0.027,0.05,0.1104,0.04625,6,高峰
6/28/2020 23:00,4319 ,0.28981,0.027,0.05,0.1104,0.04625,6,低谷
6/29/2020 0:00,4320 ,0.28981,0.027,0.05,0.1104,0.04625,6,低谷
6/29/2020 1:00,4321 ,0.28981,0.027,0.05,0.1104,0.04625,6,低谷
6/29/2020 2:00,4322 ,0.28981,0.027,0.05,0.1104,0.04625,6,低谷
6/29/2020 3:00,4323 ,0.28981,0.027,0.05,0.1104,0.04625,6,低谷
6/29/2020 4:00,4324 ,0.28981,0.027,0.05,0.1104,0.04625,6,低谷
6/29/2020 5:00,4325 ,0.28981,0.027,0.05,0.1104,0.04625,6,低谷
6/29/2020 6:00,4326 ,0.28981,0.027,0.05,0.1104,0.04625,6,低谷
6/29/2020 7:00,4327 ,0.8122,0.027,0.05,0.1104,0.04625,6,平时
6/29/2020 8:00,4328 ,0.8122,0.027,0.05,0.1104,0.04625,6,平时
6/29/2020 9:00,4329 ,0.8122,0.027,0.05,0.1104,0.04625,6,平时
6/29/2020 10:00,4330 ,0.8122,0.027,0.05,0.1104,0.04625,6,平时
6/29/2020 11:00,4331 ,1.01816,0.027,0.05,0.1104,0.04625,6,高峰
6/29/2020 12:00,4332 ,1.01816,0.027,0.05,0.1104,0.04625,6,高峰
6/29/2020 13:00,4333 ,1.01816,0.027,0.05,0.1104,0.04625,6,高峰
6/29/2020 14:00,4334 ,0.8122,0.027,0.05,0.1104,0.04625,6,平时
6/29/2020 15:00,4335 ,0.8122,0.027,0.05,0.1104,0.04625,6,平时
6/29/2020 16:00,4336 ,0.8122,0.027,0.05,0.1104,0.04625,6,平时
6/29/2020 17:00,4337 ,0.8122,0.027,0.05,0.1104,0.04625,6,平时
6/29/2020 18:00,4338 ,1.01816,0.027,0.05,0.1104,0.04625,6,高峰
6/29/2020 19:00,4339 ,1.01816,0.027,0.05,0.1104,0.04625,6,高峰
6/29/2020 20:00,4340 ,1.01816,0.027,0.05,0.1104,0.04625,6,高峰
6/29/2020 21:00,4341 ,1.01816,0.027,0.05,0.1104,0.04625,6,高峰
6/29/2020 22:00,4342 ,1.01816,0.027,0.05,0.1104,0.04625,6,高峰
6/29/2020 23:00,4343 ,0.28981,0.027,0.05,0.1104,0.04625,6,低谷
6/30/2020 0:00,4344 ,0.28981,0.027,0.05,0.1104,0.04625,6,低谷
6/30/2020 1:00,4345 ,0.28981,0.027,0.05,0.1104,0.04625,6,低谷
6/30/2020 2:00,4346 ,0.28981,0.027,0.05,0.1104,0.04625,6,低谷
6/30/2020 3:00,4347 ,0.28981,0.027,0.05,0.1104,0.04625,6,低谷
6/30/2020 4:00,4348 ,0.28981,0.027,0.05,0.1104,0.04625,6,低谷
6/30/2020 5:00,4349 ,0.28981,0.027,0.05,0.1104,0.04625,6,低谷
6/30/2020 6:00,4350 ,0.28981,0.027,0.05,0.1104,0.04625,6,低谷
6/30/2020 7:00,4351 ,0.8122,0.027,0.05,0.1104,0.04625,6,平时
6/30/2020 8:00,4352 ,0.8122,0.027,0.05,0.1104,0.04625,6,平时
6/30/2020 9:00,4353 ,0.8122,0.027,0.05,0.1104,0.04625,6,平时
6/30/2020 10:00,4354 ,0.8122,0.027,0.05,0.1104,0.04625,6,平时
6/30/2020 11:00,4355 ,1.01816,0.027,0.05,0.1104,0.04625,6,高峰
6/30/2020 12:00,4356 ,1.01816,0.027,0.05,0.1104,0.04625,6,高峰
6/30/2020 13:00,4357 ,1.01816,0.027,0.05,0.1104,0.04625,6,高峰
6/30/2020 14:00,4358 ,0.8122,0.027,0.05,0.1104,0.04625,6,平时
6/30/2020 15:00,4359 ,0.8122,0.027,0.05,0.1104,0.04625,6,平时
6/30/2020 16:00,4360 ,0.8122,0.027,0.05,0.1104,0.04625,6,平时
6/30/2020 17:00,4361 ,0.8122,0.027,0.05,0.1104,0.04625,6,平时
6/30/2020 18:00,4362 ,1.01816,0.027,0.05,0.1104,0.04625,6,高峰
6/30/2020 19:00,4363 ,1.01816,0.027,0.05,0.1104,0.04625,6,高峰
6/30/2020 20:00,4364 ,1.01816,0.027,0.05,0.1104,0.04625,6,高峰
6/30/2020 21:00,4365 ,1.01816,0.027,0.05,0.1104,0.04625,6,高峰
6/30/2020 22:00,4366 ,1.01816,0.027,0.05,0.1104,0.04625,6,高峰
6/30/2020 23:00,4367 ,0.28981,0.027,0.05,0.1104,0.04625,6,低谷
7/1/2020 0:00,4368 ,0.30325,0.027,0.05,0.1104,0.04625,7,低谷
7/1/2020 1:00,4369 ,0.30325,0.027,0.05,0.1104,0.04625,7,低谷
7/1/2020 2:00,4370 ,0.30325,0.027,0.05,0.1104,0.04625,7,低谷
7/1/2020 3:00,4371 ,0.30325,0.027,0.05,0.1104,0.04625,7,低谷
7/1/2020 4:00,4372 ,0.30325,0.027,0.05,0.1104,0.04625,7,低谷
7/1/2020 5:00,4373 ,0.30325,0.027,0.05,0.1104,0.04625,7,低谷
7/1/2020 6:00,4374 ,0.68876,0.027,0.05,0.1104,0.04625,7,平时
7/1/2020 7:00,4375 ,0.68876,0.027,0.05,0.1104,0.04625,7,平时
7/1/2020 8:00,4376 ,0.68876,0.027,0.05,0.1104,0.04625,7,平时
7/1/2020 9:00,4377 ,0.68876,0.027,0.05,0.1104,0.04625,7,平时
7/1/2020 10:00,4378 ,0.68876,0.027,0.05,0.1104,0.04625,7,平时
7/1/2020 11:00,4379 ,0.68876,0.027,0.05,0.1104,0.04625,7,平时
7/1/2020 12:00,4380 ,0.30325,0.027,0.05,0.1104,0.04625,7,低谷
7/1/2020 13:00,4381 ,0.30325,0.027,0.05,0.1104,0.04625,7,低谷
7/1/2020 14:00,4382 ,0.68876,0.027,0.05,0.1104,0.04625,7,平时
7/1/2020 15:00,4383 ,0.68876,0.027,0.05,0.1104,0.04625,7,平时
7/1/2020 16:00,4384 ,1.07427,0.027,0.05,0.1104,0.04625,7,高峰
7/1/2020 17:00,4385 ,1.07427,0.027,0.05,0.1104,0.04625,7,高峰
7/1/2020 18:00,4386 ,1.07427,0.027,0.05,0.1104,0.04625,7,高峰
7/1/2020 19:00,4387 ,1.07427,0.027,0.05,0.1104,0.04625,7,高峰
7/1/2020 20:00,4388 ,1.27987,0.027,0.05,0.1104,0.04625,7,尖峰
7/1/2020 21:00,4389 ,1.27987,0.027,0.05,0.1104,0.04625,7,尖峰
7/1/2020 22:00,4390 ,1.27987,0.027,0.05,0.1104,0.04625,7,尖峰
7/1/2020 23:00,4391 ,1.27987,0.027,0.05,0.1104,0.04625,7,尖峰
7/2/2020 0:00,4392 ,0.30325,0.027,0.05,0.1104,0.04625,7,低谷
7/2/2020 1:00,4393 ,0.30325,0.027,0.05,0.1104,0.04625,7,低谷
7/2/2020 2:00,4394 ,0.30325,0.027,0.05,0.1104,0.04625,7,低谷
7/2/2020 3:00,4395 ,0.30325,0.027,0.05,0.1104,0.04625,7,低谷
7/2/2020 4:00,4396 ,0.30325,0.027,0.05,0.1104,0.04625,7,低谷
7/2/2020 5:00,4397 ,0.30325,0.027,0.05,0.1104,0.04625,7,低谷
7/2/2020 6:00,4398 ,0.68876,0.027,0.05,0.1104,0.04625,7,平时
7/2/2020 7:00,4399 ,0.68876,0.027,0.05,0.1104,0.04625,7,平时
7/2/2020 8:00,4400 ,0.68876,0.027,0.05,0.1104,0.04625,7,平时
7/2/2020 9:00,4401 ,0.68876,0.027,0.05,0.1104,0.04625,7,平时
7/2/2020 10:00,4402 ,0.68876,0.027,0.05,0.1104,0.04625,7,平时
7/2/2020 11:00,4403 ,0.68876,0.027,0.05,0.1104,0.04625,7,平时
7/2/2020 12:00,4404 ,0.30325,0.027,0.05,0.1104,0.04625,7,低谷
7/2/2020 13:00,4405 ,0.30325,0.027,0.05,0.1104,0.04625,7,低谷
7/2/2020 14:00,4406 ,0.68876,0.027,0.05,0.1104,0.04625,7,平时
7/2/2020 15:00,4407 ,0.68876,0.027,0.05,0.1104,0.04625,7,平时
7/2/2020 16:00,4408 ,1.07427,0.027,0.05,0.1104,0.04625,7,高峰
7/2/2020 17:00,4409 ,1.07427,0.027,0.05,0.1104,0.04625,7,高峰
7/2/2020 18:00,4410 ,1.07427,0.027,0.05,0.1104,0.04625,7,高峰
7/2/2020 19:00,4411 ,1.07427,0.027,0.05,0.1104,0.04625,7,高峰
7/2/2020 20:00,4412 ,1.27987,0.027,0.05,0.1104,0.04625,7,尖峰
7/2/2020 21:00,4413 ,1.27987,0.027,0.05,0.1104,0.04625,7,尖峰
7/2/2020 22:00,4414 ,1.27987,0.027,0.05,0.1104,0.04625,7,尖峰
7/2/2020 23:00,4415 ,1.27987,0.027,0.05,0.1104,0.04625,7,尖峰
7/3/2020 0:00,4416 ,0.30325,0.027,0.05,0.1104,0.04625,7,低谷
7/3/2020 1:00,4417 ,0.30325,0.027,0.05,0.1104,0.04625,7,低谷
7/3/2020 2:00,4418 ,0.30325,0.027,0.05,0.1104,0.04625,7,低谷
7/3/2020 3:00,4419 ,0.30325,0.027,0.05,0.1104,0.04625,7,低谷
7/3/2020 4:00,4420 ,0.30325,0.027,0.05,0.1104,0.04625,7,低谷
7/3/2020 5:00,4421 ,0.30325,0.027,0.05,0.1104,0.04625,7,低谷
7/3/2020 6:00,4422 ,0.68876,0.027,0.05,0.1104,0.04625,7,平时
7/3/2020 7:00,4423 ,0.68876,0.027,0.05,0.1104,0.04625,7,平时
7/3/2020 8:00,4424 ,0.68876,0.027,0.05,0.1104,0.04625,7,平时
7/3/2020 9:00,4425 ,0.68876,0.027,0.05,0.1104,0.04625,7,平时
7/3/2020 10:00,4426 ,0.68876,0.027,0.05,0.1104,0.04625,7,平时
7/3/2020 11:00,4427 ,0.68876,0.027,0.05,0.1104,0.04625,7,平时
7/3/2020 12:00,4428 ,0.30325,0.027,0.05,0.1104,0.04625,7,低谷
7/3/2020 13:00,4429 ,0.30325,0.027,0.05,0.1104,0.04625,7,低谷
7/3/2020 14:00,4430 ,0.68876,0.027,0.05,0.1104,0.04625,7,平时
7/3/2020 15:00,4431 ,0.68876,0.027,0.05,0.1104,0.04625,7,平时
7/3/2020 16:00,4432 ,1.07427,0.027,0.05,0.1104,0.04625,7,高峰
7/3/2020 17:00,4433 ,1.07427,0.027,0.05,0.1104,0.04625,7,高峰
7/3/2020 18:00,4434 ,1.07427,0.027,0.05,0.1104,0.04625,7,高峰
7/3/2020 19:00,4435 ,1.07427,0.027,0.05,0.1104,0.04625,7,高峰
7/3/2020 20:00,4436 ,1.27987,0.027,0.05,0.1104,0.04625,7,尖峰
7/3/2020 21:00,4437 ,1.27987,0.027,0.05,0.1104,0.04625,7,尖峰
7/3/2020 22:00,4438 ,1.27987,0.027,0.05,0.1104,0.04625,7,尖峰
7/3/2020 23:00,4439 ,1.27987,0.027,0.05,0.1104,0.04625,7,尖峰
7/4/2020 0:00,4440 ,0.30325,0.027,0.05,0.1104,0.04625,7,低谷
7/4/2020 1:00,4441 ,0.30325,0.027,0.05,0.1104,0.04625,7,低谷
7/4/2020 2:00,4442 ,0.30325,0.027,0.05,0.1104,0.04625,7,低谷
7/4/2020 3:00,4443 ,0.30325,0.027,0.05,0.1104,0.04625,7,低谷
7/4/2020 4:00,4444 ,0.30325,0.027,0.05,0.1104,0.04625,7,低谷
7/4/2020 5:00,4445 ,0.30325,0.027,0.05,0.1104,0.04625,7,低谷
7/4/2020 6:00,4446 ,0.68876,0.027,0.05,0.1104,0.04625,7,平时
7/4/2020 7:00,4447 ,0.68876,0.027,0.05,0.1104,0.04625,7,平时
7/4/2020 8:00,4448 ,0.68876,0.027,0.05,0.1104,0.04625,7,平时
7/4/2020 9:00,4449 ,0.68876,0.027,0.05,0.1104,0.04625,7,平时
7/4/2020 10:00,4450 ,0.68876,0.027,0.05,0.1104,0.04625,7,平时
7/4/2020 11:00,4451 ,0.68876,0.027,0.05,0.1104,0.04625,7,平时
7/4/2020 12:00,4452 ,0.30325,0.027,0.05,0.1104,0.04625,7,低谷
7/4/2020 13:00,4453 ,0.30325,0.027,0.05,0.1104,0.04625,7,低谷
7/4/2020 14:00,4454 ,0.68876,0.027,0.05,0.1104,0.04625,7,平时
7/4/2020 15:00,4455 ,0.68876,0.027,0.05,0.1104,0.04625,7,平时
7/4/2020 16:00,4456 ,1.07427,0.027,0.05,0.1104,0.04625,7,高峰
7/4/2020 17:00,4457 ,1.07427,0.027,0.05,0.1104,0.04625,7,高峰
7/4/2020 18:00,4458 ,1.07427,0.027,0.05,0.1104,0.04625,7,高峰
7/4/2020 19:00,4459 ,1.07427,0.027,0.05,0.1104,0.04625,7,高峰
7/4/2020 20:00,4460 ,1.27987,0.027,0.05,0.1104,0.04625,7,尖峰
7/4/2020 21:00,4461 ,1.27987,0.027,0.05,0.1104,0.04625,7,尖峰
7/4/2020 22:00,4462 ,1.27987,0.027,0.05,0.1104,0.04625,7,尖峰
7/4/2020 23:00,4463 ,1.27987,0.027,0.05,0.1104,0.04625,7,尖峰
7/5/2020 0:00,4464 ,0.30325,0.027,0.05,0.1104,0.04625,7,低谷
7/5/2020 1:00,4465 ,0.30325,0.027,0.05,0.1104,0.04625,7,低谷
7/5/2020 2:00,4466 ,0.30325,0.027,0.05,0.1104,0.04625,7,低谷
7/5/2020 3:00,4467 ,0.30325,0.027,0.05,0.1104,0.04625,7,低谷
7/5/2020 4:00,4468 ,0.30325,0.027,0.05,0.1104,0.04625,7,低谷
7/5/2020 5:00,4469 ,0.30325,0.027,0.05,0.1104,0.04625,7,低谷
7/5/2020 6:00,4470 ,0.68876,0.027,0.05,0.1104,0.04625,7,平时
7/5/2020 7:00,4471 ,0.68876,0.027,0.05,0.1104,0.04625,7,平时
7/5/2020 8:00,4472 ,0.68876,0.027,0.05,0.1104,0.04625,7,平时
7/5/2020 9:00,4473 ,0.68876,0.027,0.05,0.1104,0.04625,7,平时
7/5/2020 10:00,4474 ,0.68876,0.027,0.05,0.1104,0.04625,7,平时
7/5/2020 11:00,4475 ,0.68876,0.027,0.05,0.1104,0.04625,7,平时
7/5/2020 12:00,4476 ,0.30325,0.027,0.05,0.1104,0.04625,7,低谷
7/5/2020 13:00,4477 ,0.30325,0.027,0.05,0.1104,0.04625,7,低谷
7/5/2020 14:00,4478 ,0.68876,0.027,0.05,0.1104,0.04625,7,平时
7/5/2020 15:00,4479 ,0.68876,0.027,0.05,0.1104,0.04625,7,平时
7/5/2020 16:00,4480 ,1.07427,0.027,0.05,0.1104,0.04625,7,高峰
7/5/2020 17:00,4481 ,1.07427,0.027,0.05,0.1104,0.04625,7,高峰
7/5/2020 18:00,4482 ,1.07427,0.027,0.05,0.1104,0.04625,7,高峰
7/5/2020 19:00,4483 ,1.07427,0.027,0.05,0.1104,0.04625,7,高峰
7/5/2020 20:00,4484 ,1.27987,0.027,0.05,0.1104,0.04625,7,尖峰
7/5/2020 21:00,4485 ,1.27987,0.027,0.05,0.1104,0.04625,7,尖峰
7/5/2020 22:00,4486 ,1.27987,0.027,0.05,0.1104,0.04625,7,尖峰
7/5/2020 23:00,4487 ,1.27987,0.027,0.05,0.1104,0.04625,7,尖峰
7/6/2020 0:00,4488 ,0.30325,0.027,0.05,0.1104,0.04625,7,低谷
7/6/2020 1:00,4489 ,0.30325,0.027,0.05,0.1104,0.04625,7,低谷
7/6/2020 2:00,4490 ,0.30325,0.027,0.05,0.1104,0.04625,7,低谷
7/6/2020 3:00,4491 ,0.30325,0.027,0.05,0.1104,0.04625,7,低谷
7/6/2020 4:00,4492 ,0.30325,0.027,0.05,0.1104,0.04625,7,低谷
7/6/2020 5:00,4493 ,0.30325,0.027,0.05,0.1104,0.04625,7,低谷
7/6/2020 6:00,4494 ,0.68876,0.027,0.05,0.1104,0.04625,7,平时
7/6/2020 7:00,4495 ,0.68876,0.027,0.05,0.1104,0.04625,7,平时
7/6/2020 8:00,4496 ,0.68876,0.027,0.05,0.1104,0.04625,7,平时
7/6/2020 9:00,4497 ,0.68876,0.027,0.05,0.1104,0.04625,7,平时
7/6/2020 10:00,4498 ,0.68876,0.027,0.05,0.1104,0.04625,7,平时
7/6/2020 11:00,4499 ,0.68876,0.027,0.05,0.1104,0.04625,7,平时
7/6/2020 12:00,4500 ,0.30325,0.027,0.05,0.1104,0.04625,7,低谷
7/6/2020 13:00,4501 ,0.30325,0.027,0.05,0.1104,0.04625,7,低谷
7/6/2020 14:00,4502 ,0.68876,0.027,0.05,0.1104,0.04625,7,平时
7/6/2020 15:00,4503 ,0.68876,0.027,0.05,0.1104,0.04625,7,平时
7/6/2020 16:00,4504 ,1.07427,0.027,0.05,0.1104,0.04625,7,高峰
7/6/2020 17:00,4505 ,1.07427,0.027,0.05,0.1104,0.04625,7,高峰
7/6/2020 18:00,4506 ,1.07427,0.027,0.05,0.1104,0.04625,7,高峰
7/6/2020 19:00,4507 ,1.07427,0.027,0.05,0.1104,0.04625,7,高峰
7/6/2020 20:00,4508 ,1.27987,0.027,0.05,0.1104,0.04625,7,尖峰
7/6/2020 21:00,4509 ,1.27987,0.027,0.05,0.1104,0.04625,7,尖峰
7/6/2020 22:00,4510 ,1.27987,0.027,0.05,0.1104,0.04625,7,尖峰
7/6/2020 23:00,4511 ,1.27987,0.027,0.05,0.1104,0.04625,7,尖峰
7/7/2020 0:00,4512 ,0.30325,0.027,0.05,0.1104,0.04625,7,低谷
7/7/2020 1:00,4513 ,0.30325,0.027,0.05,0.1104,0.04625,7,低谷
7/7/2020 2:00,4514 ,0.30325,0.027,0.05,0.1104,0.04625,7,低谷
7/7/2020 3:00,4515 ,0.30325,0.027,0.05,0.1104,0.04625,7,低谷
7/7/2020 4:00,4516 ,0.30325,0.027,0.05,0.1104,0.04625,7,低谷
7/7/2020 5:00,4517 ,0.30325,0.027,0.05,0.1104,0.04625,7,低谷
7/7/2020 6:00,4518 ,0.68876,0.027,0.05,0.1104,0.04625,7,平时
7/7/2020 7:00,4519 ,0.68876,0.027,0.05,0.1104,0.04625,7,平时
7/7/2020 8:00,4520 ,0.68876,0.027,0.05,0.1104,0.04625,7,平时
7/7/2020 9:00,4521 ,0.68876,0.027,0.05,0.1104,0.04625,7,平时
7/7/2020 10:00,4522 ,0.68876,0.027,0.05,0.1104,0.04625,7,平时
7/7/2020 11:00,4523 ,0.68876,0.027,0.05,0.1104,0.04625,7,平时
7/7/2020 12:00,4524 ,0.30325,0.027,0.05,0.1104,0.04625,7,低谷
7/7/2020 13:00,4525 ,0.30325,0.027,0.05,0.1104,0.04625,7,低谷
7/7/2020 14:00,4526 ,0.68876,0.027,0.05,0.1104,0.04625,7,平时
7/7/2020 15:00,4527 ,0.68876,0.027,0.05,0.1104,0.04625,7,平时
7/7/2020 16:00,4528 ,1.07427,0.027,0.05,0.1104,0.04625,7,高峰
7/7/2020 17:00,4529 ,1.07427,0.027,0.05,0.1104,0.04625,7,高峰
7/7/2020 18:00,4530 ,1.07427,0.027,0.05,0.1104,0.04625,7,高峰
7/7/2020 19:00,4531 ,1.07427,0.027,0.05,0.1104,0.04625,7,高峰
7/7/2020 20:00,4532 ,1.27987,0.027,0.05,0.1104,0.04625,7,尖峰
7/7/2020 21:00,4533 ,1.27987,0.027,0.05,0.1104,0.04625,7,尖峰
7/7/2020 22:00,4534 ,1.27987,0.027,0.05,0.1104,0.04625,7,尖峰
7/7/2020 23:00,4535 ,1.27987,0.027,0.05,0.1104,0.04625,7,尖峰
7/8/2020 0:00,4536 ,0.30325,0.027,0.05,0.1104,0.04625,7,低谷
7/8/2020 1:00,4537 ,0.30325,0.027,0.05,0.1104,0.04625,7,低谷
7/8/2020 2:00,4538 ,0.30325,0.027,0.05,0.1104,0.04625,7,低谷
7/8/2020 3:00,4539 ,0.30325,0.027,0.05,0.1104,0.04625,7,低谷
7/8/2020 4:00,4540 ,0.30325,0.027,0.05,0.1104,0.04625,7,低谷
7/8/2020 5:00,4541 ,0.30325,0.027,0.05,0.1104,0.04625,7,低谷
7/8/2020 6:00,4542 ,0.68876,0.027,0.05,0.1104,0.04625,7,平时
7/8/2020 7:00,4543 ,0.68876,0.027,0.05,0.1104,0.04625,7,平时
7/8/2020 8:00,4544 ,0.68876,0.027,0.05,0.1104,0.04625,7,平时
7/8/2020 9:00,4545 ,0.68876,0.027,0.05,0.1104,0.04625,7,平时
7/8/2020 10:00,4546 ,0.68876,0.027,0.05,0.1104,0.04625,7,平时
7/8/2020 11:00,4547 ,0.68876,0.027,0.05,0.1104,0.04625,7,平时
7/8/2020 12:00,4548 ,0.30325,0.027,0.05,0.1104,0.04625,7,低谷
7/8/2020 13:00,4549 ,0.30325,0.027,0.05,0.1104,0.04625,7,低谷
7/8/2020 14:00,4550 ,0.68876,0.027,0.05,0.1104,0.04625,7,平时
7/8/2020 15:00,4551 ,0.68876,0.027,0.05,0.1104,0.04625,7,平时
7/8/2020 16:00,4552 ,1.07427,0.027,0.05,0.1104,0.04625,7,高峰
7/8/2020 17:00,4553 ,1.07427,0.027,0.05,0.1104,0.04625,7,高峰
7/8/2020 18:00,4554 ,1.07427,0.027,0.05,0.1104,0.04625,7,高峰
7/8/2020 19:00,4555 ,1.07427,0.027,0.05,0.1104,0.04625,7,高峰
7/8/2020 20:00,4556 ,1.27987,0.027,0.05,0.1104,0.04625,7,尖峰
7/8/2020 21:00,4557 ,1.27987,0.027,0.05,0.1104,0.04625,7,尖峰
7/8/2020 22:00,4558 ,1.27987,0.027,0.05,0.1104,0.04625,7,尖峰
7/8/2020 23:00,4559 ,1.27987,0.027,0.05,0.1104,0.04625,7,尖峰
7/9/2020 0:00,4560 ,0.30325,0.027,0.05,0.1104,0.04625,7,低谷
7/9/2020 1:00,4561 ,0.30325,0.027,0.05,0.1104,0.04625,7,低谷
7/9/2020 2:00,4562 ,0.30325,0.027,0.05,0.1104,0.04625,7,低谷
7/9/2020 3:00,4563 ,0.30325,0.027,0.05,0.1104,0.04625,7,低谷
7/9/2020 4:00,4564 ,0.30325,0.027,0.05,0.1104,0.04625,7,低谷
7/9/2020 5:00,4565 ,0.30325,0.027,0.05,0.1104,0.04625,7,低谷
7/9/2020 6:00,4566 ,0.68876,0.027,0.05,0.1104,0.04625,7,平时
7/9/2020 7:00,4567 ,0.68876,0.027,0.05,0.1104,0.04625,7,平时
7/9/2020 8:00,4568 ,0.68876,0.027,0.05,0.1104,0.04625,7,平时
7/9/2020 9:00,4569 ,0.68876,0.027,0.05,0.1104,0.04625,7,平时
7/9/2020 10:00,4570 ,0.68876,0.027,0.05,0.1104,0.04625,7,平时
7/9/2020 11:00,4571 ,0.68876,0.027,0.05,0.1104,0.04625,7,平时
7/9/2020 12:00,4572 ,0.30325,0.027,0.05,0.1104,0.04625,7,低谷
7/9/2020 13:00,4573 ,0.30325,0.027,0.05,0.1104,0.04625,7,低谷
7/9/2020 14:00,4574 ,0.68876,0.027,0.05,0.1104,0.04625,7,平时
7/9/2020 15:00,4575 ,0.68876,0.027,0.05,0.1104,0.04625,7,平时
7/9/2020 16:00,4576 ,1.07427,0.027,0.05,0.1104,0.04625,7,高峰
7/9/2020 17:00,4577 ,1.07427,0.027,0.05,0.1104,0.04625,7,高峰
7/9/2020 18:00,4578 ,1.07427,0.027,0.05,0.1104,0.04625,7,高峰
7/9/2020 19:00,4579 ,1.07427,0.027,0.05,0.1104,0.04625,7,高峰
7/9/2020 20:00,4580 ,1.27987,0.027,0.05,0.1104,0.04625,7,尖峰
7/9/2020 21:00,4581 ,1.27987,0.027,0.05,0.1104,0.04625,7,尖峰
7/9/2020 22:00,4582 ,1.27987,0.027,0.05,0.1104,0.04625,7,尖峰
7/9/2020 23:00,4583 ,1.27987,0.027,0.05,0.1104,0.04625,7,尖峰
7/10/2020 0:00,4584 ,0.30325,0.027,0.05,0.1104,0.04625,7,低谷
7/10/2020 1:00,4585 ,0.30325,0.027,0.05,0.1104,0.04625,7,低谷
7/10/2020 2:00,4586 ,0.30325,0.027,0.05,0.1104,0.04625,7,低谷
7/10/2020 3:00,4587 ,0.30325,0.027,0.05,0.1104,0.04625,7,低谷
7/10/2020 4:00,4588 ,0.30325,0.027,0.05,0.1104,0.04625,7,低谷
7/10/2020 5:00,4589 ,0.30325,0.027,0.05,0.1104,0.04625,7,低谷
7/10/2020 6:00,4590 ,0.68876,0.027,0.05,0.1104,0.04625,7,平时
7/10/2020 7:00,4591 ,0.68876,0.027,0.05,0.1104,0.04625,7,平时
7/10/2020 8:00,4592 ,0.68876,0.027,0.05,0.1104,0.04625,7,平时
7/10/2020 9:00,4593 ,0.68876,0.027,0.05,0.1104,0.04625,7,平时
7/10/2020 10:00,4594 ,0.68876,0.027,0.05,0.1104,0.04625,7,平时
7/10/2020 11:00,4595 ,0.68876,0.027,0.05,0.1104,0.04625,7,平时
7/10/2020 12:00,4596 ,0.30325,0.027,0.05,0.1104,0.04625,7,低谷
7/10/2020 13:00,4597 ,0.30325,0.027,0.05,0.1104,0.04625,7,低谷
7/10/2020 14:00,4598 ,0.68876,0.027,0.05,0.1104,0.04625,7,平时
7/10/2020 15:00,4599 ,0.68876,0.027,0.05,0.1104,0.04625,7,平时
7/10/2020 16:00,4600 ,1.07427,0.027,0.05,0.1104,0.04625,7,高峰
7/10/2020 17:00,4601 ,1.07427,0.027,0.05,0.1104,0.04625,7,高峰
7/10/2020 18:00,4602 ,1.07427,0.027,0.05,0.1104,0.04625,7,高峰
7/10/2020 19:00,4603 ,1.07427,0.027,0.05,0.1104,0.04625,7,高峰
7/10/2020 20:00,4604 ,1.27987,0.027,0.05,0.1104,0.04625,7,尖峰
7/10/2020 21:00,4605 ,1.27987,0.027,0.05,0.1104,0.04625,7,尖峰
7/10/2020 22:00,4606 ,1.27987,0.027,0.05,0.1104,0.04625,7,尖峰
7/10/2020 23:00,4607 ,1.27987,0.027,0.05,0.1104,0.04625,7,尖峰
7/11/2020 0:00,4608 ,0.30325,0.027,0.05,0.1104,0.04625,7,低谷
7/11/2020 1:00,4609 ,0.30325,0.027,0.05,0.1104,0.04625,7,低谷
7/11/2020 2:00,4610 ,0.30325,0.027,0.05,0.1104,0.04625,7,低谷
7/11/2020 3:00,4611 ,0.30325,0.027,0.05,0.1104,0.04625,7,低谷
7/11/2020 4:00,4612 ,0.30325,0.027,0.05,0.1104,0.04625,7,低谷
7/11/2020 5:00,4613 ,0.30325,0.027,0.05,0.1104,0.04625,7,低谷
7/11/2020 6:00,4614 ,0.68876,0.027,0.05,0.1104,0.04625,7,平时
7/11/2020 7:00,4615 ,0.68876,0.027,0.05,0.1104,0.04625,7,平时
7/11/2020 8:00,4616 ,0.68876,0.027,0.05,0.1104,0.04625,7,平时
7/11/2020 9:00,4617 ,0.68876,0.027,0.05,0.1104,0.04625,7,平时
7/11/2020 10:00,4618 ,0.68876,0.027,0.05,0.1104,0.04625,7,平时
7/11/2020 11:00,4619 ,0.68876,0.027,0.05,0.1104,0.04625,7,平时
7/11/2020 12:00,4620 ,0.30325,0.027,0.05,0.1104,0.04625,7,低谷
7/11/2020 13:00,4621 ,0.30325,0.027,0.05,0.1104,0.04625,7,低谷
7/11/2020 14:00,4622 ,0.68876,0.027,0.05,0.1104,0.04625,7,平时
7/11/2020 15:00,4623 ,0.68876,0.027,0.05,0.1104,0.04625,7,平时
7/11/2020 16:00,4624 ,1.07427,0.027,0.05,0.1104,0.04625,7,高峰
7/11/2020 17:00,4625 ,1.07427,0.027,0.05,0.1104,0.04625,7,高峰
7/11/2020 18:00,4626 ,1.07427,0.027,0.05,0.1104,0.04625,7,高峰
7/11/2020 19:00,4627 ,1.07427,0.027,0.05,0.1104,0.04625,7,高峰
7/11/2020 20:00,4628 ,1.27987,0.027,0.05,0.1104,0.04625,7,尖峰
7/11/2020 21:00,4629 ,1.27987,0.027,0.05,0.1104,0.04625,7,尖峰
7/11/2020 22:00,4630 ,1.27987,0.027,0.05,0.1104,0.04625,7,尖峰
7/11/2020 23:00,4631 ,1.27987,0.027,0.05,0.1104,0.04625,7,尖峰
7/12/2020 0:00,4632 ,0.30325,0.027,0.05,0.1104,0.04625,7,低谷
7/12/2020 1:00,4633 ,0.30325,0.027,0.05,0.1104,0.04625,7,低谷
7/12/2020 2:00,4634 ,0.30325,0.027,0.05,0.1104,0.04625,7,低谷
7/12/2020 3:00,4635 ,0.30325,0.027,0.05,0.1104,0.04625,7,低谷
7/12/2020 4:00,4636 ,0.30325,0.027,0.05,0.1104,0.04625,7,低谷
7/12/2020 5:00,4637 ,0.30325,0.027,0.05,0.1104,0.04625,7,低谷
7/12/2020 6:00,4638 ,0.68876,0.027,0.05,0.1104,0.04625,7,平时
7/12/2020 7:00,4639 ,0.68876,0.027,0.05,0.1104,0.04625,7,平时
7/12/2020 8:00,4640 ,0.68876,0.027,0.05,0.1104,0.04625,7,平时
7/12/2020 9:00,4641 ,0.68876,0.027,0.05,0.1104,0.04625,7,平时
7/12/2020 10:00,4642 ,0.68876,0.027,0.05,0.1104,0.04625,7,平时
7/12/2020 11:00,4643 ,0.68876,0.027,0.05,0.1104,0.04625,7,平时
7/12/2020 12:00,4644 ,0.30325,0.027,0.05,0.1104,0.04625,7,低谷
7/12/2020 13:00,4645 ,0.30325,0.027,0.05,0.1104,0.04625,7,低谷
7/12/2020 14:00,4646 ,0.68876,0.027,0.05,0.1104,0.04625,7,平时
7/12/2020 15:00,4647 ,0.68876,0.027,0.05,0.1104,0.04625,7,平时
7/12/2020 16:00,4648 ,1.07427,0.027,0.05,0.1104,0.04625,7,高峰
7/12/2020 17:00,4649 ,1.07427,0.027,0.05,0.1104,0.04625,7,高峰
7/12/2020 18:00,4650 ,1.07427,0.027,0.05,0.1104,0.04625,7,高峰
7/12/2020 19:00,4651 ,1.07427,0.027,0.05,0.1104,0.04625,7,高峰
7/12/2020 20:00,4652 ,1.27987,0.027,0.05,0.1104,0.04625,7,尖峰
7/12/2020 21:00,4653 ,1.27987,0.027,0.05,0.1104,0.04625,7,尖峰
7/12/2020 22:00,4654 ,1.27987,0.027,0.05,0.1104,0.04625,7,尖峰
7/12/2020 23:00,4655 ,1.27987,0.027,0.05,0.1104,0.04625,7,尖峰
7/13/2020 0:00,4656 ,0.30325,0.027,0.05,0.1104,0.04625,7,低谷
7/13/2020 1:00,4657 ,0.30325,0.027,0.05,0.1104,0.04625,7,低谷
7/13/2020 2:00,4658 ,0.30325,0.027,0.05,0.1104,0.04625,7,低谷
7/13/2020 3:00,4659 ,0.30325,0.027,0.05,0.1104,0.04625,7,低谷
7/13/2020 4:00,4660 ,0.30325,0.027,0.05,0.1104,0.04625,7,低谷
7/13/2020 5:00,4661 ,0.30325,0.027,0.05,0.1104,0.04625,7,低谷
7/13/2020 6:00,4662 ,0.68876,0.027,0.05,0.1104,0.04625,7,平时
7/13/2020 7:00,4663 ,0.68876,0.027,0.05,0.1104,0.04625,7,平时
7/13/2020 8:00,4664 ,0.68876,0.027,0.05,0.1104,0.04625,7,平时
7/13/2020 9:00,4665 ,0.68876,0.027,0.05,0.1104,0.04625,7,平时
7/13/2020 10:00,4666 ,0.68876,0.027,0.05,0.1104,0.04625,7,平时
7/13/2020 11:00,4667 ,0.68876,0.027,0.05,0.1104,0.04625,7,平时
7/13/2020 12:00,4668 ,0.30325,0.027,0.05,0.1104,0.04625,7,低谷
7/13/2020 13:00,4669 ,0.30325,0.027,0.05,0.1104,0.04625,7,低谷
7/13/2020 14:00,4670 ,0.68876,0.027,0.05,0.1104,0.04625,7,平时
7/13/2020 15:00,4671 ,0.68876,0.027,0.05,0.1104,0.04625,7,平时
7/13/2020 16:00,4672 ,1.07427,0.027,0.05,0.1104,0.04625,7,高峰
7/13/2020 17:00,4673 ,1.07427,0.027,0.05,0.1104,0.04625,7,高峰
7/13/2020 18:00,4674 ,1.07427,0.027,0.05,0.1104,0.04625,7,高峰
7/13/2020 19:00,4675 ,1.07427,0.027,0.05,0.1104,0.04625,7,高峰
7/13/2020 20:00,4676 ,1.27987,0.027,0.05,0.1104,0.04625,7,尖峰
7/13/2020 21:00,4677 ,1.27987,0.027,0.05,0.1104,0.04625,7,尖峰
7/13/2020 22:00,4678 ,1.27987,0.027,0.05,0.1104,0.04625,7,尖峰
7/13/2020 23:00,4679 ,1.27987,0.027,0.05,0.1104,0.04625,7,尖峰
7/14/2020 0:00,4680 ,0.30325,0.027,0.05,0.1104,0.04625,7,低谷
7/14/2020 1:00,4681 ,0.30325,0.027,0.05,0.1104,0.04625,7,低谷
7/14/2020 2:00,4682 ,0.30325,0.027,0.05,0.1104,0.04625,7,低谷
7/14/2020 3:00,4683 ,0.30325,0.027,0.05,0.1104,0.04625,7,低谷
7/14/2020 4:00,4684 ,0.30325,0.027,0.05,0.1104,0.04625,7,低谷
7/14/2020 5:00,4685 ,0.30325,0.027,0.05,0.1104,0.04625,7,低谷
7/14/2020 6:00,4686 ,0.68876,0.027,0.05,0.1104,0.04625,7,平时
7/14/2020 7:00,4687 ,0.68876,0.027,0.05,0.1104,0.04625,7,平时
7/14/2020 8:00,4688 ,0.68876,0.027,0.05,0.1104,0.04625,7,平时
7/14/2020 9:00,4689 ,0.68876,0.027,0.05,0.1104,0.04625,7,平时
7/14/2020 10:00,4690 ,0.68876,0.027,0.05,0.1104,0.04625,7,平时
7/14/2020 11:00,4691 ,0.68876,0.027,0.05,0.1104,0.04625,7,平时
7/14/2020 12:00,4692 ,0.30325,0.027,0.05,0.1104,0.04625,7,低谷
7/14/2020 13:00,4693 ,0.30325,0.027,0.05,0.1104,0.04625,7,低谷
7/14/2020 14:00,4694 ,0.68876,0.027,0.05,0.1104,0.04625,7,平时
7/14/2020 15:00,4695 ,0.68876,0.027,0.05,0.1104,0.04625,7,平时
7/14/2020 16:00,4696 ,1.07427,0.027,0.05,0.1104,0.04625,7,高峰
7/14/2020 17:00,4697 ,1.07427,0.027,0.05,0.1104,0.04625,7,高峰
7/14/2020 18:00,4698 ,1.07427,0.027,0.05,0.1104,0.04625,7,高峰
7/14/2020 19:00,4699 ,1.07427,0.027,0.05,0.1104,0.04625,7,高峰
7/14/2020 20:00,4700 ,1.27987,0.027,0.05,0.1104,0.04625,7,尖峰
7/14/2020 21:00,4701 ,1.27987,0.027,0.05,0.1104,0.04625,7,尖峰
7/14/2020 22:00,4702 ,1.27987,0.027,0.05,0.1104,0.04625,7,尖峰
7/14/2020 23:00,4703 ,1.27987,0.027,0.05,0.1104,0.04625,7,尖峰
7/15/2020 0:00,4704 ,0.30325,0.027,0.05,0.1104,0.04625,7,低谷
7/15/2020 1:00,4705 ,0.30325,0.027,0.05,0.1104,0.04625,7,低谷
7/15/2020 2:00,4706 ,0.30325,0.027,0.05,0.1104,0.04625,7,低谷
7/15/2020 3:00,4707 ,0.30325,0.027,0.05,0.1104,0.04625,7,低谷
7/15/2020 4:00,4708 ,0.30325,0.027,0.05,0.1104,0.04625,7,低谷
7/15/2020 5:00,4709 ,0.30325,0.027,0.05,0.1104,0.04625,7,低谷
7/15/2020 6:00,4710 ,0.68876,0.027,0.05,0.1104,0.04625,7,平时
7/15/2020 7:00,4711 ,0.68876,0.027,0.05,0.1104,0.04625,7,平时
7/15/2020 8:00,4712 ,0.68876,0.027,0.05,0.1104,0.04625,7,平时
7/15/2020 9:00,4713 ,0.68876,0.027,0.05,0.1104,0.04625,7,平时
7/15/2020 10:00,4714 ,0.68876,0.027,0.05,0.1104,0.04625,7,平时
7/15/2020 11:00,4715 ,0.68876,0.027,0.05,0.1104,0.04625,7,平时
7/15/2020 12:00,4716 ,0.30325,0.027,0.05,0.1104,0.04625,7,低谷
7/15/2020 13:00,4717 ,0.30325,0.027,0.05,0.1104,0.04625,7,低谷
7/15/2020 14:00,4718 ,0.68876,0.027,0.05,0.1104,0.04625,7,平时
7/15/2020 15:00,4719 ,0.68876,0.027,0.05,0.1104,0.04625,7,平时
7/15/2020 16:00,4720 ,1.07427,0.027,0.05,0.1104,0.04625,7,高峰
7/15/2020 17:00,4721 ,1.07427,0.027,0.05,0.1104,0.04625,7,高峰
7/15/2020 18:00,4722 ,1.07427,0.027,0.05,0.1104,0.04625,7,高峰
7/15/2020 19:00,4723 ,1.07427,0.027,0.05,0.1104,0.04625,7,高峰
7/15/2020 20:00,4724 ,1.27987,0.027,0.05,0.1104,0.04625,7,尖峰
7/15/2020 21:00,4725 ,1.27987,0.027,0.05,0.1104,0.04625,7,尖峰
7/15/2020 22:00,4726 ,1.27987,0.027,0.05,0.1104,0.04625,7,尖峰
7/15/2020 23:00,4727 ,1.27987,0.027,0.05,0.1104,0.04625,7,尖峰
7/16/2020 0:00,4728 ,0.30325,0.027,0.05,0.1104,0.04625,7,低谷
7/16/2020 1:00,4729 ,0.30325,0.027,0.05,0.1104,0.04625,7,低谷
7/16/2020 2:00,4730 ,0.30325,0.027,0.05,0.1104,0.04625,7,低谷
7/16/2020 3:00,4731 ,0.30325,0.027,0.05,0.1104,0.04625,7,低谷
7/16/2020 4:00,4732 ,0.30325,0.027,0.05,0.1104,0.04625,7,低谷
7/16/2020 5:00,4733 ,0.30325,0.027,0.05,0.1104,0.04625,7,低谷
7/16/2020 6:00,4734 ,0.68876,0.027,0.05,0.1104,0.04625,7,平时
7/16/2020 7:00,4735 ,0.68876,0.027,0.05,0.1104,0.04625,7,平时
7/16/2020 8:00,4736 ,0.68876,0.027,0.05,0.1104,0.04625,7,平时
7/16/2020 9:00,4737 ,0.68876,0.027,0.05,0.1104,0.04625,7,平时
7/16/2020 10:00,4738 ,0.68876,0.027,0.05,0.1104,0.04625,7,平时
7/16/2020 11:00,4739 ,0.68876,0.027,0.05,0.1104,0.04625,7,平时
7/16/2020 12:00,4740 ,0.30325,0.027,0.05,0.1104,0.04625,7,低谷
7/16/2020 13:00,4741 ,0.30325,0.027,0.05,0.1104,0.04625,7,低谷
7/16/2020 14:00,4742 ,0.68876,0.027,0.05,0.1104,0.04625,7,平时
7/16/2020 15:00,4743 ,0.68876,0.027,0.05,0.1104,0.04625,7,平时
7/16/2020 16:00,4744 ,1.07427,0.027,0.05,0.1104,0.04625,7,高峰
7/16/2020 17:00,4745 ,1.07427,0.027,0.05,0.1104,0.04625,7,高峰
7/16/2020 18:00,4746 ,1.07427,0.027,0.05,0.1104,0.04625,7,高峰
7/16/2020 19:00,4747 ,1.07427,0.027,0.05,0.1104,0.04625,7,高峰
7/16/2020 20:00,4748 ,1.27987,0.027,0.05,0.1104,0.04625,7,尖峰
7/16/2020 21:00,4749 ,1.27987,0.027,0.05,0.1104,0.04625,7,尖峰
7/16/2020 22:00,4750 ,1.27987,0.027,0.05,0.1104,0.04625,7,尖峰
7/16/2020 23:00,4751 ,1.27987,0.027,0.05,0.1104,0.04625,7,尖峰
7/17/2020 0:00,4752 ,0.30325,0.027,0.05,0.1104,0.04625,7,低谷
7/17/2020 1:00,4753 ,0.30325,0.027,0.05,0.1104,0.04625,7,低谷
7/17/2020 2:00,4754 ,0.30325,0.027,0.05,0.1104,0.04625,7,低谷
7/17/2020 3:00,4755 ,0.30325,0.027,0.05,0.1104,0.04625,7,低谷
7/17/2020 4:00,4756 ,0.30325,0.027,0.05,0.1104,0.04625,7,低谷
7/17/2020 5:00,4757 ,0.30325,0.027,0.05,0.1104,0.04625,7,低谷
7/17/2020 6:00,4758 ,0.68876,0.027,0.05,0.1104,0.04625,7,平时
7/17/2020 7:00,4759 ,0.68876,0.027,0.05,0.1104,0.04625,7,平时
7/17/2020 8:00,4760 ,0.68876,0.027,0.05,0.1104,0.04625,7,平时
7/17/2020 9:00,4761 ,0.68876,0.027,0.05,0.1104,0.04625,7,平时
7/17/2020 10:00,4762 ,0.68876,0.027,0.05,0.1104,0.04625,7,平时
7/17/2020 11:00,4763 ,0.68876,0.027,0.05,0.1104,0.04625,7,平时
7/17/2020 12:00,4764 ,0.30325,0.027,0.05,0.1104,0.04625,7,低谷
7/17/2020 13:00,4765 ,0.30325,0.027,0.05,0.1104,0.04625,7,低谷
7/17/2020 14:00,4766 ,0.68876,0.027,0.05,0.1104,0.04625,7,平时
7/17/2020 15:00,4767 ,0.68876,0.027,0.05,0.1104,0.04625,7,平时
7/17/2020 16:00,4768 ,1.07427,0.027,0.05,0.1104,0.04625,7,高峰
7/17/2020 17:00,4769 ,1.07427,0.027,0.05,0.1104,0.04625,7,高峰
7/17/2020 18:00,4770 ,1.07427,0.027,0.05,0.1104,0.04625,7,高峰
7/17/2020 19:00,4771 ,1.07427,0.027,0.05,0.1104,0.04625,7,高峰
7/17/2020 20:00,4772 ,1.27987,0.027,0.05,0.1104,0.04625,7,尖峰
7/17/2020 21:00,4773 ,1.27987,0.027,0.05,0.1104,0.04625,7,尖峰
7/17/2020 22:00,4774 ,1.27987,0.027,0.05,0.1104,0.04625,7,尖峰
7/17/2020 23:00,4775 ,1.27987,0.027,0.05,0.1104,0.04625,7,尖峰
7/18/2020 0:00,4776 ,0.30325,0.027,0.05,0.1104,0.04625,7,低谷
7/18/2020 1:00,4777 ,0.30325,0.027,0.05,0.1104,0.04625,7,低谷
7/18/2020 2:00,4778 ,0.30325,0.027,0.05,0.1104,0.04625,7,低谷
7/18/2020 3:00,4779 ,0.30325,0.027,0.05,0.1104,0.04625,7,低谷
7/18/2020 4:00,4780 ,0.30325,0.027,0.05,0.1104,0.04625,7,低谷
7/18/2020 5:00,4781 ,0.30325,0.027,0.05,0.1104,0.04625,7,低谷
7/18/2020 6:00,4782 ,0.68876,0.027,0.05,0.1104,0.04625,7,平时
7/18/2020 7:00,4783 ,0.68876,0.027,0.05,0.1104,0.04625,7,平时
7/18/2020 8:00,4784 ,0.68876,0.027,0.05,0.1104,0.04625,7,平时
7/18/2020 9:00,4785 ,0.68876,0.027,0.05,0.1104,0.04625,7,平时
7/18/2020 10:00,4786 ,0.68876,0.027,0.05,0.1104,0.04625,7,平时
7/18/2020 11:00,4787 ,0.68876,0.027,0.05,0.1104,0.04625,7,平时
7/18/2020 12:00,4788 ,0.30325,0.027,0.05,0.1104,0.04625,7,低谷
7/18/2020 13:00,4789 ,0.30325,0.027,0.05,0.1104,0.04625,7,低谷
7/18/2020 14:00,4790 ,0.68876,0.027,0.05,0.1104,0.04625,7,平时
7/18/2020 15:00,4791 ,0.68876,0.027,0.05,0.1104,0.04625,7,平时
7/18/2020 16:00,4792 ,1.07427,0.027,0.05,0.1104,0.04625,7,高峰
7/18/2020 17:00,4793 ,1.07427,0.027,0.05,0.1104,0.04625,7,高峰
7/18/2020 18:00,4794 ,1.07427,0.027,0.05,0.1104,0.04625,7,高峰
7/18/2020 19:00,4795 ,1.07427,0.027,0.05,0.1104,0.04625,7,高峰
7/18/2020 20:00,4796 ,1.27987,0.027,0.05,0.1104,0.04625,7,尖峰
7/18/2020 21:00,4797 ,1.27987,0.027,0.05,0.1104,0.04625,7,尖峰
7/18/2020 22:00,4798 ,1.27987,0.027,0.05,0.1104,0.04625,7,尖峰
7/18/2020 23:00,4799 ,1.27987,0.027,0.05,0.1104,0.04625,7,尖峰
7/19/2020 0:00,4800 ,0.30325,0.027,0.05,0.1104,0.04625,7,低谷
7/19/2020 1:00,4801 ,0.30325,0.027,0.05,0.1104,0.04625,7,低谷
7/19/2020 2:00,4802 ,0.30325,0.027,0.05,0.1104,0.04625,7,低谷
7/19/2020 3:00,4803 ,0.30325,0.027,0.05,0.1104,0.04625,7,低谷
7/19/2020 4:00,4804 ,0.30325,0.027,0.05,0.1104,0.04625,7,低谷
7/19/2020 5:00,4805 ,0.30325,0.027,0.05,0.1104,0.04625,7,低谷
7/19/2020 6:00,4806 ,0.68876,0.027,0.05,0.1104,0.04625,7,平时
7/19/2020 7:00,4807 ,0.68876,0.027,0.05,0.1104,0.04625,7,平时
7/19/2020 8:00,4808 ,0.68876,0.027,0.05,0.1104,0.04625,7,平时
7/19/2020 9:00,4809 ,0.68876,0.027,0.05,0.1104,0.04625,7,平时
7/19/2020 10:00,4810 ,0.68876,0.027,0.05,0.1104,0.04625,7,平时
7/19/2020 11:00,4811 ,0.68876,0.027,0.05,0.1104,0.04625,7,平时
7/19/2020 12:00,4812 ,0.30325,0.027,0.05,0.1104,0.04625,7,低谷
7/19/2020 13:00,4813 ,0.30325,0.027,0.05,0.1104,0.04625,7,低谷
7/19/2020 14:00,4814 ,0.68876,0.027,0.05,0.1104,0.04625,7,平时
7/19/2020 15:00,4815 ,0.68876,0.027,0.05,0.1104,0.04625,7,平时
7/19/2020 16:00,4816 ,1.07427,0.027,0.05,0.1104,0.04625,7,高峰
7/19/2020 17:00,4817 ,1.07427,0.027,0.05,0.1104,0.04625,7,高峰
7/19/2020 18:00,4818 ,1.07427,0.027,0.05,0.1104,0.04625,7,高峰
7/19/2020 19:00,4819 ,1.07427,0.027,0.05,0.1104,0.04625,7,高峰
7/19/2020 20:00,4820 ,1.27987,0.027,0.05,0.1104,0.04625,7,尖峰
7/19/2020 21:00,4821 ,1.27987,0.027,0.05,0.1104,0.04625,7,尖峰
7/19/2020 22:00,4822 ,1.27987,0.027,0.05,0.1104,0.04625,7,尖峰
7/19/2020 23:00,4823 ,1.27987,0.027,0.05,0.1104,0.04625,7,尖峰
7/20/2020 0:00,4824 ,0.30325,0.027,0.05,0.1104,0.04625,7,低谷
7/20/2020 1:00,4825 ,0.30325,0.027,0.05,0.1104,0.04625,7,低谷
7/20/2020 2:00,4826 ,0.30325,0.027,0.05,0.1104,0.04625,7,低谷
7/20/2020 3:00,4827 ,0.30325,0.027,0.05,0.1104,0.04625,7,低谷
7/20/2020 4:00,4828 ,0.30325,0.027,0.05,0.1104,0.04625,7,低谷
7/20/2020 5:00,4829 ,0.30325,0.027,0.05,0.1104,0.04625,7,低谷
7/20/2020 6:00,4830 ,0.68876,0.027,0.05,0.1104,0.04625,7,平时
7/20/2020 7:00,4831 ,0.68876,0.027,0.05,0.1104,0.04625,7,平时
7/20/2020 8:00,4832 ,0.68876,0.027,0.05,0.1104,0.04625,7,平时
7/20/2020 9:00,4833 ,0.68876,0.027,0.05,0.1104,0.04625,7,平时
7/20/2020 10:00,4834 ,0.68876,0.027,0.05,0.1104,0.04625,7,平时
7/20/2020 11:00,4835 ,0.68876,0.027,0.05,0.1104,0.04625,7,平时
7/20/2020 12:00,4836 ,0.30325,0.027,0.05,0.1104,0.04625,7,低谷
7/20/2020 13:00,4837 ,0.30325,0.027,0.05,0.1104,0.04625,7,低谷
7/20/2020 14:00,4838 ,0.68876,0.027,0.05,0.1104,0.04625,7,平时
7/20/2020 15:00,4839 ,0.68876,0.027,0.05,0.1104,0.04625,7,平时
7/20/2020 16:00,4840 ,1.07427,0.027,0.05,0.1104,0.04625,7,高峰
7/20/2020 17:00,4841 ,1.07427,0.027,0.05,0.1104,0.04625,7,高峰
7/20/2020 18:00,4842 ,1.07427,0.027,0.05,0.1104,0.04625,7,高峰
7/20/2020 19:00,4843 ,1.07427,0.027,0.05,0.1104,0.04625,7,高峰
7/20/2020 20:00,4844 ,1.27987,0.027,0.05,0.1104,0.04625,7,尖峰
7/20/2020 21:00,4845 ,1.27987,0.027,0.05,0.1104,0.04625,7,尖峰
7/20/2020 22:00,4846 ,1.27987,0.027,0.05,0.1104,0.04625,7,尖峰
7/20/2020 23:00,4847 ,1.27987,0.027,0.05,0.1104,0.04625,7,尖峰
7/21/2020 0:00,4848 ,0.30325,0.027,0.05,0.1104,0.04625,7,低谷
7/21/2020 1:00,4849 ,0.30325,0.027,0.05,0.1104,0.04625,7,低谷
7/21/2020 2:00,4850 ,0.30325,0.027,0.05,0.1104,0.04625,7,低谷
7/21/2020 3:00,4851 ,0.30325,0.027,0.05,0.1104,0.04625,7,低谷
7/21/2020 4:00,4852 ,0.30325,0.027,0.05,0.1104,0.04625,7,低谷
7/21/2020 5:00,4853 ,0.30325,0.027,0.05,0.1104,0.04625,7,低谷
7/21/2020 6:00,4854 ,0.68876,0.027,0.05,0.1104,0.04625,7,平时
7/21/2020 7:00,4855 ,0.68876,0.027,0.05,0.1104,0.04625,7,平时
7/21/2020 8:00,4856 ,0.68876,0.027,0.05,0.1104,0.04625,7,平时
7/21/2020 9:00,4857 ,0.68876,0.027,0.05,0.1104,0.04625,7,平时
7/21/2020 10:00,4858 ,0.68876,0.027,0.05,0.1104,0.04625,7,平时
7/21/2020 11:00,4859 ,0.68876,0.027,0.05,0.1104,0.04625,7,平时
7/21/2020 12:00,4860 ,0.30325,0.027,0.05,0.1104,0.04625,7,低谷
7/21/2020 13:00,4861 ,0.30325,0.027,0.05,0.1104,0.04625,7,低谷
7/21/2020 14:00,4862 ,0.68876,0.027,0.05,0.1104,0.04625,7,平时
7/21/2020 15:00,4863 ,0.68876,0.027,0.05,0.1104,0.04625,7,平时
7/21/2020 16:00,4864 ,1.07427,0.027,0.05,0.1104,0.04625,7,高峰
7/21/2020 17:00,4865 ,1.07427,0.027,0.05,0.1104,0.04625,7,高峰
7/21/2020 18:00,4866 ,1.07427,0.027,0.05,0.1104,0.04625,7,高峰
7/21/2020 19:00,4867 ,1.07427,0.027,0.05,0.1104,0.04625,7,高峰
7/21/2020 20:00,4868 ,1.27987,0.027,0.05,0.1104,0.04625,7,尖峰
7/21/2020 21:00,4869 ,1.27987,0.027,0.05,0.1104,0.04625,7,尖峰
7/21/2020 22:00,4870 ,1.27987,0.027,0.05,0.1104,0.04625,7,尖峰
7/21/2020 23:00,4871 ,1.27987,0.027,0.05,0.1104,0.04625,7,尖峰
7/22/2020 0:00,4872 ,0.30325,0.027,0.05,0.1104,0.04625,7,低谷
7/22/2020 1:00,4873 ,0.30325,0.027,0.05,0.1104,0.04625,7,低谷
7/22/2020 2:00,4874 ,0.30325,0.027,0.05,0.1104,0.04625,7,低谷
7/22/2020 3:00,4875 ,0.30325,0.027,0.05,0.1104,0.04625,7,低谷
7/22/2020 4:00,4876 ,0.30325,0.027,0.05,0.1104,0.04625,7,低谷
7/22/2020 5:00,4877 ,0.30325,0.027,0.05,0.1104,0.04625,7,低谷
7/22/2020 6:00,4878 ,0.68876,0.027,0.05,0.1104,0.04625,7,平时
7/22/2020 7:00,4879 ,0.68876,0.027,0.05,0.1104,0.04625,7,平时
7/22/2020 8:00,4880 ,0.68876,0.027,0.05,0.1104,0.04625,7,平时
7/22/2020 9:00,4881 ,0.68876,0.027,0.05,0.1104,0.04625,7,平时
7/22/2020 10:00,4882 ,0.68876,0.027,0.05,0.1104,0.04625,7,平时
7/22/2020 11:00,4883 ,0.68876,0.027,0.05,0.1104,0.04625,7,平时
7/22/2020 12:00,4884 ,0.30325,0.027,0.05,0.1104,0.04625,7,低谷
7/22/2020 13:00,4885 ,0.30325,0.027,0.05,0.1104,0.04625,7,低谷
7/22/2020 14:00,4886 ,0.68876,0.027,0.05,0.1104,0.04625,7,平时
7/22/2020 15:00,4887 ,0.68876,0.027,0.05,0.1104,0.04625,7,平时
7/22/2020 16:00,4888 ,1.07427,0.027,0.05,0.1104,0.04625,7,高峰
7/22/2020 17:00,4889 ,1.07427,0.027,0.05,0.1104,0.04625,7,高峰
7/22/2020 18:00,4890 ,1.07427,0.027,0.05,0.1104,0.04625,7,高峰
7/22/2020 19:00,4891 ,1.07427,0.027,0.05,0.1104,0.04625,7,高峰
7/22/2020 20:00,4892 ,1.27987,0.027,0.05,0.1104,0.04625,7,尖峰
7/22/2020 21:00,4893 ,1.27987,0.027,0.05,0.1104,0.04625,7,尖峰
7/22/2020 22:00,4894 ,1.27987,0.027,0.05,0.1104,0.04625,7,尖峰
7/22/2020 23:00,4895 ,1.27987,0.027,0.05,0.1104,0.04625,7,尖峰
7/23/2020 0:00,4896 ,0.30325,0.027,0.05,0.1104,0.04625,7,低谷
7/23/2020 1:00,4897 ,0.30325,0.027,0.05,0.1104,0.04625,7,低谷
7/23/2020 2:00,4898 ,0.30325,0.027,0.05,0.1104,0.04625,7,低谷
7/23/2020 3:00,4899 ,0.30325,0.027,0.05,0.1104,0.04625,7,低谷
7/23/2020 4:00,4900 ,0.30325,0.027,0.05,0.1104,0.04625,7,低谷
7/23/2020 5:00,4901 ,0.30325,0.027,0.05,0.1104,0.04625,7,低谷
7/23/2020 6:00,4902 ,0.68876,0.027,0.05,0.1104,0.04625,7,平时
7/23/2020 7:00,4903 ,0.68876,0.027,0.05,0.1104,0.04625,7,平时
7/23/2020 8:00,4904 ,0.68876,0.027,0.05,0.1104,0.04625,7,平时
7/23/2020 9:00,4905 ,0.68876,0.027,0.05,0.1104,0.04625,7,平时
7/23/2020 10:00,4906 ,0.68876,0.027,0.05,0.1104,0.04625,7,平时
7/23/2020 11:00,4907 ,0.68876,0.027,0.05,0.1104,0.04625,7,平时
7/23/2020 12:00,4908 ,0.30325,0.027,0.05,0.1104,0.04625,7,低谷
7/23/2020 13:00,4909 ,0.30325,0.027,0.05,0.1104,0.04625,7,低谷
7/23/2020 14:00,4910 ,0.68876,0.027,0.05,0.1104,0.04625,7,平时
7/23/2020 15:00,4911 ,0.68876,0.027,0.05,0.1104,0.04625,7,平时
7/23/2020 16:00,4912 ,1.07427,0.027,0.05,0.1104,0.04625,7,高峰
7/23/2020 17:00,4913 ,1.07427,0.027,0.05,0.1104,0.04625,7,高峰
7/23/2020 18:00,4914 ,1.07427,0.027,0.05,0.1104,0.04625,7,高峰
7/23/2020 19:00,4915 ,1.07427,0.027,0.05,0.1104,0.04625,7,高峰
7/23/2020 20:00,4916 ,1.27987,0.027,0.05,0.1104,0.04625,7,尖峰
7/23/2020 21:00,4917 ,1.27987,0.027,0.05,0.1104,0.04625,7,尖峰
7/23/2020 22:00,4918 ,1.27987,0.027,0.05,0.1104,0.04625,7,尖峰
7/23/2020 23:00,4919 ,1.27987,0.027,0.05,0.1104,0.04625,7,尖峰
7/24/2020 0:00,4920 ,0.30325,0.027,0.05,0.1104,0.04625,7,低谷
7/24/2020 1:00,4921 ,0.30325,0.027,0.05,0.1104,0.04625,7,低谷
7/24/2020 2:00,4922 ,0.30325,0.027,0.05,0.1104,0.04625,7,低谷
7/24/2020 3:00,4923 ,0.30325,0.027,0.05,0.1104,0.04625,7,低谷
7/24/2020 4:00,4924 ,0.30325,0.027,0.05,0.1104,0.04625,7,低谷
7/24/2020 5:00,4925 ,0.30325,0.027,0.05,0.1104,0.04625,7,低谷
7/24/2020 6:00,4926 ,0.68876,0.027,0.05,0.1104,0.04625,7,平时
7/24/2020 7:00,4927 ,0.68876,0.027,0.05,0.1104,0.04625,7,平时
7/24/2020 8:00,4928 ,0.68876,0.027,0.05,0.1104,0.04625,7,平时
7/24/2020 9:00,4929 ,0.68876,0.027,0.05,0.1104,0.04625,7,平时
7/24/2020 10:00,4930 ,0.68876,0.027,0.05,0.1104,0.04625,7,平时
7/24/2020 11:00,4931 ,0.68876,0.027,0.05,0.1104,0.04625,7,平时
7/24/2020 12:00,4932 ,0.30325,0.027,0.05,0.1104,0.04625,7,低谷
7/24/2020 13:00,4933 ,0.30325,0.027,0.05,0.1104,0.04625,7,低谷
7/24/2020 14:00,4934 ,0.68876,0.027,0.05,0.1104,0.04625,7,平时
7/24/2020 15:00,4935 ,0.68876,0.027,0.05,0.1104,0.04625,7,平时
7/24/2020 16:00,4936 ,1.07427,0.027,0.05,0.1104,0.04625,7,高峰
7/24/2020 17:00,4937 ,1.07427,0.027,0.05,0.1104,0.04625,7,高峰
7/24/2020 18:00,4938 ,1.07427,0.027,0.05,0.1104,0.04625,7,高峰
7/24/2020 19:00,4939 ,1.07427,0.027,0.05,0.1104,0.04625,7,高峰
7/24/2020 20:00,4940 ,1.27987,0.027,0.05,0.1104,0.04625,7,尖峰
7/24/2020 21:00,4941 ,1.27987,0.027,0.05,0.1104,0.04625,7,尖峰
7/24/2020 22:00,4942 ,1.27987,0.027,0.05,0.1104,0.04625,7,尖峰
7/24/2020 23:00,4943 ,1.27987,0.027,0.05,0.1104,0.04625,7,尖峰
7/25/2020 0:00,4944 ,0.30325,0.027,0.05,0.1104,0.04625,7,低谷
7/25/2020 1:00,4945 ,0.30325,0.027,0.05,0.1104,0.04625,7,低谷
7/25/2020 2:00,4946 ,0.30325,0.027,0.05,0.1104,0.04625,7,低谷
7/25/2020 3:00,4947 ,0.30325,0.027,0.05,0.1104,0.04625,7,低谷
7/25/2020 4:00,4948 ,0.30325,0.027,0.05,0.1104,0.04625,7,低谷
7/25/2020 5:00,4949 ,0.30325,0.027,0.05,0.1104,0.04625,7,低谷
7/25/2020 6:00,4950 ,0.68876,0.027,0.05,0.1104,0.04625,7,平时
7/25/2020 7:00,4951 ,0.68876,0.027,0.05,0.1104,0.04625,7,平时
7/25/2020 8:00,4952 ,0.68876,0.027,0.05,0.1104,0.04625,7,平时
7/25/2020 9:00,4953 ,0.68876,0.027,0.05,0.1104,0.04625,7,平时
7/25/2020 10:00,4954 ,0.68876,0.027,0.05,0.1104,0.04625,7,平时
7/25/2020 11:00,4955 ,0.68876,0.027,0.05,0.1104,0.04625,7,平时
7/25/2020 12:00,4956 ,0.30325,0.027,0.05,0.1104,0.04625,7,低谷
7/25/2020 13:00,4957 ,0.30325,0.027,0.05,0.1104,0.04625,7,低谷
7/25/2020 14:00,4958 ,0.68876,0.027,0.05,0.1104,0.04625,7,平时
7/25/2020 15:00,4959 ,0.68876,0.027,0.05,0.1104,0.04625,7,平时
7/25/2020 16:00,4960 ,1.07427,0.027,0.05,0.1104,0.04625,7,高峰
7/25/2020 17:00,4961 ,1.07427,0.027,0.05,0.1104,0.04625,7,高峰
7/25/2020 18:00,4962 ,1.07427,0.027,0.05,0.1104,0.04625,7,高峰
7/25/2020 19:00,4963 ,1.07427,0.027,0.05,0.1104,0.04625,7,高峰
7/25/2020 20:00,4964 ,1.27987,0.027,0.05,0.1104,0.04625,7,尖峰
7/25/2020 21:00,4965 ,1.27987,0.027,0.05,0.1104,0.04625,7,尖峰
7/25/2020 22:00,4966 ,1.27987,0.027,0.05,0.1104,0.04625,7,尖峰
7/25/2020 23:00,4967 ,1.27987,0.027,0.05,0.1104,0.04625,7,尖峰
7/26/2020 0:00,4968 ,0.30325,0.027,0.05,0.1104,0.04625,7,低谷
7/26/2020 1:00,4969 ,0.30325,0.027,0.05,0.1104,0.04625,7,低谷
7/26/2020 2:00,4970 ,0.30325,0.027,0.05,0.1104,0.04625,7,低谷
7/26/2020 3:00,4971 ,0.30325,0.027,0.05,0.1104,0.04625,7,低谷
7/26/2020 4:00,4972 ,0.30325,0.027,0.05,0.1104,0.04625,7,低谷
7/26/2020 5:00,4973 ,0.30325,0.027,0.05,0.1104,0.04625,7,低谷
7/26/2020 6:00,4974 ,0.68876,0.027,0.05,0.1104,0.04625,7,平时
7/26/2020 7:00,4975 ,0.68876,0.027,0.05,0.1104,0.04625,7,平时
7/26/2020 8:00,4976 ,0.68876,0.027,0.05,0.1104,0.04625,7,平时
7/26/2020 9:00,4977 ,0.68876,0.027,0.05,0.1104,0.04625,7,平时
7/26/2020 10:00,4978 ,0.68876,0.027,0.05,0.1104,0.04625,7,平时
7/26/2020 11:00,4979 ,0.68876,0.027,0.05,0.1104,0.04625,7,平时
7/26/2020 12:00,4980 ,0.30325,0.027,0.05,0.1104,0.04625,7,低谷
7/26/2020 13:00,4981 ,0.30325,0.027,0.05,0.1104,0.04625,7,低谷
7/26/2020 14:00,4982 ,0.68876,0.027,0.05,0.1104,0.04625,7,平时
7/26/2020 15:00,4983 ,0.68876,0.027,0.05,0.1104,0.04625,7,平时
7/26/2020 16:00,4984 ,1.07427,0.027,0.05,0.1104,0.04625,7,高峰
7/26/2020 17:00,4985 ,1.07427,0.027,0.05,0.1104,0.04625,7,高峰
7/26/2020 18:00,4986 ,1.07427,0.027,0.05,0.1104,0.04625,7,高峰
7/26/2020 19:00,4987 ,1.07427,0.027,0.05,0.1104,0.04625,7,高峰
7/26/2020 20:00,4988 ,1.27987,0.027,0.05,0.1104,0.04625,7,尖峰
7/26/2020 21:00,4989 ,1.27987,0.027,0.05,0.1104,0.04625,7,尖峰
7/26/2020 22:00,4990 ,1.27987,0.027,0.05,0.1104,0.04625,7,尖峰
7/26/2020 23:00,4991 ,1.27987,0.027,0.05,0.1104,0.04625,7,尖峰
7/27/2020 0:00,4992 ,0.30325,0.027,0.05,0.1104,0.04625,7,低谷
7/27/2020 1:00,4993 ,0.30325,0.027,0.05,0.1104,0.04625,7,低谷
7/27/2020 2:00,4994 ,0.30325,0.027,0.05,0.1104,0.04625,7,低谷
7/27/2020 3:00,4995 ,0.30325,0.027,0.05,0.1104,0.04625,7,低谷
7/27/2020 4:00,4996 ,0.30325,0.027,0.05,0.1104,0.04625,7,低谷
7/27/2020 5:00,4997 ,0.30325,0.027,0.05,0.1104,0.04625,7,低谷
7/27/2020 6:00,4998 ,0.68876,0.027,0.05,0.1104,0.04625,7,平时
7/27/2020 7:00,4999 ,0.68876,0.027,0.05,0.1104,0.04625,7,平时
7/27/2020 8:00,5000 ,0.68876,0.027,0.05,0.1104,0.04625,7,平时
7/27/2020 9:00,5001 ,0.68876,0.027,0.05,0.1104,0.04625,7,平时
7/27/2020 10:00,5002 ,0.68876,0.027,0.05,0.1104,0.04625,7,平时
7/27/2020 11:00,5003 ,0.68876,0.027,0.05,0.1104,0.04625,7,平时
7/27/2020 12:00,5004 ,0.30325,0.027,0.05,0.1104,0.04625,7,低谷
7/27/2020 13:00,5005 ,0.30325,0.027,0.05,0.1104,0.04625,7,低谷
7/27/2020 14:00,5006 ,0.68876,0.027,0.05,0.1104,0.04625,7,平时
7/27/2020 15:00,5007 ,0.68876,0.027,0.05,0.1104,0.04625,7,平时
7/27/2020 16:00,5008 ,1.07427,0.027,0.05,0.1104,0.04625,7,高峰
7/27/2020 17:00,5009 ,1.07427,0.027,0.05,0.1104,0.04625,7,高峰
7/27/2020 18:00,5010 ,1.07427,0.027,0.05,0.1104,0.04625,7,高峰
7/27/2020 19:00,5011 ,1.07427,0.027,0.05,0.1104,0.04625,7,高峰
7/27/2020 20:00,5012 ,1.27987,0.027,0.05,0.1104,0.04625,7,尖峰
7/27/2020 21:00,5013 ,1.27987,0.027,0.05,0.1104,0.04625,7,尖峰
7/27/2020 22:00,5014 ,1.27987,0.027,0.05,0.1104,0.04625,7,尖峰
7/27/2020 23:00,5015 ,1.27987,0.027,0.05,0.1104,0.04625,7,尖峰
7/28/2020 0:00,5016 ,0.30325,0.027,0.05,0.1104,0.04625,7,低谷
7/28/2020 1:00,5017 ,0.30325,0.027,0.05,0.1104,0.04625,7,低谷
7/28/2020 2:00,5018 ,0.30325,0.027,0.05,0.1104,0.04625,7,低谷
7/28/2020 3:00,5019 ,0.30325,0.027,0.05,0.1104,0.04625,7,低谷
7/28/2020 4:00,5020 ,0.30325,0.027,0.05,0.1104,0.04625,7,低谷
7/28/2020 5:00,5021 ,0.30325,0.027,0.05,0.1104,0.04625,7,低谷
7/28/2020 6:00,5022 ,0.68876,0.027,0.05,0.1104,0.04625,7,平时
7/28/2020 7:00,5023 ,0.68876,0.027,0.05,0.1104,0.04625,7,平时
7/28/2020 8:00,5024 ,0.68876,0.027,0.05,0.1104,0.04625,7,平时
7/28/2020 9:00,5025 ,0.68876,0.027,0.05,0.1104,0.04625,7,平时
7/28/2020 10:00,5026 ,0.68876,0.027,0.05,0.1104,0.04625,7,平时
7/28/2020 11:00,5027 ,0.68876,0.027,0.05,0.1104,0.04625,7,平时
7/28/2020 12:00,5028 ,0.30325,0.027,0.05,0.1104,0.04625,7,低谷
7/28/2020 13:00,5029 ,0.30325,0.027,0.05,0.1104,0.04625,7,低谷
7/28/2020 14:00,5030 ,0.68876,0.027,0.05,0.1104,0.04625,7,平时
7/28/2020 15:00,5031 ,0.68876,0.027,0.05,0.1104,0.04625,7,平时
7/28/2020 16:00,5032 ,1.07427,0.027,0.05,0.1104,0.04625,7,高峰
7/28/2020 17:00,5033 ,1.07427,0.027,0.05,0.1104,0.04625,7,高峰
7/28/2020 18:00,5034 ,1.07427,0.027,0.05,0.1104,0.04625,7,高峰
7/28/2020 19:00,5035 ,1.07427,0.027,0.05,0.1104,0.04625,7,高峰
7/28/2020 20:00,5036 ,1.27987,0.027,0.05,0.1104,0.04625,7,尖峰
7/28/2020 21:00,5037 ,1.27987,0.027,0.05,0.1104,0.04625,7,尖峰
7/28/2020 22:00,5038 ,1.27987,0.027,0.05,0.1104,0.04625,7,尖峰
7/28/2020 23:00,5039 ,1.27987,0.027,0.05,0.1104,0.04625,7,尖峰
7/29/2020 0:00,5040 ,0.30325,0.027,0.05,0.1104,0.04625,7,低谷
7/29/2020 1:00,5041 ,0.30325,0.027,0.05,0.1104,0.04625,7,低谷
7/29/2020 2:00,5042 ,0.30325,0.027,0.05,0.1104,0.04625,7,低谷
7/29/2020 3:00,5043 ,0.30325,0.027,0.05,0.1104,0.04625,7,低谷
7/29/2020 4:00,5044 ,0.30325,0.027,0.05,0.1104,0.04625,7,低谷
7/29/2020 5:00,5045 ,0.30325,0.027,0.05,0.1104,0.04625,7,低谷
7/29/2020 6:00,5046 ,0.68876,0.027,0.05,0.1104,0.04625,7,平时
7/29/2020 7:00,5047 ,0.68876,0.027,0.05,0.1104,0.04625,7,平时
7/29/2020 8:00,5048 ,0.68876,0.027,0.05,0.1104,0.04625,7,平时
7/29/2020 9:00,5049 ,0.68876,0.027,0.05,0.1104,0.04625,7,平时
7/29/2020 10:00,5050 ,0.68876,0.027,0.05,0.1104,0.04625,7,平时
7/29/2020 11:00,5051 ,0.68876,0.027,0.05,0.1104,0.04625,7,平时
7/29/2020 12:00,5052 ,0.30325,0.027,0.05,0.1104,0.04625,7,低谷
7/29/2020 13:00,5053 ,0.30325,0.027,0.05,0.1104,0.04625,7,低谷
7/29/2020 14:00,5054 ,0.68876,0.027,0.05,0.1104,0.04625,7,平时
7/29/2020 15:00,5055 ,0.68876,0.027,0.05,0.1104,0.04625,7,平时
7/29/2020 16:00,5056 ,1.07427,0.027,0.05,0.1104,0.04625,7,高峰
7/29/2020 17:00,5057 ,1.07427,0.027,0.05,0.1104,0.04625,7,高峰
7/29/2020 18:00,5058 ,1.07427,0.027,0.05,0.1104,0.04625,7,高峰
7/29/2020 19:00,5059 ,1.07427,0.027,0.05,0.1104,0.04625,7,高峰
7/29/2020 20:00,5060 ,1.27987,0.027,0.05,0.1104,0.04625,7,尖峰
7/29/2020 21:00,5061 ,1.27987,0.027,0.05,0.1104,0.04625,7,尖峰
7/29/2020 22:00,5062 ,1.27987,0.027,0.05,0.1104,0.04625,7,尖峰
7/29/2020 23:00,5063 ,1.27987,0.027,0.05,0.1104,0.04625,7,尖峰
7/30/2020 0:00,5064 ,0.30325,0.027,0.05,0.1104,0.04625,7,低谷
7/30/2020 1:00,5065 ,0.30325,0.027,0.05,0.1104,0.04625,7,低谷
7/30/2020 2:00,5066 ,0.30325,0.027,0.05,0.1104,0.04625,7,低谷
7/30/2020 3:00,5067 ,0.30325,0.027,0.05,0.1104,0.04625,7,低谷
7/30/2020 4:00,5068 ,0.30325,0.027,0.05,0.1104,0.04625,7,低谷
7/30/2020 5:00,5069 ,0.30325,0.027,0.05,0.1104,0.04625,7,低谷
7/30/2020 6:00,5070 ,0.68876,0.027,0.05,0.1104,0.04625,7,平时
7/30/2020 7:00,5071 ,0.68876,0.027,0.05,0.1104,0.04625,7,平时
7/30/2020 8:00,5072 ,0.68876,0.027,0.05,0.1104,0.04625,7,平时
7/30/2020 9:00,5073 ,0.68876,0.027,0.05,0.1104,0.04625,7,平时
7/30/2020 10:00,5074 ,0.68876,0.027,0.05,0.1104,0.04625,7,平时
7/30/2020 11:00,5075 ,0.68876,0.027,0.05,0.1104,0.04625,7,平时
7/30/2020 12:00,5076 ,0.30325,0.027,0.05,0.1104,0.04625,7,低谷
7/30/2020 13:00,5077 ,0.30325,0.027,0.05,0.1104,0.04625,7,低谷
7/30/2020 14:00,5078 ,0.68876,0.027,0.05,0.1104,0.04625,7,平时
7/30/2020 15:00,5079 ,0.68876,0.027,0.05,0.1104,0.04625,7,平时
7/30/2020 16:00,5080 ,1.07427,0.027,0.05,0.1104,0.04625,7,高峰
7/30/2020 17:00,5081 ,1.07427,0.027,0.05,0.1104,0.04625,7,高峰
7/30/2020 18:00,5082 ,1.07427,0.027,0.05,0.1104,0.04625,7,高峰
7/30/2020 19:00,5083 ,1.07427,0.027,0.05,0.1104,0.04625,7,高峰
7/30/2020 20:00,5084 ,1.27987,0.027,0.05,0.1104,0.04625,7,尖峰
7/30/2020 21:00,5085 ,1.27987,0.027,0.05,0.1104,0.04625,7,尖峰
7/30/2020 22:00,5086 ,1.27987,0.027,0.05,0.1104,0.04625,7,尖峰
7/30/2020 23:00,5087 ,1.27987,0.027,0.05,0.1104,0.04625,7,尖峰
7/31/2020 0:00,5088 ,0.30325,0.027,0.05,0.1104,0.04625,7,低谷
7/31/2020 1:00,5089 ,0.30325,0.027,0.05,0.1104,0.04625,7,低谷
7/31/2020 2:00,5090 ,0.30325,0.027,0.05,0.1104,0.04625,7,低谷
7/31/2020 3:00,5091 ,0.30325,0.027,0.05,0.1104,0.04625,7,低谷
7/31/2020 4:00,5092 ,0.30325,0.027,0.05,0.1104,0.04625,7,低谷
7/31/2020 5:00,5093 ,0.30325,0.027,0.05,0.1104,0.04625,7,低谷
7/31/2020 6:00,5094 ,0.68876,0.027,0.05,0.1104,0.04625,7,平时
7/31/2020 7:00,5095 ,0.68876,0.027,0.05,0.1104,0.04625,7,平时
7/31/2020 8:00,5096 ,0.68876,0.027,0.05,0.1104,0.04625,7,平时
7/31/2020 9:00,5097 ,0.68876,0.027,0.05,0.1104,0.04625,7,平时
7/31/2020 10:00,5098 ,0.68876,0.027,0.05,0.1104,0.04625,7,平时
7/31/2020 11:00,5099 ,0.68876,0.027,0.05,0.1104,0.04625,7,平时
7/31/2020 12:00,5100 ,0.30325,0.027,0.05,0.1104,0.04625,7,低谷
7/31/2020 13:00,5101 ,0.30325,0.027,0.05,0.1104,0.04625,7,低谷
7/31/2020 14:00,5102 ,0.68876,0.027,0.05,0.1104,0.04625,7,平时
7/31/2020 15:00,5103 ,0.68876,0.027,0.05,0.1104,0.04625,7,平时
7/31/2020 16:00,5104 ,1.07427,0.027,0.05,0.1104,0.04625,7,高峰
7/31/2020 17:00,5105 ,1.07427,0.027,0.05,0.1104,0.04625,7,高峰
7/31/2020 18:00,5106 ,1.07427,0.027,0.05,0.1104,0.04625,7,高峰
7/31/2020 19:00,5107 ,1.07427,0.027,0.05,0.1104,0.04625,7,高峰
7/31/2020 20:00,5108 ,1.27987,0.027,0.05,0.1104,0.04625,7,尖峰
7/31/2020 21:00,5109 ,1.27987,0.027,0.05,0.1104,0.04625,7,尖峰
7/31/2020 22:00,5110 ,1.27987,0.027,0.05,0.1104,0.04625,7,尖峰
7/31/2020 23:00,5111 ,1.27987,0.027,0.05,0.1104,0.04625,7,尖峰
8/1/2020 0:00,5112 ,0.30325,0.027,0.05,0.1104,0.04625,8,低谷
8/1/2020 1:00,5113 ,0.30325,0.027,0.05,0.1104,0.04625,8,低谷
8/1/2020 2:00,5114 ,0.30325,0.027,0.05,0.1104,0.04625,8,低谷
8/1/2020 3:00,5115 ,0.30325,0.027,0.05,0.1104,0.04625,8,低谷
8/1/2020 4:00,5116 ,0.30325,0.027,0.05,0.1104,0.04625,8,低谷
8/1/2020 5:00,5117 ,0.30325,0.027,0.05,0.1104,0.04625,8,低谷
8/1/2020 6:00,5118 ,0.68876,0.027,0.05,0.1104,0.04625,8,平时
8/1/2020 7:00,5119 ,0.68876,0.027,0.05,0.1104,0.04625,8,平时
8/1/2020 8:00,5120 ,0.68876,0.027,0.05,0.1104,0.04625,8,平时
8/1/2020 9:00,5121 ,0.68876,0.027,0.05,0.1104,0.04625,8,平时
8/1/2020 10:00,5122 ,0.68876,0.027,0.05,0.1104,0.04625,8,平时
8/1/2020 11:00,5123 ,0.68876,0.027,0.05,0.1104,0.04625,8,平时
8/1/2020 12:00,5124 ,0.30325,0.027,0.05,0.1104,0.04625,8,低谷
8/1/2020 13:00,5125 ,0.30325,0.027,0.05,0.1104,0.04625,8,低谷
8/1/2020 14:00,5126 ,0.68876,0.027,0.05,0.1104,0.04625,8,平时
8/1/2020 15:00,5127 ,0.68876,0.027,0.05,0.1104,0.04625,8,平时
8/1/2020 16:00,5128 ,1.06445,0.027,0.05,0.1104,0.04625,8,高峰
8/1/2020 17:00,5129 ,1.06445,0.027,0.05,0.1104,0.04625,8,高峰
8/1/2020 18:00,5130 ,1.06445,0.027,0.05,0.1104,0.04625,8,高峰
8/1/2020 19:00,5131 ,1.06445,0.027,0.05,0.1104,0.04625,8,高峰
8/1/2020 20:00,5132 ,1.25601,0.027,0.05,0.1104,0.04625,8,尖峰
8/1/2020 21:00,5133 ,1.25601,0.027,0.05,0.1104,0.04625,8,尖峰
8/1/2020 22:00,5134 ,1.25601,0.027,0.05,0.1104,0.04625,8,尖峰
8/1/2020 23:00,5135 ,1.25601,0.027,0.05,0.1104,0.04625,8,尖峰
8/2/2020 0:00,5136 ,0.30325,0.027,0.05,0.1104,0.04625,8,低谷
8/2/2020 1:00,5137 ,0.30325,0.027,0.05,0.1104,0.04625,8,低谷
8/2/2020 2:00,5138 ,0.30325,0.027,0.05,0.1104,0.04625,8,低谷
8/2/2020 3:00,5139 ,0.30325,0.027,0.05,0.1104,0.04625,8,低谷
8/2/2020 4:00,5140 ,0.30325,0.027,0.05,0.1104,0.04625,8,低谷
8/2/2020 5:00,5141 ,0.30325,0.027,0.05,0.1104,0.04625,8,低谷
8/2/2020 6:00,5142 ,0.68876,0.027,0.05,0.1104,0.04625,8,平时
8/2/2020 7:00,5143 ,0.68876,0.027,0.05,0.1104,0.04625,8,平时
8/2/2020 8:00,5144 ,0.68876,0.027,0.05,0.1104,0.04625,8,平时
8/2/2020 9:00,5145 ,0.68876,0.027,0.05,0.1104,0.04625,8,平时
8/2/2020 10:00,5146 ,0.68876,0.027,0.05,0.1104,0.04625,8,平时
8/2/2020 11:00,5147 ,0.68876,0.027,0.05,0.1104,0.04625,8,平时
8/2/2020 12:00,5148 ,0.30325,0.027,0.05,0.1104,0.04625,8,低谷
8/2/2020 13:00,5149 ,0.30325,0.027,0.05,0.1104,0.04625,8,低谷
8/2/2020 14:00,5150 ,0.68876,0.027,0.05,0.1104,0.04625,8,平时
8/2/2020 15:00,5151 ,0.68876,0.027,0.05,0.1104,0.04625,8,平时
8/2/2020 16:00,5152 ,1.06445,0.027,0.05,0.1104,0.04625,8,高峰
8/2/2020 17:00,5153 ,1.06445,0.027,0.05,0.1104,0.04625,8,高峰
8/2/2020 18:00,5154 ,1.06445,0.027,0.05,0.1104,0.04625,8,高峰
8/2/2020 19:00,5155 ,1.06445,0.027,0.05,0.1104,0.04625,8,高峰
8/2/2020 20:00,5156 ,1.25601,0.027,0.05,0.1104,0.04625,8,尖峰
8/2/2020 21:00,5157 ,1.25601,0.027,0.05,0.1104,0.04625,8,尖峰
8/2/2020 22:00,5158 ,1.25601,0.027,0.05,0.1104,0.04625,8,尖峰
8/2/2020 23:00,5159 ,1.25601,0.027,0.05,0.1104,0.04625,8,尖峰
8/3/2020 0:00,5160 ,0.30325,0.027,0.05,0.1104,0.04625,8,低谷
8/3/2020 1:00,5161 ,0.30325,0.027,0.05,0.1104,0.04625,8,低谷
8/3/2020 2:00,5162 ,0.30325,0.027,0.05,0.1104,0.04625,8,低谷
8/3/2020 3:00,5163 ,0.30325,0.027,0.05,0.1104,0.04625,8,低谷
8/3/2020 4:00,5164 ,0.30325,0.027,0.05,0.1104,0.04625,8,低谷
8/3/2020 5:00,5165 ,0.30325,0.027,0.05,0.1104,0.04625,8,低谷
8/3/2020 6:00,5166 ,0.68876,0.027,0.05,0.1104,0.04625,8,平时
8/3/2020 7:00,5167 ,0.68876,0.027,0.05,0.1104,0.04625,8,平时
8/3/2020 8:00,5168 ,0.68876,0.027,0.05,0.1104,0.04625,8,平时
8/3/2020 9:00,5169 ,0.68876,0.027,0.05,0.1104,0.04625,8,平时
8/3/2020 10:00,5170 ,0.68876,0.027,0.05,0.1104,0.04625,8,平时
8/3/2020 11:00,5171 ,0.68876,0.027,0.05,0.1104,0.04625,8,平时
8/3/2020 12:00,5172 ,0.30325,0.027,0.05,0.1104,0.04625,8,低谷
8/3/2020 13:00,5173 ,0.30325,0.027,0.05,0.1104,0.04625,8,低谷
8/3/2020 14:00,5174 ,0.68876,0.027,0.05,0.1104,0.04625,8,平时
8/3/2020 15:00,5175 ,0.68876,0.027,0.05,0.1104,0.04625,8,平时
8/3/2020 16:00,5176 ,1.06445,0.027,0.05,0.1104,0.04625,8,高峰
8/3/2020 17:00,5177 ,1.06445,0.027,0.05,0.1104,0.04625,8,高峰
8/3/2020 18:00,5178 ,1.06445,0.027,0.05,0.1104,0.04625,8,高峰
8/3/2020 19:00,5179 ,1.06445,0.027,0.05,0.1104,0.04625,8,高峰
8/3/2020 20:00,5180 ,1.25601,0.027,0.05,0.1104,0.04625,8,尖峰
8/3/2020 21:00,5181 ,1.25601,0.027,0.05,0.1104,0.04625,8,尖峰
8/3/2020 22:00,5182 ,1.25601,0.027,0.05,0.1104,0.04625,8,尖峰
8/3/2020 23:00,5183 ,1.25601,0.027,0.05,0.1104,0.04625,8,尖峰
8/4/2020 0:00,5184 ,0.30325,0.027,0.05,0.1104,0.04625,8,低谷
8/4/2020 1:00,5185 ,0.30325,0.027,0.05,0.1104,0.04625,8,低谷
8/4/2020 2:00,5186 ,0.30325,0.027,0.05,0.1104,0.04625,8,低谷
8/4/2020 3:00,5187 ,0.30325,0.027,0.05,0.1104,0.04625,8,低谷
8/4/2020 4:00,5188 ,0.30325,0.027,0.05,0.1104,0.04625,8,低谷
8/4/2020 5:00,5189 ,0.30325,0.027,0.05,0.1104,0.04625,8,低谷
8/4/2020 6:00,5190 ,0.68876,0.027,0.05,0.1104,0.04625,8,平时
8/4/2020 7:00,5191 ,0.68876,0.027,0.05,0.1104,0.04625,8,平时
8/4/2020 8:00,5192 ,0.68876,0.027,0.05,0.1104,0.04625,8,平时
8/4/2020 9:00,5193 ,0.68876,0.027,0.05,0.1104,0.04625,8,平时
8/4/2020 10:00,5194 ,0.68876,0.027,0.05,0.1104,0.04625,8,平时
8/4/2020 11:00,5195 ,0.68876,0.027,0.05,0.1104,0.04625,8,平时
8/4/2020 12:00,5196 ,0.30325,0.027,0.05,0.1104,0.04625,8,低谷
8/4/2020 13:00,5197 ,0.30325,0.027,0.05,0.1104,0.04625,8,低谷
8/4/2020 14:00,5198 ,0.68876,0.027,0.05,0.1104,0.04625,8,平时
8/4/2020 15:00,5199 ,0.68876,0.027,0.05,0.1104,0.04625,8,平时
8/4/2020 16:00,5200 ,1.06445,0.027,0.05,0.1104,0.04625,8,高峰
8/4/2020 17:00,5201 ,1.06445,0.027,0.05,0.1104,0.04625,8,高峰
8/4/2020 18:00,5202 ,1.06445,0.027,0.05,0.1104,0.04625,8,高峰
8/4/2020 19:00,5203 ,1.06445,0.027,0.05,0.1104,0.04625,8,高峰
8/4/2020 20:00,5204 ,1.25601,0.027,0.05,0.1104,0.04625,8,尖峰
8/4/2020 21:00,5205 ,1.25601,0.027,0.05,0.1104,0.04625,8,尖峰
8/4/2020 22:00,5206 ,1.25601,0.027,0.05,0.1104,0.04625,8,尖峰
8/4/2020 23:00,5207 ,1.25601,0.027,0.05,0.1104,0.04625,8,尖峰
8/5/2020 0:00,5208 ,0.30325,0.027,0.05,0.1104,0.04625,8,低谷
8/5/2020 1:00,5209 ,0.30325,0.027,0.05,0.1104,0.04625,8,低谷
8/5/2020 2:00,5210 ,0.30325,0.027,0.05,0.1104,0.04625,8,低谷
8/5/2020 3:00,5211 ,0.30325,0.027,0.05,0.1104,0.04625,8,低谷
8/5/2020 4:00,5212 ,0.30325,0.027,0.05,0.1104,0.04625,8,低谷
8/5/2020 5:00,5213 ,0.30325,0.027,0.05,0.1104,0.04625,8,低谷
8/5/2020 6:00,5214 ,0.68876,0.027,0.05,0.1104,0.04625,8,平时
8/5/2020 7:00,5215 ,0.68876,0.027,0.05,0.1104,0.04625,8,平时
8/5/2020 8:00,5216 ,0.68876,0.027,0.05,0.1104,0.04625,8,平时
8/5/2020 9:00,5217 ,0.68876,0.027,0.05,0.1104,0.04625,8,平时
8/5/2020 10:00,5218 ,0.68876,0.027,0.05,0.1104,0.04625,8,平时
8/5/2020 11:00,5219 ,0.68876,0.027,0.05,0.1104,0.04625,8,平时
8/5/2020 12:00,5220 ,0.30325,0.027,0.05,0.1104,0.04625,8,低谷
8/5/2020 13:00,5221 ,0.30325,0.027,0.05,0.1104,0.04625,8,低谷
8/5/2020 14:00,5222 ,0.68876,0.027,0.05,0.1104,0.04625,8,平时
8/5/2020 15:00,5223 ,0.68876,0.027,0.05,0.1104,0.04625,8,平时
8/5/2020 16:00,5224 ,1.06445,0.027,0.05,0.1104,0.04625,8,高峰
8/5/2020 17:00,5225 ,1.06445,0.027,0.05,0.1104,0.04625,8,高峰
8/5/2020 18:00,5226 ,1.06445,0.027,0.05,0.1104,0.04625,8,高峰
8/5/2020 19:00,5227 ,1.06445,0.027,0.05,0.1104,0.04625,8,高峰
8/5/2020 20:00,5228 ,1.25601,0.027,0.05,0.1104,0.04625,8,尖峰
8/5/2020 21:00,5229 ,1.25601,0.027,0.05,0.1104,0.04625,8,尖峰
8/5/2020 22:00,5230 ,1.25601,0.027,0.05,0.1104,0.04625,8,尖峰
8/5/2020 23:00,5231 ,1.25601,0.027,0.05,0.1104,0.04625,8,尖峰
8/6/2020 0:00,5232 ,0.30325,0.027,0.05,0.1104,0.04625,8,低谷
8/6/2020 1:00,5233 ,0.30325,0.027,0.05,0.1104,0.04625,8,低谷
8/6/2020 2:00,5234 ,0.30325,0.027,0.05,0.1104,0.04625,8,低谷
8/6/2020 3:00,5235 ,0.30325,0.027,0.05,0.1104,0.04625,8,低谷
8/6/2020 4:00,5236 ,0.30325,0.027,0.05,0.1104,0.04625,8,低谷
8/6/2020 5:00,5237 ,0.30325,0.027,0.05,0.1104,0.04625,8,低谷
8/6/2020 6:00,5238 ,0.68876,0.027,0.05,0.1104,0.04625,8,平时
8/6/2020 7:00,5239 ,0.68876,0.027,0.05,0.1104,0.04625,8,平时
8/6/2020 8:00,5240 ,0.68876,0.027,0.05,0.1104,0.04625,8,平时
8/6/2020 9:00,5241 ,0.68876,0.027,0.05,0.1104,0.04625,8,平时
8/6/2020 10:00,5242 ,0.68876,0.027,0.05,0.1104,0.04625,8,平时
8/6/2020 11:00,5243 ,0.68876,0.027,0.05,0.1104,0.04625,8,平时
8/6/2020 12:00,5244 ,0.30325,0.027,0.05,0.1104,0.04625,8,低谷
8/6/2020 13:00,5245 ,0.30325,0.027,0.05,0.1104,0.04625,8,低谷
8/6/2020 14:00,5246 ,0.68876,0.027,0.05,0.1104,0.04625,8,平时
8/6/2020 15:00,5247 ,0.68876,0.027,0.05,0.1104,0.04625,8,平时
8/6/2020 16:00,5248 ,1.06445,0.027,0.05,0.1104,0.04625,8,高峰
8/6/2020 17:00,5249 ,1.06445,0.027,0.05,0.1104,0.04625,8,高峰
8/6/2020 18:00,5250 ,1.06445,0.027,0.05,0.1104,0.04625,8,高峰
8/6/2020 19:00,5251 ,1.06445,0.027,0.05,0.1104,0.04625,8,高峰
8/6/2020 20:00,5252 ,1.25601,0.027,0.05,0.1104,0.04625,8,尖峰
8/6/2020 21:00,5253 ,1.25601,0.027,0.05,0.1104,0.04625,8,尖峰
8/6/2020 22:00,5254 ,1.25601,0.027,0.05,0.1104,0.04625,8,尖峰
8/6/2020 23:00,5255 ,1.25601,0.027,0.05,0.1104,0.04625,8,尖峰
8/7/2020 0:00,5256 ,0.30325,0.027,0.05,0.1104,0.04625,8,低谷
8/7/2020 1:00,5257 ,0.30325,0.027,0.05,0.1104,0.04625,8,低谷
8/7/2020 2:00,5258 ,0.30325,0.027,0.05,0.1104,0.04625,8,低谷
8/7/2020 3:00,5259 ,0.30325,0.027,0.05,0.1104,0.04625,8,低谷
8/7/2020 4:00,5260 ,0.30325,0.027,0.05,0.1104,0.04625,8,低谷
8/7/2020 5:00,5261 ,0.30325,0.027,0.05,0.1104,0.04625,8,低谷
8/7/2020 6:00,5262 ,0.68876,0.027,0.05,0.1104,0.04625,8,平时
8/7/2020 7:00,5263 ,0.68876,0.027,0.05,0.1104,0.04625,8,平时
8/7/2020 8:00,5264 ,0.68876,0.027,0.05,0.1104,0.04625,8,平时
8/7/2020 9:00,5265 ,0.68876,0.027,0.05,0.1104,0.04625,8,平时
8/7/2020 10:00,5266 ,0.68876,0.027,0.05,0.1104,0.04625,8,平时
8/7/2020 11:00,5267 ,0.68876,0.027,0.05,0.1104,0.04625,8,平时
8/7/2020 12:00,5268 ,0.30325,0.027,0.05,0.1104,0.04625,8,低谷
8/7/2020 13:00,5269 ,0.30325,0.027,0.05,0.1104,0.04625,8,低谷
8/7/2020 14:00,5270 ,0.68876,0.027,0.05,0.1104,0.04625,8,平时
8/7/2020 15:00,5271 ,0.68876,0.027,0.05,0.1104,0.04625,8,平时
8/7/2020 16:00,5272 ,1.06445,0.027,0.05,0.1104,0.04625,8,高峰
8/7/2020 17:00,5273 ,1.06445,0.027,0.05,0.1104,0.04625,8,高峰
8/7/2020 18:00,5274 ,1.06445,0.027,0.05,0.1104,0.04625,8,高峰
8/7/2020 19:00,5275 ,1.06445,0.027,0.05,0.1104,0.04625,8,高峰
8/7/2020 20:00,5276 ,1.25601,0.027,0.05,0.1104,0.04625,8,尖峰
8/7/2020 21:00,5277 ,1.25601,0.027,0.05,0.1104,0.04625,8,尖峰
8/7/2020 22:00,5278 ,1.25601,0.027,0.05,0.1104,0.04625,8,尖峰
8/7/2020 23:00,5279 ,1.25601,0.027,0.05,0.1104,0.04625,8,尖峰
8/8/2020 0:00,5280 ,0.30325,0.027,0.05,0.1104,0.04625,8,低谷
8/8/2020 1:00,5281 ,0.30325,0.027,0.05,0.1104,0.04625,8,低谷
8/8/2020 2:00,5282 ,0.30325,0.027,0.05,0.1104,0.04625,8,低谷
8/8/2020 3:00,5283 ,0.30325,0.027,0.05,0.1104,0.04625,8,低谷
8/8/2020 4:00,5284 ,0.30325,0.027,0.05,0.1104,0.04625,8,低谷
8/8/2020 5:00,5285 ,0.30325,0.027,0.05,0.1104,0.04625,8,低谷
8/8/2020 6:00,5286 ,0.68876,0.027,0.05,0.1104,0.04625,8,平时
8/8/2020 7:00,5287 ,0.68876,0.027,0.05,0.1104,0.04625,8,平时
8/8/2020 8:00,5288 ,0.68876,0.027,0.05,0.1104,0.04625,8,平时
8/8/2020 9:00,5289 ,0.68876,0.027,0.05,0.1104,0.04625,8,平时
8/8/2020 10:00,5290 ,0.68876,0.027,0.05,0.1104,0.04625,8,平时
8/8/2020 11:00,5291 ,0.68876,0.027,0.05,0.1104,0.04625,8,平时
8/8/2020 12:00,5292 ,0.30325,0.027,0.05,0.1104,0.04625,8,低谷
8/8/2020 13:00,5293 ,0.30325,0.027,0.05,0.1104,0.04625,8,低谷
8/8/2020 14:00,5294 ,0.68876,0.027,0.05,0.1104,0.04625,8,平时
8/8/2020 15:00,5295 ,0.68876,0.027,0.05,0.1104,0.04625,8,平时
8/8/2020 16:00,5296 ,1.06445,0.027,0.05,0.1104,0.04625,8,高峰
8/8/2020 17:00,5297 ,1.06445,0.027,0.05,0.1104,0.04625,8,高峰
8/8/2020 18:00,5298 ,1.06445,0.027,0.05,0.1104,0.04625,8,高峰
8/8/2020 19:00,5299 ,1.06445,0.027,0.05,0.1104,0.04625,8,高峰
8/8/2020 20:00,5300 ,1.25601,0.027,0.05,0.1104,0.04625,8,尖峰
8/8/2020 21:00,5301 ,1.25601,0.027,0.05,0.1104,0.04625,8,尖峰
8/8/2020 22:00,5302 ,1.25601,0.027,0.05,0.1104,0.04625,8,尖峰
8/8/2020 23:00,5303 ,1.25601,0.027,0.05,0.1104,0.04625,8,尖峰
8/9/2020 0:00,5304 ,0.30325,0.027,0.05,0.1104,0.04625,8,低谷
8/9/2020 1:00,5305 ,0.30325,0.027,0.05,0.1104,0.04625,8,低谷
8/9/2020 2:00,5306 ,0.30325,0.027,0.05,0.1104,0.04625,8,低谷
8/9/2020 3:00,5307 ,0.30325,0.027,0.05,0.1104,0.04625,8,低谷
8/9/2020 4:00,5308 ,0.30325,0.027,0.05,0.1104,0.04625,8,低谷
8/9/2020 5:00,5309 ,0.30325,0.027,0.05,0.1104,0.04625,8,低谷
8/9/2020 6:00,5310 ,0.68876,0.027,0.05,0.1104,0.04625,8,平时
8/9/2020 7:00,5311 ,0.68876,0.027,0.05,0.1104,0.04625,8,平时
8/9/2020 8:00,5312 ,0.68876,0.027,0.05,0.1104,0.04625,8,平时
8/9/2020 9:00,5313 ,0.68876,0.027,0.05,0.1104,0.04625,8,平时
8/9/2020 10:00,5314 ,0.68876,0.027,0.05,0.1104,0.04625,8,平时
8/9/2020 11:00,5315 ,0.68876,0.027,0.05,0.1104,0.04625,8,平时
8/9/2020 12:00,5316 ,0.30325,0.027,0.05,0.1104,0.04625,8,低谷
8/9/2020 13:00,5317 ,0.30325,0.027,0.05,0.1104,0.04625,8,低谷
8/9/2020 14:00,5318 ,0.68876,0.027,0.05,0.1104,0.04625,8,平时
8/9/2020 15:00,5319 ,0.68876,0.027,0.05,0.1104,0.04625,8,平时
8/9/2020 16:00,5320 ,1.06445,0.027,0.05,0.1104,0.04625,8,高峰
8/9/2020 17:00,5321 ,1.06445,0.027,0.05,0.1104,0.04625,8,高峰
8/9/2020 18:00,5322 ,1.06445,0.027,0.05,0.1104,0.04625,8,高峰
8/9/2020 19:00,5323 ,1.06445,0.027,0.05,0.1104,0.04625,8,高峰
8/9/2020 20:00,5324 ,1.25601,0.027,0.05,0.1104,0.04625,8,尖峰
8/9/2020 21:00,5325 ,1.25601,0.027,0.05,0.1104,0.04625,8,尖峰
8/9/2020 22:00,5326 ,1.25601,0.027,0.05,0.1104,0.04625,8,尖峰
8/9/2020 23:00,5327 ,1.25601,0.027,0.05,0.1104,0.04625,8,尖峰
8/10/2020 0:00,5328 ,0.30325,0.027,0.05,0.1104,0.04625,8,低谷
8/10/2020 1:00,5329 ,0.30325,0.027,0.05,0.1104,0.04625,8,低谷
8/10/2020 2:00,5330 ,0.30325,0.027,0.05,0.1104,0.04625,8,低谷
8/10/2020 3:00,5331 ,0.30325,0.027,0.05,0.1104,0.04625,8,低谷
8/10/2020 4:00,5332 ,0.30325,0.027,0.05,0.1104,0.04625,8,低谷
8/10/2020 5:00,5333 ,0.30325,0.027,0.05,0.1104,0.04625,8,低谷
8/10/2020 6:00,5334 ,0.68876,0.027,0.05,0.1104,0.04625,8,平时
8/10/2020 7:00,5335 ,0.68876,0.027,0.05,0.1104,0.04625,8,平时
8/10/2020 8:00,5336 ,0.68876,0.027,0.05,0.1104,0.04625,8,平时
8/10/2020 9:00,5337 ,0.68876,0.027,0.05,0.1104,0.04625,8,平时
8/10/2020 10:00,5338 ,0.68876,0.027,0.05,0.1104,0.04625,8,平时
8/10/2020 11:00,5339 ,0.68876,0.027,0.05,0.1104,0.04625,8,平时
8/10/2020 12:00,5340 ,0.30325,0.027,0.05,0.1104,0.04625,8,低谷
8/10/2020 13:00,5341 ,0.30325,0.027,0.05,0.1104,0.04625,8,低谷
8/10/2020 14:00,5342 ,0.68876,0.027,0.05,0.1104,0.04625,8,平时
8/10/2020 15:00,5343 ,0.68876,0.027,0.05,0.1104,0.04625,8,平时
8/10/2020 16:00,5344 ,1.06445,0.027,0.05,0.1104,0.04625,8,高峰
8/10/2020 17:00,5345 ,1.06445,0.027,0.05,0.1104,0.04625,8,高峰
8/10/2020 18:00,5346 ,1.06445,0.027,0.05,0.1104,0.04625,8,高峰
8/10/2020 19:00,5347 ,1.06445,0.027,0.05,0.1104,0.04625,8,高峰
8/10/2020 20:00,5348 ,1.25601,0.027,0.05,0.1104,0.04625,8,尖峰
8/10/2020 21:00,5349 ,1.25601,0.027,0.05,0.1104,0.04625,8,尖峰
8/10/2020 22:00,5350 ,1.25601,0.027,0.05,0.1104,0.04625,8,尖峰
8/10/2020 23:00,5351 ,1.25601,0.027,0.05,0.1104,0.04625,8,尖峰
8/11/2020 0:00,5352 ,0.30325,0.027,0.05,0.1104,0.04625,8,低谷
8/11/2020 1:00,5353 ,0.30325,0.027,0.05,0.1104,0.04625,8,低谷
8/11/2020 2:00,5354 ,0.30325,0.027,0.05,0.1104,0.04625,8,低谷
8/11/2020 3:00,5355 ,0.30325,0.027,0.05,0.1104,0.04625,8,低谷
8/11/2020 4:00,5356 ,0.30325,0.027,0.05,0.1104,0.04625,8,低谷
8/11/2020 5:00,5357 ,0.30325,0.027,0.05,0.1104,0.04625,8,低谷
8/11/2020 6:00,5358 ,0.68876,0.027,0.05,0.1104,0.04625,8,平时
8/11/2020 7:00,5359 ,0.68876,0.027,0.05,0.1104,0.04625,8,平时
8/11/2020 8:00,5360 ,0.68876,0.027,0.05,0.1104,0.04625,8,平时
8/11/2020 9:00,5361 ,0.68876,0.027,0.05,0.1104,0.04625,8,平时
8/11/2020 10:00,5362 ,0.68876,0.027,0.05,0.1104,0.04625,8,平时
8/11/2020 11:00,5363 ,0.68876,0.027,0.05,0.1104,0.04625,8,平时
8/11/2020 12:00,5364 ,0.30325,0.027,0.05,0.1104,0.04625,8,低谷
8/11/2020 13:00,5365 ,0.30325,0.027,0.05,0.1104,0.04625,8,低谷
8/11/2020 14:00,5366 ,0.68876,0.027,0.05,0.1104,0.04625,8,平时
8/11/2020 15:00,5367 ,0.68876,0.027,0.05,0.1104,0.04625,8,平时
8/11/2020 16:00,5368 ,1.06445,0.027,0.05,0.1104,0.04625,8,高峰
8/11/2020 17:00,5369 ,1.06445,0.027,0.05,0.1104,0.04625,8,高峰
8/11/2020 18:00,5370 ,1.06445,0.027,0.05,0.1104,0.04625,8,高峰
8/11/2020 19:00,5371 ,1.06445,0.027,0.05,0.1104,0.04625,8,高峰
8/11/2020 20:00,5372 ,1.25601,0.027,0.05,0.1104,0.04625,8,尖峰
8/11/2020 21:00,5373 ,1.25601,0.027,0.05,0.1104,0.04625,8,尖峰
8/11/2020 22:00,5374 ,1.25601,0.027,0.05,0.1104,0.04625,8,尖峰
8/11/2020 23:00,5375 ,1.25601,0.027,0.05,0.1104,0.04625,8,尖峰
8/12/2020 0:00,5376 ,0.30325,0.027,0.05,0.1104,0.04625,8,低谷
8/12/2020 1:00,5377 ,0.30325,0.027,0.05,0.1104,0.04625,8,低谷
8/12/2020 2:00,5378 ,0.30325,0.027,0.05,0.1104,0.04625,8,低谷
8/12/2020 3:00,5379 ,0.30325,0.027,0.05,0.1104,0.04625,8,低谷
8/12/2020 4:00,5380 ,0.30325,0.027,0.05,0.1104,0.04625,8,低谷
8/12/2020 5:00,5381 ,0.30325,0.027,0.05,0.1104,0.04625,8,低谷
8/12/2020 6:00,5382 ,0.68876,0.027,0.05,0.1104,0.04625,8,平时
8/12/2020 7:00,5383 ,0.68876,0.027,0.05,0.1104,0.04625,8,平时
8/12/2020 8:00,5384 ,0.68876,0.027,0.05,0.1104,0.04625,8,平时
8/12/2020 9:00,5385 ,0.68876,0.027,0.05,0.1104,0.04625,8,平时
8/12/2020 10:00,5386 ,0.68876,0.027,0.05,0.1104,0.04625,8,平时
8/12/2020 11:00,5387 ,0.68876,0.027,0.05,0.1104,0.04625,8,平时
8/12/2020 12:00,5388 ,0.30325,0.027,0.05,0.1104,0.04625,8,低谷
8/12/2020 13:00,5389 ,0.30325,0.027,0.05,0.1104,0.04625,8,低谷
8/12/2020 14:00,5390 ,0.68876,0.027,0.05,0.1104,0.04625,8,平时
8/12/2020 15:00,5391 ,0.68876,0.027,0.05,0.1104,0.04625,8,平时
8/12/2020 16:00,5392 ,1.06445,0.027,0.05,0.1104,0.04625,8,高峰
8/12/2020 17:00,5393 ,1.06445,0.027,0.05,0.1104,0.04625,8,高峰
8/12/2020 18:00,5394 ,1.06445,0.027,0.05,0.1104,0.04625,8,高峰
8/12/2020 19:00,5395 ,1.06445,0.027,0.05,0.1104,0.04625,8,高峰
8/12/2020 20:00,5396 ,1.25601,0.027,0.05,0.1104,0.04625,8,尖峰
8/12/2020 21:00,5397 ,1.25601,0.027,0.05,0.1104,0.04625,8,尖峰
8/12/2020 22:00,5398 ,1.25601,0.027,0.05,0.1104,0.04625,8,尖峰
8/12/2020 23:00,5399 ,1.25601,0.027,0.05,0.1104,0.04625,8,尖峰
8/13/2020 0:00,5400 ,0.30325,0.027,0.05,0.1104,0.04625,8,低谷
8/13/2020 1:00,5401 ,0.30325,0.027,0.05,0.1104,0.04625,8,低谷
8/13/2020 2:00,5402 ,0.30325,0.027,0.05,0.1104,0.04625,8,低谷
8/13/2020 3:00,5403 ,0.30325,0.027,0.05,0.1104,0.04625,8,低谷
8/13/2020 4:00,5404 ,0.30325,0.027,0.05,0.1104,0.04625,8,低谷
8/13/2020 5:00,5405 ,0.30325,0.027,0.05,0.1104,0.04625,8,低谷
8/13/2020 6:00,5406 ,0.68876,0.027,0.05,0.1104,0.04625,8,平时
8/13/2020 7:00,5407 ,0.68876,0.027,0.05,0.1104,0.04625,8,平时
8/13/2020 8:00,5408 ,0.68876,0.027,0.05,0.1104,0.04625,8,平时
8/13/2020 9:00,5409 ,0.68876,0.027,0.05,0.1104,0.04625,8,平时
8/13/2020 10:00,5410 ,0.68876,0.027,0.05,0.1104,0.04625,8,平时
8/13/2020 11:00,5411 ,0.68876,0.027,0.05,0.1104,0.04625,8,平时
8/13/2020 12:00,5412 ,0.30325,0.027,0.05,0.1104,0.04625,8,低谷
8/13/2020 13:00,5413 ,0.30325,0.027,0.05,0.1104,0.04625,8,低谷
8/13/2020 14:00,5414 ,0.68876,0.027,0.05,0.1104,0.04625,8,平时
8/13/2020 15:00,5415 ,0.68876,0.027,0.05,0.1104,0.04625,8,平时
8/13/2020 16:00,5416 ,1.06445,0.027,0.05,0.1104,0.04625,8,高峰
8/13/2020 17:00,5417 ,1.06445,0.027,0.05,0.1104,0.04625,8,高峰
8/13/2020 18:00,5418 ,1.06445,0.027,0.05,0.1104,0.04625,8,高峰
8/13/2020 19:00,5419 ,1.06445,0.027,0.05,0.1104,0.04625,8,高峰
8/13/2020 20:00,5420 ,1.25601,0.027,0.05,0.1104,0.04625,8,尖峰
8/13/2020 21:00,5421 ,1.25601,0.027,0.05,0.1104,0.04625,8,尖峰
8/13/2020 22:00,5422 ,1.25601,0.027,0.05,0.1104,0.04625,8,尖峰
8/13/2020 23:00,5423 ,1.25601,0.027,0.05,0.1104,0.04625,8,尖峰
8/14/2020 0:00,5424 ,0.30325,0.027,0.05,0.1104,0.04625,8,低谷
8/14/2020 1:00,5425 ,0.30325,0.027,0.05,0.1104,0.04625,8,低谷
8/14/2020 2:00,5426 ,0.30325,0.027,0.05,0.1104,0.04625,8,低谷
8/14/2020 3:00,5427 ,0.30325,0.027,0.05,0.1104,0.04625,8,低谷
8/14/2020 4:00,5428 ,0.30325,0.027,0.05,0.1104,0.04625,8,低谷
8/14/2020 5:00,5429 ,0.30325,0.027,0.05,0.1104,0.04625,8,低谷
8/14/2020 6:00,5430 ,0.68876,0.027,0.05,0.1104,0.04625,8,平时
8/14/2020 7:00,5431 ,0.68876,0.027,0.05,0.1104,0.04625,8,平时
8/14/2020 8:00,5432 ,0.68876,0.027,0.05,0.1104,0.04625,8,平时
8/14/2020 9:00,5433 ,0.68876,0.027,0.05,0.1104,0.04625,8,平时
8/14/2020 10:00,5434 ,0.68876,0.027,0.05,0.1104,0.04625,8,平时
8/14/2020 11:00,5435 ,0.68876,0.027,0.05,0.1104,0.04625,8,平时
8/14/2020 12:00,5436 ,0.30325,0.027,0.05,0.1104,0.04625,8,低谷
8/14/2020 13:00,5437 ,0.30325,0.027,0.05,0.1104,0.04625,8,低谷
8/14/2020 14:00,5438 ,0.68876,0.027,0.05,0.1104,0.04625,8,平时
8/14/2020 15:00,5439 ,0.68876,0.027,0.05,0.1104,0.04625,8,平时
8/14/2020 16:00,5440 ,1.06445,0.027,0.05,0.1104,0.04625,8,高峰
8/14/2020 17:00,5441 ,1.06445,0.027,0.05,0.1104,0.04625,8,高峰
8/14/2020 18:00,5442 ,1.06445,0.027,0.05,0.1104,0.04625,8,高峰
8/14/2020 19:00,5443 ,1.06445,0.027,0.05,0.1104,0.04625,8,高峰
8/14/2020 20:00,5444 ,1.25601,0.027,0.05,0.1104,0.04625,8,尖峰
8/14/2020 21:00,5445 ,1.25601,0.027,0.05,0.1104,0.04625,8,尖峰
8/14/2020 22:00,5446 ,1.25601,0.027,0.05,0.1104,0.04625,8,尖峰
8/14/2020 23:00,5447 ,1.25601,0.027,0.05,0.1104,0.04625,8,尖峰
8/15/2020 0:00,5448 ,0.30325,0.027,0.05,0.1104,0.04625,8,低谷
8/15/2020 1:00,5449 ,0.30325,0.027,0.05,0.1104,0.04625,8,低谷
8/15/2020 2:00,5450 ,0.30325,0.027,0.05,0.1104,0.04625,8,低谷
8/15/2020 3:00,5451 ,0.30325,0.027,0.05,0.1104,0.04625,8,低谷
8/15/2020 4:00,5452 ,0.30325,0.027,0.05,0.1104,0.04625,8,低谷
8/15/2020 5:00,5453 ,0.30325,0.027,0.05,0.1104,0.04625,8,低谷
8/15/2020 6:00,5454 ,0.68876,0.027,0.05,0.1104,0.04625,8,平时
8/15/2020 7:00,5455 ,0.68876,0.027,0.05,0.1104,0.04625,8,平时
8/15/2020 8:00,5456 ,0.68876,0.027,0.05,0.1104,0.04625,8,平时
8/15/2020 9:00,5457 ,0.68876,0.027,0.05,0.1104,0.04625,8,平时
8/15/2020 10:00,5458 ,0.68876,0.027,0.05,0.1104,0.04625,8,平时
8/15/2020 11:00,5459 ,0.68876,0.027,0.05,0.1104,0.04625,8,平时
8/15/2020 12:00,5460 ,0.30325,0.027,0.05,0.1104,0.04625,8,低谷
8/15/2020 13:00,5461 ,0.30325,0.027,0.05,0.1104,0.04625,8,低谷
8/15/2020 14:00,5462 ,0.68876,0.027,0.05,0.1104,0.04625,8,平时
8/15/2020 15:00,5463 ,0.68876,0.027,0.05,0.1104,0.04625,8,平时
8/15/2020 16:00,5464 ,1.06445,0.027,0.05,0.1104,0.04625,8,高峰
8/15/2020 17:00,5465 ,1.06445,0.027,0.05,0.1104,0.04625,8,高峰
8/15/2020 18:00,5466 ,1.06445,0.027,0.05,0.1104,0.04625,8,高峰
8/15/2020 19:00,5467 ,1.06445,0.027,0.05,0.1104,0.04625,8,高峰
8/15/2020 20:00,5468 ,1.25601,0.027,0.05,0.1104,0.04625,8,尖峰
8/15/2020 21:00,5469 ,1.25601,0.027,0.05,0.1104,0.04625,8,尖峰
8/15/2020 22:00,5470 ,1.25601,0.027,0.05,0.1104,0.04625,8,尖峰
8/15/2020 23:00,5471 ,1.25601,0.027,0.05,0.1104,0.04625,8,尖峰
8/16/2020 0:00,5472 ,0.30325,0.027,0.05,0.1104,0.04625,8,低谷
8/16/2020 1:00,5473 ,0.30325,0.027,0.05,0.1104,0.04625,8,低谷
8/16/2020 2:00,5474 ,0.30325,0.027,0.05,0.1104,0.04625,8,低谷
8/16/2020 3:00,5475 ,0.30325,0.027,0.05,0.1104,0.04625,8,低谷
8/16/2020 4:00,5476 ,0.30325,0.027,0.05,0.1104,0.04625,8,低谷
8/16/2020 5:00,5477 ,0.30325,0.027,0.05,0.1104,0.04625,8,低谷
8/16/2020 6:00,5478 ,0.68876,0.027,0.05,0.1104,0.04625,8,平时
8/16/2020 7:00,5479 ,0.68876,0.027,0.05,0.1104,0.04625,8,平时
8/16/2020 8:00,5480 ,0.68876,0.027,0.05,0.1104,0.04625,8,平时
8/16/2020 9:00,5481 ,0.68876,0.027,0.05,0.1104,0.04625,8,平时
8/16/2020 10:00,5482 ,0.68876,0.027,0.05,0.1104,0.04625,8,平时
8/16/2020 11:00,5483 ,0.68876,0.027,0.05,0.1104,0.04625,8,平时
8/16/2020 12:00,5484 ,0.30325,0.027,0.05,0.1104,0.04625,8,低谷
8/16/2020 13:00,5485 ,0.30325,0.027,0.05,0.1104,0.04625,8,低谷
8/16/2020 14:00,5486 ,0.68876,0.027,0.05,0.1104,0.04625,8,平时
8/16/2020 15:00,5487 ,0.68876,0.027,0.05,0.1104,0.04625,8,平时
8/16/2020 16:00,5488 ,1.06445,0.027,0.05,0.1104,0.04625,8,高峰
8/16/2020 17:00,5489 ,1.06445,0.027,0.05,0.1104,0.04625,8,高峰
8/16/2020 18:00,5490 ,1.06445,0.027,0.05,0.1104,0.04625,8,高峰
8/16/2020 19:00,5491 ,1.06445,0.027,0.05,0.1104,0.04625,8,高峰
8/16/2020 20:00,5492 ,1.25601,0.027,0.05,0.1104,0.04625,8,尖峰
8/16/2020 21:00,5493 ,1.25601,0.027,0.05,0.1104,0.04625,8,尖峰
8/16/2020 22:00,5494 ,1.25601,0.027,0.05,0.1104,0.04625,8,尖峰
8/16/2020 23:00,5495 ,1.25601,0.027,0.05,0.1104,0.04625,8,尖峰
8/17/2020 0:00,5496 ,0.30325,0.027,0.05,0.1104,0.04625,8,低谷
8/17/2020 1:00,5497 ,0.30325,0.027,0.05,0.1104,0.04625,8,低谷
8/17/2020 2:00,5498 ,0.30325,0.027,0.05,0.1104,0.04625,8,低谷
8/17/2020 3:00,5499 ,0.30325,0.027,0.05,0.1104,0.04625,8,低谷
8/17/2020 4:00,5500 ,0.30325,0.027,0.05,0.1104,0.04625,8,低谷
8/17/2020 5:00,5501 ,0.30325,0.027,0.05,0.1104,0.04625,8,低谷
8/17/2020 6:00,5502 ,0.68876,0.027,0.05,0.1104,0.04625,8,平时
8/17/2020 7:00,5503 ,0.68876,0.027,0.05,0.1104,0.04625,8,平时
8/17/2020 8:00,5504 ,0.68876,0.027,0.05,0.1104,0.04625,8,平时
8/17/2020 9:00,5505 ,0.68876,0.027,0.05,0.1104,0.04625,8,平时
8/17/2020 10:00,5506 ,0.68876,0.027,0.05,0.1104,0.04625,8,平时
8/17/2020 11:00,5507 ,0.68876,0.027,0.05,0.1104,0.04625,8,平时
8/17/2020 12:00,5508 ,0.30325,0.027,0.05,0.1104,0.04625,8,低谷
8/17/2020 13:00,5509 ,0.30325,0.027,0.05,0.1104,0.04625,8,低谷
8/17/2020 14:00,5510 ,0.68876,0.027,0.05,0.1104,0.04625,8,平时
8/17/2020 15:00,5511 ,0.68876,0.027,0.05,0.1104,0.04625,8,平时
8/17/2020 16:00,5512 ,1.06445,0.027,0.05,0.1104,0.04625,8,高峰
8/17/2020 17:00,5513 ,1.06445,0.027,0.05,0.1104,0.04625,8,高峰
8/17/2020 18:00,5514 ,1.06445,0.027,0.05,0.1104,0.04625,8,高峰
8/17/2020 19:00,5515 ,1.06445,0.027,0.05,0.1104,0.04625,8,高峰
8/17/2020 20:00,5516 ,1.25601,0.027,0.05,0.1104,0.04625,8,尖峰
8/17/2020 21:00,5517 ,1.25601,0.027,0.05,0.1104,0.04625,8,尖峰
8/17/2020 22:00,5518 ,1.25601,0.027,0.05,0.1104,0.04625,8,尖峰
8/17/2020 23:00,5519 ,1.25601,0.027,0.05,0.1104,0.04625,8,尖峰
8/18/2020 0:00,5520 ,0.30325,0.027,0.05,0.1104,0.04625,8,低谷
8/18/2020 1:00,5521 ,0.30325,0.027,0.05,0.1104,0.04625,8,低谷
8/18/2020 2:00,5522 ,0.30325,0.027,0.05,0.1104,0.04625,8,低谷
8/18/2020 3:00,5523 ,0.30325,0.027,0.05,0.1104,0.04625,8,低谷
8/18/2020 4:00,5524 ,0.30325,0.027,0.05,0.1104,0.04625,8,低谷
8/18/2020 5:00,5525 ,0.30325,0.027,0.05,0.1104,0.04625,8,低谷
8/18/2020 6:00,5526 ,0.68876,0.027,0.05,0.1104,0.04625,8,平时
8/18/2020 7:00,5527 ,0.68876,0.027,0.05,0.1104,0.04625,8,平时
8/18/2020 8:00,5528 ,0.68876,0.027,0.05,0.1104,0.04625,8,平时
8/18/2020 9:00,5529 ,0.68876,0.027,0.05,0.1104,0.04625,8,平时
8/18/2020 10:00,5530 ,0.68876,0.027,0.05,0.1104,0.04625,8,平时
8/18/2020 11:00,5531 ,0.68876,0.027,0.05,0.1104,0.04625,8,平时
8/18/2020 12:00,5532 ,0.30325,0.027,0.05,0.1104,0.04625,8,低谷
8/18/2020 13:00,5533 ,0.30325,0.027,0.05,0.1104,0.04625,8,低谷
8/18/2020 14:00,5534 ,0.68876,0.027,0.05,0.1104,0.04625,8,平时
8/18/2020 15:00,5535 ,0.68876,0.027,0.05,0.1104,0.04625,8,平时
8/18/2020 16:00,5536 ,1.06445,0.027,0.05,0.1104,0.04625,8,高峰
8/18/2020 17:00,5537 ,1.06445,0.027,0.05,0.1104,0.04625,8,高峰
8/18/2020 18:00,5538 ,1.06445,0.027,0.05,0.1104,0.04625,8,高峰
8/18/2020 19:00,5539 ,1.06445,0.027,0.05,0.1104,0.04625,8,高峰
8/18/2020 20:00,5540 ,1.25601,0.027,0.05,0.1104,0.04625,8,尖峰
8/18/2020 21:00,5541 ,1.25601,0.027,0.05,0.1104,0.04625,8,尖峰
8/18/2020 22:00,5542 ,1.25601,0.027,0.05,0.1104,0.04625,8,尖峰
8/18/2020 23:00,5543 ,1.25601,0.027,0.05,0.1104,0.04625,8,尖峰
8/19/2020 0:00,5544 ,0.30325,0.027,0.05,0.1104,0.04625,8,低谷
8/19/2020 1:00,5545 ,0.30325,0.027,0.05,0.1104,0.04625,8,低谷
8/19/2020 2:00,5546 ,0.30325,0.027,0.05,0.1104,0.04625,8,低谷
8/19/2020 3:00,5547 ,0.30325,0.027,0.05,0.1104,0.04625,8,低谷
8/19/2020 4:00,5548 ,0.30325,0.027,0.05,0.1104,0.04625,8,低谷
8/19/2020 5:00,5549 ,0.30325,0.027,0.05,0.1104,0.04625,8,低谷
8/19/2020 6:00,5550 ,0.68876,0.027,0.05,0.1104,0.04625,8,平时
8/19/2020 7:00,5551 ,0.68876,0.027,0.05,0.1104,0.04625,8,平时
8/19/2020 8:00,5552 ,0.68876,0.027,0.05,0.1104,0.04625,8,平时
8/19/2020 9:00,5553 ,0.68876,0.027,0.05,0.1104,0.04625,8,平时
8/19/2020 10:00,5554 ,0.68876,0.027,0.05,0.1104,0.04625,8,平时
8/19/2020 11:00,5555 ,0.68876,0.027,0.05,0.1104,0.04625,8,平时
8/19/2020 12:00,5556 ,0.30325,0.027,0.05,0.1104,0.04625,8,低谷
8/19/2020 13:00,5557 ,0.30325,0.027,0.05,0.1104,0.04625,8,低谷
8/19/2020 14:00,5558 ,0.68876,0.027,0.05,0.1104,0.04625,8,平时
8/19/2020 15:00,5559 ,0.68876,0.027,0.05,0.1104,0.04625,8,平时
8/19/2020 16:00,5560 ,1.06445,0.027,0.05,0.1104,0.04625,8,高峰
8/19/2020 17:00,5561 ,1.06445,0.027,0.05,0.1104,0.04625,8,高峰
8/19/2020 18:00,5562 ,1.06445,0.027,0.05,0.1104,0.04625,8,高峰
8/19/2020 19:00,5563 ,1.06445,0.027,0.05,0.1104,0.04625,8,高峰
8/19/2020 20:00,5564 ,1.25601,0.027,0.05,0.1104,0.04625,8,尖峰
8/19/2020 21:00,5565 ,1.25601,0.027,0.05,0.1104,0.04625,8,尖峰
8/19/2020 22:00,5566 ,1.25601,0.027,0.05,0.1104,0.04625,8,尖峰
8/19/2020 23:00,5567 ,1.25601,0.027,0.05,0.1104,0.04625,8,尖峰
8/20/2020 0:00,5568 ,0.30325,0.027,0.05,0.1104,0.04625,8,低谷
8/20/2020 1:00,5569 ,0.30325,0.027,0.05,0.1104,0.04625,8,低谷
8/20/2020 2:00,5570 ,0.30325,0.027,0.05,0.1104,0.04625,8,低谷
8/20/2020 3:00,5571 ,0.30325,0.027,0.05,0.1104,0.04625,8,低谷
8/20/2020 4:00,5572 ,0.30325,0.027,0.05,0.1104,0.04625,8,低谷
8/20/2020 5:00,5573 ,0.30325,0.027,0.05,0.1104,0.04625,8,低谷
8/20/2020 6:00,5574 ,0.68876,0.027,0.05,0.1104,0.04625,8,平时
8/20/2020 7:00,5575 ,0.68876,0.027,0.05,0.1104,0.04625,8,平时
8/20/2020 8:00,5576 ,0.68876,0.027,0.05,0.1104,0.04625,8,平时
8/20/2020 9:00,5577 ,0.68876,0.027,0.05,0.1104,0.04625,8,平时
8/20/2020 10:00,5578 ,0.68876,0.027,0.05,0.1104,0.04625,8,平时
8/20/2020 11:00,5579 ,0.68876,0.027,0.05,0.1104,0.04625,8,平时
8/20/2020 12:00,5580 ,0.30325,0.027,0.05,0.1104,0.04625,8,低谷
8/20/2020 13:00,5581 ,0.30325,0.027,0.05,0.1104,0.04625,8,低谷
8/20/2020 14:00,5582 ,0.68876,0.027,0.05,0.1104,0.04625,8,平时
8/20/2020 15:00,5583 ,0.68876,0.027,0.05,0.1104,0.04625,8,平时
8/20/2020 16:00,5584 ,1.06445,0.027,0.05,0.1104,0.04625,8,高峰
8/20/2020 17:00,5585 ,1.06445,0.027,0.05,0.1104,0.04625,8,高峰
8/20/2020 18:00,5586 ,1.06445,0.027,0.05,0.1104,0.04625,8,高峰
8/20/2020 19:00,5587 ,1.06445,0.027,0.05,0.1104,0.04625,8,高峰
8/20/2020 20:00,5588 ,1.25601,0.027,0.05,0.1104,0.04625,8,尖峰
8/20/2020 21:00,5589 ,1.25601,0.027,0.05,0.1104,0.04625,8,尖峰
8/20/2020 22:00,5590 ,1.25601,0.027,0.05,0.1104,0.04625,8,尖峰
8/20/2020 23:00,5591 ,1.25601,0.027,0.05,0.1104,0.04625,8,尖峰
8/21/2020 0:00,5592 ,0.30325,0.027,0.05,0.1104,0.04625,8,低谷
8/21/2020 1:00,5593 ,0.30325,0.027,0.05,0.1104,0.04625,8,低谷
8/21/2020 2:00,5594 ,0.30325,0.027,0.05,0.1104,0.04625,8,低谷
8/21/2020 3:00,5595 ,0.30325,0.027,0.05,0.1104,0.04625,8,低谷
8/21/2020 4:00,5596 ,0.30325,0.027,0.05,0.1104,0.04625,8,低谷
8/21/2020 5:00,5597 ,0.30325,0.027,0.05,0.1104,0.04625,8,低谷
8/21/2020 6:00,5598 ,0.68876,0.027,0.05,0.1104,0.04625,8,平时
8/21/2020 7:00,5599 ,0.68876,0.027,0.05,0.1104,0.04625,8,平时
8/21/2020 8:00,5600 ,0.68876,0.027,0.05,0.1104,0.04625,8,平时
8/21/2020 9:00,5601 ,0.68876,0.027,0.05,0.1104,0.04625,8,平时
8/21/2020 10:00,5602 ,0.68876,0.027,0.05,0.1104,0.04625,8,平时
8/21/2020 11:00,5603 ,0.68876,0.027,0.05,0.1104,0.04625,8,平时
8/21/2020 12:00,5604 ,0.30325,0.027,0.05,0.1104,0.04625,8,低谷
8/21/2020 13:00,5605 ,0.30325,0.027,0.05,0.1104,0.04625,8,低谷
8/21/2020 14:00,5606 ,0.68876,0.027,0.05,0.1104,0.04625,8,平时
8/21/2020 15:00,5607 ,0.68876,0.027,0.05,0.1104,0.04625,8,平时
8/21/2020 16:00,5608 ,1.06445,0.027,0.05,0.1104,0.04625,8,高峰
8/21/2020 17:00,5609 ,1.06445,0.027,0.05,0.1104,0.04625,8,高峰
8/21/2020 18:00,5610 ,1.06445,0.027,0.05,0.1104,0.04625,8,高峰
8/21/2020 19:00,5611 ,1.06445,0.027,0.05,0.1104,0.04625,8,高峰
8/21/2020 20:00,5612 ,1.25601,0.027,0.05,0.1104,0.04625,8,尖峰
8/21/2020 21:00,5613 ,1.25601,0.027,0.05,0.1104,0.04625,8,尖峰
8/21/2020 22:00,5614 ,1.25601,0.027,0.05,0.1104,0.04625,8,尖峰
8/21/2020 23:00,5615 ,1.25601,0.027,0.05,0.1104,0.04625,8,尖峰
8/22/2020 0:00,5616 ,0.30325,0.027,0.05,0.1104,0.04625,8,低谷
8/22/2020 1:00,5617 ,0.30325,0.027,0.05,0.1104,0.04625,8,低谷
8/22/2020 2:00,5618 ,0.30325,0.027,0.05,0.1104,0.04625,8,低谷
8/22/2020 3:00,5619 ,0.30325,0.027,0.05,0.1104,0.04625,8,低谷
8/22/2020 4:00,5620 ,0.30325,0.027,0.05,0.1104,0.04625,8,低谷
8/22/2020 5:00,5621 ,0.30325,0.027,0.05,0.1104,0.04625,8,低谷
8/22/2020 6:00,5622 ,0.68876,0.027,0.05,0.1104,0.04625,8,平时
8/22/2020 7:00,5623 ,0.68876,0.027,0.05,0.1104,0.04625,8,平时
8/22/2020 8:00,5624 ,0.68876,0.027,0.05,0.1104,0.04625,8,平时
8/22/2020 9:00,5625 ,0.68876,0.027,0.05,0.1104,0.04625,8,平时
8/22/2020 10:00,5626 ,0.68876,0.027,0.05,0.1104,0.04625,8,平时
8/22/2020 11:00,5627 ,0.68876,0.027,0.05,0.1104,0.04625,8,平时
8/22/2020 12:00,5628 ,0.30325,0.027,0.05,0.1104,0.04625,8,低谷
8/22/2020 13:00,5629 ,0.30325,0.027,0.05,0.1104,0.04625,8,低谷
8/22/2020 14:00,5630 ,0.68876,0.027,0.05,0.1104,0.04625,8,平时
8/22/2020 15:00,5631 ,0.68876,0.027,0.05,0.1104,0.04625,8,平时
8/22/2020 16:00,5632 ,1.06445,0.027,0.05,0.1104,0.04625,8,高峰
8/22/2020 17:00,5633 ,1.06445,0.027,0.05,0.1104,0.04625,8,高峰
8/22/2020 18:00,5634 ,1.06445,0.027,0.05,0.1104,0.04625,8,高峰
8/22/2020 19:00,5635 ,1.06445,0.027,0.05,0.1104,0.04625,8,高峰
8/22/2020 20:00,5636 ,1.25601,0.027,0.05,0.1104,0.04625,8,尖峰
8/22/2020 21:00,5637 ,1.25601,0.027,0.05,0.1104,0.04625,8,尖峰
8/22/2020 22:00,5638 ,1.25601,0.027,0.05,0.1104,0.04625,8,尖峰
8/22/2020 23:00,5639 ,1.25601,0.027,0.05,0.1104,0.04625,8,尖峰
8/23/2020 0:00,5640 ,0.30325,0.027,0.05,0.1104,0.04625,8,低谷
8/23/2020 1:00,5641 ,0.30325,0.027,0.05,0.1104,0.04625,8,低谷
8/23/2020 2:00,5642 ,0.30325,0.027,0.05,0.1104,0.04625,8,低谷
8/23/2020 3:00,5643 ,0.30325,0.027,0.05,0.1104,0.04625,8,低谷
8/23/2020 4:00,5644 ,0.30325,0.027,0.05,0.1104,0.04625,8,低谷
8/23/2020 5:00,5645 ,0.30325,0.027,0.05,0.1104,0.04625,8,低谷
8/23/2020 6:00,5646 ,0.68876,0.027,0.05,0.1104,0.04625,8,平时
8/23/2020 7:00,5647 ,0.68876,0.027,0.05,0.1104,0.04625,8,平时
8/23/2020 8:00,5648 ,0.68876,0.027,0.05,0.1104,0.04625,8,平时
8/23/2020 9:00,5649 ,0.68876,0.027,0.05,0.1104,0.04625,8,平时
8/23/2020 10:00,5650 ,0.68876,0.027,0.05,0.1104,0.04625,8,平时
8/23/2020 11:00,5651 ,0.68876,0.027,0.05,0.1104,0.04625,8,平时
8/23/2020 12:00,5652 ,0.30325,0.027,0.05,0.1104,0.04625,8,低谷
8/23/2020 13:00,5653 ,0.30325,0.027,0.05,0.1104,0.04625,8,低谷
8/23/2020 14:00,5654 ,0.68876,0.027,0.05,0.1104,0.04625,8,平时
8/23/2020 15:00,5655 ,0.68876,0.027,0.05,0.1104,0.04625,8,平时
8/23/2020 16:00,5656 ,1.06445,0.027,0.05,0.1104,0.04625,8,高峰
8/23/2020 17:00,5657 ,1.06445,0.027,0.05,0.1104,0.04625,8,高峰
8/23/2020 18:00,5658 ,1.06445,0.027,0.05,0.1104,0.04625,8,高峰
8/23/2020 19:00,5659 ,1.06445,0.027,0.05,0.1104,0.04625,8,高峰
8/23/2020 20:00,5660 ,1.25601,0.027,0.05,0.1104,0.04625,8,尖峰
8/23/2020 21:00,5661 ,1.25601,0.027,0.05,0.1104,0.04625,8,尖峰
8/23/2020 22:00,5662 ,1.25601,0.027,0.05,0.1104,0.04625,8,尖峰
8/23/2020 23:00,5663 ,1.25601,0.027,0.05,0.1104,0.04625,8,尖峰
8/24/2020 0:00,5664 ,0.30325,0.027,0.05,0.1104,0.04625,8,低谷
8/24/2020 1:00,5665 ,0.30325,0.027,0.05,0.1104,0.04625,8,低谷
8/24/2020 2:00,5666 ,0.30325,0.027,0.05,0.1104,0.04625,8,低谷
8/24/2020 3:00,5667 ,0.30325,0.027,0.05,0.1104,0.04625,8,低谷
8/24/2020 4:00,5668 ,0.30325,0.027,0.05,0.1104,0.04625,8,低谷
8/24/2020 5:00,5669 ,0.30325,0.027,0.05,0.1104,0.04625,8,低谷
8/24/2020 6:00,5670 ,0.68876,0.027,0.05,0.1104,0.04625,8,平时
8/24/2020 7:00,5671 ,0.68876,0.027,0.05,0.1104,0.04625,8,平时
8/24/2020 8:00,5672 ,0.68876,0.027,0.05,0.1104,0.04625,8,平时
8/24/2020 9:00,5673 ,0.68876,0.027,0.05,0.1104,0.04625,8,平时
8/24/2020 10:00,5674 ,0.68876,0.027,0.05,0.1104,0.04625,8,平时
8/24/2020 11:00,5675 ,0.68876,0.027,0.05,0.1104,0.04625,8,平时
8/24/2020 12:00,5676 ,0.30325,0.027,0.05,0.1104,0.04625,8,低谷
8/24/2020 13:00,5677 ,0.30325,0.027,0.05,0.1104,0.04625,8,低谷
8/24/2020 14:00,5678 ,0.68876,0.027,0.05,0.1104,0.04625,8,平时
8/24/2020 15:00,5679 ,0.68876,0.027,0.05,0.1104,0.04625,8,平时
8/24/2020 16:00,5680 ,1.06445,0.027,0.05,0.1104,0.04625,8,高峰
8/24/2020 17:00,5681 ,1.06445,0.027,0.05,0.1104,0.04625,8,高峰
8/24/2020 18:00,5682 ,1.06445,0.027,0.05,0.1104,0.04625,8,高峰
8/24/2020 19:00,5683 ,1.06445,0.027,0.05,0.1104,0.04625,8,高峰
8/24/2020 20:00,5684 ,1.25601,0.027,0.05,0.1104,0.04625,8,尖峰
8/24/2020 21:00,5685 ,1.25601,0.027,0.05,0.1104,0.04625,8,尖峰
8/24/2020 22:00,5686 ,1.25601,0.027,0.05,0.1104,0.04625,8,尖峰
8/24/2020 23:00,5687 ,1.25601,0.027,0.05,0.1104,0.04625,8,尖峰
8/25/2020 0:00,5688 ,0.30325,0.027,0.05,0.1104,0.04625,8,低谷
8/25/2020 1:00,5689 ,0.30325,0.027,0.05,0.1104,0.04625,8,低谷
8/25/2020 2:00,5690 ,0.30325,0.027,0.05,0.1104,0.04625,8,低谷
8/25/2020 3:00,5691 ,0.30325,0.027,0.05,0.1104,0.04625,8,低谷
8/25/2020 4:00,5692 ,0.30325,0.027,0.05,0.1104,0.04625,8,低谷
8/25/2020 5:00,5693 ,0.30325,0.027,0.05,0.1104,0.04625,8,低谷
8/25/2020 6:00,5694 ,0.68876,0.027,0.05,0.1104,0.04625,8,平时
8/25/2020 7:00,5695 ,0.68876,0.027,0.05,0.1104,0.04625,8,平时
8/25/2020 8:00,5696 ,0.68876,0.027,0.05,0.1104,0.04625,8,平时
8/25/2020 9:00,5697 ,0.68876,0.027,0.05,0.1104,0.04625,8,平时
8/25/2020 10:00,5698 ,0.68876,0.027,0.05,0.1104,0.04625,8,平时
8/25/2020 11:00,5699 ,0.68876,0.027,0.05,0.1104,0.04625,8,平时
8/25/2020 12:00,5700 ,0.30325,0.027,0.05,0.1104,0.04625,8,低谷
8/25/2020 13:00,5701 ,0.30325,0.027,0.05,0.1104,0.04625,8,低谷
8/25/2020 14:00,5702 ,0.68876,0.027,0.05,0.1104,0.04625,8,平时
8/25/2020 15:00,5703 ,0.68876,0.027,0.05,0.1104,0.04625,8,平时
8/25/2020 16:00,5704 ,1.06445,0.027,0.05,0.1104,0.04625,8,高峰
8/25/2020 17:00,5705 ,1.06445,0.027,0.05,0.1104,0.04625,8,高峰
8/25/2020 18:00,5706 ,1.06445,0.027,0.05,0.1104,0.04625,8,高峰
8/25/2020 19:00,5707 ,1.06445,0.027,0.05,0.1104,0.04625,8,高峰
8/25/2020 20:00,5708 ,1.25601,0.027,0.05,0.1104,0.04625,8,尖峰
8/25/2020 21:00,5709 ,1.25601,0.027,0.05,0.1104,0.04625,8,尖峰
8/25/2020 22:00,5710 ,1.25601,0.027,0.05,0.1104,0.04625,8,尖峰
8/25/2020 23:00,5711 ,1.25601,0.027,0.05,0.1104,0.04625,8,尖峰
8/26/2020 0:00,5712 ,0.30325,0.027,0.05,0.1104,0.04625,8,低谷
8/26/2020 1:00,5713 ,0.30325,0.027,0.05,0.1104,0.04625,8,低谷
8/26/2020 2:00,5714 ,0.30325,0.027,0.05,0.1104,0.04625,8,低谷
8/26/2020 3:00,5715 ,0.30325,0.027,0.05,0.1104,0.04625,8,低谷
8/26/2020 4:00,5716 ,0.30325,0.027,0.05,0.1104,0.04625,8,低谷
8/26/2020 5:00,5717 ,0.30325,0.027,0.05,0.1104,0.04625,8,低谷
8/26/2020 6:00,5718 ,0.68876,0.027,0.05,0.1104,0.04625,8,平时
8/26/2020 7:00,5719 ,0.68876,0.027,0.05,0.1104,0.04625,8,平时
8/26/2020 8:00,5720 ,0.68876,0.027,0.05,0.1104,0.04625,8,平时
8/26/2020 9:00,5721 ,0.68876,0.027,0.05,0.1104,0.04625,8,平时
8/26/2020 10:00,5722 ,0.68876,0.027,0.05,0.1104,0.04625,8,平时
8/26/2020 11:00,5723 ,0.68876,0.027,0.05,0.1104,0.04625,8,平时
8/26/2020 12:00,5724 ,0.30325,0.027,0.05,0.1104,0.04625,8,低谷
8/26/2020 13:00,5725 ,0.30325,0.027,0.05,0.1104,0.04625,8,低谷
8/26/2020 14:00,5726 ,0.68876,0.027,0.05,0.1104,0.04625,8,平时
8/26/2020 15:00,5727 ,0.68876,0.027,0.05,0.1104,0.04625,8,平时
8/26/2020 16:00,5728 ,1.06445,0.027,0.05,0.1104,0.04625,8,高峰
8/26/2020 17:00,5729 ,1.06445,0.027,0.05,0.1104,0.04625,8,高峰
8/26/2020 18:00,5730 ,1.06445,0.027,0.05,0.1104,0.04625,8,高峰
8/26/2020 19:00,5731 ,1.06445,0.027,0.05,0.1104,0.04625,8,高峰
8/26/2020 20:00,5732 ,1.25601,0.027,0.05,0.1104,0.04625,8,尖峰
8/26/2020 21:00,5733 ,1.25601,0.027,0.05,0.1104,0.04625,8,尖峰
8/26/2020 22:00,5734 ,1.25601,0.027,0.05,0.1104,0.04625,8,尖峰
8/26/2020 23:00,5735 ,1.25601,0.027,0.05,0.1104,0.04625,8,尖峰
8/27/2020 0:00,5736 ,0.30325,0.027,0.05,0.1104,0.04625,8,低谷
8/27/2020 1:00,5737 ,0.30325,0.027,0.05,0.1104,0.04625,8,低谷
8/27/2020 2:00,5738 ,0.30325,0.027,0.05,0.1104,0.04625,8,低谷
8/27/2020 3:00,5739 ,0.30325,0.027,0.05,0.1104,0.04625,8,低谷
8/27/2020 4:00,5740 ,0.30325,0.027,0.05,0.1104,0.04625,8,低谷
8/27/2020 5:00,5741 ,0.30325,0.027,0.05,0.1104,0.04625,8,低谷
8/27/2020 6:00,5742 ,0.68876,0.027,0.05,0.1104,0.04625,8,平时
8/27/2020 7:00,5743 ,0.68876,0.027,0.05,0.1104,0.04625,8,平时
8/27/2020 8:00,5744 ,0.68876,0.027,0.05,0.1104,0.04625,8,平时
8/27/2020 9:00,5745 ,0.68876,0.027,0.05,0.1104,0.04625,8,平时
8/27/2020 10:00,5746 ,0.68876,0.027,0.05,0.1104,0.04625,8,平时
8/27/2020 11:00,5747 ,0.68876,0.027,0.05,0.1104,0.04625,8,平时
8/27/2020 12:00,5748 ,0.30325,0.027,0.05,0.1104,0.04625,8,低谷
8/27/2020 13:00,5749 ,0.30325,0.027,0.05,0.1104,0.04625,8,低谷
8/27/2020 14:00,5750 ,0.68876,0.027,0.05,0.1104,0.04625,8,平时
8/27/2020 15:00,5751 ,0.68876,0.027,0.05,0.1104,0.04625,8,平时
8/27/2020 16:00,5752 ,1.06445,0.027,0.05,0.1104,0.04625,8,高峰
8/27/2020 17:00,5753 ,1.06445,0.027,0.05,0.1104,0.04625,8,高峰
8/27/2020 18:00,5754 ,1.06445,0.027,0.05,0.1104,0.04625,8,高峰
8/27/2020 19:00,5755 ,1.06445,0.027,0.05,0.1104,0.04625,8,高峰
8/27/2020 20:00,5756 ,1.25601,0.027,0.05,0.1104,0.04625,8,尖峰
8/27/2020 21:00,5757 ,1.25601,0.027,0.05,0.1104,0.04625,8,尖峰
8/27/2020 22:00,5758 ,1.25601,0.027,0.05,0.1104,0.04625,8,尖峰
8/27/2020 23:00,5759 ,1.25601,0.027,0.05,0.1104,0.04625,8,尖峰
8/28/2020 0:00,5760 ,0.30325,0.027,0.05,0.1104,0.04625,8,低谷
8/28/2020 1:00,5761 ,0.30325,0.027,0.05,0.1104,0.04625,8,低谷
8/28/2020 2:00,5762 ,0.30325,0.027,0.05,0.1104,0.04625,8,低谷
8/28/2020 3:00,5763 ,0.30325,0.027,0.05,0.1104,0.04625,8,低谷
8/28/2020 4:00,5764 ,0.30325,0.027,0.05,0.1104,0.04625,8,低谷
8/28/2020 5:00,5765 ,0.30325,0.027,0.05,0.1104,0.04625,8,低谷
8/28/2020 6:00,5766 ,0.68876,0.027,0.05,0.1104,0.04625,8,平时
8/28/2020 7:00,5767 ,0.68876,0.027,0.05,0.1104,0.04625,8,平时
8/28/2020 8:00,5768 ,0.68876,0.027,0.05,0.1104,0.04625,8,平时
8/28/2020 9:00,5769 ,0.68876,0.027,0.05,0.1104,0.04625,8,平时
8/28/2020 10:00,5770 ,0.68876,0.027,0.05,0.1104,0.04625,8,平时
8/28/2020 11:00,5771 ,0.68876,0.027,0.05,0.1104,0.04625,8,平时
8/28/2020 12:00,5772 ,0.30325,0.027,0.05,0.1104,0.04625,8,低谷
8/28/2020 13:00,5773 ,0.30325,0.027,0.05,0.1104,0.04625,8,低谷
8/28/2020 14:00,5774 ,0.68876,0.027,0.05,0.1104,0.04625,8,平时
8/28/2020 15:00,5775 ,0.68876,0.027,0.05,0.1104,0.04625,8,平时
8/28/2020 16:00,5776 ,1.06445,0.027,0.05,0.1104,0.04625,8,高峰
8/28/2020 17:00,5777 ,1.06445,0.027,0.05,0.1104,0.04625,8,高峰
8/28/2020 18:00,5778 ,1.06445,0.027,0.05,0.1104,0.04625,8,高峰
8/28/2020 19:00,5779 ,1.06445,0.027,0.05,0.1104,0.04625,8,高峰
8/28/2020 20:00,5780 ,1.25601,0.027,0.05,0.1104,0.04625,8,尖峰
8/28/2020 21:00,5781 ,1.25601,0.027,0.05,0.1104,0.04625,8,尖峰
8/28/2020 22:00,5782 ,1.25601,0.027,0.05,0.1104,0.04625,8,尖峰
8/28/2020 23:00,5783 ,1.25601,0.027,0.05,0.1104,0.04625,8,尖峰
8/29/2020 0:00,5784 ,0.30325,0.027,0.05,0.1104,0.04625,8,低谷
8/29/2020 1:00,5785 ,0.30325,0.027,0.05,0.1104,0.04625,8,低谷
8/29/2020 2:00,5786 ,0.30325,0.027,0.05,0.1104,0.04625,8,低谷
8/29/2020 3:00,5787 ,0.30325,0.027,0.05,0.1104,0.04625,8,低谷
8/29/2020 4:00,5788 ,0.30325,0.027,0.05,0.1104,0.04625,8,低谷
8/29/2020 5:00,5789 ,0.30325,0.027,0.05,0.1104,0.04625,8,低谷
8/29/2020 6:00,5790 ,0.68876,0.027,0.05,0.1104,0.04625,8,平时
8/29/2020 7:00,5791 ,0.68876,0.027,0.05,0.1104,0.04625,8,平时
8/29/2020 8:00,5792 ,0.68876,0.027,0.05,0.1104,0.04625,8,平时
8/29/2020 9:00,5793 ,0.68876,0.027,0.05,0.1104,0.04625,8,平时
8/29/2020 10:00,5794 ,0.68876,0.027,0.05,0.1104,0.04625,8,平时
8/29/2020 11:00,5795 ,0.68876,0.027,0.05,0.1104,0.04625,8,平时
8/29/2020 12:00,5796 ,0.30325,0.027,0.05,0.1104,0.04625,8,低谷
8/29/2020 13:00,5797 ,0.30325,0.027,0.05,0.1104,0.04625,8,低谷
8/29/2020 14:00,5798 ,0.68876,0.027,0.05,0.1104,0.04625,8,平时
8/29/2020 15:00,5799 ,0.68876,0.027,0.05,0.1104,0.04625,8,平时
8/29/2020 16:00,5800 ,1.06445,0.027,0.05,0.1104,0.04625,8,高峰
8/29/2020 17:00,5801 ,1.06445,0.027,0.05,0.1104,0.04625,8,高峰
8/29/2020 18:00,5802 ,1.06445,0.027,0.05,0.1104,0.04625,8,高峰
8/29/2020 19:00,5803 ,1.06445,0.027,0.05,0.1104,0.04625,8,高峰
8/29/2020 20:00,5804 ,1.25601,0.027,0.05,0.1104,0.04625,8,尖峰
8/29/2020 21:00,5805 ,1.25601,0.027,0.05,0.1104,0.04625,8,尖峰
8/29/2020 22:00,5806 ,1.25601,0.027,0.05,0.1104,0.04625,8,尖峰
8/29/2020 23:00,5807 ,1.25601,0.027,0.05,0.1104,0.04625,8,尖峰
8/30/2020 0:00,5808 ,0.30325,0.027,0.05,0.1104,0.04625,8,低谷
8/30/2020 1:00,5809 ,0.30325,0.027,0.05,0.1104,0.04625,8,低谷
8/30/2020 2:00,5810 ,0.30325,0.027,0.05,0.1104,0.04625,8,低谷
8/30/2020 3:00,5811 ,0.30325,0.027,0.05,0.1104,0.04625,8,低谷
8/30/2020 4:00,5812 ,0.30325,0.027,0.05,0.1104,0.04625,8,低谷
8/30/2020 5:00,5813 ,0.30325,0.027,0.05,0.1104,0.04625,8,低谷
8/30/2020 6:00,5814 ,0.68876,0.027,0.05,0.1104,0.04625,8,平时
8/30/2020 7:00,5815 ,0.68876,0.027,0.05,0.1104,0.04625,8,平时
8/30/2020 8:00,5816 ,0.68876,0.027,0.05,0.1104,0.04625,8,平时
8/30/2020 9:00,5817 ,0.68876,0.027,0.05,0.1104,0.04625,8,平时
8/30/2020 10:00,5818 ,0.68876,0.027,0.05,0.1104,0.04625,8,平时
8/30/2020 11:00,5819 ,0.68876,0.027,0.05,0.1104,0.04625,8,平时
8/30/2020 12:00,5820 ,0.30325,0.027,0.05,0.1104,0.04625,8,低谷
8/30/2020 13:00,5821 ,0.30325,0.027,0.05,0.1104,0.04625,8,低谷
8/30/2020 14:00,5822 ,0.68876,0.027,0.05,0.1104,0.04625,8,平时
8/30/2020 15:00,5823 ,0.68876,0.027,0.05,0.1104,0.04625,8,平时
8/30/2020 16:00,5824 ,1.06445,0.027,0.05,0.1104,0.04625,8,高峰
8/30/2020 17:00,5825 ,1.06445,0.027,0.05,0.1104,0.04625,8,高峰
8/30/2020 18:00,5826 ,1.06445,0.027,0.05,0.1104,0.04625,8,高峰
8/30/2020 19:00,5827 ,1.06445,0.027,0.05,0.1104,0.04625,8,高峰
8/30/2020 20:00,5828 ,1.25601,0.027,0.05,0.1104,0.04625,8,尖峰
8/30/2020 21:00,5829 ,1.25601,0.027,0.05,0.1104,0.04625,8,尖峰
8/30/2020 22:00,5830 ,1.25601,0.027,0.05,0.1104,0.04625,8,尖峰
8/30/2020 23:00,5831 ,1.25601,0.027,0.05,0.1104,0.04625,8,尖峰
8/31/2020 0:00,5832 ,0.30325,0.027,0.05,0.1104,0.04625,8,低谷
8/31/2020 1:00,5833 ,0.30325,0.027,0.05,0.1104,0.04625,8,低谷
8/31/2020 2:00,5834 ,0.30325,0.027,0.05,0.1104,0.04625,8,低谷
8/31/2020 3:00,5835 ,0.30325,0.027,0.05,0.1104,0.04625,8,低谷
8/31/2020 4:00,5836 ,0.30325,0.027,0.05,0.1104,0.04625,8,低谷
8/31/2020 5:00,5837 ,0.30325,0.027,0.05,0.1104,0.04625,8,低谷
8/31/2020 6:00,5838 ,0.68876,0.027,0.05,0.1104,0.04625,8,平时
8/31/2020 7:00,5839 ,0.68876,0.027,0.05,0.1104,0.04625,8,平时
8/31/2020 8:00,5840 ,0.68876,0.027,0.05,0.1104,0.04625,8,平时
8/31/2020 9:00,5841 ,0.68876,0.027,0.05,0.1104,0.04625,8,平时
8/31/2020 10:00,5842 ,0.68876,0.027,0.05,0.1104,0.04625,8,平时
8/31/2020 11:00,5843 ,0.68876,0.027,0.05,0.1104,0.04625,8,平时
8/31/2020 12:00,5844 ,0.30325,0.027,0.05,0.1104,0.04625,8,低谷
8/31/2020 13:00,5845 ,0.30325,0.027,0.05,0.1104,0.04625,8,低谷
8/31/2020 14:00,5846 ,0.68876,0.027,0.05,0.1104,0.04625,8,平时
8/31/2020 15:00,5847 ,0.68876,0.027,0.05,0.1104,0.04625,8,平时
8/31/2020 16:00,5848 ,1.06445,0.027,0.05,0.1104,0.04625,8,高峰
8/31/2020 17:00,5849 ,1.06445,0.027,0.05,0.1104,0.04625,8,高峰
8/31/2020 18:00,5850 ,1.06445,0.027,0.05,0.1104,0.04625,8,高峰
8/31/2020 19:00,5851 ,1.06445,0.027,0.05,0.1104,0.04625,8,高峰
8/31/2020 20:00,5852 ,1.25601,0.027,0.05,0.1104,0.04625,8,尖峰
8/31/2020 21:00,5853 ,1.25601,0.027,0.05,0.1104,0.04625,8,尖峰
8/31/2020 22:00,5854 ,1.25601,0.027,0.05,0.1104,0.04625,8,尖峰
8/31/2020 23:00,5855 ,1.25601,0.027,0.05,0.1104,0.04625,8,尖峰
9/1/2020 0:00,5856 ,0.28981,0.027,0.05,0.1104,0.04625,9,低谷
9/1/2020 1:00,5857 ,0.28981,0.027,0.05,0.1104,0.04625,9,低谷
9/1/2020 2:00,5858 ,0.28981,0.027,0.05,0.1104,0.04625,9,低谷
9/1/2020 3:00,5859 ,0.28981,0.027,0.05,0.1104,0.04625,9,低谷
9/1/2020 4:00,5860 ,0.28981,0.027,0.05,0.1104,0.04625,9,低谷
9/1/2020 5:00,5861 ,0.28981,0.027,0.05,0.1104,0.04625,9,低谷
9/1/2020 6:00,5862 ,0.7736,0.027,0.05,0.1104,0.04625,9,平时
9/1/2020 7:00,5863 ,0.7736,0.027,0.05,0.1104,0.04625,9,平时
9/1/2020 8:00,5864 ,0.7736,0.027,0.05,0.1104,0.04625,9,平时
9/1/2020 9:00,5865 ,0.7736,0.027,0.05,0.1104,0.04625,9,平时
9/1/2020 10:00,5866 ,0.7736,0.027,0.05,0.1104,0.04625,9,平时
9/1/2020 11:00,5867 ,0.7736,0.027,0.05,0.1104,0.04625,9,平时
9/1/2020 12:00,5868 ,0.28981,0.027,0.05,0.1104,0.04625,9,低谷
9/1/2020 13:00,5869 ,0.28981,0.027,0.05,0.1104,0.04625,9,低谷
9/1/2020 14:00,5870 ,0.7736,0.027,0.05,0.1104,0.04625,9,平时
9/1/2020 15:00,5871 ,0.7736,0.027,0.05,0.1104,0.04625,9,平时
9/1/2020 16:00,5872 ,1.05395,0.027,0.05,0.1104,0.04625,9,高峰
9/1/2020 17:00,5873 ,1.05395,0.027,0.05,0.1104,0.04625,9,高峰
9/1/2020 18:00,5874 ,1.05395,0.027,0.05,0.1104,0.04625,9,高峰
9/1/2020 19:00,5875 ,1.05395,0.027,0.05,0.1104,0.04625,9,高峰
9/1/2020 20:00,5876 ,1.05395,0.027,0.05,0.1104,0.04625,9,高峰
9/1/2020 21:00,5877 ,1.05395,0.027,0.05,0.1104,0.04625,9,高峰
9/1/2020 22:00,5878 ,1.05395,0.027,0.05,0.1104,0.04625,9,高峰
9/1/2020 23:00,5879 ,1.05395,0.027,0.05,0.1104,0.04625,9,高峰
9/2/2020 0:00,5880 ,0.28981,0.027,0.05,0.1104,0.04625,9,低谷
9/2/2020 1:00,5881 ,0.28981,0.027,0.05,0.1104,0.04625,9,低谷
9/2/2020 2:00,5882 ,0.28981,0.027,0.05,0.1104,0.04625,9,低谷
9/2/2020 3:00,5883 ,0.28981,0.027,0.05,0.1104,0.04625,9,低谷
9/2/2020 4:00,5884 ,0.28981,0.027,0.05,0.1104,0.04625,9,低谷
9/2/2020 5:00,5885 ,0.28981,0.027,0.05,0.1104,0.04625,9,低谷
9/2/2020 6:00,5886 ,0.7736,0.027,0.05,0.1104,0.04625,9,平时
9/2/2020 7:00,5887 ,0.7736,0.027,0.05,0.1104,0.04625,9,平时
9/2/2020 8:00,5888 ,0.7736,0.027,0.05,0.1104,0.04625,9,平时
9/2/2020 9:00,5889 ,0.7736,0.027,0.05,0.1104,0.04625,9,平时
9/2/2020 10:00,5890 ,0.7736,0.027,0.05,0.1104,0.04625,9,平时
9/2/2020 11:00,5891 ,0.7736,0.027,0.05,0.1104,0.04625,9,平时
9/2/2020 12:00,5892 ,0.28981,0.027,0.05,0.1104,0.04625,9,低谷
9/2/2020 13:00,5893 ,0.28981,0.027,0.05,0.1104,0.04625,9,低谷
9/2/2020 14:00,5894 ,0.7736,0.027,0.05,0.1104,0.04625,9,平时
9/2/2020 15:00,5895 ,0.7736,0.027,0.05,0.1104,0.04625,9,平时
9/2/2020 16:00,5896 ,1.05395,0.027,0.05,0.1104,0.04625,9,高峰
9/2/2020 17:00,5897 ,1.05395,0.027,0.05,0.1104,0.04625,9,高峰
9/2/2020 18:00,5898 ,1.05395,0.027,0.05,0.1104,0.04625,9,高峰
9/2/2020 19:00,5899 ,1.05395,0.027,0.05,0.1104,0.04625,9,高峰
9/2/2020 20:00,5900 ,1.05395,0.027,0.05,0.1104,0.04625,9,高峰
9/2/2020 21:00,5901 ,1.05395,0.027,0.05,0.1104,0.04625,9,高峰
9/2/2020 22:00,5902 ,1.05395,0.027,0.05,0.1104,0.04625,9,高峰
9/2/2020 23:00,5903 ,1.05395,0.027,0.05,0.1104,0.04625,9,高峰
9/3/2020 0:00,5904 ,0.28981,0.027,0.05,0.1104,0.04625,9,低谷
9/3/2020 1:00,5905 ,0.28981,0.027,0.05,0.1104,0.04625,9,低谷
9/3/2020 2:00,5906 ,0.28981,0.027,0.05,0.1104,0.04625,9,低谷
9/3/2020 3:00,5907 ,0.28981,0.027,0.05,0.1104,0.04625,9,低谷
9/3/2020 4:00,5908 ,0.28981,0.027,0.05,0.1104,0.04625,9,低谷
9/3/2020 5:00,5909 ,0.28981,0.027,0.05,0.1104,0.04625,9,低谷
9/3/2020 6:00,5910 ,0.7736,0.027,0.05,0.1104,0.04625,9,平时
9/3/2020 7:00,5911 ,0.7736,0.027,0.05,0.1104,0.04625,9,平时
9/3/2020 8:00,5912 ,0.7736,0.027,0.05,0.1104,0.04625,9,平时
9/3/2020 9:00,5913 ,0.7736,0.027,0.05,0.1104,0.04625,9,平时
9/3/2020 10:00,5914 ,0.7736,0.027,0.05,0.1104,0.04625,9,平时
9/3/2020 11:00,5915 ,0.7736,0.027,0.05,0.1104,0.04625,9,平时
9/3/2020 12:00,5916 ,0.28981,0.027,0.05,0.1104,0.04625,9,低谷
9/3/2020 13:00,5917 ,0.28981,0.027,0.05,0.1104,0.04625,9,低谷
9/3/2020 14:00,5918 ,0.7736,0.027,0.05,0.1104,0.04625,9,平时
9/3/2020 15:00,5919 ,0.7736,0.027,0.05,0.1104,0.04625,9,平时
9/3/2020 16:00,5920 ,1.05395,0.027,0.05,0.1104,0.04625,9,高峰
9/3/2020 17:00,5921 ,1.05395,0.027,0.05,0.1104,0.04625,9,高峰
9/3/2020 18:00,5922 ,1.05395,0.027,0.05,0.1104,0.04625,9,高峰
9/3/2020 19:00,5923 ,1.05395,0.027,0.05,0.1104,0.04625,9,高峰
9/3/2020 20:00,5924 ,1.05395,0.027,0.05,0.1104,0.04625,9,高峰
9/3/2020 21:00,5925 ,1.05395,0.027,0.05,0.1104,0.04625,9,高峰
9/3/2020 22:00,5926 ,1.05395,0.027,0.05,0.1104,0.04625,9,高峰
9/3/2020 23:00,5927 ,1.05395,0.027,0.05,0.1104,0.04625,9,高峰
9/4/2020 0:00,5928 ,0.28981,0.027,0.05,0.1104,0.04625,9,低谷
9/4/2020 1:00,5929 ,0.28981,0.027,0.05,0.1104,0.04625,9,低谷
9/4/2020 2:00,5930 ,0.28981,0.027,0.05,0.1104,0.04625,9,低谷
9/4/2020 3:00,5931 ,0.28981,0.027,0.05,0.1104,0.04625,9,低谷
9/4/2020 4:00,5932 ,0.28981,0.027,0.05,0.1104,0.04625,9,低谷
9/4/2020 5:00,5933 ,0.28981,0.027,0.05,0.1104,0.04625,9,低谷
9/4/2020 6:00,5934 ,0.7736,0.027,0.05,0.1104,0.04625,9,平时
9/4/2020 7:00,5935 ,0.7736,0.027,0.05,0.1104,0.04625,9,平时
9/4/2020 8:00,5936 ,0.7736,0.027,0.05,0.1104,0.04625,9,平时
9/4/2020 9:00,5937 ,0.7736,0.027,0.05,0.1104,0.04625,9,平时
9/4/2020 10:00,5938 ,0.7736,0.027,0.05,0.1104,0.04625,9,平时
9/4/2020 11:00,5939 ,0.7736,0.027,0.05,0.1104,0.04625,9,平时
9/4/2020 12:00,5940 ,0.28981,0.027,0.05,0.1104,0.04625,9,低谷
9/4/2020 13:00,5941 ,0.28981,0.027,0.05,0.1104,0.04625,9,低谷
9/4/2020 14:00,5942 ,0.7736,0.027,0.05,0.1104,0.04625,9,平时
9/4/2020 15:00,5943 ,0.7736,0.027,0.05,0.1104,0.04625,9,平时
9/4/2020 16:00,5944 ,1.05395,0.027,0.05,0.1104,0.04625,9,高峰
9/4/2020 17:00,5945 ,1.05395,0.027,0.05,0.1104,0.04625,9,高峰
9/4/2020 18:00,5946 ,1.05395,0.027,0.05,0.1104,0.04625,9,高峰
9/4/2020 19:00,5947 ,1.05395,0.027,0.05,0.1104,0.04625,9,高峰
9/4/2020 20:00,5948 ,1.05395,0.027,0.05,0.1104,0.04625,9,高峰
9/4/2020 21:00,5949 ,1.05395,0.027,0.05,0.1104,0.04625,9,高峰
9/4/2020 22:00,5950 ,1.05395,0.027,0.05,0.1104,0.04625,9,高峰
9/4/2020 23:00,5951 ,1.05395,0.027,0.05,0.1104,0.04625,9,高峰
9/5/2020 0:00,5952 ,0.28981,0.027,0.05,0.1104,0.04625,9,低谷
9/5/2020 1:00,5953 ,0.28981,0.027,0.05,0.1104,0.04625,9,低谷
9/5/2020 2:00,5954 ,0.28981,0.027,0.05,0.1104,0.04625,9,低谷
9/5/2020 3:00,5955 ,0.28981,0.027,0.05,0.1104,0.04625,9,低谷
9/5/2020 4:00,5956 ,0.28981,0.027,0.05,0.1104,0.04625,9,低谷
9/5/2020 5:00,5957 ,0.28981,0.027,0.05,0.1104,0.04625,9,低谷
9/5/2020 6:00,5958 ,0.7736,0.027,0.05,0.1104,0.04625,9,平时
9/5/2020 7:00,5959 ,0.7736,0.027,0.05,0.1104,0.04625,9,平时
9/5/2020 8:00,5960 ,0.7736,0.027,0.05,0.1104,0.04625,9,平时
9/5/2020 9:00,5961 ,0.7736,0.027,0.05,0.1104,0.04625,9,平时
9/5/2020 10:00,5962 ,0.7736,0.027,0.05,0.1104,0.04625,9,平时
9/5/2020 11:00,5963 ,0.7736,0.027,0.05,0.1104,0.04625,9,平时
9/5/2020 12:00,5964 ,0.28981,0.027,0.05,0.1104,0.04625,9,低谷
9/5/2020 13:00,5965 ,0.28981,0.027,0.05,0.1104,0.04625,9,低谷
9/5/2020 14:00,5966 ,0.7736,0.027,0.05,0.1104,0.04625,9,平时
9/5/2020 15:00,5967 ,0.7736,0.027,0.05,0.1104,0.04625,9,平时
9/5/2020 16:00,5968 ,1.05395,0.027,0.05,0.1104,0.04625,9,高峰
9/5/2020 17:00,5969 ,1.05395,0.027,0.05,0.1104,0.04625,9,高峰
9/5/2020 18:00,5970 ,1.05395,0.027,0.05,0.1104,0.04625,9,高峰
9/5/2020 19:00,5971 ,1.05395,0.027,0.05,0.1104,0.04625,9,高峰
9/5/2020 20:00,5972 ,1.05395,0.027,0.05,0.1104,0.04625,9,高峰
9/5/2020 21:00,5973 ,1.05395,0.027,0.05,0.1104,0.04625,9,高峰
9/5/2020 22:00,5974 ,1.05395,0.027,0.05,0.1104,0.04625,9,高峰
9/5/2020 23:00,5975 ,1.05395,0.027,0.05,0.1104,0.04625,9,高峰
9/6/2020 0:00,5976 ,0.28981,0.027,0.05,0.1104,0.04625,9,低谷
9/6/2020 1:00,5977 ,0.28981,0.027,0.05,0.1104,0.04625,9,低谷
9/6/2020 2:00,5978 ,0.28981,0.027,0.05,0.1104,0.04625,9,低谷
9/6/2020 3:00,5979 ,0.28981,0.027,0.05,0.1104,0.04625,9,低谷
9/6/2020 4:00,5980 ,0.28981,0.027,0.05,0.1104,0.04625,9,低谷
9/6/2020 5:00,5981 ,0.28981,0.027,0.05,0.1104,0.04625,9,低谷
9/6/2020 6:00,5982 ,0.7736,0.027,0.05,0.1104,0.04625,9,平时
9/6/2020 7:00,5983 ,0.7736,0.027,0.05,0.1104,0.04625,9,平时
9/6/2020 8:00,5984 ,0.7736,0.027,0.05,0.1104,0.04625,9,平时
9/6/2020 9:00,5985 ,0.7736,0.027,0.05,0.1104,0.04625,9,平时
9/6/2020 10:00,5986 ,0.7736,0.027,0.05,0.1104,0.04625,9,平时
9/6/2020 11:00,5987 ,0.7736,0.027,0.05,0.1104,0.04625,9,平时
9/6/2020 12:00,5988 ,0.28981,0.027,0.05,0.1104,0.04625,9,低谷
9/6/2020 13:00,5989 ,0.28981,0.027,0.05,0.1104,0.04625,9,低谷
9/6/2020 14:00,5990 ,0.7736,0.027,0.05,0.1104,0.04625,9,平时
9/6/2020 15:00,5991 ,0.7736,0.027,0.05,0.1104,0.04625,9,平时
9/6/2020 16:00,5992 ,1.05395,0.027,0.05,0.1104,0.04625,9,高峰
9/6/2020 17:00,5993 ,1.05395,0.027,0.05,0.1104,0.04625,9,高峰
9/6/2020 18:00,5994 ,1.05395,0.027,0.05,0.1104,0.04625,9,高峰
9/6/2020 19:00,5995 ,1.05395,0.027,0.05,0.1104,0.04625,9,高峰
9/6/2020 20:00,5996 ,1.05395,0.027,0.05,0.1104,0.04625,9,高峰
9/6/2020 21:00,5997 ,1.05395,0.027,0.05,0.1104,0.04625,9,高峰
9/6/2020 22:00,5998 ,1.05395,0.027,0.05,0.1104,0.04625,9,高峰
9/6/2020 23:00,5999 ,1.05395,0.027,0.05,0.1104,0.04625,9,高峰
9/7/2020 0:00,6000 ,0.28981,0.027,0.05,0.1104,0.04625,9,低谷
9/7/2020 1:00,6001 ,0.28981,0.027,0.05,0.1104,0.04625,9,低谷
9/7/2020 2:00,6002 ,0.28981,0.027,0.05,0.1104,0.04625,9,低谷
9/7/2020 3:00,6003 ,0.28981,0.027,0.05,0.1104,0.04625,9,低谷
9/7/2020 4:00,6004 ,0.28981,0.027,0.05,0.1104,0.04625,9,低谷
9/7/2020 5:00,6005 ,0.28981,0.027,0.05,0.1104,0.04625,9,低谷
9/7/2020 6:00,6006 ,0.7736,0.027,0.05,0.1104,0.04625,9,平时
9/7/2020 7:00,6007 ,0.7736,0.027,0.05,0.1104,0.04625,9,平时
9/7/2020 8:00,6008 ,0.7736,0.027,0.05,0.1104,0.04625,9,平时
9/7/2020 9:00,6009 ,0.7736,0.027,0.05,0.1104,0.04625,9,平时
9/7/2020 10:00,6010 ,0.7736,0.027,0.05,0.1104,0.04625,9,平时
9/7/2020 11:00,6011 ,0.7736,0.027,0.05,0.1104,0.04625,9,平时
9/7/2020 12:00,6012 ,0.28981,0.027,0.05,0.1104,0.04625,9,低谷
9/7/2020 13:00,6013 ,0.28981,0.027,0.05,0.1104,0.04625,9,低谷
9/7/2020 14:00,6014 ,0.7736,0.027,0.05,0.1104,0.04625,9,平时
9/7/2020 15:00,6015 ,0.7736,0.027,0.05,0.1104,0.04625,9,平时
9/7/2020 16:00,6016 ,1.05395,0.027,0.05,0.1104,0.04625,9,高峰
9/7/2020 17:00,6017 ,1.05395,0.027,0.05,0.1104,0.04625,9,高峰
9/7/2020 18:00,6018 ,1.05395,0.027,0.05,0.1104,0.04625,9,高峰
9/7/2020 19:00,6019 ,1.05395,0.027,0.05,0.1104,0.04625,9,高峰
9/7/2020 20:00,6020 ,1.05395,0.027,0.05,0.1104,0.04625,9,高峰
9/7/2020 21:00,6021 ,1.05395,0.027,0.05,0.1104,0.04625,9,高峰
9/7/2020 22:00,6022 ,1.05395,0.027,0.05,0.1104,0.04625,9,高峰
9/7/2020 23:00,6023 ,1.05395,0.027,0.05,0.1104,0.04625,9,高峰
9/8/2020 0:00,6024 ,0.28981,0.027,0.05,0.1104,0.04625,9,低谷
9/8/2020 1:00,6025 ,0.28981,0.027,0.05,0.1104,0.04625,9,低谷
9/8/2020 2:00,6026 ,0.28981,0.027,0.05,0.1104,0.04625,9,低谷
9/8/2020 3:00,6027 ,0.28981,0.027,0.05,0.1104,0.04625,9,低谷
9/8/2020 4:00,6028 ,0.28981,0.027,0.05,0.1104,0.04625,9,低谷
9/8/2020 5:00,6029 ,0.28981,0.027,0.05,0.1104,0.04625,9,低谷
9/8/2020 6:00,6030 ,0.7736,0.027,0.05,0.1104,0.04625,9,平时
9/8/2020 7:00,6031 ,0.7736,0.027,0.05,0.1104,0.04625,9,平时
9/8/2020 8:00,6032 ,0.7736,0.027,0.05,0.1104,0.04625,9,平时
9/8/2020 9:00,6033 ,0.7736,0.027,0.05,0.1104,0.04625,9,平时
9/8/2020 10:00,6034 ,0.7736,0.027,0.05,0.1104,0.04625,9,平时
9/8/2020 11:00,6035 ,0.7736,0.027,0.05,0.1104,0.04625,9,平时
9/8/2020 12:00,6036 ,0.28981,0.027,0.05,0.1104,0.04625,9,低谷
9/8/2020 13:00,6037 ,0.28981,0.027,0.05,0.1104,0.04625,9,低谷
9/8/2020 14:00,6038 ,0.7736,0.027,0.05,0.1104,0.04625,9,平时
9/8/2020 15:00,6039 ,0.7736,0.027,0.05,0.1104,0.04625,9,平时
9/8/2020 16:00,6040 ,1.05395,0.027,0.05,0.1104,0.04625,9,高峰
9/8/2020 17:00,6041 ,1.05395,0.027,0.05,0.1104,0.04625,9,高峰
9/8/2020 18:00,6042 ,1.05395,0.027,0.05,0.1104,0.04625,9,高峰
9/8/2020 19:00,6043 ,1.05395,0.027,0.05,0.1104,0.04625,9,高峰
9/8/2020 20:00,6044 ,1.05395,0.027,0.05,0.1104,0.04625,9,高峰
9/8/2020 21:00,6045 ,1.05395,0.027,0.05,0.1104,0.04625,9,高峰
9/8/2020 22:00,6046 ,1.05395,0.027,0.05,0.1104,0.04625,9,高峰
9/8/2020 23:00,6047 ,1.05395,0.027,0.05,0.1104,0.04625,9,高峰
9/9/2020 0:00,6048 ,0.28981,0.027,0.05,0.1104,0.04625,9,低谷
9/9/2020 1:00,6049 ,0.28981,0.027,0.05,0.1104,0.04625,9,低谷
9/9/2020 2:00,6050 ,0.28981,0.027,0.05,0.1104,0.04625,9,低谷
9/9/2020 3:00,6051 ,0.28981,0.027,0.05,0.1104,0.04625,9,低谷
9/9/2020 4:00,6052 ,0.28981,0.027,0.05,0.1104,0.04625,9,低谷
9/9/2020 5:00,6053 ,0.28981,0.027,0.05,0.1104,0.04625,9,低谷
9/9/2020 6:00,6054 ,0.7736,0.027,0.05,0.1104,0.04625,9,平时
9/9/2020 7:00,6055 ,0.7736,0.027,0.05,0.1104,0.04625,9,平时
9/9/2020 8:00,6056 ,0.7736,0.027,0.05,0.1104,0.04625,9,平时
9/9/2020 9:00,6057 ,0.7736,0.027,0.05,0.1104,0.04625,9,平时
9/9/2020 10:00,6058 ,0.7736,0.027,0.05,0.1104,0.04625,9,平时
9/9/2020 11:00,6059 ,0.7736,0.027,0.05,0.1104,0.04625,9,平时
9/9/2020 12:00,6060 ,0.28981,0.027,0.05,0.1104,0.04625,9,低谷
9/9/2020 13:00,6061 ,0.28981,0.027,0.05,0.1104,0.04625,9,低谷
9/9/2020 14:00,6062 ,0.7736,0.027,0.05,0.1104,0.04625,9,平时
9/9/2020 15:00,6063 ,0.7736,0.027,0.05,0.1104,0.04625,9,平时
9/9/2020 16:00,6064 ,1.05395,0.027,0.05,0.1104,0.04625,9,高峰
9/9/2020 17:00,6065 ,1.05395,0.027,0.05,0.1104,0.04625,9,高峰
9/9/2020 18:00,6066 ,1.05395,0.027,0.05,0.1104,0.04625,9,高峰
9/9/2020 19:00,6067 ,1.05395,0.027,0.05,0.1104,0.04625,9,高峰
9/9/2020 20:00,6068 ,1.05395,0.027,0.05,0.1104,0.04625,9,高峰
9/9/2020 21:00,6069 ,1.05395,0.027,0.05,0.1104,0.04625,9,高峰
9/9/2020 22:00,6070 ,1.05395,0.027,0.05,0.1104,0.04625,9,高峰
9/9/2020 23:00,6071 ,1.05395,0.027,0.05,0.1104,0.04625,9,高峰
9/10/2020 0:00,6072 ,0.28981,0.027,0.05,0.1104,0.04625,9,低谷
9/10/2020 1:00,6073 ,0.28981,0.027,0.05,0.1104,0.04625,9,低谷
9/10/2020 2:00,6074 ,0.28981,0.027,0.05,0.1104,0.04625,9,低谷
9/10/2020 3:00,6075 ,0.28981,0.027,0.05,0.1104,0.04625,9,低谷
9/10/2020 4:00,6076 ,0.28981,0.027,0.05,0.1104,0.04625,9,低谷
9/10/2020 5:00,6077 ,0.28981,0.027,0.05,0.1104,0.04625,9,低谷
9/10/2020 6:00,6078 ,0.7736,0.027,0.05,0.1104,0.04625,9,平时
9/10/2020 7:00,6079 ,0.7736,0.027,0.05,0.1104,0.04625,9,平时
9/10/2020 8:00,6080 ,0.7736,0.027,0.05,0.1104,0.04625,9,平时
9/10/2020 9:00,6081 ,0.7736,0.027,0.05,0.1104,0.04625,9,平时
9/10/2020 10:00,6082 ,0.7736,0.027,0.05,0.1104,0.04625,9,平时
9/10/2020 11:00,6083 ,0.7736,0.027,0.05,0.1104,0.04625,9,平时
9/10/2020 12:00,6084 ,0.28981,0.027,0.05,0.1104,0.04625,9,低谷
9/10/2020 13:00,6085 ,0.28981,0.027,0.05,0.1104,0.04625,9,低谷
9/10/2020 14:00,6086 ,0.7736,0.027,0.05,0.1104,0.04625,9,平时
9/10/2020 15:00,6087 ,0.7736,0.027,0.05,0.1104,0.04625,9,平时
9/10/2020 16:00,6088 ,1.05395,0.027,0.05,0.1104,0.04625,9,高峰
9/10/2020 17:00,6089 ,1.05395,0.027,0.05,0.1104,0.04625,9,高峰
9/10/2020 18:00,6090 ,1.05395,0.027,0.05,0.1104,0.04625,9,高峰
9/10/2020 19:00,6091 ,1.05395,0.027,0.05,0.1104,0.04625,9,高峰
9/10/2020 20:00,6092 ,1.05395,0.027,0.05,0.1104,0.04625,9,高峰
9/10/2020 21:00,6093 ,1.05395,0.027,0.05,0.1104,0.04625,9,高峰
9/10/2020 22:00,6094 ,1.05395,0.027,0.05,0.1104,0.04625,9,高峰
9/10/2020 23:00,6095 ,1.05395,0.027,0.05,0.1104,0.04625,9,高峰
9/11/2020 0:00,6096 ,0.28981,0.027,0.05,0.1104,0.04625,9,低谷
9/11/2020 1:00,6097 ,0.28981,0.027,0.05,0.1104,0.04625,9,低谷
9/11/2020 2:00,6098 ,0.28981,0.027,0.05,0.1104,0.04625,9,低谷
9/11/2020 3:00,6099 ,0.28981,0.027,0.05,0.1104,0.04625,9,低谷
9/11/2020 4:00,6100 ,0.28981,0.027,0.05,0.1104,0.04625,9,低谷
9/11/2020 5:00,6101 ,0.28981,0.027,0.05,0.1104,0.04625,9,低谷
9/11/2020 6:00,6102 ,0.7736,0.027,0.05,0.1104,0.04625,9,平时
9/11/2020 7:00,6103 ,0.7736,0.027,0.05,0.1104,0.04625,9,平时
9/11/2020 8:00,6104 ,0.7736,0.027,0.05,0.1104,0.04625,9,平时
9/11/2020 9:00,6105 ,0.7736,0.027,0.05,0.1104,0.04625,9,平时
9/11/2020 10:00,6106 ,0.7736,0.027,0.05,0.1104,0.04625,9,平时
9/11/2020 11:00,6107 ,0.7736,0.027,0.05,0.1104,0.04625,9,平时
9/11/2020 12:00,6108 ,0.28981,0.027,0.05,0.1104,0.04625,9,低谷
9/11/2020 13:00,6109 ,0.28981,0.027,0.05,0.1104,0.04625,9,低谷
9/11/2020 14:00,6110 ,0.7736,0.027,0.05,0.1104,0.04625,9,平时
9/11/2020 15:00,6111 ,0.7736,0.027,0.05,0.1104,0.04625,9,平时
9/11/2020 16:00,6112 ,1.05395,0.027,0.05,0.1104,0.04625,9,高峰
9/11/2020 17:00,6113 ,1.05395,0.027,0.05,0.1104,0.04625,9,高峰
9/11/2020 18:00,6114 ,1.05395,0.027,0.05,0.1104,0.04625,9,高峰
9/11/2020 19:00,6115 ,1.05395,0.027,0.05,0.1104,0.04625,9,高峰
9/11/2020 20:00,6116 ,1.05395,0.027,0.05,0.1104,0.04625,9,高峰
9/11/2020 21:00,6117 ,1.05395,0.027,0.05,0.1104,0.04625,9,高峰
9/11/2020 22:00,6118 ,1.05395,0.027,0.05,0.1104,0.04625,9,高峰
9/11/2020 23:00,6119 ,1.05395,0.027,0.05,0.1104,0.04625,9,高峰
9/12/2020 0:00,6120 ,0.28981,0.027,0.05,0.1104,0.04625,9,低谷
9/12/2020 1:00,6121 ,0.28981,0.027,0.05,0.1104,0.04625,9,低谷
9/12/2020 2:00,6122 ,0.28981,0.027,0.05,0.1104,0.04625,9,低谷
9/12/2020 3:00,6123 ,0.28981,0.027,0.05,0.1104,0.04625,9,低谷
9/12/2020 4:00,6124 ,0.28981,0.027,0.05,0.1104,0.04625,9,低谷
9/12/2020 5:00,6125 ,0.28981,0.027,0.05,0.1104,0.04625,9,低谷
9/12/2020 6:00,6126 ,0.7736,0.027,0.05,0.1104,0.04625,9,平时
9/12/2020 7:00,6127 ,0.7736,0.027,0.05,0.1104,0.04625,9,平时
9/12/2020 8:00,6128 ,0.7736,0.027,0.05,0.1104,0.04625,9,平时
9/12/2020 9:00,6129 ,0.7736,0.027,0.05,0.1104,0.04625,9,平时
9/12/2020 10:00,6130 ,0.7736,0.027,0.05,0.1104,0.04625,9,平时
9/12/2020 11:00,6131 ,0.7736,0.027,0.05,0.1104,0.04625,9,平时
9/12/2020 12:00,6132 ,0.28981,0.027,0.05,0.1104,0.04625,9,低谷
9/12/2020 13:00,6133 ,0.28981,0.027,0.05,0.1104,0.04625,9,低谷
9/12/2020 14:00,6134 ,0.7736,0.027,0.05,0.1104,0.04625,9,平时
9/12/2020 15:00,6135 ,0.7736,0.027,0.05,0.1104,0.04625,9,平时
9/12/2020 16:00,6136 ,1.05395,0.027,0.05,0.1104,0.04625,9,高峰
9/12/2020 17:00,6137 ,1.05395,0.027,0.05,0.1104,0.04625,9,高峰
9/12/2020 18:00,6138 ,1.05395,0.027,0.05,0.1104,0.04625,9,高峰
9/12/2020 19:00,6139 ,1.05395,0.027,0.05,0.1104,0.04625,9,高峰
9/12/2020 20:00,6140 ,1.05395,0.027,0.05,0.1104,0.04625,9,高峰
9/12/2020 21:00,6141 ,1.05395,0.027,0.05,0.1104,0.04625,9,高峰
9/12/2020 22:00,6142 ,1.05395,0.027,0.05,0.1104,0.04625,9,高峰
9/12/2020 23:00,6143 ,1.05395,0.027,0.05,0.1104,0.04625,9,高峰
9/13/2020 0:00,6144 ,0.28981,0.027,0.05,0.1104,0.04625,9,低谷
9/13/2020 1:00,6145 ,0.28981,0.027,0.05,0.1104,0.04625,9,低谷
9/13/2020 2:00,6146 ,0.28981,0.027,0.05,0.1104,0.04625,9,低谷
9/13/2020 3:00,6147 ,0.28981,0.027,0.05,0.1104,0.04625,9,低谷
9/13/2020 4:00,6148 ,0.28981,0.027,0.05,0.1104,0.04625,9,低谷
9/13/2020 5:00,6149 ,0.28981,0.027,0.05,0.1104,0.04625,9,低谷
9/13/2020 6:00,6150 ,0.7736,0.027,0.05,0.1104,0.04625,9,平时
9/13/2020 7:00,6151 ,0.7736,0.027,0.05,0.1104,0.04625,9,平时
9/13/2020 8:00,6152 ,0.7736,0.027,0.05,0.1104,0.04625,9,平时
9/13/2020 9:00,6153 ,0.7736,0.027,0.05,0.1104,0.04625,9,平时
9/13/2020 10:00,6154 ,0.7736,0.027,0.05,0.1104,0.04625,9,平时
9/13/2020 11:00,6155 ,0.7736,0.027,0.05,0.1104,0.04625,9,平时
9/13/2020 12:00,6156 ,0.28981,0.027,0.05,0.1104,0.04625,9,低谷
9/13/2020 13:00,6157 ,0.28981,0.027,0.05,0.1104,0.04625,9,低谷
9/13/2020 14:00,6158 ,0.7736,0.027,0.05,0.1104,0.04625,9,平时
9/13/2020 15:00,6159 ,0.7736,0.027,0.05,0.1104,0.04625,9,平时
9/13/2020 16:00,6160 ,1.05395,0.027,0.05,0.1104,0.04625,9,高峰
9/13/2020 17:00,6161 ,1.05395,0.027,0.05,0.1104,0.04625,9,高峰
9/13/2020 18:00,6162 ,1.05395,0.027,0.05,0.1104,0.04625,9,高峰
9/13/2020 19:00,6163 ,1.05395,0.027,0.05,0.1104,0.04625,9,高峰
9/13/2020 20:00,6164 ,1.05395,0.027,0.05,0.1104,0.04625,9,高峰
9/13/2020 21:00,6165 ,1.05395,0.027,0.05,0.1104,0.04625,9,高峰
9/13/2020 22:00,6166 ,1.05395,0.027,0.05,0.1104,0.04625,9,高峰
9/13/2020 23:00,6167 ,1.05395,0.027,0.05,0.1104,0.04625,9,高峰
9/14/2020 0:00,6168 ,0.28981,0.027,0.05,0.1104,0.04625,9,低谷
9/14/2020 1:00,6169 ,0.28981,0.027,0.05,0.1104,0.04625,9,低谷
9/14/2020 2:00,6170 ,0.28981,0.027,0.05,0.1104,0.04625,9,低谷
9/14/2020 3:00,6171 ,0.28981,0.027,0.05,0.1104,0.04625,9,低谷
9/14/2020 4:00,6172 ,0.28981,0.027,0.05,0.1104,0.04625,9,低谷
9/14/2020 5:00,6173 ,0.28981,0.027,0.05,0.1104,0.04625,9,低谷
9/14/2020 6:00,6174 ,0.7736,0.027,0.05,0.1104,0.04625,9,平时
9/14/2020 7:00,6175 ,0.7736,0.027,0.05,0.1104,0.04625,9,平时
9/14/2020 8:00,6176 ,0.7736,0.027,0.05,0.1104,0.04625,9,平时
9/14/2020 9:00,6177 ,0.7736,0.027,0.05,0.1104,0.04625,9,平时
9/14/2020 10:00,6178 ,0.7736,0.027,0.05,0.1104,0.04625,9,平时
9/14/2020 11:00,6179 ,0.7736,0.027,0.05,0.1104,0.04625,9,平时
9/14/2020 12:00,6180 ,0.28981,0.027,0.05,0.1104,0.04625,9,低谷
9/14/2020 13:00,6181 ,0.28981,0.027,0.05,0.1104,0.04625,9,低谷
9/14/2020 14:00,6182 ,0.7736,0.027,0.05,0.1104,0.04625,9,平时
9/14/2020 15:00,6183 ,0.7736,0.027,0.05,0.1104,0.04625,9,平时
9/14/2020 16:00,6184 ,1.05395,0.027,0.05,0.1104,0.04625,9,高峰
9/14/2020 17:00,6185 ,1.05395,0.027,0.05,0.1104,0.04625,9,高峰
9/14/2020 18:00,6186 ,1.05395,0.027,0.05,0.1104,0.04625,9,高峰
9/14/2020 19:00,6187 ,1.05395,0.027,0.05,0.1104,0.04625,9,高峰
9/14/2020 20:00,6188 ,1.05395,0.027,0.05,0.1104,0.04625,9,高峰
9/14/2020 21:00,6189 ,1.05395,0.027,0.05,0.1104,0.04625,9,高峰
9/14/2020 22:00,6190 ,1.05395,0.027,0.05,0.1104,0.04625,9,高峰
9/14/2020 23:00,6191 ,1.05395,0.027,0.05,0.1104,0.04625,9,高峰
9/15/2020 0:00,6192 ,0.28981,0.027,0.05,0.1104,0.04625,9,低谷
9/15/2020 1:00,6193 ,0.28981,0.027,0.05,0.1104,0.04625,9,低谷
9/15/2020 2:00,6194 ,0.28981,0.027,0.05,0.1104,0.04625,9,低谷
9/15/2020 3:00,6195 ,0.28981,0.027,0.05,0.1104,0.04625,9,低谷
9/15/2020 4:00,6196 ,0.28981,0.027,0.05,0.1104,0.04625,9,低谷
9/15/2020 5:00,6197 ,0.28981,0.027,0.05,0.1104,0.04625,9,低谷
9/15/2020 6:00,6198 ,0.7736,0.027,0.05,0.1104,0.04625,9,平时
9/15/2020 7:00,6199 ,0.7736,0.027,0.05,0.1104,0.04625,9,平时
9/15/2020 8:00,6200 ,0.7736,0.027,0.05,0.1104,0.04625,9,平时
9/15/2020 9:00,6201 ,0.7736,0.027,0.05,0.1104,0.04625,9,平时
9/15/2020 10:00,6202 ,0.7736,0.027,0.05,0.1104,0.04625,9,平时
9/15/2020 11:00,6203 ,0.7736,0.027,0.05,0.1104,0.04625,9,平时
9/15/2020 12:00,6204 ,0.28981,0.027,0.05,0.1104,0.04625,9,低谷
9/15/2020 13:00,6205 ,0.28981,0.027,0.05,0.1104,0.04625,9,低谷
9/15/2020 14:00,6206 ,0.7736,0.027,0.05,0.1104,0.04625,9,平时
9/15/2020 15:00,6207 ,0.7736,0.027,0.05,0.1104,0.04625,9,平时
9/15/2020 16:00,6208 ,1.05395,0.027,0.05,0.1104,0.04625,9,高峰
9/15/2020 17:00,6209 ,1.05395,0.027,0.05,0.1104,0.04625,9,高峰
9/15/2020 18:00,6210 ,1.05395,0.027,0.05,0.1104,0.04625,9,高峰
9/15/2020 19:00,6211 ,1.05395,0.027,0.05,0.1104,0.04625,9,高峰
9/15/2020 20:00,6212 ,1.05395,0.027,0.05,0.1104,0.04625,9,高峰
9/15/2020 21:00,6213 ,1.05395,0.027,0.05,0.1104,0.04625,9,高峰
9/15/2020 22:00,6214 ,1.05395,0.027,0.05,0.1104,0.04625,9,高峰
9/15/2020 23:00,6215 ,1.05395,0.027,0.05,0.1104,0.04625,9,高峰
9/16/2020 0:00,6216 ,0.28981,0.027,0.05,0.1104,0.04625,9,低谷
9/16/2020 1:00,6217 ,0.28981,0.027,0.05,0.1104,0.04625,9,低谷
9/16/2020 2:00,6218 ,0.28981,0.027,0.05,0.1104,0.04625,9,低谷
9/16/2020 3:00,6219 ,0.28981,0.027,0.05,0.1104,0.04625,9,低谷
9/16/2020 4:00,6220 ,0.28981,0.027,0.05,0.1104,0.04625,9,低谷
9/16/2020 5:00,6221 ,0.28981,0.027,0.05,0.1104,0.04625,9,低谷
9/16/2020 6:00,6222 ,0.7736,0.027,0.05,0.1104,0.04625,9,平时
9/16/2020 7:00,6223 ,0.7736,0.027,0.05,0.1104,0.04625,9,平时
9/16/2020 8:00,6224 ,0.7736,0.027,0.05,0.1104,0.04625,9,平时
9/16/2020 9:00,6225 ,0.7736,0.027,0.05,0.1104,0.04625,9,平时
9/16/2020 10:00,6226 ,0.7736,0.027,0.05,0.1104,0.04625,9,平时
9/16/2020 11:00,6227 ,0.7736,0.027,0.05,0.1104,0.04625,9,平时
9/16/2020 12:00,6228 ,0.28981,0.027,0.05,0.1104,0.04625,9,低谷
9/16/2020 13:00,6229 ,0.28981,0.027,0.05,0.1104,0.04625,9,低谷
9/16/2020 14:00,6230 ,0.7736,0.027,0.05,0.1104,0.04625,9,平时
9/16/2020 15:00,6231 ,0.7736,0.027,0.05,0.1104,0.04625,9,平时
9/16/2020 16:00,6232 ,1.05395,0.027,0.05,0.1104,0.04625,9,高峰
9/16/2020 17:00,6233 ,1.05395,0.027,0.05,0.1104,0.04625,9,高峰
9/16/2020 18:00,6234 ,1.05395,0.027,0.05,0.1104,0.04625,9,高峰
9/16/2020 19:00,6235 ,1.05395,0.027,0.05,0.1104,0.04625,9,高峰
9/16/2020 20:00,6236 ,1.05395,0.027,0.05,0.1104,0.04625,9,高峰
9/16/2020 21:00,6237 ,1.05395,0.027,0.05,0.1104,0.04625,9,高峰
9/16/2020 22:00,6238 ,1.05395,0.027,0.05,0.1104,0.04625,9,高峰
9/16/2020 23:00,6239 ,1.05395,0.027,0.05,0.1104,0.04625,9,高峰
9/17/2020 0:00,6240 ,0.28981,0.027,0.05,0.1104,0.04625,9,低谷
9/17/2020 1:00,6241 ,0.28981,0.027,0.05,0.1104,0.04625,9,低谷
9/17/2020 2:00,6242 ,0.28981,0.027,0.05,0.1104,0.04625,9,低谷
9/17/2020 3:00,6243 ,0.28981,0.027,0.05,0.1104,0.04625,9,低谷
9/17/2020 4:00,6244 ,0.28981,0.027,0.05,0.1104,0.04625,9,低谷
9/17/2020 5:00,6245 ,0.28981,0.027,0.05,0.1104,0.04625,9,低谷
9/17/2020 6:00,6246 ,0.7736,0.027,0.05,0.1104,0.04625,9,平时
9/17/2020 7:00,6247 ,0.7736,0.027,0.05,0.1104,0.04625,9,平时
9/17/2020 8:00,6248 ,0.7736,0.027,0.05,0.1104,0.04625,9,平时
9/17/2020 9:00,6249 ,0.7736,0.027,0.05,0.1104,0.04625,9,平时
9/17/2020 10:00,6250 ,0.7736,0.027,0.05,0.1104,0.04625,9,平时
9/17/2020 11:00,6251 ,0.7736,0.027,0.05,0.1104,0.04625,9,平时
9/17/2020 12:00,6252 ,0.28981,0.027,0.05,0.1104,0.04625,9,低谷
9/17/2020 13:00,6253 ,0.28981,0.027,0.05,0.1104,0.04625,9,低谷
9/17/2020 14:00,6254 ,0.7736,0.027,0.05,0.1104,0.04625,9,平时
9/17/2020 15:00,6255 ,0.7736,0.027,0.05,0.1104,0.04625,9,平时
9/17/2020 16:00,6256 ,1.05395,0.027,0.05,0.1104,0.04625,9,高峰
9/17/2020 17:00,6257 ,1.05395,0.027,0.05,0.1104,0.04625,9,高峰
9/17/2020 18:00,6258 ,1.05395,0.027,0.05,0.1104,0.04625,9,高峰
9/17/2020 19:00,6259 ,1.05395,0.027,0.05,0.1104,0.04625,9,高峰
9/17/2020 20:00,6260 ,1.05395,0.027,0.05,0.1104,0.04625,9,高峰
9/17/2020 21:00,6261 ,1.05395,0.027,0.05,0.1104,0.04625,9,高峰
9/17/2020 22:00,6262 ,1.05395,0.027,0.05,0.1104,0.04625,9,高峰
9/17/2020 23:00,6263 ,1.05395,0.027,0.05,0.1104,0.04625,9,高峰
9/18/2020 0:00,6264 ,0.28981,0.027,0.05,0.1104,0.04625,9,低谷
9/18/2020 1:00,6265 ,0.28981,0.027,0.05,0.1104,0.04625,9,低谷
9/18/2020 2:00,6266 ,0.28981,0.027,0.05,0.1104,0.04625,9,低谷
9/18/2020 3:00,6267 ,0.28981,0.027,0.05,0.1104,0.04625,9,低谷
9/18/2020 4:00,6268 ,0.28981,0.027,0.05,0.1104,0.04625,9,低谷
9/18/2020 5:00,6269 ,0.28981,0.027,0.05,0.1104,0.04625,9,低谷
9/18/2020 6:00,6270 ,0.7736,0.027,0.05,0.1104,0.04625,9,平时
9/18/2020 7:00,6271 ,0.7736,0.027,0.05,0.1104,0.04625,9,平时
9/18/2020 8:00,6272 ,0.7736,0.027,0.05,0.1104,0.04625,9,平时
9/18/2020 9:00,6273 ,0.7736,0.027,0.05,0.1104,0.04625,9,平时
9/18/2020 10:00,6274 ,0.7736,0.027,0.05,0.1104,0.04625,9,平时
9/18/2020 11:00,6275 ,0.7736,0.027,0.05,0.1104,0.04625,9,平时
9/18/2020 12:00,6276 ,0.28981,0.027,0.05,0.1104,0.04625,9,低谷
9/18/2020 13:00,6277 ,0.28981,0.027,0.05,0.1104,0.04625,9,低谷
9/18/2020 14:00,6278 ,0.7736,0.027,0.05,0.1104,0.04625,9,平时
9/18/2020 15:00,6279 ,0.7736,0.027,0.05,0.1104,0.04625,9,平时
9/18/2020 16:00,6280 ,1.05395,0.027,0.05,0.1104,0.04625,9,高峰
9/18/2020 17:00,6281 ,1.05395,0.027,0.05,0.1104,0.04625,9,高峰
9/18/2020 18:00,6282 ,1.05395,0.027,0.05,0.1104,0.04625,9,高峰
9/18/2020 19:00,6283 ,1.05395,0.027,0.05,0.1104,0.04625,9,高峰
9/18/2020 20:00,6284 ,1.05395,0.027,0.05,0.1104,0.04625,9,高峰
9/18/2020 21:00,6285 ,1.05395,0.027,0.05,0.1104,0.04625,9,高峰
9/18/2020 22:00,6286 ,1.05395,0.027,0.05,0.1104,0.04625,9,高峰
9/18/2020 23:00,6287 ,1.05395,0.027,0.05,0.1104,0.04625,9,高峰
9/19/2020 0:00,6288 ,0.28981,0.027,0.05,0.1104,0.04625,9,低谷
9/19/2020 1:00,6289 ,0.28981,0.027,0.05,0.1104,0.04625,9,低谷
9/19/2020 2:00,6290 ,0.28981,0.027,0.05,0.1104,0.04625,9,低谷
9/19/2020 3:00,6291 ,0.28981,0.027,0.05,0.1104,0.04625,9,低谷
9/19/2020 4:00,6292 ,0.28981,0.027,0.05,0.1104,0.04625,9,低谷
9/19/2020 5:00,6293 ,0.28981,0.027,0.05,0.1104,0.04625,9,低谷
9/19/2020 6:00,6294 ,0.7736,0.027,0.05,0.1104,0.04625,9,平时
9/19/2020 7:00,6295 ,0.7736,0.027,0.05,0.1104,0.04625,9,平时
9/19/2020 8:00,6296 ,0.7736,0.027,0.05,0.1104,0.04625,9,平时
9/19/2020 9:00,6297 ,0.7736,0.027,0.05,0.1104,0.04625,9,平时
9/19/2020 10:00,6298 ,0.7736,0.027,0.05,0.1104,0.04625,9,平时
9/19/2020 11:00,6299 ,0.7736,0.027,0.05,0.1104,0.04625,9,平时
9/19/2020 12:00,6300 ,0.28981,0.027,0.05,0.1104,0.04625,9,低谷
9/19/2020 13:00,6301 ,0.28981,0.027,0.05,0.1104,0.04625,9,低谷
9/19/2020 14:00,6302 ,0.7736,0.027,0.05,0.1104,0.04625,9,平时
9/19/2020 15:00,6303 ,0.7736,0.027,0.05,0.1104,0.04625,9,平时
9/19/2020 16:00,6304 ,1.05395,0.027,0.05,0.1104,0.04625,9,高峰
9/19/2020 17:00,6305 ,1.05395,0.027,0.05,0.1104,0.04625,9,高峰
9/19/2020 18:00,6306 ,1.05395,0.027,0.05,0.1104,0.04625,9,高峰
9/19/2020 19:00,6307 ,1.05395,0.027,0.05,0.1104,0.04625,9,高峰
9/19/2020 20:00,6308 ,1.05395,0.027,0.05,0.1104,0.04625,9,高峰
9/19/2020 21:00,6309 ,1.05395,0.027,0.05,0.1104,0.04625,9,高峰
9/19/2020 22:00,6310 ,1.05395,0.027,0.05,0.1104,0.04625,9,高峰
9/19/2020 23:00,6311 ,1.05395,0.027,0.05,0.1104,0.04625,9,高峰
9/20/2020 0:00,6312 ,0.28981,0.027,0.05,0.1104,0.04625,9,低谷
9/20/2020 1:00,6313 ,0.28981,0.027,0.05,0.1104,0.04625,9,低谷
9/20/2020 2:00,6314 ,0.28981,0.027,0.05,0.1104,0.04625,9,低谷
9/20/2020 3:00,6315 ,0.28981,0.027,0.05,0.1104,0.04625,9,低谷
9/20/2020 4:00,6316 ,0.28981,0.027,0.05,0.1104,0.04625,9,低谷
9/20/2020 5:00,6317 ,0.28981,0.027,0.05,0.1104,0.04625,9,低谷
9/20/2020 6:00,6318 ,0.7736,0.027,0.05,0.1104,0.04625,9,平时
9/20/2020 7:00,6319 ,0.7736,0.027,0.05,0.1104,0.04625,9,平时
9/20/2020 8:00,6320 ,0.7736,0.027,0.05,0.1104,0.04625,9,平时
9/20/2020 9:00,6321 ,0.7736,0.027,0.05,0.1104,0.04625,9,平时
9/20/2020 10:00,6322 ,0.7736,0.027,0.05,0.1104,0.04625,9,平时
9/20/2020 11:00,6323 ,0.7736,0.027,0.05,0.1104,0.04625,9,平时
9/20/2020 12:00,6324 ,0.28981,0.027,0.05,0.1104,0.04625,9,低谷
9/20/2020 13:00,6325 ,0.28981,0.027,0.05,0.1104,0.04625,9,低谷
9/20/2020 14:00,6326 ,0.7736,0.027,0.05,0.1104,0.04625,9,平时
9/20/2020 15:00,6327 ,0.7736,0.027,0.05,0.1104,0.04625,9,平时
9/20/2020 16:00,6328 ,1.05395,0.027,0.05,0.1104,0.04625,9,高峰
9/20/2020 17:00,6329 ,1.05395,0.027,0.05,0.1104,0.04625,9,高峰
9/20/2020 18:00,6330 ,1.05395,0.027,0.05,0.1104,0.04625,9,高峰
9/20/2020 19:00,6331 ,1.05395,0.027,0.05,0.1104,0.04625,9,高峰
9/20/2020 20:00,6332 ,1.05395,0.027,0.05,0.1104,0.04625,9,高峰
9/20/2020 21:00,6333 ,1.05395,0.027,0.05,0.1104,0.04625,9,高峰
9/20/2020 22:00,6334 ,1.05395,0.027,0.05,0.1104,0.04625,9,高峰
9/20/2020 23:00,6335 ,1.05395,0.027,0.05,0.1104,0.04625,9,高峰
9/21/2020 0:00,6336 ,0.28981,0.027,0.05,0.1104,0.04625,9,低谷
9/21/2020 1:00,6337 ,0.28981,0.027,0.05,0.1104,0.04625,9,低谷
9/21/2020 2:00,6338 ,0.28981,0.027,0.05,0.1104,0.04625,9,低谷
9/21/2020 3:00,6339 ,0.28981,0.027,0.05,0.1104,0.04625,9,低谷
9/21/2020 4:00,6340 ,0.28981,0.027,0.05,0.1104,0.04625,9,低谷
9/21/2020 5:00,6341 ,0.28981,0.027,0.05,0.1104,0.04625,9,低谷
9/21/2020 6:00,6342 ,0.7736,0.027,0.05,0.1104,0.04625,9,平时
9/21/2020 7:00,6343 ,0.7736,0.027,0.05,0.1104,0.04625,9,平时
9/21/2020 8:00,6344 ,0.7736,0.027,0.05,0.1104,0.04625,9,平时
9/21/2020 9:00,6345 ,0.7736,0.027,0.05,0.1104,0.04625,9,平时
9/21/2020 10:00,6346 ,0.7736,0.027,0.05,0.1104,0.04625,9,平时
9/21/2020 11:00,6347 ,0.7736,0.027,0.05,0.1104,0.04625,9,平时
9/21/2020 12:00,6348 ,0.28981,0.027,0.05,0.1104,0.04625,9,低谷
9/21/2020 13:00,6349 ,0.28981,0.027,0.05,0.1104,0.04625,9,低谷
9/21/2020 14:00,6350 ,0.7736,0.027,0.05,0.1104,0.04625,9,平时
9/21/2020 15:00,6351 ,0.7736,0.027,0.05,0.1104,0.04625,9,平时
9/21/2020 16:00,6352 ,1.05395,0.027,0.05,0.1104,0.04625,9,高峰
9/21/2020 17:00,6353 ,1.05395,0.027,0.05,0.1104,0.04625,9,高峰
9/21/2020 18:00,6354 ,1.05395,0.027,0.05,0.1104,0.04625,9,高峰
9/21/2020 19:00,6355 ,1.05395,0.027,0.05,0.1104,0.04625,9,高峰
9/21/2020 20:00,6356 ,1.05395,0.027,0.05,0.1104,0.04625,9,高峰
9/21/2020 21:00,6357 ,1.05395,0.027,0.05,0.1104,0.04625,9,高峰
9/21/2020 22:00,6358 ,1.05395,0.027,0.05,0.1104,0.04625,9,高峰
9/21/2020 23:00,6359 ,1.05395,0.027,0.05,0.1104,0.04625,9,高峰
9/22/2020 0:00,6360 ,0.28981,0.027,0.05,0.1104,0.04625,9,低谷
9/22/2020 1:00,6361 ,0.28981,0.027,0.05,0.1104,0.04625,9,低谷
9/22/2020 2:00,6362 ,0.28981,0.027,0.05,0.1104,0.04625,9,低谷
9/22/2020 3:00,6363 ,0.28981,0.027,0.05,0.1104,0.04625,9,低谷
9/22/2020 4:00,6364 ,0.28981,0.027,0.05,0.1104,0.04625,9,低谷
9/22/2020 5:00,6365 ,0.28981,0.027,0.05,0.1104,0.04625,9,低谷
9/22/2020 6:00,6366 ,0.7736,0.027,0.05,0.1104,0.04625,9,平时
9/22/2020 7:00,6367 ,0.7736,0.027,0.05,0.1104,0.04625,9,平时
9/22/2020 8:00,6368 ,0.7736,0.027,0.05,0.1104,0.04625,9,平时
9/22/2020 9:00,6369 ,0.7736,0.027,0.05,0.1104,0.04625,9,平时
9/22/2020 10:00,6370 ,0.7736,0.027,0.05,0.1104,0.04625,9,平时
9/22/2020 11:00,6371 ,0.7736,0.027,0.05,0.1104,0.04625,9,平时
9/22/2020 12:00,6372 ,0.28981,0.027,0.05,0.1104,0.04625,9,低谷
9/22/2020 13:00,6373 ,0.28981,0.027,0.05,0.1104,0.04625,9,低谷
9/22/2020 14:00,6374 ,0.7736,0.027,0.05,0.1104,0.04625,9,平时
9/22/2020 15:00,6375 ,0.7736,0.027,0.05,0.1104,0.04625,9,平时
9/22/2020 16:00,6376 ,1.05395,0.027,0.05,0.1104,0.04625,9,高峰
9/22/2020 17:00,6377 ,1.05395,0.027,0.05,0.1104,0.04625,9,高峰
9/22/2020 18:00,6378 ,1.05395,0.027,0.05,0.1104,0.04625,9,高峰
9/22/2020 19:00,6379 ,1.05395,0.027,0.05,0.1104,0.04625,9,高峰
9/22/2020 20:00,6380 ,1.05395,0.027,0.05,0.1104,0.04625,9,高峰
9/22/2020 21:00,6381 ,1.05395,0.027,0.05,0.1104,0.04625,9,高峰
9/22/2020 22:00,6382 ,1.05395,0.027,0.05,0.1104,0.04625,9,高峰
9/22/2020 23:00,6383 ,1.05395,0.027,0.05,0.1104,0.04625,9,高峰
9/23/2020 0:00,6384 ,0.28981,0.027,0.05,0.1104,0.04625,9,低谷
9/23/2020 1:00,6385 ,0.28981,0.027,0.05,0.1104,0.04625,9,低谷
9/23/2020 2:00,6386 ,0.28981,0.027,0.05,0.1104,0.04625,9,低谷
9/23/2020 3:00,6387 ,0.28981,0.027,0.05,0.1104,0.04625,9,低谷
9/23/2020 4:00,6388 ,0.28981,0.027,0.05,0.1104,0.04625,9,低谷
9/23/2020 5:00,6389 ,0.28981,0.027,0.05,0.1104,0.04625,9,低谷
9/23/2020 6:00,6390 ,0.7736,0.027,0.05,0.1104,0.04625,9,平时
9/23/2020 7:00,6391 ,0.7736,0.027,0.05,0.1104,0.04625,9,平时
9/23/2020 8:00,6392 ,0.7736,0.027,0.05,0.1104,0.04625,9,平时
9/23/2020 9:00,6393 ,0.7736,0.027,0.05,0.1104,0.04625,9,平时
9/23/2020 10:00,6394 ,0.7736,0.027,0.05,0.1104,0.04625,9,平时
9/23/2020 11:00,6395 ,0.7736,0.027,0.05,0.1104,0.04625,9,平时
9/23/2020 12:00,6396 ,0.28981,0.027,0.05,0.1104,0.04625,9,低谷
9/23/2020 13:00,6397 ,0.28981,0.027,0.05,0.1104,0.04625,9,低谷
9/23/2020 14:00,6398 ,0.7736,0.027,0.05,0.1104,0.04625,9,平时
9/23/2020 15:00,6399 ,0.7736,0.027,0.05,0.1104,0.04625,9,平时
9/23/2020 16:00,6400 ,1.05395,0.027,0.05,0.1104,0.04625,9,高峰
9/23/2020 17:00,6401 ,1.05395,0.027,0.05,0.1104,0.04625,9,高峰
9/23/2020 18:00,6402 ,1.05395,0.027,0.05,0.1104,0.04625,9,高峰
9/23/2020 19:00,6403 ,1.05395,0.027,0.05,0.1104,0.04625,9,高峰
9/23/2020 20:00,6404 ,1.05395,0.027,0.05,0.1104,0.04625,9,高峰
9/23/2020 21:00,6405 ,1.05395,0.027,0.05,0.1104,0.04625,9,高峰
9/23/2020 22:00,6406 ,1.05395,0.027,0.05,0.1104,0.04625,9,高峰
9/23/2020 23:00,6407 ,1.05395,0.027,0.05,0.1104,0.04625,9,高峰
9/24/2020 0:00,6408 ,0.28981,0.027,0.05,0.1104,0.04625,9,低谷
9/24/2020 1:00,6409 ,0.28981,0.027,0.05,0.1104,0.04625,9,低谷
9/24/2020 2:00,6410 ,0.28981,0.027,0.05,0.1104,0.04625,9,低谷
9/24/2020 3:00,6411 ,0.28981,0.027,0.05,0.1104,0.04625,9,低谷
9/24/2020 4:00,6412 ,0.28981,0.027,0.05,0.1104,0.04625,9,低谷
9/24/2020 5:00,6413 ,0.28981,0.027,0.05,0.1104,0.04625,9,低谷
9/24/2020 6:00,6414 ,0.7736,0.027,0.05,0.1104,0.04625,9,平时
9/24/2020 7:00,6415 ,0.7736,0.027,0.05,0.1104,0.04625,9,平时
9/24/2020 8:00,6416 ,0.7736,0.027,0.05,0.1104,0.04625,9,平时
9/24/2020 9:00,6417 ,0.7736,0.027,0.05,0.1104,0.04625,9,平时
9/24/2020 10:00,6418 ,0.7736,0.027,0.05,0.1104,0.04625,9,平时
9/24/2020 11:00,6419 ,0.7736,0.027,0.05,0.1104,0.04625,9,平时
9/24/2020 12:00,6420 ,0.28981,0.027,0.05,0.1104,0.04625,9,低谷
9/24/2020 13:00,6421 ,0.28981,0.027,0.05,0.1104,0.04625,9,低谷
9/24/2020 14:00,6422 ,0.7736,0.027,0.05,0.1104,0.04625,9,平时
9/24/2020 15:00,6423 ,0.7736,0.027,0.05,0.1104,0.04625,9,平时
9/24/2020 16:00,6424 ,1.05395,0.027,0.05,0.1104,0.04625,9,高峰
9/24/2020 17:00,6425 ,1.05395,0.027,0.05,0.1104,0.04625,9,高峰
9/24/2020 18:00,6426 ,1.05395,0.027,0.05,0.1104,0.04625,9,高峰
9/24/2020 19:00,6427 ,1.05395,0.027,0.05,0.1104,0.04625,9,高峰
9/24/2020 20:00,6428 ,1.05395,0.027,0.05,0.1104,0.04625,9,高峰
9/24/2020 21:00,6429 ,1.05395,0.027,0.05,0.1104,0.04625,9,高峰
9/24/2020 22:00,6430 ,1.05395,0.027,0.05,0.1104,0.04625,9,高峰
9/24/2020 23:00,6431 ,1.05395,0.027,0.05,0.1104,0.04625,9,高峰
9/25/2020 0:00,6432 ,0.28981,0.027,0.05,0.1104,0.04625,9,低谷
9/25/2020 1:00,6433 ,0.28981,0.027,0.05,0.1104,0.04625,9,低谷
9/25/2020 2:00,6434 ,0.28981,0.027,0.05,0.1104,0.04625,9,低谷
9/25/2020 3:00,6435 ,0.28981,0.027,0.05,0.1104,0.04625,9,低谷
9/25/2020 4:00,6436 ,0.28981,0.027,0.05,0.1104,0.04625,9,低谷
9/25/2020 5:00,6437 ,0.28981,0.027,0.05,0.1104,0.04625,9,低谷
9/25/2020 6:00,6438 ,0.7736,0.027,0.05,0.1104,0.04625,9,平时
9/25/2020 7:00,6439 ,0.7736,0.027,0.05,0.1104,0.04625,9,平时
9/25/2020 8:00,6440 ,0.7736,0.027,0.05,0.1104,0.04625,9,平时
9/25/2020 9:00,6441 ,0.7736,0.027,0.05,0.1104,0.04625,9,平时
9/25/2020 10:00,6442 ,0.7736,0.027,0.05,0.1104,0.04625,9,平时
9/25/2020 11:00,6443 ,0.7736,0.027,0.05,0.1104,0.04625,9,平时
9/25/2020 12:00,6444 ,0.28981,0.027,0.05,0.1104,0.04625,9,低谷
9/25/2020 13:00,6445 ,0.28981,0.027,0.05,0.1104,0.04625,9,低谷
9/25/2020 14:00,6446 ,0.7736,0.027,0.05,0.1104,0.04625,9,平时
9/25/2020 15:00,6447 ,0.7736,0.027,0.05,0.1104,0.04625,9,平时
9/25/2020 16:00,6448 ,1.05395,0.027,0.05,0.1104,0.04625,9,高峰
9/25/2020 17:00,6449 ,1.05395,0.027,0.05,0.1104,0.04625,9,高峰
9/25/2020 18:00,6450 ,1.05395,0.027,0.05,0.1104,0.04625,9,高峰
9/25/2020 19:00,6451 ,1.05395,0.027,0.05,0.1104,0.04625,9,高峰
9/25/2020 20:00,6452 ,1.05395,0.027,0.05,0.1104,0.04625,9,高峰
9/25/2020 21:00,6453 ,1.05395,0.027,0.05,0.1104,0.04625,9,高峰
9/25/2020 22:00,6454 ,1.05395,0.027,0.05,0.1104,0.04625,9,高峰
9/25/2020 23:00,6455 ,1.05395,0.027,0.05,0.1104,0.04625,9,高峰
9/26/2020 0:00,6456 ,0.28981,0.027,0.05,0.1104,0.04625,9,低谷
9/26/2020 1:00,6457 ,0.28981,0.027,0.05,0.1104,0.04625,9,低谷
9/26/2020 2:00,6458 ,0.28981,0.027,0.05,0.1104,0.04625,9,低谷
9/26/2020 3:00,6459 ,0.28981,0.027,0.05,0.1104,0.04625,9,低谷
9/26/2020 4:00,6460 ,0.28981,0.027,0.05,0.1104,0.04625,9,低谷
9/26/2020 5:00,6461 ,0.28981,0.027,0.05,0.1104,0.04625,9,低谷
9/26/2020 6:00,6462 ,0.7736,0.027,0.05,0.1104,0.04625,9,平时
9/26/2020 7:00,6463 ,0.7736,0.027,0.05,0.1104,0.04625,9,平时
9/26/2020 8:00,6464 ,0.7736,0.027,0.05,0.1104,0.04625,9,平时
9/26/2020 9:00,6465 ,0.7736,0.027,0.05,0.1104,0.04625,9,平时
9/26/2020 10:00,6466 ,0.7736,0.027,0.05,0.1104,0.04625,9,平时
9/26/2020 11:00,6467 ,0.7736,0.027,0.05,0.1104,0.04625,9,平时
9/26/2020 12:00,6468 ,0.28981,0.027,0.05,0.1104,0.04625,9,低谷
9/26/2020 13:00,6469 ,0.28981,0.027,0.05,0.1104,0.04625,9,低谷
9/26/2020 14:00,6470 ,0.7736,0.027,0.05,0.1104,0.04625,9,平时
9/26/2020 15:00,6471 ,0.7736,0.027,0.05,0.1104,0.04625,9,平时
9/26/2020 16:00,6472 ,1.05395,0.027,0.05,0.1104,0.04625,9,高峰
9/26/2020 17:00,6473 ,1.05395,0.027,0.05,0.1104,0.04625,9,高峰
9/26/2020 18:00,6474 ,1.05395,0.027,0.05,0.1104,0.04625,9,高峰
9/26/2020 19:00,6475 ,1.05395,0.027,0.05,0.1104,0.04625,9,高峰
9/26/2020 20:00,6476 ,1.05395,0.027,0.05,0.1104,0.04625,9,高峰
9/26/2020 21:00,6477 ,1.05395,0.027,0.05,0.1104,0.04625,9,高峰
9/26/2020 22:00,6478 ,1.05395,0.027,0.05,0.1104,0.04625,9,高峰
9/26/2020 23:00,6479 ,1.05395,0.027,0.05,0.1104,0.04625,9,高峰
9/27/2020 0:00,6480 ,0.28981,0.027,0.05,0.1104,0.04625,9,低谷
9/27/2020 1:00,6481 ,0.28981,0.027,0.05,0.1104,0.04625,9,低谷
9/27/2020 2:00,6482 ,0.28981,0.027,0.05,0.1104,0.04625,9,低谷
9/27/2020 3:00,6483 ,0.28981,0.027,0.05,0.1104,0.04625,9,低谷
9/27/2020 4:00,6484 ,0.28981,0.027,0.05,0.1104,0.04625,9,低谷
9/27/2020 5:00,6485 ,0.28981,0.027,0.05,0.1104,0.04625,9,低谷
9/27/2020 6:00,6486 ,0.7736,0.027,0.05,0.1104,0.04625,9,平时
9/27/2020 7:00,6487 ,0.7736,0.027,0.05,0.1104,0.04625,9,平时
9/27/2020 8:00,6488 ,0.7736,0.027,0.05,0.1104,0.04625,9,平时
9/27/2020 9:00,6489 ,0.7736,0.027,0.05,0.1104,0.04625,9,平时
9/27/2020 10:00,6490 ,0.7736,0.027,0.05,0.1104,0.04625,9,平时
9/27/2020 11:00,6491 ,0.7736,0.027,0.05,0.1104,0.04625,9,平时
9/27/2020 12:00,6492 ,0.28981,0.027,0.05,0.1104,0.04625,9,低谷
9/27/2020 13:00,6493 ,0.28981,0.027,0.05,0.1104,0.04625,9,低谷
9/27/2020 14:00,6494 ,0.7736,0.027,0.05,0.1104,0.04625,9,平时
9/27/2020 15:00,6495 ,0.7736,0.027,0.05,0.1104,0.04625,9,平时
9/27/2020 16:00,6496 ,1.05395,0.027,0.05,0.1104,0.04625,9,高峰
9/27/2020 17:00,6497 ,1.05395,0.027,0.05,0.1104,0.04625,9,高峰
9/27/2020 18:00,6498 ,1.05395,0.027,0.05,0.1104,0.04625,9,高峰
9/27/2020 19:00,6499 ,1.05395,0.027,0.05,0.1104,0.04625,9,高峰
9/27/2020 20:00,6500 ,1.05395,0.027,0.05,0.1104,0.04625,9,高峰
9/27/2020 21:00,6501 ,1.05395,0.027,0.05,0.1104,0.04625,9,高峰
9/27/2020 22:00,6502 ,1.05395,0.027,0.05,0.1104,0.04625,9,高峰
9/27/2020 23:00,6503 ,1.05395,0.027,0.05,0.1104,0.04625,9,高峰
9/28/2020 0:00,6504 ,0.28981,0.027,0.05,0.1104,0.04625,9,低谷
9/28/2020 1:00,6505 ,0.28981,0.027,0.05,0.1104,0.04625,9,低谷
9/28/2020 2:00,6506 ,0.28981,0.027,0.05,0.1104,0.04625,9,低谷
9/28/2020 3:00,6507 ,0.28981,0.027,0.05,0.1104,0.04625,9,低谷
9/28/2020 4:00,6508 ,0.28981,0.027,0.05,0.1104,0.04625,9,低谷
9/28/2020 5:00,6509 ,0.28981,0.027,0.05,0.1104,0.04625,9,低谷
9/28/2020 6:00,6510 ,0.7736,0.027,0.05,0.1104,0.04625,9,平时
9/28/2020 7:00,6511 ,0.7736,0.027,0.05,0.1104,0.04625,9,平时
9/28/2020 8:00,6512 ,0.7736,0.027,0.05,0.1104,0.04625,9,平时
9/28/2020 9:00,6513 ,0.7736,0.027,0.05,0.1104,0.04625,9,平时
9/28/2020 10:00,6514 ,0.7736,0.027,0.05,0.1104,0.04625,9,平时
9/28/2020 11:00,6515 ,0.7736,0.027,0.05,0.1104,0.04625,9,平时
9/28/2020 12:00,6516 ,0.28981,0.027,0.05,0.1104,0.04625,9,低谷
9/28/2020 13:00,6517 ,0.28981,0.027,0.05,0.1104,0.04625,9,低谷
9/28/2020 14:00,6518 ,0.7736,0.027,0.05,0.1104,0.04625,9,平时
9/28/2020 15:00,6519 ,0.7736,0.027,0.05,0.1104,0.04625,9,平时
9/28/2020 16:00,6520 ,1.05395,0.027,0.05,0.1104,0.04625,9,高峰
9/28/2020 17:00,6521 ,1.05395,0.027,0.05,0.1104,0.04625,9,高峰
9/28/2020 18:00,6522 ,1.05395,0.027,0.05,0.1104,0.04625,9,高峰
9/28/2020 19:00,6523 ,1.05395,0.027,0.05,0.1104,0.04625,9,高峰
9/28/2020 20:00,6524 ,1.05395,0.027,0.05,0.1104,0.04625,9,高峰
9/28/2020 21:00,6525 ,1.05395,0.027,0.05,0.1104,0.04625,9,高峰
9/28/2020 22:00,6526 ,1.05395,0.027,0.05,0.1104,0.04625,9,高峰
9/28/2020 23:00,6527 ,1.05395,0.027,0.05,0.1104,0.04625,9,高峰
9/29/2020 0:00,6528 ,0.28981,0.027,0.05,0.1104,0.04625,9,低谷
9/29/2020 1:00,6529 ,0.28981,0.027,0.05,0.1104,0.04625,9,低谷
9/29/2020 2:00,6530 ,0.28981,0.027,0.05,0.1104,0.04625,9,低谷
9/29/2020 3:00,6531 ,0.28981,0.027,0.05,0.1104,0.04625,9,低谷
9/29/2020 4:00,6532 ,0.28981,0.027,0.05,0.1104,0.04625,9,低谷
9/29/2020 5:00,6533 ,0.28981,0.027,0.05,0.1104,0.04625,9,低谷
9/29/2020 6:00,6534 ,0.7736,0.027,0.05,0.1104,0.04625,9,平时
9/29/2020 7:00,6535 ,0.7736,0.027,0.05,0.1104,0.04625,9,平时
9/29/2020 8:00,6536 ,0.7736,0.027,0.05,0.1104,0.04625,9,平时
9/29/2020 9:00,6537 ,0.7736,0.027,0.05,0.1104,0.04625,9,平时
9/29/2020 10:00,6538 ,0.7736,0.027,0.05,0.1104,0.04625,9,平时
9/29/2020 11:00,6539 ,0.7736,0.027,0.05,0.1104,0.04625,9,平时
9/29/2020 12:00,6540 ,0.28981,0.027,0.05,0.1104,0.04625,9,低谷
9/29/2020 13:00,6541 ,0.28981,0.027,0.05,0.1104,0.04625,9,低谷
9/29/2020 14:00,6542 ,0.7736,0.027,0.05,0.1104,0.04625,9,平时
9/29/2020 15:00,6543 ,0.7736,0.027,0.05,0.1104,0.04625,9,平时
9/29/2020 16:00,6544 ,1.05395,0.027,0.05,0.1104,0.04625,9,高峰
9/29/2020 17:00,6545 ,1.05395,0.027,0.05,0.1104,0.04625,9,高峰
9/29/2020 18:00,6546 ,1.05395,0.027,0.05,0.1104,0.04625,9,高峰
9/29/2020 19:00,6547 ,1.05395,0.027,0.05,0.1104,0.04625,9,高峰
9/29/2020 20:00,6548 ,1.05395,0.027,0.05,0.1104,0.04625,9,高峰
9/29/2020 21:00,6549 ,1.05395,0.027,0.05,0.1104,0.04625,9,高峰
9/29/2020 22:00,6550 ,1.05395,0.027,0.05,0.1104,0.04625,9,高峰
9/29/2020 23:00,6551 ,1.05395,0.027,0.05,0.1104,0.04625,9,高峰
9/30/2020 0:00,6552 ,0.28981,0.027,0.05,0.1104,0.04625,9,低谷
9/30/2020 1:00,6553 ,0.28981,0.027,0.05,0.1104,0.04625,9,低谷
9/30/2020 2:00,6554 ,0.28981,0.027,0.05,0.1104,0.04625,9,低谷
9/30/2020 3:00,6555 ,0.28981,0.027,0.05,0.1104,0.04625,9,低谷
9/30/2020 4:00,6556 ,0.28981,0.027,0.05,0.1104,0.04625,9,低谷
9/30/2020 5:00,6557 ,0.28981,0.027,0.05,0.1104,0.04625,9,低谷
9/30/2020 6:00,6558 ,0.7736,0.027,0.05,0.1104,0.04625,9,平时
9/30/2020 7:00,6559 ,0.7736,0.027,0.05,0.1104,0.04625,9,平时
9/30/2020 8:00,6560 ,0.7736,0.027,0.05,0.1104,0.04625,9,平时
9/30/2020 9:00,6561 ,0.7736,0.027,0.05,0.1104,0.04625,9,平时
9/30/2020 10:00,6562 ,0.7736,0.027,0.05,0.1104,0.04625,9,平时
9/30/2020 11:00,6563 ,0.7736,0.027,0.05,0.1104,0.04625,9,平时
9/30/2020 12:00,6564 ,0.28981,0.027,0.05,0.1104,0.04625,9,低谷
9/30/2020 13:00,6565 ,0.28981,0.027,0.05,0.1104,0.04625,9,低谷
9/30/2020 14:00,6566 ,0.7736,0.027,0.05,0.1104,0.04625,9,平时
9/30/2020 15:00,6567 ,0.7736,0.027,0.05,0.1104,0.04625,9,平时
9/30/2020 16:00,6568 ,1.05395,0.027,0.05,0.1104,0.04625,9,高峰
9/30/2020 17:00,6569 ,1.05395,0.027,0.05,0.1104,0.04625,9,高峰
9/30/2020 18:00,6570 ,1.05395,0.027,0.05,0.1104,0.04625,9,高峰
9/30/2020 19:00,6571 ,1.05395,0.027,0.05,0.1104,0.04625,9,高峰
9/30/2020 20:00,6572 ,1.05395,0.027,0.05,0.1104,0.04625,9,高峰
9/30/2020 21:00,6573 ,1.05395,0.027,0.05,0.1104,0.04625,9,高峰
9/30/2020 22:00,6574 ,1.05395,0.027,0.05,0.1104,0.04625,9,高峰
9/30/2020 23:00,6575 ,1.05395,0.027,0.05,0.1104,0.04625,9,高峰
10/1/2020 0:00,6576 ,0.275761,0.027,0.05,0.1104,0.04625,10,低谷
10/1/2020 1:00,6577 ,0.275761,0.027,0.05,0.1104,0.04625,10,低谷
10/1/2020 2:00,6578 ,0.275761,0.027,0.05,0.1104,0.04625,10,低谷
10/1/2020 3:00,6579 ,0.275761,0.027,0.05,0.1104,0.04625,10,低谷
10/1/2020 4:00,6580 ,0.275761,0.027,0.05,0.1104,0.04625,10,低谷
10/1/2020 5:00,6581 ,0.275761,0.027,0.05,0.1104,0.04625,10,低谷
10/1/2020 6:00,6582 ,0.660412,0.027,0.05,0.1104,0.04625,10,平时
10/1/2020 7:00,6583 ,0.660412,0.027,0.05,0.1104,0.04625,10,平时
10/1/2020 8:00,6584 ,0.660412,0.027,0.05,0.1104,0.04625,10,平时
10/1/2020 9:00,6585 ,0.660412,0.027,0.05,0.1104,0.04625,10,平时
10/1/2020 10:00,6586 ,0.660412,0.027,0.05,0.1104,0.04625,10,平时
10/1/2020 11:00,6587 ,0.660412,0.027,0.05,0.1104,0.04625,10,平时
10/1/2020 12:00,6588 ,0.275761,0.027,0.05,0.1104,0.04625,10,低谷
10/1/2020 13:00,6589 ,0.275761,0.027,0.05,0.1104,0.04625,10,低谷
10/1/2020 14:00,6590 ,0.660412,0.027,0.05,0.1104,0.04625,10,平时
10/1/2020 15:00,6591 ,0.660412,0.027,0.05,0.1104,0.04625,10,平时
10/1/2020 16:00,6592 ,1.045063,0.027,0.05,0.1104,0.04625,10,高峰
10/1/2020 17:00,6593 ,1.045063,0.027,0.05,0.1104,0.04625,10,高峰
10/1/2020 18:00,6594 ,1.045063,0.027,0.05,0.1104,0.04625,10,高峰
10/1/2020 19:00,6595 ,1.045063,0.027,0.05,0.1104,0.04625,10,高峰
10/1/2020 20:00,6596 ,1.045063,0.027,0.05,0.1104,0.04625,10,高峰
10/1/2020 21:00,6597 ,1.045063,0.027,0.05,0.1104,0.04625,10,高峰
10/1/2020 22:00,6598 ,1.045063,0.027,0.05,0.1104,0.04625,10,高峰
10/1/2020 23:00,6599 ,1.045063,0.027,0.05,0.1104,0.04625,10,高峰
10/2/2020 0:00,6600 ,0.275761,0.027,0.05,0.1104,0.04625,10,低谷
10/2/2020 1:00,6601 ,0.275761,0.027,0.05,0.1104,0.04625,10,低谷
10/2/2020 2:00,6602 ,0.275761,0.027,0.05,0.1104,0.04625,10,低谷
10/2/2020 3:00,6603 ,0.275761,0.027,0.05,0.1104,0.04625,10,低谷
10/2/2020 4:00,6604 ,0.275761,0.027,0.05,0.1104,0.04625,10,低谷
10/2/2020 5:00,6605 ,0.275761,0.027,0.05,0.1104,0.04625,10,低谷
10/2/2020 6:00,6606 ,0.660412,0.027,0.05,0.1104,0.04625,10,平时
10/2/2020 7:00,6607 ,0.660412,0.027,0.05,0.1104,0.04625,10,平时
10/2/2020 8:00,6608 ,0.660412,0.027,0.05,0.1104,0.04625,10,平时
10/2/2020 9:00,6609 ,0.660412,0.027,0.05,0.1104,0.04625,10,平时
10/2/2020 10:00,6610 ,0.660412,0.027,0.05,0.1104,0.04625,10,平时
10/2/2020 11:00,6611 ,0.660412,0.027,0.05,0.1104,0.04625,10,平时
10/2/2020 12:00,6612 ,0.275761,0.027,0.05,0.1104,0.04625,10,低谷
10/2/2020 13:00,6613 ,0.275761,0.027,0.05,0.1104,0.04625,10,低谷
10/2/2020 14:00,6614 ,0.660412,0.027,0.05,0.1104,0.04625,10,平时
10/2/2020 15:00,6615 ,0.660412,0.027,0.05,0.1104,0.04625,10,平时
10/2/2020 16:00,6616 ,1.045063,0.027,0.05,0.1104,0.04625,10,高峰
10/2/2020 17:00,6617 ,1.045063,0.027,0.05,0.1104,0.04625,10,高峰
10/2/2020 18:00,6618 ,1.045063,0.027,0.05,0.1104,0.04625,10,高峰
10/2/2020 19:00,6619 ,1.045063,0.027,0.05,0.1104,0.04625,10,高峰
10/2/2020 20:00,6620 ,1.045063,0.027,0.05,0.1104,0.04625,10,高峰
10/2/2020 21:00,6621 ,1.045063,0.027,0.05,0.1104,0.04625,10,高峰
10/2/2020 22:00,6622 ,1.045063,0.027,0.05,0.1104,0.04625,10,高峰
10/2/2020 23:00,6623 ,1.045063,0.027,0.05,0.1104,0.04625,10,高峰
10/3/2020 0:00,6624 ,0.275761,0.027,0.05,0.1104,0.04625,10,低谷
10/3/2020 1:00,6625 ,0.275761,0.027,0.05,0.1104,0.04625,10,低谷
10/3/2020 2:00,6626 ,0.275761,0.027,0.05,0.1104,0.04625,10,低谷
10/3/2020 3:00,6627 ,0.275761,0.027,0.05,0.1104,0.04625,10,低谷
10/3/2020 4:00,6628 ,0.275761,0.027,0.05,0.1104,0.04625,10,低谷
10/3/2020 5:00,6629 ,0.275761,0.027,0.05,0.1104,0.04625,10,低谷
10/3/2020 6:00,6630 ,0.660412,0.027,0.05,0.1104,0.04625,10,平时
10/3/2020 7:00,6631 ,0.660412,0.027,0.05,0.1104,0.04625,10,平时
10/3/2020 8:00,6632 ,0.660412,0.027,0.05,0.1104,0.04625,10,平时
10/3/2020 9:00,6633 ,0.660412,0.027,0.05,0.1104,0.04625,10,平时
10/3/2020 10:00,6634 ,0.660412,0.027,0.05,0.1104,0.04625,10,平时
10/3/2020 11:00,6635 ,0.660412,0.027,0.05,0.1104,0.04625,10,平时
10/3/2020 12:00,6636 ,0.275761,0.027,0.05,0.1104,0.04625,10,低谷
10/3/2020 13:00,6637 ,0.275761,0.027,0.05,0.1104,0.04625,10,低谷
10/3/2020 14:00,6638 ,0.660412,0.027,0.05,0.1104,0.04625,10,平时
10/3/2020 15:00,6639 ,0.660412,0.027,0.05,0.1104,0.04625,10,平时
10/3/2020 16:00,6640 ,1.045063,0.027,0.05,0.1104,0.04625,10,高峰
10/3/2020 17:00,6641 ,1.045063,0.027,0.05,0.1104,0.04625,10,高峰
10/3/2020 18:00,6642 ,1.045063,0.027,0.05,0.1104,0.04625,10,高峰
10/3/2020 19:00,6643 ,1.045063,0.027,0.05,0.1104,0.04625,10,高峰
10/3/2020 20:00,6644 ,1.045063,0.027,0.05,0.1104,0.04625,10,高峰
10/3/2020 21:00,6645 ,1.045063,0.027,0.05,0.1104,0.04625,10,高峰
10/3/2020 22:00,6646 ,1.045063,0.027,0.05,0.1104,0.04625,10,高峰
10/3/2020 23:00,6647 ,1.045063,0.027,0.05,0.1104,0.04625,10,高峰
10/4/2020 0:00,6648 ,0.275761,0.027,0.05,0.1104,0.04625,10,低谷
10/4/2020 1:00,6649 ,0.275761,0.027,0.05,0.1104,0.04625,10,低谷
10/4/2020 2:00,6650 ,0.275761,0.027,0.05,0.1104,0.04625,10,低谷
10/4/2020 3:00,6651 ,0.275761,0.027,0.05,0.1104,0.04625,10,低谷
10/4/2020 4:00,6652 ,0.275761,0.027,0.05,0.1104,0.04625,10,低谷
10/4/2020 5:00,6653 ,0.275761,0.027,0.05,0.1104,0.04625,10,低谷
10/4/2020 6:00,6654 ,0.660412,0.027,0.05,0.1104,0.04625,10,平时
10/4/2020 7:00,6655 ,0.660412,0.027,0.05,0.1104,0.04625,10,平时
10/4/2020 8:00,6656 ,0.660412,0.027,0.05,0.1104,0.04625,10,平时
10/4/2020 9:00,6657 ,0.660412,0.027,0.05,0.1104,0.04625,10,平时
10/4/2020 10:00,6658 ,0.660412,0.027,0.05,0.1104,0.04625,10,平时
10/4/2020 11:00,6659 ,0.660412,0.027,0.05,0.1104,0.04625,10,平时
10/4/2020 12:00,6660 ,0.275761,0.027,0.05,0.1104,0.04625,10,低谷
10/4/2020 13:00,6661 ,0.275761,0.027,0.05,0.1104,0.04625,10,低谷
10/4/2020 14:00,6662 ,0.660412,0.027,0.05,0.1104,0.04625,10,平时
10/4/2020 15:00,6663 ,0.660412,0.027,0.05,0.1104,0.04625,10,平时
10/4/2020 16:00,6664 ,1.045063,0.027,0.05,0.1104,0.04625,10,高峰
10/4/2020 17:00,6665 ,1.045063,0.027,0.05,0.1104,0.04625,10,高峰
10/4/2020 18:00,6666 ,1.045063,0.027,0.05,0.1104,0.04625,10,高峰
10/4/2020 19:00,6667 ,1.045063,0.027,0.05,0.1104,0.04625,10,高峰
10/4/2020 20:00,6668 ,1.045063,0.027,0.05,0.1104,0.04625,10,高峰
10/4/2020 21:00,6669 ,1.045063,0.027,0.05,0.1104,0.04625,10,高峰
10/4/2020 22:00,6670 ,1.045063,0.027,0.05,0.1104,0.04625,10,高峰
10/4/2020 23:00,6671 ,1.045063,0.027,0.05,0.1104,0.04625,10,高峰
10/5/2020 0:00,6672 ,0.275761,0.027,0.05,0.1104,0.04625,10,低谷
10/5/2020 1:00,6673 ,0.275761,0.027,0.05,0.1104,0.04625,10,低谷
10/5/2020 2:00,6674 ,0.275761,0.027,0.05,0.1104,0.04625,10,低谷
10/5/2020 3:00,6675 ,0.275761,0.027,0.05,0.1104,0.04625,10,低谷
10/5/2020 4:00,6676 ,0.275761,0.027,0.05,0.1104,0.04625,10,低谷
10/5/2020 5:00,6677 ,0.275761,0.027,0.05,0.1104,0.04625,10,低谷
10/5/2020 6:00,6678 ,0.660412,0.027,0.05,0.1104,0.04625,10,平时
10/5/2020 7:00,6679 ,0.660412,0.027,0.05,0.1104,0.04625,10,平时
10/5/2020 8:00,6680 ,0.660412,0.027,0.05,0.1104,0.04625,10,平时
10/5/2020 9:00,6681 ,0.660412,0.027,0.05,0.1104,0.04625,10,平时
10/5/2020 10:00,6682 ,0.660412,0.027,0.05,0.1104,0.04625,10,平时
10/5/2020 11:00,6683 ,0.660412,0.027,0.05,0.1104,0.04625,10,平时
10/5/2020 12:00,6684 ,0.275761,0.027,0.05,0.1104,0.04625,10,低谷
10/5/2020 13:00,6685 ,0.275761,0.027,0.05,0.1104,0.04625,10,低谷
10/5/2020 14:00,6686 ,0.660412,0.027,0.05,0.1104,0.04625,10,平时
10/5/2020 15:00,6687 ,0.660412,0.027,0.05,0.1104,0.04625,10,平时
10/5/2020 16:00,6688 ,1.045063,0.027,0.05,0.1104,0.04625,10,高峰
10/5/2020 17:00,6689 ,1.045063,0.027,0.05,0.1104,0.04625,10,高峰
10/5/2020 18:00,6690 ,1.045063,0.027,0.05,0.1104,0.04625,10,高峰
10/5/2020 19:00,6691 ,1.045063,0.027,0.05,0.1104,0.04625,10,高峰
10/5/2020 20:00,6692 ,1.045063,0.027,0.05,0.1104,0.04625,10,高峰
10/5/2020 21:00,6693 ,1.045063,0.027,0.05,0.1104,0.04625,10,高峰
10/5/2020 22:00,6694 ,1.045063,0.027,0.05,0.1104,0.04625,10,高峰
10/5/2020 23:00,6695 ,1.045063,0.027,0.05,0.1104,0.04625,10,高峰
10/6/2020 0:00,6696 ,0.275761,0.027,0.05,0.1104,0.04625,10,低谷
10/6/2020 1:00,6697 ,0.275761,0.027,0.05,0.1104,0.04625,10,低谷
10/6/2020 2:00,6698 ,0.275761,0.027,0.05,0.1104,0.04625,10,低谷
10/6/2020 3:00,6699 ,0.275761,0.027,0.05,0.1104,0.04625,10,低谷
10/6/2020 4:00,6700 ,0.275761,0.027,0.05,0.1104,0.04625,10,低谷
10/6/2020 5:00,6701 ,0.275761,0.027,0.05,0.1104,0.04625,10,低谷
10/6/2020 6:00,6702 ,0.660412,0.027,0.05,0.1104,0.04625,10,平时
10/6/2020 7:00,6703 ,0.660412,0.027,0.05,0.1104,0.04625,10,平时
10/6/2020 8:00,6704 ,0.660412,0.027,0.05,0.1104,0.04625,10,平时
10/6/2020 9:00,6705 ,0.660412,0.027,0.05,0.1104,0.04625,10,平时
10/6/2020 10:00,6706 ,0.660412,0.027,0.05,0.1104,0.04625,10,平时
10/6/2020 11:00,6707 ,0.660412,0.027,0.05,0.1104,0.04625,10,平时
10/6/2020 12:00,6708 ,0.275761,0.027,0.05,0.1104,0.04625,10,低谷
10/6/2020 13:00,6709 ,0.275761,0.027,0.05,0.1104,0.04625,10,低谷
10/6/2020 14:00,6710 ,0.660412,0.027,0.05,0.1104,0.04625,10,平时
10/6/2020 15:00,6711 ,0.660412,0.027,0.05,0.1104,0.04625,10,平时
10/6/2020 16:00,6712 ,1.045063,0.027,0.05,0.1104,0.04625,10,高峰
10/6/2020 17:00,6713 ,1.045063,0.027,0.05,0.1104,0.04625,10,高峰
10/6/2020 18:00,6714 ,1.045063,0.027,0.05,0.1104,0.04625,10,高峰
10/6/2020 19:00,6715 ,1.045063,0.027,0.05,0.1104,0.04625,10,高峰
10/6/2020 20:00,6716 ,1.045063,0.027,0.05,0.1104,0.04625,10,高峰
10/6/2020 21:00,6717 ,1.045063,0.027,0.05,0.1104,0.04625,10,高峰
10/6/2020 22:00,6718 ,1.045063,0.027,0.05,0.1104,0.04625,10,高峰
10/6/2020 23:00,6719 ,1.045063,0.027,0.05,0.1104,0.04625,10,高峰
10/7/2020 0:00,6720 ,0.275761,0.027,0.05,0.1104,0.04625,10,低谷
10/7/2020 1:00,6721 ,0.275761,0.027,0.05,0.1104,0.04625,10,低谷
10/7/2020 2:00,6722 ,0.275761,0.027,0.05,0.1104,0.04625,10,低谷
10/7/2020 3:00,6723 ,0.275761,0.027,0.05,0.1104,0.04625,10,低谷
10/7/2020 4:00,6724 ,0.275761,0.027,0.05,0.1104,0.04625,10,低谷
10/7/2020 5:00,6725 ,0.275761,0.027,0.05,0.1104,0.04625,10,低谷
10/7/2020 6:00,6726 ,0.660412,0.027,0.05,0.1104,0.04625,10,平时
10/7/2020 7:00,6727 ,0.660412,0.027,0.05,0.1104,0.04625,10,平时
10/7/2020 8:00,6728 ,0.660412,0.027,0.05,0.1104,0.04625,10,平时
10/7/2020 9:00,6729 ,0.660412,0.027,0.05,0.1104,0.04625,10,平时
10/7/2020 10:00,6730 ,0.660412,0.027,0.05,0.1104,0.04625,10,平时
10/7/2020 11:00,6731 ,0.660412,0.027,0.05,0.1104,0.04625,10,平时
10/7/2020 12:00,6732 ,0.275761,0.027,0.05,0.1104,0.04625,10,低谷
10/7/2020 13:00,6733 ,0.275761,0.027,0.05,0.1104,0.04625,10,低谷
10/7/2020 14:00,6734 ,0.660412,0.027,0.05,0.1104,0.04625,10,平时
10/7/2020 15:00,6735 ,0.660412,0.027,0.05,0.1104,0.04625,10,平时
10/7/2020 16:00,6736 ,1.045063,0.027,0.05,0.1104,0.04625,10,高峰
10/7/2020 17:00,6737 ,1.045063,0.027,0.05,0.1104,0.04625,10,高峰
10/7/2020 18:00,6738 ,1.045063,0.027,0.05,0.1104,0.04625,10,高峰
10/7/2020 19:00,6739 ,1.045063,0.027,0.05,0.1104,0.04625,10,高峰
10/7/2020 20:00,6740 ,1.045063,0.027,0.05,0.1104,0.04625,10,高峰
10/7/2020 21:00,6741 ,1.045063,0.027,0.05,0.1104,0.04625,10,高峰
10/7/2020 22:00,6742 ,1.045063,0.027,0.05,0.1104,0.04625,10,高峰
10/7/2020 23:00,6743 ,1.045063,0.027,0.05,0.1104,0.04625,10,高峰
10/8/2020 0:00,6744 ,0.275761,0.027,0.05,0.1104,0.04625,10,低谷
10/8/2020 1:00,6745 ,0.275761,0.027,0.05,0.1104,0.04625,10,低谷
10/8/2020 2:00,6746 ,0.275761,0.027,0.05,0.1104,0.04625,10,低谷
10/8/2020 3:00,6747 ,0.275761,0.027,0.05,0.1104,0.04625,10,低谷
10/8/2020 4:00,6748 ,0.275761,0.027,0.05,0.1104,0.04625,10,低谷
10/8/2020 5:00,6749 ,0.275761,0.027,0.05,0.1104,0.04625,10,低谷
10/8/2020 6:00,6750 ,0.660412,0.027,0.05,0.1104,0.04625,10,平时
10/8/2020 7:00,6751 ,0.660412,0.027,0.05,0.1104,0.04625,10,平时
10/8/2020 8:00,6752 ,0.660412,0.027,0.05,0.1104,0.04625,10,平时
10/8/2020 9:00,6753 ,0.660412,0.027,0.05,0.1104,0.04625,10,平时
10/8/2020 10:00,6754 ,0.660412,0.027,0.05,0.1104,0.04625,10,平时
10/8/2020 11:00,6755 ,0.660412,0.027,0.05,0.1104,0.04625,10,平时
10/8/2020 12:00,6756 ,0.275761,0.027,0.05,0.1104,0.04625,10,低谷
10/8/2020 13:00,6757 ,0.275761,0.027,0.05,0.1104,0.04625,10,低谷
10/8/2020 14:00,6758 ,0.660412,0.027,0.05,0.1104,0.04625,10,平时
10/8/2020 15:00,6759 ,0.660412,0.027,0.05,0.1104,0.04625,10,平时
10/8/2020 16:00,6760 ,1.045063,0.027,0.05,0.1104,0.04625,10,高峰
10/8/2020 17:00,6761 ,1.045063,0.027,0.05,0.1104,0.04625,10,高峰
10/8/2020 18:00,6762 ,1.045063,0.027,0.05,0.1104,0.04625,10,高峰
10/8/2020 19:00,6763 ,1.045063,0.027,0.05,0.1104,0.04625,10,高峰
10/8/2020 20:00,6764 ,1.045063,0.027,0.05,0.1104,0.04625,10,高峰
10/8/2020 21:00,6765 ,1.045063,0.027,0.05,0.1104,0.04625,10,高峰
10/8/2020 22:00,6766 ,1.045063,0.027,0.05,0.1104,0.04625,10,高峰
10/8/2020 23:00,6767 ,1.045063,0.027,0.05,0.1104,0.04625,10,高峰
10/9/2020 0:00,6768 ,0.275761,0.027,0.05,0.1104,0.04625,10,低谷
10/9/2020 1:00,6769 ,0.275761,0.027,0.05,0.1104,0.04625,10,低谷
10/9/2020 2:00,6770 ,0.275761,0.027,0.05,0.1104,0.04625,10,低谷
10/9/2020 3:00,6771 ,0.275761,0.027,0.05,0.1104,0.04625,10,低谷
10/9/2020 4:00,6772 ,0.275761,0.027,0.05,0.1104,0.04625,10,低谷
10/9/2020 5:00,6773 ,0.275761,0.027,0.05,0.1104,0.04625,10,低谷
10/9/2020 6:00,6774 ,0.660412,0.027,0.05,0.1104,0.04625,10,平时
10/9/2020 7:00,6775 ,0.660412,0.027,0.05,0.1104,0.04625,10,平时
10/9/2020 8:00,6776 ,0.660412,0.027,0.05,0.1104,0.04625,10,平时
10/9/2020 9:00,6777 ,0.660412,0.027,0.05,0.1104,0.04625,10,平时
10/9/2020 10:00,6778 ,0.660412,0.027,0.05,0.1104,0.04625,10,平时
10/9/2020 11:00,6779 ,0.660412,0.027,0.05,0.1104,0.04625,10,平时
10/9/2020 12:00,6780 ,0.275761,0.027,0.05,0.1104,0.04625,10,低谷
10/9/2020 13:00,6781 ,0.275761,0.027,0.05,0.1104,0.04625,10,低谷
10/9/2020 14:00,6782 ,0.660412,0.027,0.05,0.1104,0.04625,10,平时
10/9/2020 15:00,6783 ,0.660412,0.027,0.05,0.1104,0.04625,10,平时
10/9/2020 16:00,6784 ,1.045063,0.027,0.05,0.1104,0.04625,10,高峰
10/9/2020 17:00,6785 ,1.045063,0.027,0.05,0.1104,0.04625,10,高峰
10/9/2020 18:00,6786 ,1.045063,0.027,0.05,0.1104,0.04625,10,高峰
10/9/2020 19:00,6787 ,1.045063,0.027,0.05,0.1104,0.04625,10,高峰
10/9/2020 20:00,6788 ,1.045063,0.027,0.05,0.1104,0.04625,10,高峰
10/9/2020 21:00,6789 ,1.045063,0.027,0.05,0.1104,0.04625,10,高峰
10/9/2020 22:00,6790 ,1.045063,0.027,0.05,0.1104,0.04625,10,高峰
10/9/2020 23:00,6791 ,1.045063,0.027,0.05,0.1104,0.04625,10,高峰
10/10/2020 0:00,6792 ,0.275761,0.027,0.05,0.1104,0.04625,10,低谷
10/10/2020 1:00,6793 ,0.275761,0.027,0.05,0.1104,0.04625,10,低谷
10/10/2020 2:00,6794 ,0.275761,0.027,0.05,0.1104,0.04625,10,低谷
10/10/2020 3:00,6795 ,0.275761,0.027,0.05,0.1104,0.04625,10,低谷
10/10/2020 4:00,6796 ,0.275761,0.027,0.05,0.1104,0.04625,10,低谷
10/10/2020 5:00,6797 ,0.275761,0.027,0.05,0.1104,0.04625,10,低谷
10/10/2020 6:00,6798 ,0.660412,0.027,0.05,0.1104,0.04625,10,平时
10/10/2020 7:00,6799 ,0.660412,0.027,0.05,0.1104,0.04625,10,平时
10/10/2020 8:00,6800 ,0.660412,0.027,0.05,0.1104,0.04625,10,平时
10/10/2020 9:00,6801 ,0.660412,0.027,0.05,0.1104,0.04625,10,平时
10/10/2020 10:00,6802 ,0.660412,0.027,0.05,0.1104,0.04625,10,平时
10/10/2020 11:00,6803 ,0.660412,0.027,0.05,0.1104,0.04625,10,平时
10/10/2020 12:00,6804 ,0.275761,0.027,0.05,0.1104,0.04625,10,低谷
10/10/2020 13:00,6805 ,0.275761,0.027,0.05,0.1104,0.04625,10,低谷
10/10/2020 14:00,6806 ,0.660412,0.027,0.05,0.1104,0.04625,10,平时
10/10/2020 15:00,6807 ,0.660412,0.027,0.05,0.1104,0.04625,10,平时
10/10/2020 16:00,6808 ,1.045063,0.027,0.05,0.1104,0.04625,10,高峰
10/10/2020 17:00,6809 ,1.045063,0.027,0.05,0.1104,0.04625,10,高峰
10/10/2020 18:00,6810 ,1.045063,0.027,0.05,0.1104,0.04625,10,高峰
10/10/2020 19:00,6811 ,1.045063,0.027,0.05,0.1104,0.04625,10,高峰
10/10/2020 20:00,6812 ,1.045063,0.027,0.05,0.1104,0.04625,10,高峰
10/10/2020 21:00,6813 ,1.045063,0.027,0.05,0.1104,0.04625,10,高峰
10/10/2020 22:00,6814 ,1.045063,0.027,0.05,0.1104,0.04625,10,高峰
10/10/2020 23:00,6815 ,1.045063,0.027,0.05,0.1104,0.04625,10,高峰
10/11/2020 0:00,6816 ,0.275761,0.027,0.05,0.1104,0.04625,10,低谷
10/11/2020 1:00,6817 ,0.275761,0.027,0.05,0.1104,0.04625,10,低谷
10/11/2020 2:00,6818 ,0.275761,0.027,0.05,0.1104,0.04625,10,低谷
10/11/2020 3:00,6819 ,0.275761,0.027,0.05,0.1104,0.04625,10,低谷
10/11/2020 4:00,6820 ,0.275761,0.027,0.05,0.1104,0.04625,10,低谷
10/11/2020 5:00,6821 ,0.275761,0.027,0.05,0.1104,0.04625,10,低谷
10/11/2020 6:00,6822 ,0.660412,0.027,0.05,0.1104,0.04625,10,平时
10/11/2020 7:00,6823 ,0.660412,0.027,0.05,0.1104,0.04625,10,平时
10/11/2020 8:00,6824 ,0.660412,0.027,0.05,0.1104,0.04625,10,平时
10/11/2020 9:00,6825 ,0.660412,0.027,0.05,0.1104,0.04625,10,平时
10/11/2020 10:00,6826 ,0.660412,0.027,0.05,0.1104,0.04625,10,平时
10/11/2020 11:00,6827 ,0.660412,0.027,0.05,0.1104,0.04625,10,平时
10/11/2020 12:00,6828 ,0.275761,0.027,0.05,0.1104,0.04625,10,低谷
10/11/2020 13:00,6829 ,0.275761,0.027,0.05,0.1104,0.04625,10,低谷
10/11/2020 14:00,6830 ,0.660412,0.027,0.05,0.1104,0.04625,10,平时
10/11/2020 15:00,6831 ,0.660412,0.027,0.05,0.1104,0.04625,10,平时
10/11/2020 16:00,6832 ,1.045063,0.027,0.05,0.1104,0.04625,10,高峰
10/11/2020 17:00,6833 ,1.045063,0.027,0.05,0.1104,0.04625,10,高峰
10/11/2020 18:00,6834 ,1.045063,0.027,0.05,0.1104,0.04625,10,高峰
10/11/2020 19:00,6835 ,1.045063,0.027,0.05,0.1104,0.04625,10,高峰
10/11/2020 20:00,6836 ,1.045063,0.027,0.05,0.1104,0.04625,10,高峰
10/11/2020 21:00,6837 ,1.045063,0.027,0.05,0.1104,0.04625,10,高峰
10/11/2020 22:00,6838 ,1.045063,0.027,0.05,0.1104,0.04625,10,高峰
10/11/2020 23:00,6839 ,1.045063,0.027,0.05,0.1104,0.04625,10,高峰
10/12/2020 0:00,6840 ,0.275761,0.027,0.05,0.1104,0.04625,10,低谷
10/12/2020 1:00,6841 ,0.275761,0.027,0.05,0.1104,0.04625,10,低谷
10/12/2020 2:00,6842 ,0.275761,0.027,0.05,0.1104,0.04625,10,低谷
10/12/2020 3:00,6843 ,0.275761,0.027,0.05,0.1104,0.04625,10,低谷
10/12/2020 4:00,6844 ,0.275761,0.027,0.05,0.1104,0.04625,10,低谷
10/12/2020 5:00,6845 ,0.275761,0.027,0.05,0.1104,0.04625,10,低谷
10/12/2020 6:00,6846 ,0.660412,0.027,0.05,0.1104,0.04625,10,平时
10/12/2020 7:00,6847 ,0.660412,0.027,0.05,0.1104,0.04625,10,平时
10/12/2020 8:00,6848 ,0.660412,0.027,0.05,0.1104,0.04625,10,平时
10/12/2020 9:00,6849 ,0.660412,0.027,0.05,0.1104,0.04625,10,平时
10/12/2020 10:00,6850 ,0.660412,0.027,0.05,0.1104,0.04625,10,平时
10/12/2020 11:00,6851 ,0.660412,0.027,0.05,0.1104,0.04625,10,平时
10/12/2020 12:00,6852 ,0.275761,0.027,0.05,0.1104,0.04625,10,低谷
10/12/2020 13:00,6853 ,0.275761,0.027,0.05,0.1104,0.04625,10,低谷
10/12/2020 14:00,6854 ,0.660412,0.027,0.05,0.1104,0.04625,10,平时
10/12/2020 15:00,6855 ,0.660412,0.027,0.05,0.1104,0.04625,10,平时
10/12/2020 16:00,6856 ,1.045063,0.027,0.05,0.1104,0.04625,10,高峰
10/12/2020 17:00,6857 ,1.045063,0.027,0.05,0.1104,0.04625,10,高峰
10/12/2020 18:00,6858 ,1.045063,0.027,0.05,0.1104,0.04625,10,高峰
10/12/2020 19:00,6859 ,1.045063,0.027,0.05,0.1104,0.04625,10,高峰
10/12/2020 20:00,6860 ,1.045063,0.027,0.05,0.1104,0.04625,10,高峰
10/12/2020 21:00,6861 ,1.045063,0.027,0.05,0.1104,0.04625,10,高峰
10/12/2020 22:00,6862 ,1.045063,0.027,0.05,0.1104,0.04625,10,高峰
10/12/2020 23:00,6863 ,1.045063,0.027,0.05,0.1104,0.04625,10,高峰
10/13/2020 0:00,6864 ,0.275761,0.027,0.05,0.1104,0.04625,10,低谷
10/13/2020 1:00,6865 ,0.275761,0.027,0.05,0.1104,0.04625,10,低谷
10/13/2020 2:00,6866 ,0.275761,0.027,0.05,0.1104,0.04625,10,低谷
10/13/2020 3:00,6867 ,0.275761,0.027,0.05,0.1104,0.04625,10,低谷
10/13/2020 4:00,6868 ,0.275761,0.027,0.05,0.1104,0.04625,10,低谷
10/13/2020 5:00,6869 ,0.275761,0.027,0.05,0.1104,0.04625,10,低谷
10/13/2020 6:00,6870 ,0.660412,0.027,0.05,0.1104,0.04625,10,平时
10/13/2020 7:00,6871 ,0.660412,0.027,0.05,0.1104,0.04625,10,平时
10/13/2020 8:00,6872 ,0.660412,0.027,0.05,0.1104,0.04625,10,平时
10/13/2020 9:00,6873 ,0.660412,0.027,0.05,0.1104,0.04625,10,平时
10/13/2020 10:00,6874 ,0.660412,0.027,0.05,0.1104,0.04625,10,平时
10/13/2020 11:00,6875 ,0.660412,0.027,0.05,0.1104,0.04625,10,平时
10/13/2020 12:00,6876 ,0.275761,0.027,0.05,0.1104,0.04625,10,低谷
10/13/2020 13:00,6877 ,0.275761,0.027,0.05,0.1104,0.04625,10,低谷
10/13/2020 14:00,6878 ,0.660412,0.027,0.05,0.1104,0.04625,10,平时
10/13/2020 15:00,6879 ,0.660412,0.027,0.05,0.1104,0.04625,10,平时
10/13/2020 16:00,6880 ,1.045063,0.027,0.05,0.1104,0.04625,10,高峰
10/13/2020 17:00,6881 ,1.045063,0.027,0.05,0.1104,0.04625,10,高峰
10/13/2020 18:00,6882 ,1.045063,0.027,0.05,0.1104,0.04625,10,高峰
10/13/2020 19:00,6883 ,1.045063,0.027,0.05,0.1104,0.04625,10,高峰
10/13/2020 20:00,6884 ,1.045063,0.027,0.05,0.1104,0.04625,10,高峰
10/13/2020 21:00,6885 ,1.045063,0.027,0.05,0.1104,0.04625,10,高峰
10/13/2020 22:00,6886 ,1.045063,0.027,0.05,0.1104,0.04625,10,高峰
10/13/2020 23:00,6887 ,1.045063,0.027,0.05,0.1104,0.04625,10,高峰
10/14/2020 0:00,6888 ,0.275761,0.027,0.05,0.1104,0.04625,10,低谷
10/14/2020 1:00,6889 ,0.275761,0.027,0.05,0.1104,0.04625,10,低谷
10/14/2020 2:00,6890 ,0.275761,0.027,0.05,0.1104,0.04625,10,低谷
10/14/2020 3:00,6891 ,0.275761,0.027,0.05,0.1104,0.04625,10,低谷
10/14/2020 4:00,6892 ,0.275761,0.027,0.05,0.1104,0.04625,10,低谷
10/14/2020 5:00,6893 ,0.275761,0.027,0.05,0.1104,0.04625,10,低谷
10/14/2020 6:00,6894 ,0.660412,0.027,0.05,0.1104,0.04625,10,平时
10/14/2020 7:00,6895 ,0.660412,0.027,0.05,0.1104,0.04625,10,平时
10/14/2020 8:00,6896 ,0.660412,0.027,0.05,0.1104,0.04625,10,平时
10/14/2020 9:00,6897 ,0.660412,0.027,0.05,0.1104,0.04625,10,平时
10/14/2020 10:00,6898 ,0.660412,0.027,0.05,0.1104,0.04625,10,平时
10/14/2020 11:00,6899 ,0.660412,0.027,0.05,0.1104,0.04625,10,平时
10/14/2020 12:00,6900 ,0.275761,0.027,0.05,0.1104,0.04625,10,低谷
10/14/2020 13:00,6901 ,0.275761,0.027,0.05,0.1104,0.04625,10,低谷
10/14/2020 14:00,6902 ,0.660412,0.027,0.05,0.1104,0.04625,10,平时
10/14/2020 15:00,6903 ,0.660412,0.027,0.05,0.1104,0.04625,10,平时
10/14/2020 16:00,6904 ,1.045063,0.027,0.05,0.1104,0.04625,10,高峰
10/14/2020 17:00,6905 ,1.045063,0.027,0.05,0.1104,0.04625,10,高峰
10/14/2020 18:00,6906 ,1.045063,0.027,0.05,0.1104,0.04625,10,高峰
10/14/2020 19:00,6907 ,1.045063,0.027,0.05,0.1104,0.04625,10,高峰
10/14/2020 20:00,6908 ,1.045063,0.027,0.05,0.1104,0.04625,10,高峰
10/14/2020 21:00,6909 ,1.045063,0.027,0.05,0.1104,0.04625,10,高峰
10/14/2020 22:00,6910 ,1.045063,0.027,0.05,0.1104,0.04625,10,高峰
10/14/2020 23:00,6911 ,1.045063,0.027,0.05,0.1104,0.04625,10,高峰
10/15/2020 0:00,6912 ,0.275761,0.027,0.05,0.1104,0.04625,10,低谷
10/15/2020 1:00,6913 ,0.275761,0.027,0.05,0.1104,0.04625,10,低谷
10/15/2020 2:00,6914 ,0.275761,0.027,0.05,0.1104,0.04625,10,低谷
10/15/2020 3:00,6915 ,0.275761,0.027,0.05,0.1104,0.04625,10,低谷
10/15/2020 4:00,6916 ,0.275761,0.027,0.05,0.1104,0.04625,10,低谷
10/15/2020 5:00,6917 ,0.275761,0.027,0.05,0.1104,0.04625,10,低谷
10/15/2020 6:00,6918 ,0.660412,0.027,0.05,0.1104,0.04625,10,平时
10/15/2020 7:00,6919 ,0.660412,0.027,0.05,0.1104,0.04625,10,平时
10/15/2020 8:00,6920 ,0.660412,0.027,0.05,0.1104,0.04625,10,平时
10/15/2020 9:00,6921 ,0.660412,0.027,0.05,0.1104,0.04625,10,平时
10/15/2020 10:00,6922 ,0.660412,0.027,0.05,0.1104,0.04625,10,平时
10/15/2020 11:00,6923 ,0.660412,0.027,0.05,0.1104,0.04625,10,平时
10/15/2020 12:00,6924 ,0.275761,0.027,0.05,0.1104,0.04625,10,低谷
10/15/2020 13:00,6925 ,0.275761,0.027,0.05,0.1104,0.04625,10,低谷
10/15/2020 14:00,6926 ,0.660412,0.027,0.05,0.1104,0.04625,10,平时
10/15/2020 15:00,6927 ,0.660412,0.027,0.05,0.1104,0.04625,10,平时
10/15/2020 16:00,6928 ,1.045063,0.027,0.05,0.1104,0.04625,10,高峰
10/15/2020 17:00,6929 ,1.045063,0.027,0.05,0.1104,0.04625,10,高峰
10/15/2020 18:00,6930 ,1.045063,0.027,0.05,0.1104,0.04625,10,高峰
10/15/2020 19:00,6931 ,1.045063,0.027,0.05,0.1104,0.04625,10,高峰
10/15/2020 20:00,6932 ,1.045063,0.027,0.05,0.1104,0.04625,10,高峰
10/15/2020 21:00,6933 ,1.045063,0.027,0.05,0.1104,0.04625,10,高峰
10/15/2020 22:00,6934 ,1.045063,0.027,0.05,0.1104,0.04625,10,高峰
10/15/2020 23:00,6935 ,1.045063,0.027,0.05,0.1104,0.04625,10,高峰
10/16/2020 0:00,6936 ,0.275761,0.027,0.05,0.1104,0.04625,10,低谷
10/16/2020 1:00,6937 ,0.275761,0.027,0.05,0.1104,0.04625,10,低谷
10/16/2020 2:00,6938 ,0.275761,0.027,0.05,0.1104,0.04625,10,低谷
10/16/2020 3:00,6939 ,0.275761,0.027,0.05,0.1104,0.04625,10,低谷
10/16/2020 4:00,6940 ,0.275761,0.027,0.05,0.1104,0.04625,10,低谷
10/16/2020 5:00,6941 ,0.275761,0.027,0.05,0.1104,0.04625,10,低谷
10/16/2020 6:00,6942 ,0.660412,0.027,0.05,0.1104,0.04625,10,平时
10/16/2020 7:00,6943 ,0.660412,0.027,0.05,0.1104,0.04625,10,平时
10/16/2020 8:00,6944 ,0.660412,0.027,0.05,0.1104,0.04625,10,平时
10/16/2020 9:00,6945 ,0.660412,0.027,0.05,0.1104,0.04625,10,平时
10/16/2020 10:00,6946 ,0.660412,0.027,0.05,0.1104,0.04625,10,平时
10/16/2020 11:00,6947 ,0.660412,0.027,0.05,0.1104,0.04625,10,平时
10/16/2020 12:00,6948 ,0.275761,0.027,0.05,0.1104,0.04625,10,低谷
10/16/2020 13:00,6949 ,0.275761,0.027,0.05,0.1104,0.04625,10,低谷
10/16/2020 14:00,6950 ,0.660412,0.027,0.05,0.1104,0.04625,10,平时
10/16/2020 15:00,6951 ,0.660412,0.027,0.05,0.1104,0.04625,10,平时
10/16/2020 16:00,6952 ,1.045063,0.027,0.05,0.1104,0.04625,10,高峰
10/16/2020 17:00,6953 ,1.045063,0.027,0.05,0.1104,0.04625,10,高峰
10/16/2020 18:00,6954 ,1.045063,0.027,0.05,0.1104,0.04625,10,高峰
10/16/2020 19:00,6955 ,1.045063,0.027,0.05,0.1104,0.04625,10,高峰
10/16/2020 20:00,6956 ,1.045063,0.027,0.05,0.1104,0.04625,10,高峰
10/16/2020 21:00,6957 ,1.045063,0.027,0.05,0.1104,0.04625,10,高峰
10/16/2020 22:00,6958 ,1.045063,0.027,0.05,0.1104,0.04625,10,高峰
10/16/2020 23:00,6959 ,1.045063,0.027,0.05,0.1104,0.04625,10,高峰
10/17/2020 0:00,6960 ,0.275761,0.027,0.05,0.1104,0.04625,10,低谷
10/17/2020 1:00,6961 ,0.275761,0.027,0.05,0.1104,0.04625,10,低谷
10/17/2020 2:00,6962 ,0.275761,0.027,0.05,0.1104,0.04625,10,低谷
10/17/2020 3:00,6963 ,0.275761,0.027,0.05,0.1104,0.04625,10,低谷
10/17/2020 4:00,6964 ,0.275761,0.027,0.05,0.1104,0.04625,10,低谷
10/17/2020 5:00,6965 ,0.275761,0.027,0.05,0.1104,0.04625,10,低谷
10/17/2020 6:00,6966 ,0.660412,0.027,0.05,0.1104,0.04625,10,平时
10/17/2020 7:00,6967 ,0.660412,0.027,0.05,0.1104,0.04625,10,平时
10/17/2020 8:00,6968 ,0.660412,0.027,0.05,0.1104,0.04625,10,平时
10/17/2020 9:00,6969 ,0.660412,0.027,0.05,0.1104,0.04625,10,平时
10/17/2020 10:00,6970 ,0.660412,0.027,0.05,0.1104,0.04625,10,平时
10/17/2020 11:00,6971 ,0.660412,0.027,0.05,0.1104,0.04625,10,平时
10/17/2020 12:00,6972 ,0.275761,0.027,0.05,0.1104,0.04625,10,低谷
10/17/2020 13:00,6973 ,0.275761,0.027,0.05,0.1104,0.04625,10,低谷
10/17/2020 14:00,6974 ,0.660412,0.027,0.05,0.1104,0.04625,10,平时
10/17/2020 15:00,6975 ,0.660412,0.027,0.05,0.1104,0.04625,10,平时
10/17/2020 16:00,6976 ,1.045063,0.027,0.05,0.1104,0.04625,10,高峰
10/17/2020 17:00,6977 ,1.045063,0.027,0.05,0.1104,0.04625,10,高峰
10/17/2020 18:00,6978 ,1.045063,0.027,0.05,0.1104,0.04625,10,高峰
10/17/2020 19:00,6979 ,1.045063,0.027,0.05,0.1104,0.04625,10,高峰
10/17/2020 20:00,6980 ,1.045063,0.027,0.05,0.1104,0.04625,10,高峰
10/17/2020 21:00,6981 ,1.045063,0.027,0.05,0.1104,0.04625,10,高峰
10/17/2020 22:00,6982 ,1.045063,0.027,0.05,0.1104,0.04625,10,高峰
10/17/2020 23:00,6983 ,1.045063,0.027,0.05,0.1104,0.04625,10,高峰
10/18/2020 0:00,6984 ,0.275761,0.027,0.05,0.1104,0.04625,10,低谷
10/18/2020 1:00,6985 ,0.275761,0.027,0.05,0.1104,0.04625,10,低谷
10/18/2020 2:00,6986 ,0.275761,0.027,0.05,0.1104,0.04625,10,低谷
10/18/2020 3:00,6987 ,0.275761,0.027,0.05,0.1104,0.04625,10,低谷
10/18/2020 4:00,6988 ,0.275761,0.027,0.05,0.1104,0.04625,10,低谷
10/18/2020 5:00,6989 ,0.275761,0.027,0.05,0.1104,0.04625,10,低谷
10/18/2020 6:00,6990 ,0.660412,0.027,0.05,0.1104,0.04625,10,平时
10/18/2020 7:00,6991 ,0.660412,0.027,0.05,0.1104,0.04625,10,平时
10/18/2020 8:00,6992 ,0.660412,0.027,0.05,0.1104,0.04625,10,平时
10/18/2020 9:00,6993 ,0.660412,0.027,0.05,0.1104,0.04625,10,平时
10/18/2020 10:00,6994 ,0.660412,0.027,0.05,0.1104,0.04625,10,平时
10/18/2020 11:00,6995 ,0.660412,0.027,0.05,0.1104,0.04625,10,平时
10/18/2020 12:00,6996 ,0.275761,0.027,0.05,0.1104,0.04625,10,低谷
10/18/2020 13:00,6997 ,0.275761,0.027,0.05,0.1104,0.04625,10,低谷
10/18/2020 14:00,6998 ,0.660412,0.027,0.05,0.1104,0.04625,10,平时
10/18/2020 15:00,6999 ,0.660412,0.027,0.05,0.1104,0.04625,10,平时
10/18/2020 16:00,7000 ,1.045063,0.027,0.05,0.1104,0.04625,10,高峰
10/18/2020 17:00,7001 ,1.045063,0.027,0.05,0.1104,0.04625,10,高峰
10/18/2020 18:00,7002 ,1.045063,0.027,0.05,0.1104,0.04625,10,高峰
10/18/2020 19:00,7003 ,1.045063,0.027,0.05,0.1104,0.04625,10,高峰
10/18/2020 20:00,7004 ,1.045063,0.027,0.05,0.1104,0.04625,10,高峰
10/18/2020 21:00,7005 ,1.045063,0.027,0.05,0.1104,0.04625,10,高峰
10/18/2020 22:00,7006 ,1.045063,0.027,0.05,0.1104,0.04625,10,高峰
10/18/2020 23:00,7007 ,1.045063,0.027,0.05,0.1104,0.04625,10,高峰
10/19/2020 0:00,7008 ,0.275761,0.027,0.05,0.1104,0.04625,10,低谷
10/19/2020 1:00,7009 ,0.275761,0.027,0.05,0.1104,0.04625,10,低谷
10/19/2020 2:00,7010 ,0.275761,0.027,0.05,0.1104,0.04625,10,低谷
10/19/2020 3:00,7011 ,0.275761,0.027,0.05,0.1104,0.04625,10,低谷
10/19/2020 4:00,7012 ,0.275761,0.027,0.05,0.1104,0.04625,10,低谷
10/19/2020 5:00,7013 ,0.275761,0.027,0.05,0.1104,0.04625,10,低谷
10/19/2020 6:00,7014 ,0.660412,0.027,0.05,0.1104,0.04625,10,平时
10/19/2020 7:00,7015 ,0.660412,0.027,0.05,0.1104,0.04625,10,平时
10/19/2020 8:00,7016 ,0.660412,0.027,0.05,0.1104,0.04625,10,平时
10/19/2020 9:00,7017 ,0.660412,0.027,0.05,0.1104,0.04625,10,平时
10/19/2020 10:00,7018 ,0.660412,0.027,0.05,0.1104,0.04625,10,平时
10/19/2020 11:00,7019 ,0.660412,0.027,0.05,0.1104,0.04625,10,平时
10/19/2020 12:00,7020 ,0.275761,0.027,0.05,0.1104,0.04625,10,低谷
10/19/2020 13:00,7021 ,0.275761,0.027,0.05,0.1104,0.04625,10,低谷
10/19/2020 14:00,7022 ,0.660412,0.027,0.05,0.1104,0.04625,10,平时
10/19/2020 15:00,7023 ,0.660412,0.027,0.05,0.1104,0.04625,10,平时
10/19/2020 16:00,7024 ,1.045063,0.027,0.05,0.1104,0.04625,10,高峰
10/19/2020 17:00,7025 ,1.045063,0.027,0.05,0.1104,0.04625,10,高峰
10/19/2020 18:00,7026 ,1.045063,0.027,0.05,0.1104,0.04625,10,高峰
10/19/2020 19:00,7027 ,1.045063,0.027,0.05,0.1104,0.04625,10,高峰
10/19/2020 20:00,7028 ,1.045063,0.027,0.05,0.1104,0.04625,10,高峰
10/19/2020 21:00,7029 ,1.045063,0.027,0.05,0.1104,0.04625,10,高峰
10/19/2020 22:00,7030 ,1.045063,0.027,0.05,0.1104,0.04625,10,高峰
10/19/2020 23:00,7031 ,1.045063,0.027,0.05,0.1104,0.04625,10,高峰
10/20/2020 0:00,7032 ,0.275761,0.027,0.05,0.1104,0.04625,10,低谷
10/20/2020 1:00,7033 ,0.275761,0.027,0.05,0.1104,0.04625,10,低谷
10/20/2020 2:00,7034 ,0.275761,0.027,0.05,0.1104,0.04625,10,低谷
10/20/2020 3:00,7035 ,0.275761,0.027,0.05,0.1104,0.04625,10,低谷
10/20/2020 4:00,7036 ,0.275761,0.027,0.05,0.1104,0.04625,10,低谷
10/20/2020 5:00,7037 ,0.275761,0.027,0.05,0.1104,0.04625,10,低谷
10/20/2020 6:00,7038 ,0.660412,0.027,0.05,0.1104,0.04625,10,平时
10/20/2020 7:00,7039 ,0.660412,0.027,0.05,0.1104,0.04625,10,平时
10/20/2020 8:00,7040 ,0.660412,0.027,0.05,0.1104,0.04625,10,平时
10/20/2020 9:00,7041 ,0.660412,0.027,0.05,0.1104,0.04625,10,平时
10/20/2020 10:00,7042 ,0.660412,0.027,0.05,0.1104,0.04625,10,平时
10/20/2020 11:00,7043 ,0.660412,0.027,0.05,0.1104,0.04625,10,平时
10/20/2020 12:00,7044 ,0.275761,0.027,0.05,0.1104,0.04625,10,低谷
10/20/2020 13:00,7045 ,0.275761,0.027,0.05,0.1104,0.04625,10,低谷
10/20/2020 14:00,7046 ,0.660412,0.027,0.05,0.1104,0.04625,10,平时
10/20/2020 15:00,7047 ,0.660412,0.027,0.05,0.1104,0.04625,10,平时
10/20/2020 16:00,7048 ,1.045063,0.027,0.05,0.1104,0.04625,10,高峰
10/20/2020 17:00,7049 ,1.045063,0.027,0.05,0.1104,0.04625,10,高峰
10/20/2020 18:00,7050 ,1.045063,0.027,0.05,0.1104,0.04625,10,高峰
10/20/2020 19:00,7051 ,1.045063,0.027,0.05,0.1104,0.04625,10,高峰
10/20/2020 20:00,7052 ,1.045063,0.027,0.05,0.1104,0.04625,10,高峰
10/20/2020 21:00,7053 ,1.045063,0.027,0.05,0.1104,0.04625,10,高峰
10/20/2020 22:00,7054 ,1.045063,0.027,0.05,0.1104,0.04625,10,高峰
10/20/2020 23:00,7055 ,1.045063,0.027,0.05,0.1104,0.04625,10,高峰
10/21/2020 0:00,7056 ,0.275761,0.027,0.05,0.1104,0.04625,10,低谷
10/21/2020 1:00,7057 ,0.275761,0.027,0.05,0.1104,0.04625,10,低谷
10/21/2020 2:00,7058 ,0.275761,0.027,0.05,0.1104,0.04625,10,低谷
10/21/2020 3:00,7059 ,0.275761,0.027,0.05,0.1104,0.04625,10,低谷
10/21/2020 4:00,7060 ,0.275761,0.027,0.05,0.1104,0.04625,10,低谷
10/21/2020 5:00,7061 ,0.275761,0.027,0.05,0.1104,0.04625,10,低谷
10/21/2020 6:00,7062 ,0.660412,0.027,0.05,0.1104,0.04625,10,平时
10/21/2020 7:00,7063 ,0.660412,0.027,0.05,0.1104,0.04625,10,平时
10/21/2020 8:00,7064 ,0.660412,0.027,0.05,0.1104,0.04625,10,平时
10/21/2020 9:00,7065 ,0.660412,0.027,0.05,0.1104,0.04625,10,平时
10/21/2020 10:00,7066 ,0.660412,0.027,0.05,0.1104,0.04625,10,平时
10/21/2020 11:00,7067 ,0.660412,0.027,0.05,0.1104,0.04625,10,平时
10/21/2020 12:00,7068 ,0.275761,0.027,0.05,0.1104,0.04625,10,低谷
10/21/2020 13:00,7069 ,0.275761,0.027,0.05,0.1104,0.04625,10,低谷
10/21/2020 14:00,7070 ,0.660412,0.027,0.05,0.1104,0.04625,10,平时
10/21/2020 15:00,7071 ,0.660412,0.027,0.05,0.1104,0.04625,10,平时
10/21/2020 16:00,7072 ,1.045063,0.027,0.05,0.1104,0.04625,10,高峰
10/21/2020 17:00,7073 ,1.045063,0.027,0.05,0.1104,0.04625,10,高峰
10/21/2020 18:00,7074 ,1.045063,0.027,0.05,0.1104,0.04625,10,高峰
10/21/2020 19:00,7075 ,1.045063,0.027,0.05,0.1104,0.04625,10,高峰
10/21/2020 20:00,7076 ,1.045063,0.027,0.05,0.1104,0.04625,10,高峰
10/21/2020 21:00,7077 ,1.045063,0.027,0.05,0.1104,0.04625,10,高峰
10/21/2020 22:00,7078 ,1.045063,0.027,0.05,0.1104,0.04625,10,高峰
10/21/2020 23:00,7079 ,1.045063,0.027,0.05,0.1104,0.04625,10,高峰
10/22/2020 0:00,7080 ,0.275761,0.027,0.05,0.1104,0.04625,10,低谷
10/22/2020 1:00,7081 ,0.275761,0.027,0.05,0.1104,0.04625,10,低谷
10/22/2020 2:00,7082 ,0.275761,0.027,0.05,0.1104,0.04625,10,低谷
10/22/2020 3:00,7083 ,0.275761,0.027,0.05,0.1104,0.04625,10,低谷
10/22/2020 4:00,7084 ,0.275761,0.027,0.05,0.1104,0.04625,10,低谷
10/22/2020 5:00,7085 ,0.275761,0.027,0.05,0.1104,0.04625,10,低谷
10/22/2020 6:00,7086 ,0.660412,0.027,0.05,0.1104,0.04625,10,平时
10/22/2020 7:00,7087 ,0.660412,0.027,0.05,0.1104,0.04625,10,平时
10/22/2020 8:00,7088 ,0.660412,0.027,0.05,0.1104,0.04625,10,平时
10/22/2020 9:00,7089 ,0.660412,0.027,0.05,0.1104,0.04625,10,平时
10/22/2020 10:00,7090 ,0.660412,0.027,0.05,0.1104,0.04625,10,平时
10/22/2020 11:00,7091 ,0.660412,0.027,0.05,0.1104,0.04625,10,平时
10/22/2020 12:00,7092 ,0.275761,0.027,0.05,0.1104,0.04625,10,低谷
10/22/2020 13:00,7093 ,0.275761,0.027,0.05,0.1104,0.04625,10,低谷
10/22/2020 14:00,7094 ,0.660412,0.027,0.05,0.1104,0.04625,10,平时
10/22/2020 15:00,7095 ,0.660412,0.027,0.05,0.1104,0.04625,10,平时
10/22/2020 16:00,7096 ,1.045063,0.027,0.05,0.1104,0.04625,10,高峰
10/22/2020 17:00,7097 ,1.045063,0.027,0.05,0.1104,0.04625,10,高峰
10/22/2020 18:00,7098 ,1.045063,0.027,0.05,0.1104,0.04625,10,高峰
10/22/2020 19:00,7099 ,1.045063,0.027,0.05,0.1104,0.04625,10,高峰
10/22/2020 20:00,7100 ,1.045063,0.027,0.05,0.1104,0.04625,10,高峰
10/22/2020 21:00,7101 ,1.045063,0.027,0.05,0.1104,0.04625,10,高峰
10/22/2020 22:00,7102 ,1.045063,0.027,0.05,0.1104,0.04625,10,高峰
10/22/2020 23:00,7103 ,1.045063,0.027,0.05,0.1104,0.04625,10,高峰
10/23/2020 0:00,7104 ,0.275761,0.027,0.05,0.1104,0.04625,10,低谷
10/23/2020 1:00,7105 ,0.275761,0.027,0.05,0.1104,0.04625,10,低谷
10/23/2020 2:00,7106 ,0.275761,0.027,0.05,0.1104,0.04625,10,低谷
10/23/2020 3:00,7107 ,0.275761,0.027,0.05,0.1104,0.04625,10,低谷
10/23/2020 4:00,7108 ,0.275761,0.027,0.05,0.1104,0.04625,10,低谷
10/23/2020 5:00,7109 ,0.275761,0.027,0.05,0.1104,0.04625,10,低谷
10/23/2020 6:00,7110 ,0.660412,0.027,0.05,0.1104,0.04625,10,平时
10/23/2020 7:00,7111 ,0.660412,0.027,0.05,0.1104,0.04625,10,平时
10/23/2020 8:00,7112 ,0.660412,0.027,0.05,0.1104,0.04625,10,平时
10/23/2020 9:00,7113 ,0.660412,0.027,0.05,0.1104,0.04625,10,平时
10/23/2020 10:00,7114 ,0.660412,0.027,0.05,0.1104,0.04625,10,平时
10/23/2020 11:00,7115 ,0.660412,0.027,0.05,0.1104,0.04625,10,平时
10/23/2020 12:00,7116 ,0.275761,0.027,0.05,0.1104,0.04625,10,低谷
10/23/2020 13:00,7117 ,0.275761,0.027,0.05,0.1104,0.04625,10,低谷
10/23/2020 14:00,7118 ,0.660412,0.027,0.05,0.1104,0.04625,10,平时
10/23/2020 15:00,7119 ,0.660412,0.027,0.05,0.1104,0.04625,10,平时
10/23/2020 16:00,7120 ,1.045063,0.027,0.05,0.1104,0.04625,10,高峰
10/23/2020 17:00,7121 ,1.045063,0.027,0.05,0.1104,0.04625,10,高峰
10/23/2020 18:00,7122 ,1.045063,0.027,0.05,0.1104,0.04625,10,高峰
10/23/2020 19:00,7123 ,1.045063,0.027,0.05,0.1104,0.04625,10,高峰
10/23/2020 20:00,7124 ,1.045063,0.027,0.05,0.1104,0.04625,10,高峰
10/23/2020 21:00,7125 ,1.045063,0.027,0.05,0.1104,0.04625,10,高峰
10/23/2020 22:00,7126 ,1.045063,0.027,0.05,0.1104,0.04625,10,高峰
10/23/2020 23:00,7127 ,1.045063,0.027,0.05,0.1104,0.04625,10,高峰
10/24/2020 0:00,7128 ,0.275761,0.027,0.05,0.1104,0.04625,10,低谷
10/24/2020 1:00,7129 ,0.275761,0.027,0.05,0.1104,0.04625,10,低谷
10/24/2020 2:00,7130 ,0.275761,0.027,0.05,0.1104,0.04625,10,低谷
10/24/2020 3:00,7131 ,0.275761,0.027,0.05,0.1104,0.04625,10,低谷
10/24/2020 4:00,7132 ,0.275761,0.027,0.05,0.1104,0.04625,10,低谷
10/24/2020 5:00,7133 ,0.275761,0.027,0.05,0.1104,0.04625,10,低谷
10/24/2020 6:00,7134 ,0.660412,0.027,0.05,0.1104,0.04625,10,平时
10/24/2020 7:00,7135 ,0.660412,0.027,0.05,0.1104,0.04625,10,平时
10/24/2020 8:00,7136 ,0.660412,0.027,0.05,0.1104,0.04625,10,平时
10/24/2020 9:00,7137 ,0.660412,0.027,0.05,0.1104,0.04625,10,平时
10/24/2020 10:00,7138 ,0.660412,0.027,0.05,0.1104,0.04625,10,平时
10/24/2020 11:00,7139 ,0.660412,0.027,0.05,0.1104,0.04625,10,平时
10/24/2020 12:00,7140 ,0.275761,0.027,0.05,0.1104,0.04625,10,低谷
10/24/2020 13:00,7141 ,0.275761,0.027,0.05,0.1104,0.04625,10,低谷
10/24/2020 14:00,7142 ,0.660412,0.027,0.05,0.1104,0.04625,10,平时
10/24/2020 15:00,7143 ,0.660412,0.027,0.05,0.1104,0.04625,10,平时
10/24/2020 16:00,7144 ,1.045063,0.027,0.05,0.1104,0.04625,10,高峰
10/24/2020 17:00,7145 ,1.045063,0.027,0.05,0.1104,0.04625,10,高峰
10/24/2020 18:00,7146 ,1.045063,0.027,0.05,0.1104,0.04625,10,高峰
10/24/2020 19:00,7147 ,1.045063,0.027,0.05,0.1104,0.04625,10,高峰
10/24/2020 20:00,7148 ,1.045063,0.027,0.05,0.1104,0.04625,10,高峰
10/24/2020 21:00,7149 ,1.045063,0.027,0.05,0.1104,0.04625,10,高峰
10/24/2020 22:00,7150 ,1.045063,0.027,0.05,0.1104,0.04625,10,高峰
10/24/2020 23:00,7151 ,1.045063,0.027,0.05,0.1104,0.04625,10,高峰
10/25/2020 0:00,7152 ,0.275761,0.027,0.05,0.1104,0.04625,10,低谷
10/25/2020 1:00,7153 ,0.275761,0.027,0.05,0.1104,0.04625,10,低谷
10/25/2020 2:00,7154 ,0.275761,0.027,0.05,0.1104,0.04625,10,低谷
10/25/2020 3:00,7155 ,0.275761,0.027,0.05,0.1104,0.04625,10,低谷
10/25/2020 4:00,7156 ,0.275761,0.027,0.05,0.1104,0.04625,10,低谷
10/25/2020 5:00,7157 ,0.275761,0.027,0.05,0.1104,0.04625,10,低谷
10/25/2020 6:00,7158 ,0.660412,0.027,0.05,0.1104,0.04625,10,平时
10/25/2020 7:00,7159 ,0.660412,0.027,0.05,0.1104,0.04625,10,平时
10/25/2020 8:00,7160 ,0.660412,0.027,0.05,0.1104,0.04625,10,平时
10/25/2020 9:00,7161 ,0.660412,0.027,0.05,0.1104,0.04625,10,平时
10/25/2020 10:00,7162 ,0.660412,0.027,0.05,0.1104,0.04625,10,平时
10/25/2020 11:00,7163 ,0.660412,0.027,0.05,0.1104,0.04625,10,平时
10/25/2020 12:00,7164 ,0.275761,0.027,0.05,0.1104,0.04625,10,低谷
10/25/2020 13:00,7165 ,0.275761,0.027,0.05,0.1104,0.04625,10,低谷
10/25/2020 14:00,7166 ,0.660412,0.027,0.05,0.1104,0.04625,10,平时
10/25/2020 15:00,7167 ,0.660412,0.027,0.05,0.1104,0.04625,10,平时
10/25/2020 16:00,7168 ,1.045063,0.027,0.05,0.1104,0.04625,10,高峰
10/25/2020 17:00,7169 ,1.045063,0.027,0.05,0.1104,0.04625,10,高峰
10/25/2020 18:00,7170 ,1.045063,0.027,0.05,0.1104,0.04625,10,高峰
10/25/2020 19:00,7171 ,1.045063,0.027,0.05,0.1104,0.04625,10,高峰
10/25/2020 20:00,7172 ,1.045063,0.027,0.05,0.1104,0.04625,10,高峰
10/25/2020 21:00,7173 ,1.045063,0.027,0.05,0.1104,0.04625,10,高峰
10/25/2020 22:00,7174 ,1.045063,0.027,0.05,0.1104,0.04625,10,高峰
10/25/2020 23:00,7175 ,1.045063,0.027,0.05,0.1104,0.04625,10,高峰
10/26/2020 0:00,7176 ,0.275761,0.027,0.05,0.1104,0.04625,10,低谷
10/26/2020 1:00,7177 ,0.275761,0.027,0.05,0.1104,0.04625,10,低谷
10/26/2020 2:00,7178 ,0.275761,0.027,0.05,0.1104,0.04625,10,低谷
10/26/2020 3:00,7179 ,0.275761,0.027,0.05,0.1104,0.04625,10,低谷
10/26/2020 4:00,7180 ,0.275761,0.027,0.05,0.1104,0.04625,10,低谷
10/26/2020 5:00,7181 ,0.275761,0.027,0.05,0.1104,0.04625,10,低谷
10/26/2020 6:00,7182 ,0.660412,0.027,0.05,0.1104,0.04625,10,平时
10/26/2020 7:00,7183 ,0.660412,0.027,0.05,0.1104,0.04625,10,平时
10/26/2020 8:00,7184 ,0.660412,0.027,0.05,0.1104,0.04625,10,平时
10/26/2020 9:00,7185 ,0.660412,0.027,0.05,0.1104,0.04625,10,平时
10/26/2020 10:00,7186 ,0.660412,0.027,0.05,0.1104,0.04625,10,平时
10/26/2020 11:00,7187 ,0.660412,0.027,0.05,0.1104,0.04625,10,平时
10/26/2020 12:00,7188 ,0.275761,0.027,0.05,0.1104,0.04625,10,低谷
10/26/2020 13:00,7189 ,0.275761,0.027,0.05,0.1104,0.04625,10,低谷
10/26/2020 14:00,7190 ,0.660412,0.027,0.05,0.1104,0.04625,10,平时
10/26/2020 15:00,7191 ,0.660412,0.027,0.05,0.1104,0.04625,10,平时
10/26/2020 16:00,7192 ,1.045063,0.027,0.05,0.1104,0.04625,10,高峰
10/26/2020 17:00,7193 ,1.045063,0.027,0.05,0.1104,0.04625,10,高峰
10/26/2020 18:00,7194 ,1.045063,0.027,0.05,0.1104,0.04625,10,高峰
10/26/2020 19:00,7195 ,1.045063,0.027,0.05,0.1104,0.04625,10,高峰
10/26/2020 20:00,7196 ,1.045063,0.027,0.05,0.1104,0.04625,10,高峰
10/26/2020 21:00,7197 ,1.045063,0.027,0.05,0.1104,0.04625,10,高峰
10/26/2020 22:00,7198 ,1.045063,0.027,0.05,0.1104,0.04625,10,高峰
10/26/2020 23:00,7199 ,1.045063,0.027,0.05,0.1104,0.04625,10,高峰
10/27/2020 0:00,7200 ,0.275761,0.027,0.05,0.1104,0.04625,10,低谷
10/27/2020 1:00,7201 ,0.275761,0.027,0.05,0.1104,0.04625,10,低谷
10/27/2020 2:00,7202 ,0.275761,0.027,0.05,0.1104,0.04625,10,低谷
10/27/2020 3:00,7203 ,0.275761,0.027,0.05,0.1104,0.04625,10,低谷
10/27/2020 4:00,7204 ,0.275761,0.027,0.05,0.1104,0.04625,10,低谷
10/27/2020 5:00,7205 ,0.275761,0.027,0.05,0.1104,0.04625,10,低谷
10/27/2020 6:00,7206 ,0.660412,0.027,0.05,0.1104,0.04625,10,平时
10/27/2020 7:00,7207 ,0.660412,0.027,0.05,0.1104,0.04625,10,平时
10/27/2020 8:00,7208 ,0.660412,0.027,0.05,0.1104,0.04625,10,平时
10/27/2020 9:00,7209 ,0.660412,0.027,0.05,0.1104,0.04625,10,平时
10/27/2020 10:00,7210 ,0.660412,0.027,0.05,0.1104,0.04625,10,平时
10/27/2020 11:00,7211 ,0.660412,0.027,0.05,0.1104,0.04625,10,平时
10/27/2020 12:00,7212 ,0.275761,0.027,0.05,0.1104,0.04625,10,低谷
10/27/2020 13:00,7213 ,0.275761,0.027,0.05,0.1104,0.04625,10,低谷
10/27/2020 14:00,7214 ,0.660412,0.027,0.05,0.1104,0.04625,10,平时
10/27/2020 15:00,7215 ,0.660412,0.027,0.05,0.1104,0.04625,10,平时
10/27/2020 16:00,7216 ,1.045063,0.027,0.05,0.1104,0.04625,10,高峰
10/27/2020 17:00,7217 ,1.045063,0.027,0.05,0.1104,0.04625,10,高峰
10/27/2020 18:00,7218 ,1.045063,0.027,0.05,0.1104,0.04625,10,高峰
10/27/2020 19:00,7219 ,1.045063,0.027,0.05,0.1104,0.04625,10,高峰
10/27/2020 20:00,7220 ,1.045063,0.027,0.05,0.1104,0.04625,10,高峰
10/27/2020 21:00,7221 ,1.045063,0.027,0.05,0.1104,0.04625,10,高峰
10/27/2020 22:00,7222 ,1.045063,0.027,0.05,0.1104,0.04625,10,高峰
10/27/2020 23:00,7223 ,1.045063,0.027,0.05,0.1104,0.04625,10,高峰
10/28/2020 0:00,7224 ,0.275761,0.027,0.05,0.1104,0.04625,10,低谷
10/28/2020 1:00,7225 ,0.275761,0.027,0.05,0.1104,0.04625,10,低谷
10/28/2020 2:00,7226 ,0.275761,0.027,0.05,0.1104,0.04625,10,低谷
10/28/2020 3:00,7227 ,0.275761,0.027,0.05,0.1104,0.04625,10,低谷
10/28/2020 4:00,7228 ,0.275761,0.027,0.05,0.1104,0.04625,10,低谷
10/28/2020 5:00,7229 ,0.275761,0.027,0.05,0.1104,0.04625,10,低谷
10/28/2020 6:00,7230 ,0.660412,0.027,0.05,0.1104,0.04625,10,平时
10/28/2020 7:00,7231 ,0.660412,0.027,0.05,0.1104,0.04625,10,平时
10/28/2020 8:00,7232 ,0.660412,0.027,0.05,0.1104,0.04625,10,平时
10/28/2020 9:00,7233 ,0.660412,0.027,0.05,0.1104,0.04625,10,平时
10/28/2020 10:00,7234 ,0.660412,0.027,0.05,0.1104,0.04625,10,平时
10/28/2020 11:00,7235 ,0.660412,0.027,0.05,0.1104,0.04625,10,平时
10/28/2020 12:00,7236 ,0.275761,0.027,0.05,0.1104,0.04625,10,低谷
10/28/2020 13:00,7237 ,0.275761,0.027,0.05,0.1104,0.04625,10,低谷
10/28/2020 14:00,7238 ,0.660412,0.027,0.05,0.1104,0.04625,10,平时
10/28/2020 15:00,7239 ,0.660412,0.027,0.05,0.1104,0.04625,10,平时
10/28/2020 16:00,7240 ,1.045063,0.027,0.05,0.1104,0.04625,10,高峰
10/28/2020 17:00,7241 ,1.045063,0.027,0.05,0.1104,0.04625,10,高峰
10/28/2020 18:00,7242 ,1.045063,0.027,0.05,0.1104,0.04625,10,高峰
10/28/2020 19:00,7243 ,1.045063,0.027,0.05,0.1104,0.04625,10,高峰
10/28/2020 20:00,7244 ,1.045063,0.027,0.05,0.1104,0.04625,10,高峰
10/28/2020 21:00,7245 ,1.045063,0.027,0.05,0.1104,0.04625,10,高峰
10/28/2020 22:00,7246 ,1.045063,0.027,0.05,0.1104,0.04625,10,高峰
10/28/2020 23:00,7247 ,1.045063,0.027,0.05,0.1104,0.04625,10,高峰
10/29/2020 0:00,7248 ,0.275761,0.027,0.05,0.1104,0.04625,10,低谷
10/29/2020 1:00,7249 ,0.275761,0.027,0.05,0.1104,0.04625,10,低谷
10/29/2020 2:00,7250 ,0.275761,0.027,0.05,0.1104,0.04625,10,低谷
10/29/2020 3:00,7251 ,0.275761,0.027,0.05,0.1104,0.04625,10,低谷
10/29/2020 4:00,7252 ,0.275761,0.027,0.05,0.1104,0.04625,10,低谷
10/29/2020 5:00,7253 ,0.275761,0.027,0.05,0.1104,0.04625,10,低谷
10/29/2020 6:00,7254 ,0.660412,0.027,0.05,0.1104,0.04625,10,平时
10/29/2020 7:00,7255 ,0.660412,0.027,0.05,0.1104,0.04625,10,平时
10/29/2020 8:00,7256 ,0.660412,0.027,0.05,0.1104,0.04625,10,平时
10/29/2020 9:00,7257 ,0.660412,0.027,0.05,0.1104,0.04625,10,平时
10/29/2020 10:00,7258 ,0.660412,0.027,0.05,0.1104,0.04625,10,平时
10/29/2020 11:00,7259 ,0.660412,0.027,0.05,0.1104,0.04625,10,平时
10/29/2020 12:00,7260 ,0.275761,0.027,0.05,0.1104,0.04625,10,低谷
10/29/2020 13:00,7261 ,0.275761,0.027,0.05,0.1104,0.04625,10,低谷
10/29/2020 14:00,7262 ,0.660412,0.027,0.05,0.1104,0.04625,10,平时
10/29/2020 15:00,7263 ,0.660412,0.027,0.05,0.1104,0.04625,10,平时
10/29/2020 16:00,7264 ,1.045063,0.027,0.05,0.1104,0.04625,10,高峰
10/29/2020 17:00,7265 ,1.045063,0.027,0.05,0.1104,0.04625,10,高峰
10/29/2020 18:00,7266 ,1.045063,0.027,0.05,0.1104,0.04625,10,高峰
10/29/2020 19:00,7267 ,1.045063,0.027,0.05,0.1104,0.04625,10,高峰
10/29/2020 20:00,7268 ,1.045063,0.027,0.05,0.1104,0.04625,10,高峰
10/29/2020 21:00,7269 ,1.045063,0.027,0.05,0.1104,0.04625,10,高峰
10/29/2020 22:00,7270 ,1.045063,0.027,0.05,0.1104,0.04625,10,高峰
10/29/2020 23:00,7271 ,1.045063,0.027,0.05,0.1104,0.04625,10,高峰
10/30/2020 0:00,7272 ,0.275761,0.027,0.05,0.1104,0.04625,10,低谷
10/30/2020 1:00,7273 ,0.275761,0.027,0.05,0.1104,0.04625,10,低谷
10/30/2020 2:00,7274 ,0.275761,0.027,0.05,0.1104,0.04625,10,低谷
10/30/2020 3:00,7275 ,0.275761,0.027,0.05,0.1104,0.04625,10,低谷
10/30/2020 4:00,7276 ,0.275761,0.027,0.05,0.1104,0.04625,10,低谷
10/30/2020 5:00,7277 ,0.275761,0.027,0.05,0.1104,0.04625,10,低谷
10/30/2020 6:00,7278 ,0.660412,0.027,0.05,0.1104,0.04625,10,平时
10/30/2020 7:00,7279 ,0.660412,0.027,0.05,0.1104,0.04625,10,平时
10/30/2020 8:00,7280 ,0.660412,0.027,0.05,0.1104,0.04625,10,平时
10/30/2020 9:00,7281 ,0.660412,0.027,0.05,0.1104,0.04625,10,平时
10/30/2020 10:00,7282 ,0.660412,0.027,0.05,0.1104,0.04625,10,平时
10/30/2020 11:00,7283 ,0.660412,0.027,0.05,0.1104,0.04625,10,平时
10/30/2020 12:00,7284 ,0.275761,0.027,0.05,0.1104,0.04625,10,低谷
10/30/2020 13:00,7285 ,0.275761,0.027,0.05,0.1104,0.04625,10,低谷
10/30/2020 14:00,7286 ,0.660412,0.027,0.05,0.1104,0.04625,10,平时
10/30/2020 15:00,7287 ,0.660412,0.027,0.05,0.1104,0.04625,10,平时
10/30/2020 16:00,7288 ,1.045063,0.027,0.05,0.1104,0.04625,10,高峰
10/30/2020 17:00,7289 ,1.045063,0.027,0.05,0.1104,0.04625,10,高峰
10/30/2020 18:00,7290 ,1.045063,0.027,0.05,0.1104,0.04625,10,高峰
10/30/2020 19:00,7291 ,1.045063,0.027,0.05,0.1104,0.04625,10,高峰
10/30/2020 20:00,7292 ,1.045063,0.027,0.05,0.1104,0.04625,10,高峰
10/30/2020 21:00,7293 ,1.045063,0.027,0.05,0.1104,0.04625,10,高峰
10/30/2020 22:00,7294 ,1.045063,0.027,0.05,0.1104,0.04625,10,高峰
10/30/2020 23:00,7295 ,1.045063,0.027,0.05,0.1104,0.04625,10,高峰
10/31/2020 0:00,7296 ,0.275761,0.027,0.05,0.1104,0.04625,10,低谷
10/31/2020 1:00,7297 ,0.275761,0.027,0.05,0.1104,0.04625,10,低谷
10/31/2020 2:00,7298 ,0.275761,0.027,0.05,0.1104,0.04625,10,低谷
10/31/2020 3:00,7299 ,0.275761,0.027,0.05,0.1104,0.04625,10,低谷
10/31/2020 4:00,7300 ,0.275761,0.027,0.05,0.1104,0.04625,10,低谷
10/31/2020 5:00,7301 ,0.275761,0.027,0.05,0.1104,0.04625,10,低谷
10/31/2020 6:00,7302 ,0.660412,0.027,0.05,0.1104,0.04625,10,平时
10/31/2020 7:00,7303 ,0.660412,0.027,0.05,0.1104,0.04625,10,平时
10/31/2020 8:00,7304 ,0.660412,0.027,0.05,0.1104,0.04625,10,平时
10/31/2020 9:00,7305 ,0.660412,0.027,0.05,0.1104,0.04625,10,平时
10/31/2020 10:00,7306 ,0.660412,0.027,0.05,0.1104,0.04625,10,平时
10/31/2020 11:00,7307 ,0.660412,0.027,0.05,0.1104,0.04625,10,平时
10/31/2020 12:00,7308 ,0.275761,0.027,0.05,0.1104,0.04625,10,低谷
10/31/2020 13:00,7309 ,0.275761,0.027,0.05,0.1104,0.04625,10,低谷
10/31/2020 14:00,7310 ,0.660412,0.027,0.05,0.1104,0.04625,10,平时
10/31/2020 15:00,7311 ,0.660412,0.027,0.05,0.1104,0.04625,10,平时
10/31/2020 16:00,7312 ,1.045063,0.027,0.05,0.1104,0.04625,10,高峰
10/31/2020 17:00,7313 ,1.045063,0.027,0.05,0.1104,0.04625,10,高峰
10/31/2020 18:00,7314 ,1.045063,0.027,0.05,0.1104,0.04625,10,高峰
10/31/2020 19:00,7315 ,1.045063,0.027,0.05,0.1104,0.04625,10,高峰
10/31/2020 20:00,7316 ,1.045063,0.027,0.05,0.1104,0.04625,10,高峰
10/31/2020 21:00,7317 ,1.045063,0.027,0.05,0.1104,0.04625,10,高峰
10/31/2020 22:00,7318 ,1.045063,0.027,0.05,0.1104,0.04625,10,高峰
10/31/2020 23:00,7319 ,1.045063,0.027,0.05,0.1104,0.04625,10,高峰
11/1/2020 0:00,7320 ,0.32425,0.027,0.05,0.1104,0.04625,11,低谷
11/1/2020 1:00,7321 ,0.32425,0.027,0.05,0.1104,0.04625,11,低谷
11/1/2020 2:00,7322 ,0.32425,0.027,0.05,0.1104,0.04625,11,低谷
11/1/2020 3:00,7323 ,0.32425,0.027,0.05,0.1104,0.04625,11,低谷
11/1/2020 4:00,7324 ,0.32425,0.027,0.05,0.1104,0.04625,11,低谷
11/1/2020 5:00,7325 ,0.32425,0.027,0.05,0.1104,0.04625,11,低谷
11/1/2020 6:00,7326 ,0.8359,0.027,0.05,0.1104,0.04625,11,平时
11/1/2020 7:00,7327 ,0.8359,0.027,0.05,0.1104,0.04625,11,平时
11/1/2020 8:00,7328 ,0.8359,0.027,0.05,0.1104,0.04625,11,平时
11/1/2020 9:00,7329 ,0.8359,0.027,0.05,0.1104,0.04625,11,平时
11/1/2020 10:00,7330 ,0.8359,0.027,0.05,0.1104,0.04625,11,平时
11/1/2020 11:00,7331 ,0.8359,0.027,0.05,0.1104,0.04625,11,平时
11/1/2020 12:00,7332 ,0.32425,0.027,0.05,0.1104,0.04625,11,低谷
11/1/2020 13:00,7333 ,0.32425,0.027,0.05,0.1104,0.04625,11,低谷
11/1/2020 14:00,7334 ,0.8359,0.027,0.05,0.1104,0.04625,11,平时
11/1/2020 15:00,7335 ,0.8359,0.027,0.05,0.1104,0.04625,11,平时
11/1/2020 16:00,7336 ,1.103213,0.027,0.05,0.1104,0.04625,11,高峰
11/1/2020 17:00,7337 ,1.103213,0.027,0.05,0.1104,0.04625,11,高峰
11/1/2020 18:00,7338 ,1.103213,0.027,0.05,0.1104,0.04625,11,高峰
11/1/2020 19:00,7339 ,1.103213,0.027,0.05,0.1104,0.04625,11,高峰
11/1/2020 20:00,7340 ,1.103213,0.027,0.05,0.1104,0.04625,11,高峰
11/1/2020 21:00,7341 ,1.103213,0.027,0.05,0.1104,0.04625,11,高峰
11/1/2020 22:00,7342 ,1.103213,0.027,0.05,0.1104,0.04625,11,高峰
11/1/2020 23:00,7343 ,1.103213,0.027,0.05,0.1104,0.04625,11,高峰
11/2/2020 0:00,7344 ,0.32425,0.027,0.05,0.1104,0.04625,11,低谷
11/2/2020 1:00,7345 ,0.32425,0.027,0.05,0.1104,0.04625,11,低谷
11/2/2020 2:00,7346 ,0.32425,0.027,0.05,0.1104,0.04625,11,低谷
11/2/2020 3:00,7347 ,0.32425,0.027,0.05,0.1104,0.04625,11,低谷
11/2/2020 4:00,7348 ,0.32425,0.027,0.05,0.1104,0.04625,11,低谷
11/2/2020 5:00,7349 ,0.32425,0.027,0.05,0.1104,0.04625,11,低谷
11/2/2020 6:00,7350 ,0.8359,0.027,0.05,0.1104,0.04625,11,平时
11/2/2020 7:00,7351 ,0.8359,0.027,0.05,0.1104,0.04625,11,平时
11/2/2020 8:00,7352 ,0.8359,0.027,0.05,0.1104,0.04625,11,平时
11/2/2020 9:00,7353 ,0.8359,0.027,0.05,0.1104,0.04625,11,平时
11/2/2020 10:00,7354 ,0.8359,0.027,0.05,0.1104,0.04625,11,平时
11/2/2020 11:00,7355 ,0.8359,0.027,0.05,0.1104,0.04625,11,平时
11/2/2020 12:00,7356 ,0.32425,0.027,0.05,0.1104,0.04625,11,低谷
11/2/2020 13:00,7357 ,0.32425,0.027,0.05,0.1104,0.04625,11,低谷
11/2/2020 14:00,7358 ,0.8359,0.027,0.05,0.1104,0.04625,11,平时
11/2/2020 15:00,7359 ,0.8359,0.027,0.05,0.1104,0.04625,11,平时
11/2/2020 16:00,7360 ,1.103213,0.027,0.05,0.1104,0.04625,11,高峰
11/2/2020 17:00,7361 ,1.103213,0.027,0.05,0.1104,0.04625,11,高峰
11/2/2020 18:00,7362 ,1.103213,0.027,0.05,0.1104,0.04625,11,高峰
11/2/2020 19:00,7363 ,1.103213,0.027,0.05,0.1104,0.04625,11,高峰
11/2/2020 20:00,7364 ,1.103213,0.027,0.05,0.1104,0.04625,11,高峰
11/2/2020 21:00,7365 ,1.103213,0.027,0.05,0.1104,0.04625,11,高峰
11/2/2020 22:00,7366 ,1.103213,0.027,0.05,0.1104,0.04625,11,高峰
11/2/2020 23:00,7367 ,1.103213,0.027,0.05,0.1104,0.04625,11,高峰
11/3/2020 0:00,7368 ,0.32425,0.027,0.05,0.1104,0.04625,11,低谷
11/3/2020 1:00,7369 ,0.32425,0.027,0.05,0.1104,0.04625,11,低谷
11/3/2020 2:00,7370 ,0.32425,0.027,0.05,0.1104,0.04625,11,低谷
11/3/2020 3:00,7371 ,0.32425,0.027,0.05,0.1104,0.04625,11,低谷
11/3/2020 4:00,7372 ,0.32425,0.027,0.05,0.1104,0.04625,11,低谷
11/3/2020 5:00,7373 ,0.32425,0.027,0.05,0.1104,0.04625,11,低谷
11/3/2020 6:00,7374 ,0.8359,0.027,0.05,0.1104,0.04625,11,平时
11/3/2020 7:00,7375 ,0.8359,0.027,0.05,0.1104,0.04625,11,平时
11/3/2020 8:00,7376 ,0.8359,0.027,0.05,0.1104,0.04625,11,平时
11/3/2020 9:00,7377 ,0.8359,0.027,0.05,0.1104,0.04625,11,平时
11/3/2020 10:00,7378 ,0.8359,0.027,0.05,0.1104,0.04625,11,平时
11/3/2020 11:00,7379 ,0.8359,0.027,0.05,0.1104,0.04625,11,平时
11/3/2020 12:00,7380 ,0.32425,0.027,0.05,0.1104,0.04625,11,低谷
11/3/2020 13:00,7381 ,0.32425,0.027,0.05,0.1104,0.04625,11,低谷
11/3/2020 14:00,7382 ,0.8359,0.027,0.05,0.1104,0.04625,11,平时
11/3/2020 15:00,7383 ,0.8359,0.027,0.05,0.1104,0.04625,11,平时
11/3/2020 16:00,7384 ,1.103213,0.027,0.05,0.1104,0.04625,11,高峰
11/3/2020 17:00,7385 ,1.103213,0.027,0.05,0.1104,0.04625,11,高峰
11/3/2020 18:00,7386 ,1.103213,0.027,0.05,0.1104,0.04625,11,高峰
11/3/2020 19:00,7387 ,1.103213,0.027,0.05,0.1104,0.04625,11,高峰
11/3/2020 20:00,7388 ,1.103213,0.027,0.05,0.1104,0.04625,11,高峰
11/3/2020 21:00,7389 ,1.103213,0.027,0.05,0.1104,0.04625,11,高峰
11/3/2020 22:00,7390 ,1.103213,0.027,0.05,0.1104,0.04625,11,高峰
11/3/2020 23:00,7391 ,1.103213,0.027,0.05,0.1104,0.04625,11,高峰
11/4/2020 0:00,7392 ,0.32425,0.027,0.05,0.1104,0.04625,11,低谷
11/4/2020 1:00,7393 ,0.32425,0.027,0.05,0.1104,0.04625,11,低谷
11/4/2020 2:00,7394 ,0.32425,0.027,0.05,0.1104,0.04625,11,低谷
11/4/2020 3:00,7395 ,0.32425,0.027,0.05,0.1104,0.04625,11,低谷
11/4/2020 4:00,7396 ,0.32425,0.027,0.05,0.1104,0.04625,11,低谷
11/4/2020 5:00,7397 ,0.32425,0.027,0.05,0.1104,0.04625,11,低谷
11/4/2020 6:00,7398 ,0.8359,0.027,0.05,0.1104,0.04625,11,平时
11/4/2020 7:00,7399 ,0.8359,0.027,0.05,0.1104,0.04625,11,平时
11/4/2020 8:00,7400 ,0.8359,0.027,0.05,0.1104,0.04625,11,平时
11/4/2020 9:00,7401 ,0.8359,0.027,0.05,0.1104,0.04625,11,平时
11/4/2020 10:00,7402 ,0.8359,0.027,0.05,0.1104,0.04625,11,平时
11/4/2020 11:00,7403 ,0.8359,0.027,0.05,0.1104,0.04625,11,平时
11/4/2020 12:00,7404 ,0.32425,0.027,0.05,0.1104,0.04625,11,低谷
11/4/2020 13:00,7405 ,0.32425,0.027,0.05,0.1104,0.04625,11,低谷
11/4/2020 14:00,7406 ,0.8359,0.027,0.05,0.1104,0.04625,11,平时
11/4/2020 15:00,7407 ,0.8359,0.027,0.05,0.1104,0.04625,11,平时
11/4/2020 16:00,7408 ,1.103213,0.027,0.05,0.1104,0.04625,11,高峰
11/4/2020 17:00,7409 ,1.103213,0.027,0.05,0.1104,0.04625,11,高峰
11/4/2020 18:00,7410 ,1.103213,0.027,0.05,0.1104,0.04625,11,高峰
11/4/2020 19:00,7411 ,1.103213,0.027,0.05,0.1104,0.04625,11,高峰
11/4/2020 20:00,7412 ,1.103213,0.027,0.05,0.1104,0.04625,11,高峰
11/4/2020 21:00,7413 ,1.103213,0.027,0.05,0.1104,0.04625,11,高峰
11/4/2020 22:00,7414 ,1.103213,0.027,0.05,0.1104,0.04625,11,高峰
11/4/2020 23:00,7415 ,1.103213,0.027,0.05,0.1104,0.04625,11,高峰
11/5/2020 0:00,7416 ,0.32425,0.027,0.05,0.1104,0.04625,11,低谷
11/5/2020 1:00,7417 ,0.32425,0.027,0.05,0.1104,0.04625,11,低谷
11/5/2020 2:00,7418 ,0.32425,0.027,0.05,0.1104,0.04625,11,低谷
11/5/2020 3:00,7419 ,0.32425,0.027,0.05,0.1104,0.04625,11,低谷
11/5/2020 4:00,7420 ,0.32425,0.027,0.05,0.1104,0.04625,11,低谷
11/5/2020 5:00,7421 ,0.32425,0.027,0.05,0.1104,0.04625,11,低谷
11/5/2020 6:00,7422 ,0.8359,0.027,0.05,0.1104,0.04625,11,平时
11/5/2020 7:00,7423 ,0.8359,0.027,0.05,0.1104,0.04625,11,平时
11/5/2020 8:00,7424 ,0.8359,0.027,0.05,0.1104,0.04625,11,平时
11/5/2020 9:00,7425 ,0.8359,0.027,0.05,0.1104,0.04625,11,平时
11/5/2020 10:00,7426 ,0.8359,0.027,0.05,0.1104,0.04625,11,平时
11/5/2020 11:00,7427 ,0.8359,0.027,0.05,0.1104,0.04625,11,平时
11/5/2020 12:00,7428 ,0.32425,0.027,0.05,0.1104,0.04625,11,低谷
11/5/2020 13:00,7429 ,0.32425,0.027,0.05,0.1104,0.04625,11,低谷
11/5/2020 14:00,7430 ,0.8359,0.027,0.05,0.1104,0.04625,11,平时
11/5/2020 15:00,7431 ,0.8359,0.027,0.05,0.1104,0.04625,11,平时
11/5/2020 16:00,7432 ,1.103213,0.027,0.05,0.1104,0.04625,11,高峰
11/5/2020 17:00,7433 ,1.103213,0.027,0.05,0.1104,0.04625,11,高峰
11/5/2020 18:00,7434 ,1.103213,0.027,0.05,0.1104,0.04625,11,高峰
11/5/2020 19:00,7435 ,1.103213,0.027,0.05,0.1104,0.04625,11,高峰
11/5/2020 20:00,7436 ,1.103213,0.027,0.05,0.1104,0.04625,11,高峰
11/5/2020 21:00,7437 ,1.103213,0.027,0.05,0.1104,0.04625,11,高峰
11/5/2020 22:00,7438 ,1.103213,0.027,0.05,0.1104,0.04625,11,高峰
11/5/2020 23:00,7439 ,1.103213,0.027,0.05,0.1104,0.04625,11,高峰
11/6/2020 0:00,7440 ,0.32425,0.027,0.05,0.1104,0.04625,11,低谷
11/6/2020 1:00,7441 ,0.32425,0.027,0.05,0.1104,0.04625,11,低谷
11/6/2020 2:00,7442 ,0.32425,0.027,0.05,0.1104,0.04625,11,低谷
11/6/2020 3:00,7443 ,0.32425,0.027,0.05,0.1104,0.04625,11,低谷
11/6/2020 4:00,7444 ,0.32425,0.027,0.05,0.1104,0.04625,11,低谷
11/6/2020 5:00,7445 ,0.32425,0.027,0.05,0.1104,0.04625,11,低谷
11/6/2020 6:00,7446 ,0.8359,0.027,0.05,0.1104,0.04625,11,平时
11/6/2020 7:00,7447 ,0.8359,0.027,0.05,0.1104,0.04625,11,平时
11/6/2020 8:00,7448 ,0.8359,0.027,0.05,0.1104,0.04625,11,平时
11/6/2020 9:00,7449 ,0.8359,0.027,0.05,0.1104,0.04625,11,平时
11/6/2020 10:00,7450 ,0.8359,0.027,0.05,0.1104,0.04625,11,平时
11/6/2020 11:00,7451 ,0.8359,0.027,0.05,0.1104,0.04625,11,平时
11/6/2020 12:00,7452 ,0.32425,0.027,0.05,0.1104,0.04625,11,低谷
11/6/2020 13:00,7453 ,0.32425,0.027,0.05,0.1104,0.04625,11,低谷
11/6/2020 14:00,7454 ,0.8359,0.027,0.05,0.1104,0.04625,11,平时
11/6/2020 15:00,7455 ,0.8359,0.027,0.05,0.1104,0.04625,11,平时
11/6/2020 16:00,7456 ,1.103213,0.027,0.05,0.1104,0.04625,11,高峰
11/6/2020 17:00,7457 ,1.103213,0.027,0.05,0.1104,0.04625,11,高峰
11/6/2020 18:00,7458 ,1.103213,0.027,0.05,0.1104,0.04625,11,高峰
11/6/2020 19:00,7459 ,1.103213,0.027,0.05,0.1104,0.04625,11,高峰
11/6/2020 20:00,7460 ,1.103213,0.027,0.05,0.1104,0.04625,11,高峰
11/6/2020 21:00,7461 ,1.103213,0.027,0.05,0.1104,0.04625,11,高峰
11/6/2020 22:00,7462 ,1.103213,0.027,0.05,0.1104,0.04625,11,高峰
11/6/2020 23:00,7463 ,1.103213,0.027,0.05,0.1104,0.04625,11,高峰
11/7/2020 0:00,7464 ,0.32425,0.027,0.05,0.1104,0.04625,11,低谷
11/7/2020 1:00,7465 ,0.32425,0.027,0.05,0.1104,0.04625,11,低谷
11/7/2020 2:00,7466 ,0.32425,0.027,0.05,0.1104,0.04625,11,低谷
11/7/2020 3:00,7467 ,0.32425,0.027,0.05,0.1104,0.04625,11,低谷
11/7/2020 4:00,7468 ,0.32425,0.027,0.05,0.1104,0.04625,11,低谷
11/7/2020 5:00,7469 ,0.32425,0.027,0.05,0.1104,0.04625,11,低谷
11/7/2020 6:00,7470 ,0.8359,0.027,0.05,0.1104,0.04625,11,平时
11/7/2020 7:00,7471 ,0.8359,0.027,0.05,0.1104,0.04625,11,平时
11/7/2020 8:00,7472 ,0.8359,0.027,0.05,0.1104,0.04625,11,平时
11/7/2020 9:00,7473 ,0.8359,0.027,0.05,0.1104,0.04625,11,平时
11/7/2020 10:00,7474 ,0.8359,0.027,0.05,0.1104,0.04625,11,平时
11/7/2020 11:00,7475 ,0.8359,0.027,0.05,0.1104,0.04625,11,平时
11/7/2020 12:00,7476 ,0.32425,0.027,0.05,0.1104,0.04625,11,低谷
11/7/2020 13:00,7477 ,0.32425,0.027,0.05,0.1104,0.04625,11,低谷
11/7/2020 14:00,7478 ,0.8359,0.027,0.05,0.1104,0.04625,11,平时
11/7/2020 15:00,7479 ,0.8359,0.027,0.05,0.1104,0.04625,11,平时
11/7/2020 16:00,7480 ,1.103213,0.027,0.05,0.1104,0.04625,11,高峰
11/7/2020 17:00,7481 ,1.103213,0.027,0.05,0.1104,0.04625,11,高峰
11/7/2020 18:00,7482 ,1.103213,0.027,0.05,0.1104,0.04625,11,高峰
11/7/2020 19:00,7483 ,1.103213,0.027,0.05,0.1104,0.04625,11,高峰
11/7/2020 20:00,7484 ,1.103213,0.027,0.05,0.1104,0.04625,11,高峰
11/7/2020 21:00,7485 ,1.103213,0.027,0.05,0.1104,0.04625,11,高峰
11/7/2020 22:00,7486 ,1.103213,0.027,0.05,0.1104,0.04625,11,高峰
11/7/2020 23:00,7487 ,1.103213,0.027,0.05,0.1104,0.04625,11,高峰
11/8/2020 0:00,7488 ,0.32425,0.027,0.05,0.1104,0.04625,11,低谷
11/8/2020 1:00,7489 ,0.32425,0.027,0.05,0.1104,0.04625,11,低谷
11/8/2020 2:00,7490 ,0.32425,0.027,0.05,0.1104,0.04625,11,低谷
11/8/2020 3:00,7491 ,0.32425,0.027,0.05,0.1104,0.04625,11,低谷
11/8/2020 4:00,7492 ,0.32425,0.027,0.05,0.1104,0.04625,11,低谷
11/8/2020 5:00,7493 ,0.32425,0.027,0.05,0.1104,0.04625,11,低谷
11/8/2020 6:00,7494 ,0.8359,0.027,0.05,0.1104,0.04625,11,平时
11/8/2020 7:00,7495 ,0.8359,0.027,0.05,0.1104,0.04625,11,平时
11/8/2020 8:00,7496 ,0.8359,0.027,0.05,0.1104,0.04625,11,平时
11/8/2020 9:00,7497 ,0.8359,0.027,0.05,0.1104,0.04625,11,平时
11/8/2020 10:00,7498 ,0.8359,0.027,0.05,0.1104,0.04625,11,平时
11/8/2020 11:00,7499 ,0.8359,0.027,0.05,0.1104,0.04625,11,平时
11/8/2020 12:00,7500 ,0.32425,0.027,0.05,0.1104,0.04625,11,低谷
11/8/2020 13:00,7501 ,0.32425,0.027,0.05,0.1104,0.04625,11,低谷
11/8/2020 14:00,7502 ,0.8359,0.027,0.05,0.1104,0.04625,11,平时
11/8/2020 15:00,7503 ,0.8359,0.027,0.05,0.1104,0.04625,11,平时
11/8/2020 16:00,7504 ,1.103213,0.027,0.05,0.1104,0.04625,11,高峰
11/8/2020 17:00,7505 ,1.103213,0.027,0.05,0.1104,0.04625,11,高峰
11/8/2020 18:00,7506 ,1.103213,0.027,0.05,0.1104,0.04625,11,高峰
11/8/2020 19:00,7507 ,1.103213,0.027,0.05,0.1104,0.04625,11,高峰
11/8/2020 20:00,7508 ,1.103213,0.027,0.05,0.1104,0.04625,11,高峰
11/8/2020 21:00,7509 ,1.103213,0.027,0.05,0.1104,0.04625,11,高峰
11/8/2020 22:00,7510 ,1.103213,0.027,0.05,0.1104,0.04625,11,高峰
11/8/2020 23:00,7511 ,1.103213,0.027,0.05,0.1104,0.04625,11,高峰
11/9/2020 0:00,7512 ,0.32425,0.027,0.05,0.1104,0.04625,11,低谷
11/9/2020 1:00,7513 ,0.32425,0.027,0.05,0.1104,0.04625,11,低谷
11/9/2020 2:00,7514 ,0.32425,0.027,0.05,0.1104,0.04625,11,低谷
11/9/2020 3:00,7515 ,0.32425,0.027,0.05,0.1104,0.04625,11,低谷
11/9/2020 4:00,7516 ,0.32425,0.027,0.05,0.1104,0.04625,11,低谷
11/9/2020 5:00,7517 ,0.32425,0.027,0.05,0.1104,0.04625,11,低谷
11/9/2020 6:00,7518 ,0.8359,0.027,0.05,0.1104,0.04625,11,平时
11/9/2020 7:00,7519 ,0.8359,0.027,0.05,0.1104,0.04625,11,平时
11/9/2020 8:00,7520 ,0.8359,0.027,0.05,0.1104,0.04625,11,平时
11/9/2020 9:00,7521 ,0.8359,0.027,0.05,0.1104,0.04625,11,平时
11/9/2020 10:00,7522 ,0.8359,0.027,0.05,0.1104,0.04625,11,平时
11/9/2020 11:00,7523 ,0.8359,0.027,0.05,0.1104,0.04625,11,平时
11/9/2020 12:00,7524 ,0.32425,0.027,0.05,0.1104,0.04625,11,低谷
11/9/2020 13:00,7525 ,0.32425,0.027,0.05,0.1104,0.04625,11,低谷
11/9/2020 14:00,7526 ,0.8359,0.027,0.05,0.1104,0.04625,11,平时
11/9/2020 15:00,7527 ,0.8359,0.027,0.05,0.1104,0.04625,11,平时
11/9/2020 16:00,7528 ,1.103213,0.027,0.05,0.1104,0.04625,11,高峰
11/9/2020 17:00,7529 ,1.103213,0.027,0.05,0.1104,0.04625,11,高峰
11/9/2020 18:00,7530 ,1.103213,0.027,0.05,0.1104,0.04625,11,高峰
11/9/2020 19:00,7531 ,1.103213,0.027,0.05,0.1104,0.04625,11,高峰
11/9/2020 20:00,7532 ,1.103213,0.027,0.05,0.1104,0.04625,11,高峰
11/9/2020 21:00,7533 ,1.103213,0.027,0.05,0.1104,0.04625,11,高峰
11/9/2020 22:00,7534 ,1.103213,0.027,0.05,0.1104,0.04625,11,高峰
11/9/2020 23:00,7535 ,1.103213,0.027,0.05,0.1104,0.04625,11,高峰
11/10/2020 0:00,7536 ,0.32425,0.027,0.05,0.1104,0.04625,11,低谷
11/10/2020 1:00,7537 ,0.32425,0.027,0.05,0.1104,0.04625,11,低谷
11/10/2020 2:00,7538 ,0.32425,0.027,0.05,0.1104,0.04625,11,低谷
11/10/2020 3:00,7539 ,0.32425,0.027,0.05,0.1104,0.04625,11,低谷
11/10/2020 4:00,7540 ,0.32425,0.027,0.05,0.1104,0.04625,11,低谷
11/10/2020 5:00,7541 ,0.32425,0.027,0.05,0.1104,0.04625,11,低谷
11/10/2020 6:00,7542 ,0.8359,0.027,0.05,0.1104,0.04625,11,平时
11/10/2020 7:00,7543 ,0.8359,0.027,0.05,0.1104,0.04625,11,平时
11/10/2020 8:00,7544 ,0.8359,0.027,0.05,0.1104,0.04625,11,平时
11/10/2020 9:00,7545 ,0.8359,0.027,0.05,0.1104,0.04625,11,平时
11/10/2020 10:00,7546 ,0.8359,0.027,0.05,0.1104,0.04625,11,平时
11/10/2020 11:00,7547 ,0.8359,0.027,0.05,0.1104,0.04625,11,平时
11/10/2020 12:00,7548 ,0.32425,0.027,0.05,0.1104,0.04625,11,低谷
11/10/2020 13:00,7549 ,0.32425,0.027,0.05,0.1104,0.04625,11,低谷
11/10/2020 14:00,7550 ,0.8359,0.027,0.05,0.1104,0.04625,11,平时
11/10/2020 15:00,7551 ,0.8359,0.027,0.05,0.1104,0.04625,11,平时
11/10/2020 16:00,7552 ,1.103213,0.027,0.05,0.1104,0.04625,11,高峰
11/10/2020 17:00,7553 ,1.103213,0.027,0.05,0.1104,0.04625,11,高峰
11/10/2020 18:00,7554 ,1.103213,0.027,0.05,0.1104,0.04625,11,高峰
11/10/2020 19:00,7555 ,1.103213,0.027,0.05,0.1104,0.04625,11,高峰
11/10/2020 20:00,7556 ,1.103213,0.027,0.05,0.1104,0.04625,11,高峰
11/10/2020 21:00,7557 ,1.103213,0.027,0.05,0.1104,0.04625,11,高峰
11/10/2020 22:00,7558 ,1.103213,0.027,0.05,0.1104,0.04625,11,高峰
11/10/2020 23:00,7559 ,1.103213,0.027,0.05,0.1104,0.04625,11,高峰
11/11/2020 0:00,7560 ,0.32425,0.027,0.05,0.1104,0.04625,11,低谷
11/11/2020 1:00,7561 ,0.32425,0.027,0.05,0.1104,0.04625,11,低谷
11/11/2020 2:00,7562 ,0.32425,0.027,0.05,0.1104,0.04625,11,低谷
11/11/2020 3:00,7563 ,0.32425,0.027,0.05,0.1104,0.04625,11,低谷
11/11/2020 4:00,7564 ,0.32425,0.027,0.05,0.1104,0.04625,11,低谷
11/11/2020 5:00,7565 ,0.32425,0.027,0.05,0.1104,0.04625,11,低谷
11/11/2020 6:00,7566 ,0.8359,0.027,0.05,0.1104,0.04625,11,平时
11/11/2020 7:00,7567 ,0.8359,0.027,0.05,0.1104,0.04625,11,平时
11/11/2020 8:00,7568 ,0.8359,0.027,0.05,0.1104,0.04625,11,平时
11/11/2020 9:00,7569 ,0.8359,0.027,0.05,0.1104,0.04625,11,平时
11/11/2020 10:00,7570 ,0.8359,0.027,0.05,0.1104,0.04625,11,平时
11/11/2020 11:00,7571 ,0.8359,0.027,0.05,0.1104,0.04625,11,平时
11/11/2020 12:00,7572 ,0.32425,0.027,0.05,0.1104,0.04625,11,低谷
11/11/2020 13:00,7573 ,0.32425,0.027,0.05,0.1104,0.04625,11,低谷
11/11/2020 14:00,7574 ,0.8359,0.027,0.05,0.1104,0.04625,11,平时
11/11/2020 15:00,7575 ,0.8359,0.027,0.05,0.1104,0.04625,11,平时
11/11/2020 16:00,7576 ,1.103213,0.027,0.05,0.1104,0.04625,11,高峰
11/11/2020 17:00,7577 ,1.103213,0.027,0.05,0.1104,0.04625,11,高峰
11/11/2020 18:00,7578 ,1.103213,0.027,0.05,0.1104,0.04625,11,高峰
11/11/2020 19:00,7579 ,1.103213,0.027,0.05,0.1104,0.04625,11,高峰
11/11/2020 20:00,7580 ,1.103213,0.027,0.05,0.1104,0.04625,11,高峰
11/11/2020 21:00,7581 ,1.103213,0.027,0.05,0.1104,0.04625,11,高峰
11/11/2020 22:00,7582 ,1.103213,0.027,0.05,0.1104,0.04625,11,高峰
11/11/2020 23:00,7583 ,1.103213,0.027,0.05,0.1104,0.04625,11,高峰
11/12/2020 0:00,7584 ,0.32425,0.027,0.05,0.1104,0.04625,11,低谷
11/12/2020 1:00,7585 ,0.32425,0.027,0.05,0.1104,0.04625,11,低谷
11/12/2020 2:00,7586 ,0.32425,0.027,0.05,0.1104,0.04625,11,低谷
11/12/2020 3:00,7587 ,0.32425,0.027,0.05,0.1104,0.04625,11,低谷
11/12/2020 4:00,7588 ,0.32425,0.027,0.05,0.1104,0.04625,11,低谷
11/12/2020 5:00,7589 ,0.32425,0.027,0.05,0.1104,0.04625,11,低谷
11/12/2020 6:00,7590 ,0.8359,0.027,0.05,0.1104,0.04625,11,平时
11/12/2020 7:00,7591 ,0.8359,0.027,0.05,0.1104,0.04625,11,平时
11/12/2020 8:00,7592 ,0.8359,0.027,0.05,0.1104,0.04625,11,平时
11/12/2020 9:00,7593 ,0.8359,0.027,0.05,0.1104,0.04625,11,平时
11/12/2020 10:00,7594 ,0.8359,0.027,0.05,0.1104,0.04625,11,平时
11/12/2020 11:00,7595 ,0.8359,0.027,0.05,0.1104,0.04625,11,平时
11/12/2020 12:00,7596 ,0.32425,0.027,0.05,0.1104,0.04625,11,低谷
11/12/2020 13:00,7597 ,0.32425,0.027,0.05,0.1104,0.04625,11,低谷
11/12/2020 14:00,7598 ,0.8359,0.027,0.05,0.1104,0.04625,11,平时
11/12/2020 15:00,7599 ,0.8359,0.027,0.05,0.1104,0.04625,11,平时
11/12/2020 16:00,7600 ,1.103213,0.027,0.05,0.1104,0.04625,11,高峰
11/12/2020 17:00,7601 ,1.103213,0.027,0.05,0.1104,0.04625,11,高峰
11/12/2020 18:00,7602 ,1.103213,0.027,0.05,0.1104,0.04625,11,高峰
11/12/2020 19:00,7603 ,1.103213,0.027,0.05,0.1104,0.04625,11,高峰
11/12/2020 20:00,7604 ,1.103213,0.027,0.05,0.1104,0.04625,11,高峰
11/12/2020 21:00,7605 ,1.103213,0.027,0.05,0.1104,0.04625,11,高峰
11/12/2020 22:00,7606 ,1.103213,0.027,0.05,0.1104,0.04625,11,高峰
11/12/2020 23:00,7607 ,1.103213,0.027,0.05,0.1104,0.04625,11,高峰
11/13/2020 0:00,7608 ,0.32425,0.027,0.05,0.1104,0.04625,11,低谷
11/13/2020 1:00,7609 ,0.32425,0.027,0.05,0.1104,0.04625,11,低谷
11/13/2020 2:00,7610 ,0.32425,0.027,0.05,0.1104,0.04625,11,低谷
11/13/2020 3:00,7611 ,0.32425,0.027,0.05,0.1104,0.04625,11,低谷
11/13/2020 4:00,7612 ,0.32425,0.027,0.05,0.1104,0.04625,11,低谷
11/13/2020 5:00,7613 ,0.32425,0.027,0.05,0.1104,0.04625,11,低谷
11/13/2020 6:00,7614 ,0.8359,0.027,0.05,0.1104,0.04625,11,平时
11/13/2020 7:00,7615 ,0.8359,0.027,0.05,0.1104,0.04625,11,平时
11/13/2020 8:00,7616 ,0.8359,0.027,0.05,0.1104,0.04625,11,平时
11/13/2020 9:00,7617 ,0.8359,0.027,0.05,0.1104,0.04625,11,平时
11/13/2020 10:00,7618 ,0.8359,0.027,0.05,0.1104,0.04625,11,平时
11/13/2020 11:00,7619 ,0.8359,0.027,0.05,0.1104,0.04625,11,平时
11/13/2020 12:00,7620 ,0.32425,0.027,0.05,0.1104,0.04625,11,低谷
11/13/2020 13:00,7621 ,0.32425,0.027,0.05,0.1104,0.04625,11,低谷
11/13/2020 14:00,7622 ,0.8359,0.027,0.05,0.1104,0.04625,11,平时
11/13/2020 15:00,7623 ,0.8359,0.027,0.05,0.1104,0.04625,11,平时
11/13/2020 16:00,7624 ,1.103213,0.027,0.05,0.1104,0.04625,11,高峰
11/13/2020 17:00,7625 ,1.103213,0.027,0.05,0.1104,0.04625,11,高峰
11/13/2020 18:00,7626 ,1.103213,0.027,0.05,0.1104,0.04625,11,高峰
11/13/2020 19:00,7627 ,1.103213,0.027,0.05,0.1104,0.04625,11,高峰
11/13/2020 20:00,7628 ,1.103213,0.027,0.05,0.1104,0.04625,11,高峰
11/13/2020 21:00,7629 ,1.103213,0.027,0.05,0.1104,0.04625,11,高峰
11/13/2020 22:00,7630 ,1.103213,0.027,0.05,0.1104,0.04625,11,高峰
11/13/2020 23:00,7631 ,1.103213,0.027,0.05,0.1104,0.04625,11,高峰
11/14/2020 0:00,7632 ,0.32425,0.027,0.05,0.1104,0.04625,11,低谷
11/14/2020 1:00,7633 ,0.32425,0.027,0.05,0.1104,0.04625,11,低谷
11/14/2020 2:00,7634 ,0.32425,0.027,0.05,0.1104,0.04625,11,低谷
11/14/2020 3:00,7635 ,0.32425,0.027,0.05,0.1104,0.04625,11,低谷
11/14/2020 4:00,7636 ,0.32425,0.027,0.05,0.1104,0.04625,11,低谷
11/14/2020 5:00,7637 ,0.32425,0.027,0.05,0.1104,0.04625,11,低谷
11/14/2020 6:00,7638 ,0.8359,0.027,0.05,0.1104,0.04625,11,平时
11/14/2020 7:00,7639 ,0.8359,0.027,0.05,0.1104,0.04625,11,平时
11/14/2020 8:00,7640 ,0.8359,0.027,0.05,0.1104,0.04625,11,平时
11/14/2020 9:00,7641 ,0.8359,0.027,0.05,0.1104,0.04625,11,平时
11/14/2020 10:00,7642 ,0.8359,0.027,0.05,0.1104,0.04625,11,平时
11/14/2020 11:00,7643 ,0.8359,0.027,0.05,0.1104,0.04625,11,平时
11/14/2020 12:00,7644 ,0.32425,0.027,0.05,0.1104,0.04625,11,低谷
11/14/2020 13:00,7645 ,0.32425,0.027,0.05,0.1104,0.04625,11,低谷
11/14/2020 14:00,7646 ,0.8359,0.027,0.05,0.1104,0.04625,11,平时
11/14/2020 15:00,7647 ,0.8359,0.027,0.05,0.1104,0.04625,11,平时
11/14/2020 16:00,7648 ,1.103213,0.027,0.05,0.1104,0.04625,11,高峰
11/14/2020 17:00,7649 ,1.103213,0.027,0.05,0.1104,0.04625,11,高峰
11/14/2020 18:00,7650 ,1.103213,0.027,0.05,0.1104,0.04625,11,高峰
11/14/2020 19:00,7651 ,1.103213,0.027,0.05,0.1104,0.04625,11,高峰
11/14/2020 20:00,7652 ,1.103213,0.027,0.05,0.1104,0.04625,11,高峰
11/14/2020 21:00,7653 ,1.103213,0.027,0.05,0.1104,0.04625,11,高峰
11/14/2020 22:00,7654 ,1.103213,0.027,0.05,0.1104,0.04625,11,高峰
11/14/2020 23:00,7655 ,1.103213,0.027,0.05,0.1104,0.04625,11,高峰
11/15/2020 0:00,7656 ,0.32425,0.027,0.05,0.1104,0.04625,11,低谷
11/15/2020 1:00,7657 ,0.32425,0.027,0.05,0.1104,0.04625,11,低谷
11/15/2020 2:00,7658 ,0.32425,0.027,0.05,0.1104,0.04625,11,低谷
11/15/2020 3:00,7659 ,0.32425,0.027,0.05,0.1104,0.04625,11,低谷
11/15/2020 4:00,7660 ,0.32425,0.027,0.05,0.1104,0.04625,11,低谷
11/15/2020 5:00,7661 ,0.32425,0.027,0.05,0.1104,0.04625,11,低谷
11/15/2020 6:00,7662 ,0.8359,0.027,0.05,0.1104,0.04625,11,平时
11/15/2020 7:00,7663 ,0.8359,0.027,0.05,0.1104,0.04625,11,平时
11/15/2020 8:00,7664 ,0.8359,0.027,0.05,0.1104,0.04625,11,平时
11/15/2020 9:00,7665 ,0.8359,0.027,0.05,0.1104,0.04625,11,平时
11/15/2020 10:00,7666 ,0.8359,0.027,0.05,0.1104,0.04625,11,平时
11/15/2020 11:00,7667 ,0.8359,0.027,0.05,0.1104,0.04625,11,平时
11/15/2020 12:00,7668 ,0.32425,0.027,0.05,0.1104,0.04625,11,低谷
11/15/2020 13:00,7669 ,0.32425,0.027,0.05,0.1104,0.04625,11,低谷
11/15/2020 14:00,7670 ,0.8359,0.027,0.05,0.1104,0.04625,11,平时
11/15/2020 15:00,7671 ,0.8359,0.027,0.05,0.1104,0.04625,11,平时
11/15/2020 16:00,7672 ,1.103213,0.027,0.05,0.1104,0.04625,11,高峰
11/15/2020 17:00,7673 ,1.103213,0.027,0.05,0.1104,0.04625,11,高峰
11/15/2020 18:00,7674 ,1.103213,0.027,0.05,0.1104,0.04625,11,高峰
11/15/2020 19:00,7675 ,1.103213,0.027,0.05,0.1104,0.04625,11,高峰
11/15/2020 20:00,7676 ,1.103213,0.027,0.05,0.1104,0.04625,11,高峰
11/15/2020 21:00,7677 ,1.103213,0.027,0.05,0.1104,0.04625,11,高峰
11/15/2020 22:00,7678 ,1.103213,0.027,0.05,0.1104,0.04625,11,高峰
11/15/2020 23:00,7679 ,1.103213,0.027,0.05,0.1104,0.04625,11,高峰
11/16/2020 0:00,7680 ,0.32425,0.027,0.05,0.1104,0.04625,11,低谷
11/16/2020 1:00,7681 ,0.32425,0.027,0.05,0.1104,0.04625,11,低谷
11/16/2020 2:00,7682 ,0.32425,0.027,0.05,0.1104,0.04625,11,低谷
11/16/2020 3:00,7683 ,0.32425,0.027,0.05,0.1104,0.04625,11,低谷
11/16/2020 4:00,7684 ,0.32425,0.027,0.05,0.1104,0.04625,11,低谷
11/16/2020 5:00,7685 ,0.32425,0.027,0.05,0.1104,0.04625,11,低谷
11/16/2020 6:00,7686 ,0.8359,0.027,0.05,0.1104,0.04625,11,平时
11/16/2020 7:00,7687 ,0.8359,0.027,0.05,0.1104,0.04625,11,平时
11/16/2020 8:00,7688 ,0.8359,0.027,0.05,0.1104,0.04625,11,平时
11/16/2020 9:00,7689 ,0.8359,0.027,0.05,0.1104,0.04625,11,平时
11/16/2020 10:00,7690 ,0.8359,0.027,0.05,0.1104,0.04625,11,平时
11/16/2020 11:00,7691 ,0.8359,0.027,0.05,0.1104,0.04625,11,平时
11/16/2020 12:00,7692 ,0.32425,0.027,0.05,0.1104,0.04625,11,低谷
11/16/2020 13:00,7693 ,0.32425,0.027,0.05,0.1104,0.04625,11,低谷
11/16/2020 14:00,7694 ,0.8359,0.027,0.05,0.1104,0.04625,11,平时
11/16/2020 15:00,7695 ,0.8359,0.027,0.05,0.1104,0.04625,11,平时
11/16/2020 16:00,7696 ,1.103213,0.027,0.05,0.1104,0.04625,11,高峰
11/16/2020 17:00,7697 ,1.103213,0.027,0.05,0.1104,0.04625,11,高峰
11/16/2020 18:00,7698 ,1.103213,0.027,0.05,0.1104,0.04625,11,高峰
11/16/2020 19:00,7699 ,1.103213,0.027,0.05,0.1104,0.04625,11,高峰
11/16/2020 20:00,7700 ,1.103213,0.027,0.05,0.1104,0.04625,11,高峰
11/16/2020 21:00,7701 ,1.103213,0.027,0.05,0.1104,0.04625,11,高峰
11/16/2020 22:00,7702 ,1.103213,0.027,0.05,0.1104,0.04625,11,高峰
11/16/2020 23:00,7703 ,1.103213,0.027,0.05,0.1104,0.04625,11,高峰
11/17/2020 0:00,7704 ,0.32425,0.027,0.05,0.1104,0.04625,11,低谷
11/17/2020 1:00,7705 ,0.32425,0.027,0.05,0.1104,0.04625,11,低谷
11/17/2020 2:00,7706 ,0.32425,0.027,0.05,0.1104,0.04625,11,低谷
11/17/2020 3:00,7707 ,0.32425,0.027,0.05,0.1104,0.04625,11,低谷
11/17/2020 4:00,7708 ,0.32425,0.027,0.05,0.1104,0.04625,11,低谷
11/17/2020 5:00,7709 ,0.32425,0.027,0.05,0.1104,0.04625,11,低谷
11/17/2020 6:00,7710 ,0.8359,0.027,0.05,0.1104,0.04625,11,平时
11/17/2020 7:00,7711 ,0.8359,0.027,0.05,0.1104,0.04625,11,平时
11/17/2020 8:00,7712 ,0.8359,0.027,0.05,0.1104,0.04625,11,平时
11/17/2020 9:00,7713 ,0.8359,0.027,0.05,0.1104,0.04625,11,平时
11/17/2020 10:00,7714 ,0.8359,0.027,0.05,0.1104,0.04625,11,平时
11/17/2020 11:00,7715 ,0.8359,0.027,0.05,0.1104,0.04625,11,平时
11/17/2020 12:00,7716 ,0.32425,0.027,0.05,0.1104,0.04625,11,低谷
11/17/2020 13:00,7717 ,0.32425,0.027,0.05,0.1104,0.04625,11,低谷
11/17/2020 14:00,7718 ,0.8359,0.027,0.05,0.1104,0.04625,11,平时
11/17/2020 15:00,7719 ,0.8359,0.027,0.05,0.1104,0.04625,11,平时
11/17/2020 16:00,7720 ,1.103213,0.027,0.05,0.1104,0.04625,11,高峰
11/17/2020 17:00,7721 ,1.103213,0.027,0.05,0.1104,0.04625,11,高峰
11/17/2020 18:00,7722 ,1.103213,0.027,0.05,0.1104,0.04625,11,高峰
11/17/2020 19:00,7723 ,1.103213,0.027,0.05,0.1104,0.04625,11,高峰
11/17/2020 20:00,7724 ,1.103213,0.027,0.05,0.1104,0.04625,11,高峰
11/17/2020 21:00,7725 ,1.103213,0.027,0.05,0.1104,0.04625,11,高峰
11/17/2020 22:00,7726 ,1.103213,0.027,0.05,0.1104,0.04625,11,高峰
11/17/2020 23:00,7727 ,1.103213,0.027,0.05,0.1104,0.04625,11,高峰
11/18/2020 0:00,7728 ,0.32425,0.027,0.05,0.1104,0.04625,11,低谷
11/18/2020 1:00,7729 ,0.32425,0.027,0.05,0.1104,0.04625,11,低谷
11/18/2020 2:00,7730 ,0.32425,0.027,0.05,0.1104,0.04625,11,低谷
11/18/2020 3:00,7731 ,0.32425,0.027,0.05,0.1104,0.04625,11,低谷
11/18/2020 4:00,7732 ,0.32425,0.027,0.05,0.1104,0.04625,11,低谷
11/18/2020 5:00,7733 ,0.32425,0.027,0.05,0.1104,0.04625,11,低谷
11/18/2020 6:00,7734 ,0.8359,0.027,0.05,0.1104,0.04625,11,平时
11/18/2020 7:00,7735 ,0.8359,0.027,0.05,0.1104,0.04625,11,平时
11/18/2020 8:00,7736 ,0.8359,0.027,0.05,0.1104,0.04625,11,平时
11/18/2020 9:00,7737 ,0.8359,0.027,0.05,0.1104,0.04625,11,平时
11/18/2020 10:00,7738 ,0.8359,0.027,0.05,0.1104,0.04625,11,平时
11/18/2020 11:00,7739 ,0.8359,0.027,0.05,0.1104,0.04625,11,平时
11/18/2020 12:00,7740 ,0.32425,0.027,0.05,0.1104,0.04625,11,低谷
11/18/2020 13:00,7741 ,0.32425,0.027,0.05,0.1104,0.04625,11,低谷
11/18/2020 14:00,7742 ,0.8359,0.027,0.05,0.1104,0.04625,11,平时
11/18/2020 15:00,7743 ,0.8359,0.027,0.05,0.1104,0.04625,11,平时
11/18/2020 16:00,7744 ,1.103213,0.027,0.05,0.1104,0.04625,11,高峰
11/18/2020 17:00,7745 ,1.103213,0.027,0.05,0.1104,0.04625,11,高峰
11/18/2020 18:00,7746 ,1.103213,0.027,0.05,0.1104,0.04625,11,高峰
11/18/2020 19:00,7747 ,1.103213,0.027,0.05,0.1104,0.04625,11,高峰
11/18/2020 20:00,7748 ,1.103213,0.027,0.05,0.1104,0.04625,11,高峰
11/18/2020 21:00,7749 ,1.103213,0.027,0.05,0.1104,0.04625,11,高峰
11/18/2020 22:00,7750 ,1.103213,0.027,0.05,0.1104,0.04625,11,高峰
11/18/2020 23:00,7751 ,1.103213,0.027,0.05,0.1104,0.04625,11,高峰
11/19/2020 0:00,7752 ,0.32425,0.027,0.05,0.1104,0.04625,11,低谷
11/19/2020 1:00,7753 ,0.32425,0.027,0.05,0.1104,0.04625,11,低谷
11/19/2020 2:00,7754 ,0.32425,0.027,0.05,0.1104,0.04625,11,低谷
11/19/2020 3:00,7755 ,0.32425,0.027,0.05,0.1104,0.04625,11,低谷
11/19/2020 4:00,7756 ,0.32425,0.027,0.05,0.1104,0.04625,11,低谷
11/19/2020 5:00,7757 ,0.32425,0.027,0.05,0.1104,0.04625,11,低谷
11/19/2020 6:00,7758 ,0.8359,0.027,0.05,0.1104,0.04625,11,平时
11/19/2020 7:00,7759 ,0.8359,0.027,0.05,0.1104,0.04625,11,平时
11/19/2020 8:00,7760 ,0.8359,0.027,0.05,0.1104,0.04625,11,平时
11/19/2020 9:00,7761 ,0.8359,0.027,0.05,0.1104,0.04625,11,平时
11/19/2020 10:00,7762 ,0.8359,0.027,0.05,0.1104,0.04625,11,平时
11/19/2020 11:00,7763 ,0.8359,0.027,0.05,0.1104,0.04625,11,平时
11/19/2020 12:00,7764 ,0.32425,0.027,0.05,0.1104,0.04625,11,低谷
11/19/2020 13:00,7765 ,0.32425,0.027,0.05,0.1104,0.04625,11,低谷
11/19/2020 14:00,7766 ,0.8359,0.027,0.05,0.1104,0.04625,11,平时
11/19/2020 15:00,7767 ,0.8359,0.027,0.05,0.1104,0.04625,11,平时
11/19/2020 16:00,7768 ,1.103213,0.027,0.05,0.1104,0.04625,11,高峰
11/19/2020 17:00,7769 ,1.103213,0.027,0.05,0.1104,0.04625,11,高峰
11/19/2020 18:00,7770 ,1.103213,0.027,0.05,0.1104,0.04625,11,高峰
11/19/2020 19:00,7771 ,1.103213,0.027,0.05,0.1104,0.04625,11,高峰
11/19/2020 20:00,7772 ,1.103213,0.027,0.05,0.1104,0.04625,11,高峰
11/19/2020 21:00,7773 ,1.103213,0.027,0.05,0.1104,0.04625,11,高峰
11/19/2020 22:00,7774 ,1.103213,0.027,0.05,0.1104,0.04625,11,高峰
11/19/2020 23:00,7775 ,1.103213,0.027,0.05,0.1104,0.04625,11,高峰
11/20/2020 0:00,7776 ,0.32425,0.027,0.05,0.1104,0.04625,11,低谷
11/20/2020 1:00,7777 ,0.32425,0.027,0.05,0.1104,0.04625,11,低谷
11/20/2020 2:00,7778 ,0.32425,0.027,0.05,0.1104,0.04625,11,低谷
11/20/2020 3:00,7779 ,0.32425,0.027,0.05,0.1104,0.04625,11,低谷
11/20/2020 4:00,7780 ,0.32425,0.027,0.05,0.1104,0.04625,11,低谷
11/20/2020 5:00,7781 ,0.32425,0.027,0.05,0.1104,0.04625,11,低谷
11/20/2020 6:00,7782 ,0.8359,0.027,0.05,0.1104,0.04625,11,平时
11/20/2020 7:00,7783 ,0.8359,0.027,0.05,0.1104,0.04625,11,平时
11/20/2020 8:00,7784 ,0.8359,0.027,0.05,0.1104,0.04625,11,平时
11/20/2020 9:00,7785 ,0.8359,0.027,0.05,0.1104,0.04625,11,平时
11/20/2020 10:00,7786 ,0.8359,0.027,0.05,0.1104,0.04625,11,平时
11/20/2020 11:00,7787 ,0.8359,0.027,0.05,0.1104,0.04625,11,平时
11/20/2020 12:00,7788 ,0.32425,0.027,0.05,0.1104,0.04625,11,低谷
11/20/2020 13:00,7789 ,0.32425,0.027,0.05,0.1104,0.04625,11,低谷
11/20/2020 14:00,7790 ,0.8359,0.027,0.05,0.1104,0.04625,11,平时
11/20/2020 15:00,7791 ,0.8359,0.027,0.05,0.1104,0.04625,11,平时
11/20/2020 16:00,7792 ,1.103213,0.027,0.05,0.1104,0.04625,11,高峰
11/20/2020 17:00,7793 ,1.103213,0.027,0.05,0.1104,0.04625,11,高峰
11/20/2020 18:00,7794 ,1.103213,0.027,0.05,0.1104,0.04625,11,高峰
11/20/2020 19:00,7795 ,1.103213,0.027,0.05,0.1104,0.04625,11,高峰
11/20/2020 20:00,7796 ,1.103213,0.027,0.05,0.1104,0.04625,11,高峰
11/20/2020 21:00,7797 ,1.103213,0.027,0.05,0.1104,0.04625,11,高峰
11/20/2020 22:00,7798 ,1.103213,0.027,0.05,0.1104,0.04625,11,高峰
11/20/2020 23:00,7799 ,1.103213,0.027,0.05,0.1104,0.04625,11,高峰
11/21/2020 0:00,7800 ,0.32425,0.027,0.05,0.1104,0.04625,11,低谷
11/21/2020 1:00,7801 ,0.32425,0.027,0.05,0.1104,0.04625,11,低谷
11/21/2020 2:00,7802 ,0.32425,0.027,0.05,0.1104,0.04625,11,低谷
11/21/2020 3:00,7803 ,0.32425,0.027,0.05,0.1104,0.04625,11,低谷
11/21/2020 4:00,7804 ,0.32425,0.027,0.05,0.1104,0.04625,11,低谷
11/21/2020 5:00,7805 ,0.32425,0.027,0.05,0.1104,0.04625,11,低谷
11/21/2020 6:00,7806 ,0.8359,0.027,0.05,0.1104,0.04625,11,平时
11/21/2020 7:00,7807 ,0.8359,0.027,0.05,0.1104,0.04625,11,平时
11/21/2020 8:00,7808 ,0.8359,0.027,0.05,0.1104,0.04625,11,平时
11/21/2020 9:00,7809 ,0.8359,0.027,0.05,0.1104,0.04625,11,平时
11/21/2020 10:00,7810 ,0.8359,0.027,0.05,0.1104,0.04625,11,平时
11/21/2020 11:00,7811 ,0.8359,0.027,0.05,0.1104,0.04625,11,平时
11/21/2020 12:00,7812 ,0.32425,0.027,0.05,0.1104,0.04625,11,低谷
11/21/2020 13:00,7813 ,0.32425,0.027,0.05,0.1104,0.04625,11,低谷
11/21/2020 14:00,7814 ,0.8359,0.027,0.05,0.1104,0.04625,11,平时
11/21/2020 15:00,7815 ,0.8359,0.027,0.05,0.1104,0.04625,11,平时
11/21/2020 16:00,7816 ,1.103213,0.027,0.05,0.1104,0.04625,11,高峰
11/21/2020 17:00,7817 ,1.103213,0.027,0.05,0.1104,0.04625,11,高峰
11/21/2020 18:00,7818 ,1.103213,0.027,0.05,0.1104,0.04625,11,高峰
11/21/2020 19:00,7819 ,1.103213,0.027,0.05,0.1104,0.04625,11,高峰
11/21/2020 20:00,7820 ,1.103213,0.027,0.05,0.1104,0.04625,11,高峰
11/21/2020 21:00,7821 ,1.103213,0.027,0.05,0.1104,0.04625,11,高峰
11/21/2020 22:00,7822 ,1.103213,0.027,0.05,0.1104,0.04625,11,高峰
11/21/2020 23:00,7823 ,1.103213,0.027,0.05,0.1104,0.04625,11,高峰
11/22/2020 0:00,7824 ,0.32425,0.027,0.05,0.1104,0.04625,11,低谷
11/22/2020 1:00,7825 ,0.32425,0.027,0.05,0.1104,0.04625,11,低谷
11/22/2020 2:00,7826 ,0.32425,0.027,0.05,0.1104,0.04625,11,低谷
11/22/2020 3:00,7827 ,0.32425,0.027,0.05,0.1104,0.04625,11,低谷
11/22/2020 4:00,7828 ,0.32425,0.027,0.05,0.1104,0.04625,11,低谷
11/22/2020 5:00,7829 ,0.32425,0.027,0.05,0.1104,0.04625,11,低谷
11/22/2020 6:00,7830 ,0.8359,0.027,0.05,0.1104,0.04625,11,平时
11/22/2020 7:00,7831 ,0.8359,0.027,0.05,0.1104,0.04625,11,平时
11/22/2020 8:00,7832 ,0.8359,0.027,0.05,0.1104,0.04625,11,平时
11/22/2020 9:00,7833 ,0.8359,0.027,0.05,0.1104,0.04625,11,平时
11/22/2020 10:00,7834 ,0.8359,0.027,0.05,0.1104,0.04625,11,平时
11/22/2020 11:00,7835 ,0.8359,0.027,0.05,0.1104,0.04625,11,平时
11/22/2020 12:00,7836 ,0.32425,0.027,0.05,0.1104,0.04625,11,低谷
11/22/2020 13:00,7837 ,0.32425,0.027,0.05,0.1104,0.04625,11,低谷
11/22/2020 14:00,7838 ,0.8359,0.027,0.05,0.1104,0.04625,11,平时
11/22/2020 15:00,7839 ,0.8359,0.027,0.05,0.1104,0.04625,11,平时
11/22/2020 16:00,7840 ,1.103213,0.027,0.05,0.1104,0.04625,11,高峰
11/22/2020 17:00,7841 ,1.103213,0.027,0.05,0.1104,0.04625,11,高峰
11/22/2020 18:00,7842 ,1.103213,0.027,0.05,0.1104,0.04625,11,高峰
11/22/2020 19:00,7843 ,1.103213,0.027,0.05,0.1104,0.04625,11,高峰
11/22/2020 20:00,7844 ,1.103213,0.027,0.05,0.1104,0.04625,11,高峰
11/22/2020 21:00,7845 ,1.103213,0.027,0.05,0.1104,0.04625,11,高峰
11/22/2020 22:00,7846 ,1.103213,0.027,0.05,0.1104,0.04625,11,高峰
11/22/2020 23:00,7847 ,1.103213,0.027,0.05,0.1104,0.04625,11,高峰
11/23/2020 0:00,7848 ,0.32425,0.027,0.05,0.1104,0.04625,11,低谷
11/23/2020 1:00,7849 ,0.32425,0.027,0.05,0.1104,0.04625,11,低谷
11/23/2020 2:00,7850 ,0.32425,0.027,0.05,0.1104,0.04625,11,低谷
11/23/2020 3:00,7851 ,0.32425,0.027,0.05,0.1104,0.04625,11,低谷
11/23/2020 4:00,7852 ,0.32425,0.027,0.05,0.1104,0.04625,11,低谷
11/23/2020 5:00,7853 ,0.32425,0.027,0.05,0.1104,0.04625,11,低谷
11/23/2020 6:00,7854 ,0.8359,0.027,0.05,0.1104,0.04625,11,平时
11/23/2020 7:00,7855 ,0.8359,0.027,0.05,0.1104,0.04625,11,平时
11/23/2020 8:00,7856 ,0.8359,0.027,0.05,0.1104,0.04625,11,平时
11/23/2020 9:00,7857 ,0.8359,0.027,0.05,0.1104,0.04625,11,平时
11/23/2020 10:00,7858 ,0.8359,0.027,0.05,0.1104,0.04625,11,平时
11/23/2020 11:00,7859 ,0.8359,0.027,0.05,0.1104,0.04625,11,平时
11/23/2020 12:00,7860 ,0.32425,0.027,0.05,0.1104,0.04625,11,低谷
11/23/2020 13:00,7861 ,0.32425,0.027,0.05,0.1104,0.04625,11,低谷
11/23/2020 14:00,7862 ,0.8359,0.027,0.05,0.1104,0.04625,11,平时
11/23/2020 15:00,7863 ,0.8359,0.027,0.05,0.1104,0.04625,11,平时
11/23/2020 16:00,7864 ,1.103213,0.027,0.05,0.1104,0.04625,11,高峰
11/23/2020 17:00,7865 ,1.103213,0.027,0.05,0.1104,0.04625,11,高峰
11/23/2020 18:00,7866 ,1.103213,0.027,0.05,0.1104,0.04625,11,高峰
11/23/2020 19:00,7867 ,1.103213,0.027,0.05,0.1104,0.04625,11,高峰
11/23/2020 20:00,7868 ,1.103213,0.027,0.05,0.1104,0.04625,11,高峰
11/23/2020 21:00,7869 ,1.103213,0.027,0.05,0.1104,0.04625,11,高峰
11/23/2020 22:00,7870 ,1.103213,0.027,0.05,0.1104,0.04625,11,高峰
11/23/2020 23:00,7871 ,1.103213,0.027,0.05,0.1104,0.04625,11,高峰
11/24/2020 0:00,7872 ,0.32425,0.027,0.05,0.1104,0.04625,11,低谷
11/24/2020 1:00,7873 ,0.32425,0.027,0.05,0.1104,0.04625,11,低谷
11/24/2020 2:00,7874 ,0.32425,0.027,0.05,0.1104,0.04625,11,低谷
11/24/2020 3:00,7875 ,0.32425,0.027,0.05,0.1104,0.04625,11,低谷
11/24/2020 4:00,7876 ,0.32425,0.027,0.05,0.1104,0.04625,11,低谷
11/24/2020 5:00,7877 ,0.32425,0.027,0.05,0.1104,0.04625,11,低谷
11/24/2020 6:00,7878 ,0.8359,0.027,0.05,0.1104,0.04625,11,平时
11/24/2020 7:00,7879 ,0.8359,0.027,0.05,0.1104,0.04625,11,平时
11/24/2020 8:00,7880 ,0.8359,0.027,0.05,0.1104,0.04625,11,平时
11/24/2020 9:00,7881 ,0.8359,0.027,0.05,0.1104,0.04625,11,平时
11/24/2020 10:00,7882 ,0.8359,0.027,0.05,0.1104,0.04625,11,平时
11/24/2020 11:00,7883 ,0.8359,0.027,0.05,0.1104,0.04625,11,平时
11/24/2020 12:00,7884 ,0.32425,0.027,0.05,0.1104,0.04625,11,低谷
11/24/2020 13:00,7885 ,0.32425,0.027,0.05,0.1104,0.04625,11,低谷
11/24/2020 14:00,7886 ,0.8359,0.027,0.05,0.1104,0.04625,11,平时
11/24/2020 15:00,7887 ,0.8359,0.027,0.05,0.1104,0.04625,11,平时
11/24/2020 16:00,7888 ,1.103213,0.027,0.05,0.1104,0.04625,11,高峰
11/24/2020 17:00,7889 ,1.103213,0.027,0.05,0.1104,0.04625,11,高峰
11/24/2020 18:00,7890 ,1.103213,0.027,0.05,0.1104,0.04625,11,高峰
11/24/2020 19:00,7891 ,1.103213,0.027,0.05,0.1104,0.04625,11,高峰
11/24/2020 20:00,7892 ,1.103213,0.027,0.05,0.1104,0.04625,11,高峰
11/24/2020 21:00,7893 ,1.103213,0.027,0.05,0.1104,0.04625,11,高峰
11/24/2020 22:00,7894 ,1.103213,0.027,0.05,0.1104,0.04625,11,高峰
11/24/2020 23:00,7895 ,1.103213,0.027,0.05,0.1104,0.04625,11,高峰
11/25/2020 0:00,7896 ,0.32425,0.027,0.05,0.1104,0.04625,11,低谷
11/25/2020 1:00,7897 ,0.32425,0.027,0.05,0.1104,0.04625,11,低谷
11/25/2020 2:00,7898 ,0.32425,0.027,0.05,0.1104,0.04625,11,低谷
11/25/2020 3:00,7899 ,0.32425,0.027,0.05,0.1104,0.04625,11,低谷
11/25/2020 4:00,7900 ,0.32425,0.027,0.05,0.1104,0.04625,11,低谷
11/25/2020 5:00,7901 ,0.32425,0.027,0.05,0.1104,0.04625,11,低谷
11/25/2020 6:00,7902 ,0.8359,0.027,0.05,0.1104,0.04625,11,平时
11/25/2020 7:00,7903 ,0.8359,0.027,0.05,0.1104,0.04625,11,平时
11/25/2020 8:00,7904 ,0.8359,0.027,0.05,0.1104,0.04625,11,平时
11/25/2020 9:00,7905 ,0.8359,0.027,0.05,0.1104,0.04625,11,平时
11/25/2020 10:00,7906 ,0.8359,0.027,0.05,0.1104,0.04625,11,平时
11/25/2020 11:00,7907 ,0.8359,0.027,0.05,0.1104,0.04625,11,平时
11/25/2020 12:00,7908 ,0.32425,0.027,0.05,0.1104,0.04625,11,低谷
11/25/2020 13:00,7909 ,0.32425,0.027,0.05,0.1104,0.04625,11,低谷
11/25/2020 14:00,7910 ,0.8359,0.027,0.05,0.1104,0.04625,11,平时
11/25/2020 15:00,7911 ,0.8359,0.027,0.05,0.1104,0.04625,11,平时
11/25/2020 16:00,7912 ,1.103213,0.027,0.05,0.1104,0.04625,11,高峰
11/25/2020 17:00,7913 ,1.103213,0.027,0.05,0.1104,0.04625,11,高峰
11/25/2020 18:00,7914 ,1.103213,0.027,0.05,0.1104,0.04625,11,高峰
11/25/2020 19:00,7915 ,1.103213,0.027,0.05,0.1104,0.04625,11,高峰
11/25/2020 20:00,7916 ,1.103213,0.027,0.05,0.1104,0.04625,11,高峰
11/25/2020 21:00,7917 ,1.103213,0.027,0.05,0.1104,0.04625,11,高峰
11/25/2020 22:00,7918 ,1.103213,0.027,0.05,0.1104,0.04625,11,高峰
11/25/2020 23:00,7919 ,1.103213,0.027,0.05,0.1104,0.04625,11,高峰
11/26/2020 0:00,7920 ,0.32425,0.027,0.05,0.1104,0.04625,11,低谷
11/26/2020 1:00,7921 ,0.32425,0.027,0.05,0.1104,0.04625,11,低谷
11/26/2020 2:00,7922 ,0.32425,0.027,0.05,0.1104,0.04625,11,低谷
11/26/2020 3:00,7923 ,0.32425,0.027,0.05,0.1104,0.04625,11,低谷
11/26/2020 4:00,7924 ,0.32425,0.027,0.05,0.1104,0.04625,11,低谷
11/26/2020 5:00,7925 ,0.32425,0.027,0.05,0.1104,0.04625,11,低谷
11/26/2020 6:00,7926 ,0.8359,0.027,0.05,0.1104,0.04625,11,平时
11/26/2020 7:00,7927 ,0.8359,0.027,0.05,0.1104,0.04625,11,平时
11/26/2020 8:00,7928 ,0.8359,0.027,0.05,0.1104,0.04625,11,平时
11/26/2020 9:00,7929 ,0.8359,0.027,0.05,0.1104,0.04625,11,平时
11/26/2020 10:00,7930 ,0.8359,0.027,0.05,0.1104,0.04625,11,平时
11/26/2020 11:00,7931 ,0.8359,0.027,0.05,0.1104,0.04625,11,平时
11/26/2020 12:00,7932 ,0.32425,0.027,0.05,0.1104,0.04625,11,低谷
11/26/2020 13:00,7933 ,0.32425,0.027,0.05,0.1104,0.04625,11,低谷
11/26/2020 14:00,7934 ,0.8359,0.027,0.05,0.1104,0.04625,11,平时
11/26/2020 15:00,7935 ,0.8359,0.027,0.05,0.1104,0.04625,11,平时
11/26/2020 16:00,7936 ,1.103213,0.027,0.05,0.1104,0.04625,11,高峰
11/26/2020 17:00,7937 ,1.103213,0.027,0.05,0.1104,0.04625,11,高峰
11/26/2020 18:00,7938 ,1.103213,0.027,0.05,0.1104,0.04625,11,高峰
11/26/2020 19:00,7939 ,1.103213,0.027,0.05,0.1104,0.04625,11,高峰
11/26/2020 20:00,7940 ,1.103213,0.027,0.05,0.1104,0.04625,11,高峰
11/26/2020 21:00,7941 ,1.103213,0.027,0.05,0.1104,0.04625,11,高峰
11/26/2020 22:00,7942 ,1.103213,0.027,0.05,0.1104,0.04625,11,高峰
11/26/2020 23:00,7943 ,1.103213,0.027,0.05,0.1104,0.04625,11,高峰
11/27/2020 0:00,7944 ,0.32425,0.027,0.05,0.1104,0.04625,11,低谷
11/27/2020 1:00,7945 ,0.32425,0.027,0.05,0.1104,0.04625,11,低谷
11/27/2020 2:00,7946 ,0.32425,0.027,0.05,0.1104,0.04625,11,低谷
11/27/2020 3:00,7947 ,0.32425,0.027,0.05,0.1104,0.04625,11,低谷
11/27/2020 4:00,7948 ,0.32425,0.027,0.05,0.1104,0.04625,11,低谷
11/27/2020 5:00,7949 ,0.32425,0.027,0.05,0.1104,0.04625,11,低谷
11/27/2020 6:00,7950 ,0.8359,0.027,0.05,0.1104,0.04625,11,平时
11/27/2020 7:00,7951 ,0.8359,0.027,0.05,0.1104,0.04625,11,平时
11/27/2020 8:00,7952 ,0.8359,0.027,0.05,0.1104,0.04625,11,平时
11/27/2020 9:00,7953 ,0.8359,0.027,0.05,0.1104,0.04625,11,平时
11/27/2020 10:00,7954 ,0.8359,0.027,0.05,0.1104,0.04625,11,平时
11/27/2020 11:00,7955 ,0.8359,0.027,0.05,0.1104,0.04625,11,平时
11/27/2020 12:00,7956 ,0.32425,0.027,0.05,0.1104,0.04625,11,低谷
11/27/2020 13:00,7957 ,0.32425,0.027,0.05,0.1104,0.04625,11,低谷
11/27/2020 14:00,7958 ,0.8359,0.027,0.05,0.1104,0.04625,11,平时
11/27/2020 15:00,7959 ,0.8359,0.027,0.05,0.1104,0.04625,11,平时
11/27/2020 16:00,7960 ,1.103213,0.027,0.05,0.1104,0.04625,11,高峰
11/27/2020 17:00,7961 ,1.103213,0.027,0.05,0.1104,0.04625,11,高峰
11/27/2020 18:00,7962 ,1.103213,0.027,0.05,0.1104,0.04625,11,高峰
11/27/2020 19:00,7963 ,1.103213,0.027,0.05,0.1104,0.04625,11,高峰
11/27/2020 20:00,7964 ,1.103213,0.027,0.05,0.1104,0.04625,11,高峰
11/27/2020 21:00,7965 ,1.103213,0.027,0.05,0.1104,0.04625,11,高峰
11/27/2020 22:00,7966 ,1.103213,0.027,0.05,0.1104,0.04625,11,高峰
11/27/2020 23:00,7967 ,1.103213,0.027,0.05,0.1104,0.04625,11,高峰
11/28/2020 0:00,7968 ,0.32425,0.027,0.05,0.1104,0.04625,11,低谷
11/28/2020 1:00,7969 ,0.32425,0.027,0.05,0.1104,0.04625,11,低谷
11/28/2020 2:00,7970 ,0.32425,0.027,0.05,0.1104,0.04625,11,低谷
11/28/2020 3:00,7971 ,0.32425,0.027,0.05,0.1104,0.04625,11,低谷
11/28/2020 4:00,7972 ,0.32425,0.027,0.05,0.1104,0.04625,11,低谷
11/28/2020 5:00,7973 ,0.32425,0.027,0.05,0.1104,0.04625,11,低谷
11/28/2020 6:00,7974 ,0.8359,0.027,0.05,0.1104,0.04625,11,平时
11/28/2020 7:00,7975 ,0.8359,0.027,0.05,0.1104,0.04625,11,平时
11/28/2020 8:00,7976 ,0.8359,0.027,0.05,0.1104,0.04625,11,平时
11/28/2020 9:00,7977 ,0.8359,0.027,0.05,0.1104,0.04625,11,平时
11/28/2020 10:00,7978 ,0.8359,0.027,0.05,0.1104,0.04625,11,平时
11/28/2020 11:00,7979 ,0.8359,0.027,0.05,0.1104,0.04625,11,平时
11/28/2020 12:00,7980 ,0.32425,0.027,0.05,0.1104,0.04625,11,低谷
11/28/2020 13:00,7981 ,0.32425,0.027,0.05,0.1104,0.04625,11,低谷
11/28/2020 14:00,7982 ,0.8359,0.027,0.05,0.1104,0.04625,11,平时
11/28/2020 15:00,7983 ,0.8359,0.027,0.05,0.1104,0.04625,11,平时
11/28/2020 16:00,7984 ,1.103213,0.027,0.05,0.1104,0.04625,11,高峰
11/28/2020 17:00,7985 ,1.103213,0.027,0.05,0.1104,0.04625,11,高峰
11/28/2020 18:00,7986 ,1.103213,0.027,0.05,0.1104,0.04625,11,高峰
11/28/2020 19:00,7987 ,1.103213,0.027,0.05,0.1104,0.04625,11,高峰
11/28/2020 20:00,7988 ,1.103213,0.027,0.05,0.1104,0.04625,11,高峰
11/28/2020 21:00,7989 ,1.103213,0.027,0.05,0.1104,0.04625,11,高峰
11/28/2020 22:00,7990 ,1.103213,0.027,0.05,0.1104,0.04625,11,高峰
11/28/2020 23:00,7991 ,1.103213,0.027,0.05,0.1104,0.04625,11,高峰
11/29/2020 0:00,7992 ,0.32425,0.027,0.05,0.1104,0.04625,11,低谷
11/29/2020 1:00,7993 ,0.32425,0.027,0.05,0.1104,0.04625,11,低谷
11/29/2020 2:00,7994 ,0.32425,0.027,0.05,0.1104,0.04625,11,低谷
11/29/2020 3:00,7995 ,0.32425,0.027,0.05,0.1104,0.04625,11,低谷
11/29/2020 4:00,7996 ,0.32425,0.027,0.05,0.1104,0.04625,11,低谷
11/29/2020 5:00,7997 ,0.32425,0.027,0.05,0.1104,0.04625,11,低谷
11/29/2020 6:00,7998 ,0.8359,0.027,0.05,0.1104,0.04625,11,平时
11/29/2020 7:00,7999 ,0.8359,0.027,0.05,0.1104,0.04625,11,平时
11/29/2020 8:00,8000 ,0.8359,0.027,0.05,0.1104,0.04625,11,平时
11/29/2020 9:00,8001 ,0.8359,0.027,0.05,0.1104,0.04625,11,平时
11/29/2020 10:00,8002 ,0.8359,0.027,0.05,0.1104,0.04625,11,平时
11/29/2020 11:00,8003 ,0.8359,0.027,0.05,0.1104,0.04625,11,平时
11/29/2020 12:00,8004 ,0.32425,0.027,0.05,0.1104,0.04625,11,低谷
11/29/2020 13:00,8005 ,0.32425,0.027,0.05,0.1104,0.04625,11,低谷
11/29/2020 14:00,8006 ,0.8359,0.027,0.05,0.1104,0.04625,11,平时
11/29/2020 15:00,8007 ,0.8359,0.027,0.05,0.1104,0.04625,11,平时
11/29/2020 16:00,8008 ,1.103213,0.027,0.05,0.1104,0.04625,11,高峰
11/29/2020 17:00,8009 ,1.103213,0.027,0.05,0.1104,0.04625,11,高峰
11/29/2020 18:00,8010 ,1.103213,0.027,0.05,0.1104,0.04625,11,高峰
11/29/2020 19:00,8011 ,1.103213,0.027,0.05,0.1104,0.04625,11,高峰
11/29/2020 20:00,8012 ,1.103213,0.027,0.05,0.1104,0.04625,11,高峰
11/29/2020 21:00,8013 ,1.103213,0.027,0.05,0.1104,0.04625,11,高峰
11/29/2020 22:00,8014 ,1.103213,0.027,0.05,0.1104,0.04625,11,高峰
11/29/2020 23:00,8015 ,1.103213,0.027,0.05,0.1104,0.04625,11,高峰
11/30/2020 0:00,8016 ,0.32425,0.027,0.05,0.1104,0.04625,11,低谷
11/30/2020 1:00,8017 ,0.32425,0.027,0.05,0.1104,0.04625,11,低谷
11/30/2020 2:00,8018 ,0.32425,0.027,0.05,0.1104,0.04625,11,低谷
11/30/2020 3:00,8019 ,0.32425,0.027,0.05,0.1104,0.04625,11,低谷
11/30/2020 4:00,8020 ,0.32425,0.027,0.05,0.1104,0.04625,11,低谷
11/30/2020 5:00,8021 ,0.32425,0.027,0.05,0.1104,0.04625,11,低谷
11/30/2020 6:00,8022 ,0.8359,0.027,0.05,0.1104,0.04625,11,平时
11/30/2020 7:00,8023 ,0.8359,0.027,0.05,0.1104,0.04625,11,平时
11/30/2020 8:00,8024 ,0.8359,0.027,0.05,0.1104,0.04625,11,平时
11/30/2020 9:00,8025 ,0.8359,0.027,0.05,0.1104,0.04625,11,平时
11/30/2020 10:00,8026 ,0.8359,0.027,0.05,0.1104,0.04625,11,平时
11/30/2020 11:00,8027 ,0.8359,0.027,0.05,0.1104,0.04625,11,平时
11/30/2020 12:00,8028 ,0.32425,0.027,0.05,0.1104,0.04625,11,低谷
11/30/2020 13:00,8029 ,0.32425,0.027,0.05,0.1104,0.04625,11,低谷
11/30/2020 14:00,8030 ,0.8359,0.027,0.05,0.1104,0.04625,11,平时
11/30/2020 15:00,8031 ,0.8359,0.027,0.05,0.1104,0.04625,11,平时
11/30/2020 16:00,8032 ,1.103213,0.027,0.05,0.1104,0.04625,11,高峰
11/30/2020 17:00,8033 ,1.103213,0.027,0.05,0.1104,0.04625,11,高峰
11/30/2020 18:00,8034 ,1.103213,0.027,0.05,0.1104,0.04625,11,高峰
11/30/2020 19:00,8035 ,1.103213,0.027,0.05,0.1104,0.04625,11,高峰
11/30/2020 20:00,8036 ,1.103213,0.027,0.05,0.1104,0.04625,11,高峰
11/30/2020 21:00,8037 ,1.103213,0.027,0.05,0.1104,0.04625,11,高峰
11/30/2020 22:00,8038 ,1.103213,0.027,0.05,0.1104,0.04625,11,高峰
11/30/2020 23:00,8039 ,1.103213,0.027,0.05,0.1104,0.04625,11,高峰
12/1/2020 0:00,8040 ,0.30893,0.027,0.05,0.1104,0.04625,12,低谷
12/1/2020 1:00,8041 ,0.30893,0.027,0.05,0.1104,0.04625,12,低谷
12/1/2020 2:00,8042 ,0.30893,0.027,0.05,0.1104,0.04625,12,低谷
12/1/2020 3:00,8043 ,0.30893,0.027,0.05,0.1104,0.04625,12,低谷
12/1/2020 4:00,8044 ,0.30893,0.027,0.05,0.1104,0.04625,12,低谷
12/1/2020 5:00,8045 ,0.30893,0.027,0.05,0.1104,0.04625,12,低谷
12/1/2020 6:00,8046 ,0.705383,0.027,0.05,0.1104,0.04625,12,平时
12/1/2020 7:00,8047 ,0.705383,0.027,0.05,0.1104,0.04625,12,平时
12/1/2020 8:00,8048 ,0.705383,0.027,0.05,0.1104,0.04625,12,平时
12/1/2020 9:00,8049 ,0.705383,0.027,0.05,0.1104,0.04625,12,平时
12/1/2020 10:00,8050 ,0.705383,0.027,0.05,0.1104,0.04625,12,平时
12/1/2020 11:00,8051 ,0.705383,0.027,0.05,0.1104,0.04625,12,平时
12/1/2020 12:00,8052 ,0.30893,0.027,0.05,0.1104,0.04625,12,低谷
12/1/2020 13:00,8053 ,0.30893,0.027,0.05,0.1104,0.04625,12,低谷
12/1/2020 14:00,8054 ,0.705383,0.027,0.05,0.1104,0.04625,12,平时
12/1/2020 15:00,8055 ,0.705383,0.027,0.05,0.1104,0.04625,12,平时
12/1/2020 16:00,8056 ,1.106986,0.027,0.05,0.1104,0.04625,12,高峰
12/1/2020 17:00,8057 ,1.106986,0.027,0.05,0.1104,0.04625,12,高峰
12/1/2020 18:00,8058 ,1.307721,0.027,0.05,0.1104,0.04625,12,尖峰
12/1/2020 19:00,8059 ,1.307721,0.027,0.05,0.1104,0.04625,12,尖峰
12/1/2020 20:00,8060 ,1.307721,0.027,0.05,0.1104,0.04625,12,尖峰
12/1/2020 21:00,8061 ,1.307721,0.027,0.05,0.1104,0.04625,12,尖峰
12/1/2020 22:00,8062 ,1.106986,0.027,0.05,0.1104,0.04625,12,高峰
12/1/2020 23:00,8063 ,1.106986,0.027,0.05,0.1104,0.04625,12,高峰
12/2/2020 0:00,8064 ,0.30893,0.027,0.05,0.1104,0.04625,12,低谷
12/2/2020 1:00,8065 ,0.30893,0.027,0.05,0.1104,0.04625,12,低谷
12/2/2020 2:00,8066 ,0.30893,0.027,0.05,0.1104,0.04625,12,低谷
12/2/2020 3:00,8067 ,0.30893,0.027,0.05,0.1104,0.04625,12,低谷
12/2/2020 4:00,8068 ,0.30893,0.027,0.05,0.1104,0.04625,12,低谷
12/2/2020 5:00,8069 ,0.30893,0.027,0.05,0.1104,0.04625,12,低谷
12/2/2020 6:00,8070 ,0.705383,0.027,0.05,0.1104,0.04625,12,平时
12/2/2020 7:00,8071 ,0.705383,0.027,0.05,0.1104,0.04625,12,平时
12/2/2020 8:00,8072 ,0.705383,0.027,0.05,0.1104,0.04625,12,平时
12/2/2020 9:00,8073 ,0.705383,0.027,0.05,0.1104,0.04625,12,平时
12/2/2020 10:00,8074 ,0.705383,0.027,0.05,0.1104,0.04625,12,平时
12/2/2020 11:00,8075 ,0.705383,0.027,0.05,0.1104,0.04625,12,平时
12/2/2020 12:00,8076 ,0.30893,0.027,0.05,0.1104,0.04625,12,低谷
12/2/2020 13:00,8077 ,0.30893,0.027,0.05,0.1104,0.04625,12,低谷
12/2/2020 14:00,8078 ,0.705383,0.027,0.05,0.1104,0.04625,12,平时
12/2/2020 15:00,8079 ,0.705383,0.027,0.05,0.1104,0.04625,12,平时
12/2/2020 16:00,8080 ,1.106986,0.027,0.05,0.1104,0.04625,12,高峰
12/2/2020 17:00,8081 ,1.106986,0.027,0.05,0.1104,0.04625,12,高峰
12/2/2020 18:00,8082 ,1.307721,0.027,0.05,0.1104,0.04625,12,尖峰
12/2/2020 19:00,8083 ,1.307721,0.027,0.05,0.1104,0.04625,12,尖峰
12/2/2020 20:00,8084 ,1.307721,0.027,0.05,0.1104,0.04625,12,尖峰
12/2/2020 21:00,8085 ,1.307721,0.027,0.05,0.1104,0.04625,12,尖峰
12/2/2020 22:00,8086 ,1.106986,0.027,0.05,0.1104,0.04625,12,高峰
12/2/2020 23:00,8087 ,1.106986,0.027,0.05,0.1104,0.04625,12,高峰
12/3/2020 0:00,8088 ,0.30893,0.027,0.05,0.1104,0.04625,12,低谷
12/3/2020 1:00,8089 ,0.30893,0.027,0.05,0.1104,0.04625,12,低谷
12/3/2020 2:00,8090 ,0.30893,0.027,0.05,0.1104,0.04625,12,低谷
12/3/2020 3:00,8091 ,0.30893,0.027,0.05,0.1104,0.04625,12,低谷
12/3/2020 4:00,8092 ,0.30893,0.027,0.05,0.1104,0.04625,12,低谷
12/3/2020 5:00,8093 ,0.30893,0.027,0.05,0.1104,0.04625,12,低谷
12/3/2020 6:00,8094 ,0.705383,0.027,0.05,0.1104,0.04625,12,平时
12/3/2020 7:00,8095 ,0.705383,0.027,0.05,0.1104,0.04625,12,平时
12/3/2020 8:00,8096 ,0.705383,0.027,0.05,0.1104,0.04625,12,平时
12/3/2020 9:00,8097 ,0.705383,0.027,0.05,0.1104,0.04625,12,平时
12/3/2020 10:00,8098 ,0.705383,0.027,0.05,0.1104,0.04625,12,平时
12/3/2020 11:00,8099 ,0.705383,0.027,0.05,0.1104,0.04625,12,平时
12/3/2020 12:00,8100 ,0.30893,0.027,0.05,0.1104,0.04625,12,低谷
12/3/2020 13:00,8101 ,0.30893,0.027,0.05,0.1104,0.04625,12,低谷
12/3/2020 14:00,8102 ,0.705383,0.027,0.05,0.1104,0.04625,12,平时
12/3/2020 15:00,8103 ,0.705383,0.027,0.05,0.1104,0.04625,12,平时
12/3/2020 16:00,8104 ,1.106986,0.027,0.05,0.1104,0.04625,12,高峰
12/3/2020 17:00,8105 ,1.106986,0.027,0.05,0.1104,0.04625,12,高峰
12/3/2020 18:00,8106 ,1.307721,0.027,0.05,0.1104,0.04625,12,尖峰
12/3/2020 19:00,8107 ,1.307721,0.027,0.05,0.1104,0.04625,12,尖峰
12/3/2020 20:00,8108 ,1.307721,0.027,0.05,0.1104,0.04625,12,尖峰
12/3/2020 21:00,8109 ,1.307721,0.027,0.05,0.1104,0.04625,12,尖峰
12/3/2020 22:00,8110 ,1.106986,0.027,0.05,0.1104,0.04625,12,高峰
12/3/2020 23:00,8111 ,1.106986,0.027,0.05,0.1104,0.04625,12,高峰
12/4/2020 0:00,8112 ,0.30893,0.027,0.05,0.1104,0.04625,12,低谷
12/4/2020 1:00,8113 ,0.30893,0.027,0.05,0.1104,0.04625,12,低谷
12/4/2020 2:00,8114 ,0.30893,0.027,0.05,0.1104,0.04625,12,低谷
12/4/2020 3:00,8115 ,0.30893,0.027,0.05,0.1104,0.04625,12,低谷
12/4/2020 4:00,8116 ,0.30893,0.027,0.05,0.1104,0.04625,12,低谷
12/4/2020 5:00,8117 ,0.30893,0.027,0.05,0.1104,0.04625,12,低谷
12/4/2020 6:00,8118 ,0.705383,0.027,0.05,0.1104,0.04625,12,平时
12/4/2020 7:00,8119 ,0.705383,0.027,0.05,0.1104,0.04625,12,平时
12/4/2020 8:00,8120 ,0.705383,0.027,0.05,0.1104,0.04625,12,平时
12/4/2020 9:00,8121 ,0.705383,0.027,0.05,0.1104,0.04625,12,平时
12/4/2020 10:00,8122 ,0.705383,0.027,0.05,0.1104,0.04625,12,平时
12/4/2020 11:00,8123 ,0.705383,0.027,0.05,0.1104,0.04625,12,平时
12/4/2020 12:00,8124 ,0.30893,0.027,0.05,0.1104,0.04625,12,低谷
12/4/2020 13:00,8125 ,0.30893,0.027,0.05,0.1104,0.04625,12,低谷
12/4/2020 14:00,8126 ,0.705383,0.027,0.05,0.1104,0.04625,12,平时
12/4/2020 15:00,8127 ,0.705383,0.027,0.05,0.1104,0.04625,12,平时
12/4/2020 16:00,8128 ,1.106986,0.027,0.05,0.1104,0.04625,12,高峰
12/4/2020 17:00,8129 ,1.106986,0.027,0.05,0.1104,0.04625,12,高峰
12/4/2020 18:00,8130 ,1.307721,0.027,0.05,0.1104,0.04625,12,尖峰
12/4/2020 19:00,8131 ,1.307721,0.027,0.05,0.1104,0.04625,12,尖峰
12/4/2020 20:00,8132 ,1.307721,0.027,0.05,0.1104,0.04625,12,尖峰
12/4/2020 21:00,8133 ,1.307721,0.027,0.05,0.1104,0.04625,12,尖峰
12/4/2020 22:00,8134 ,1.106986,0.027,0.05,0.1104,0.04625,12,高峰
12/4/2020 23:00,8135 ,1.106986,0.027,0.05,0.1104,0.04625,12,高峰
12/5/2020 0:00,8136 ,0.30893,0.027,0.05,0.1104,0.04625,12,低谷
12/5/2020 1:00,8137 ,0.30893,0.027,0.05,0.1104,0.04625,12,低谷
12/5/2020 2:00,8138 ,0.30893,0.027,0.05,0.1104,0.04625,12,低谷
12/5/2020 3:00,8139 ,0.30893,0.027,0.05,0.1104,0.04625,12,低谷
12/5/2020 4:00,8140 ,0.30893,0.027,0.05,0.1104,0.04625,12,低谷
12/5/2020 5:00,8141 ,0.30893,0.027,0.05,0.1104,0.04625,12,低谷
12/5/2020 6:00,8142 ,0.705383,0.027,0.05,0.1104,0.04625,12,平时
12/5/2020 7:00,8143 ,0.705383,0.027,0.05,0.1104,0.04625,12,平时
12/5/2020 8:00,8144 ,0.705383,0.027,0.05,0.1104,0.04625,12,平时
12/5/2020 9:00,8145 ,0.705383,0.027,0.05,0.1104,0.04625,12,平时
12/5/2020 10:00,8146 ,0.705383,0.027,0.05,0.1104,0.04625,12,平时
12/5/2020 11:00,8147 ,0.705383,0.027,0.05,0.1104,0.04625,12,平时
12/5/2020 12:00,8148 ,0.30893,0.027,0.05,0.1104,0.04625,12,低谷
12/5/2020 13:00,8149 ,0.30893,0.027,0.05,0.1104,0.04625,12,低谷
12/5/2020 14:00,8150 ,0.705383,0.027,0.05,0.1104,0.04625,12,平时
12/5/2020 15:00,8151 ,0.705383,0.027,0.05,0.1104,0.04625,12,平时
12/5/2020 16:00,8152 ,1.106986,0.027,0.05,0.1104,0.04625,12,高峰
12/5/2020 17:00,8153 ,1.106986,0.027,0.05,0.1104,0.04625,12,高峰
12/5/2020 18:00,8154 ,1.307721,0.027,0.05,0.1104,0.04625,12,尖峰
12/5/2020 19:00,8155 ,1.307721,0.027,0.05,0.1104,0.04625,12,尖峰
12/5/2020 20:00,8156 ,1.307721,0.027,0.05,0.1104,0.04625,12,尖峰
12/5/2020 21:00,8157 ,1.307721,0.027,0.05,0.1104,0.04625,12,尖峰
12/5/2020 22:00,8158 ,1.106986,0.027,0.05,0.1104,0.04625,12,高峰
12/5/2020 23:00,8159 ,1.106986,0.027,0.05,0.1104,0.04625,12,高峰
12/6/2020 0:00,8160 ,0.30893,0.027,0.05,0.1104,0.04625,12,低谷
12/6/2020 1:00,8161 ,0.30893,0.027,0.05,0.1104,0.04625,12,低谷
12/6/2020 2:00,8162 ,0.30893,0.027,0.05,0.1104,0.04625,12,低谷
12/6/2020 3:00,8163 ,0.30893,0.027,0.05,0.1104,0.04625,12,低谷
12/6/2020 4:00,8164 ,0.30893,0.027,0.05,0.1104,0.04625,12,低谷
12/6/2020 5:00,8165 ,0.30893,0.027,0.05,0.1104,0.04625,12,低谷
12/6/2020 6:00,8166 ,0.705383,0.027,0.05,0.1104,0.04625,12,平时
12/6/2020 7:00,8167 ,0.705383,0.027,0.05,0.1104,0.04625,12,平时
12/6/2020 8:00,8168 ,0.705383,0.027,0.05,0.1104,0.04625,12,平时
12/6/2020 9:00,8169 ,0.705383,0.027,0.05,0.1104,0.04625,12,平时
12/6/2020 10:00,8170 ,0.705383,0.027,0.05,0.1104,0.04625,12,平时
12/6/2020 11:00,8171 ,0.705383,0.027,0.05,0.1104,0.04625,12,平时
12/6/2020 12:00,8172 ,0.30893,0.027,0.05,0.1104,0.04625,12,低谷
12/6/2020 13:00,8173 ,0.30893,0.027,0.05,0.1104,0.04625,12,低谷
12/6/2020 14:00,8174 ,0.705383,0.027,0.05,0.1104,0.04625,12,平时
12/6/2020 15:00,8175 ,0.705383,0.027,0.05,0.1104,0.04625,12,平时
12/6/2020 16:00,8176 ,1.106986,0.027,0.05,0.1104,0.04625,12,高峰
12/6/2020 17:00,8177 ,1.106986,0.027,0.05,0.1104,0.04625,12,高峰
12/6/2020 18:00,8178 ,1.307721,0.027,0.05,0.1104,0.04625,12,尖峰
12/6/2020 19:00,8179 ,1.307721,0.027,0.05,0.1104,0.04625,12,尖峰
12/6/2020 20:00,8180 ,1.307721,0.027,0.05,0.1104,0.04625,12,尖峰
12/6/2020 21:00,8181 ,1.307721,0.027,0.05,0.1104,0.04625,12,尖峰
12/6/2020 22:00,8182 ,1.106986,0.027,0.05,0.1104,0.04625,12,高峰
12/6/2020 23:00,8183 ,1.106986,0.027,0.05,0.1104,0.04625,12,高峰
12/7/2020 0:00,8184 ,0.30893,0.027,0.05,0.1104,0.04625,12,低谷
12/7/2020 1:00,8185 ,0.30893,0.027,0.05,0.1104,0.04625,12,低谷
12/7/2020 2:00,8186 ,0.30893,0.027,0.05,0.1104,0.04625,12,低谷
12/7/2020 3:00,8187 ,0.30893,0.027,0.05,0.1104,0.04625,12,低谷
12/7/2020 4:00,8188 ,0.30893,0.027,0.05,0.1104,0.04625,12,低谷
12/7/2020 5:00,8189 ,0.30893,0.027,0.05,0.1104,0.04625,12,低谷
12/7/2020 6:00,8190 ,0.705383,0.027,0.05,0.1104,0.04625,12,平时
12/7/2020 7:00,8191 ,0.705383,0.027,0.05,0.1104,0.04625,12,平时
12/7/2020 8:00,8192 ,0.705383,0.027,0.05,0.1104,0.04625,12,平时
12/7/2020 9:00,8193 ,0.705383,0.027,0.05,0.1104,0.04625,12,平时
12/7/2020 10:00,8194 ,0.705383,0.027,0.05,0.1104,0.04625,12,平时
12/7/2020 11:00,8195 ,0.705383,0.027,0.05,0.1104,0.04625,12,平时
12/7/2020 12:00,8196 ,0.30893,0.027,0.05,0.1104,0.04625,12,低谷
12/7/2020 13:00,8197 ,0.30893,0.027,0.05,0.1104,0.04625,12,低谷
12/7/2020 14:00,8198 ,0.705383,0.027,0.05,0.1104,0.04625,12,平时
12/7/2020 15:00,8199 ,0.705383,0.027,0.05,0.1104,0.04625,12,平时
12/7/2020 16:00,8200 ,1.106986,0.027,0.05,0.1104,0.04625,12,高峰
12/7/2020 17:00,8201 ,1.106986,0.027,0.05,0.1104,0.04625,12,高峰
12/7/2020 18:00,8202 ,1.307721,0.027,0.05,0.1104,0.04625,12,尖峰
12/7/2020 19:00,8203 ,1.307721,0.027,0.05,0.1104,0.04625,12,尖峰
12/7/2020 20:00,8204 ,1.307721,0.027,0.05,0.1104,0.04625,12,尖峰
12/7/2020 21:00,8205 ,1.307721,0.027,0.05,0.1104,0.04625,12,尖峰
12/7/2020 22:00,8206 ,1.106986,0.027,0.05,0.1104,0.04625,12,高峰
12/7/2020 23:00,8207 ,1.106986,0.027,0.05,0.1104,0.04625,12,高峰
12/8/2020 0:00,8208 ,0.30893,0.027,0.05,0.1104,0.04625,12,低谷
12/8/2020 1:00,8209 ,0.30893,0.027,0.05,0.1104,0.04625,12,低谷
12/8/2020 2:00,8210 ,0.30893,0.027,0.05,0.1104,0.04625,12,低谷
12/8/2020 3:00,8211 ,0.30893,0.027,0.05,0.1104,0.04625,12,低谷
12/8/2020 4:00,8212 ,0.30893,0.027,0.05,0.1104,0.04625,12,低谷
12/8/2020 5:00,8213 ,0.30893,0.027,0.05,0.1104,0.04625,12,低谷
12/8/2020 6:00,8214 ,0.705383,0.027,0.05,0.1104,0.04625,12,平时
12/8/2020 7:00,8215 ,0.705383,0.027,0.05,0.1104,0.04625,12,平时
12/8/2020 8:00,8216 ,0.705383,0.027,0.05,0.1104,0.04625,12,平时
12/8/2020 9:00,8217 ,0.705383,0.027,0.05,0.1104,0.04625,12,平时
12/8/2020 10:00,8218 ,0.705383,0.027,0.05,0.1104,0.04625,12,平时
12/8/2020 11:00,8219 ,0.705383,0.027,0.05,0.1104,0.04625,12,平时
12/8/2020 12:00,8220 ,0.30893,0.027,0.05,0.1104,0.04625,12,低谷
12/8/2020 13:00,8221 ,0.30893,0.027,0.05,0.1104,0.04625,12,低谷
12/8/2020 14:00,8222 ,0.705383,0.027,0.05,0.1104,0.04625,12,平时
12/8/2020 15:00,8223 ,0.705383,0.027,0.05,0.1104,0.04625,12,平时
12/8/2020 16:00,8224 ,1.106986,0.027,0.05,0.1104,0.04625,12,高峰
12/8/2020 17:00,8225 ,1.106986,0.027,0.05,0.1104,0.04625,12,高峰
12/8/2020 18:00,8226 ,1.307721,0.027,0.05,0.1104,0.04625,12,尖峰
12/8/2020 19:00,8227 ,1.307721,0.027,0.05,0.1104,0.04625,12,尖峰
12/8/2020 20:00,8228 ,1.307721,0.027,0.05,0.1104,0.04625,12,尖峰
12/8/2020 21:00,8229 ,1.307721,0.027,0.05,0.1104,0.04625,12,尖峰
12/8/2020 22:00,8230 ,1.106986,0.027,0.05,0.1104,0.04625,12,高峰
12/8/2020 23:00,8231 ,1.106986,0.027,0.05,0.1104,0.04625,12,高峰
12/9/2020 0:00,8232 ,0.30893,0.027,0.05,0.1104,0.04625,12,低谷
12/9/2020 1:00,8233 ,0.30893,0.027,0.05,0.1104,0.04625,12,低谷
12/9/2020 2:00,8234 ,0.30893,0.027,0.05,0.1104,0.04625,12,低谷
12/9/2020 3:00,8235 ,0.30893,0.027,0.05,0.1104,0.04625,12,低谷
12/9/2020 4:00,8236 ,0.30893,0.027,0.05,0.1104,0.04625,12,低谷
12/9/2020 5:00,8237 ,0.30893,0.027,0.05,0.1104,0.04625,12,低谷
12/9/2020 6:00,8238 ,0.705383,0.027,0.05,0.1104,0.04625,12,平时
12/9/2020 7:00,8239 ,0.705383,0.027,0.05,0.1104,0.04625,12,平时
12/9/2020 8:00,8240 ,0.705383,0.027,0.05,0.1104,0.04625,12,平时
12/9/2020 9:00,8241 ,0.705383,0.027,0.05,0.1104,0.04625,12,平时
12/9/2020 10:00,8242 ,0.705383,0.027,0.05,0.1104,0.04625,12,平时
12/9/2020 11:00,8243 ,0.705383,0.027,0.05,0.1104,0.04625,12,平时
12/9/2020 12:00,8244 ,0.30893,0.027,0.05,0.1104,0.04625,12,低谷
12/9/2020 13:00,8245 ,0.30893,0.027,0.05,0.1104,0.04625,12,低谷
12/9/2020 14:00,8246 ,0.705383,0.027,0.05,0.1104,0.04625,12,平时
12/9/2020 15:00,8247 ,0.705383,0.027,0.05,0.1104,0.04625,12,平时
12/9/2020 16:00,8248 ,1.106986,0.027,0.05,0.1104,0.04625,12,高峰
12/9/2020 17:00,8249 ,1.106986,0.027,0.05,0.1104,0.04625,12,高峰
12/9/2020 18:00,8250 ,1.307721,0.027,0.05,0.1104,0.04625,12,尖峰
12/9/2020 19:00,8251 ,1.307721,0.027,0.05,0.1104,0.04625,12,尖峰
12/9/2020 20:00,8252 ,1.307721,0.027,0.05,0.1104,0.04625,12,尖峰
12/9/2020 21:00,8253 ,1.307721,0.027,0.05,0.1104,0.04625,12,尖峰
12/9/2020 22:00,8254 ,1.106986,0.027,0.05,0.1104,0.04625,12,高峰
12/9/2020 23:00,8255 ,1.106986,0.027,0.05,0.1104,0.04625,12,高峰
12/10/2020 0:00,8256 ,0.30893,0.027,0.05,0.1104,0.04625,12,低谷
12/10/2020 1:00,8257 ,0.30893,0.027,0.05,0.1104,0.04625,12,低谷
12/10/2020 2:00,8258 ,0.30893,0.027,0.05,0.1104,0.04625,12,低谷
12/10/2020 3:00,8259 ,0.30893,0.027,0.05,0.1104,0.04625,12,低谷
12/10/2020 4:00,8260 ,0.30893,0.027,0.05,0.1104,0.04625,12,低谷
12/10/2020 5:00,8261 ,0.30893,0.027,0.05,0.1104,0.04625,12,低谷
12/10/2020 6:00,8262 ,0.705383,0.027,0.05,0.1104,0.04625,12,平时
12/10/2020 7:00,8263 ,0.705383,0.027,0.05,0.1104,0.04625,12,平时
12/10/2020 8:00,8264 ,0.705383,0.027,0.05,0.1104,0.04625,12,平时
12/10/2020 9:00,8265 ,0.705383,0.027,0.05,0.1104,0.04625,12,平时
12/10/2020 10:00,8266 ,0.705383,0.027,0.05,0.1104,0.04625,12,平时
12/10/2020 11:00,8267 ,0.705383,0.027,0.05,0.1104,0.04625,12,平时
12/10/2020 12:00,8268 ,0.30893,0.027,0.05,0.1104,0.04625,12,低谷
12/10/2020 13:00,8269 ,0.30893,0.027,0.05,0.1104,0.04625,12,低谷
12/10/2020 14:00,8270 ,0.705383,0.027,0.05,0.1104,0.04625,12,平时
12/10/2020 15:00,8271 ,0.705383,0.027,0.05,0.1104,0.04625,12,平时
12/10/2020 16:00,8272 ,1.106986,0.027,0.05,0.1104,0.04625,12,高峰
12/10/2020 17:00,8273 ,1.106986,0.027,0.05,0.1104,0.04625,12,高峰
12/10/2020 18:00,8274 ,1.307721,0.027,0.05,0.1104,0.04625,12,尖峰
12/10/2020 19:00,8275 ,1.307721,0.027,0.05,0.1104,0.04625,12,尖峰
12/10/2020 20:00,8276 ,1.307721,0.027,0.05,0.1104,0.04625,12,尖峰
12/10/2020 21:00,8277 ,1.307721,0.027,0.05,0.1104,0.04625,12,尖峰
12/10/2020 22:00,8278 ,1.106986,0.027,0.05,0.1104,0.04625,12,高峰
12/10/2020 23:00,8279 ,1.106986,0.027,0.05,0.1104,0.04625,12,高峰
12/11/2020 0:00,8280 ,0.30893,0.027,0.05,0.1104,0.04625,12,低谷
12/11/2020 1:00,8281 ,0.30893,0.027,0.05,0.1104,0.04625,12,低谷
12/11/2020 2:00,8282 ,0.30893,0.027,0.05,0.1104,0.04625,12,低谷
12/11/2020 3:00,8283 ,0.30893,0.027,0.05,0.1104,0.04625,12,低谷
12/11/2020 4:00,8284 ,0.30893,0.027,0.05,0.1104,0.04625,12,低谷
12/11/2020 5:00,8285 ,0.30893,0.027,0.05,0.1104,0.04625,12,低谷
12/11/2020 6:00,8286 ,0.705383,0.027,0.05,0.1104,0.04625,12,平时
12/11/2020 7:00,8287 ,0.705383,0.027,0.05,0.1104,0.04625,12,平时
12/11/2020 8:00,8288 ,0.705383,0.027,0.05,0.1104,0.04625,12,平时
12/11/2020 9:00,8289 ,0.705383,0.027,0.05,0.1104,0.04625,12,平时
12/11/2020 10:00,8290 ,0.705383,0.027,0.05,0.1104,0.04625,12,平时
12/11/2020 11:00,8291 ,0.705383,0.027,0.05,0.1104,0.04625,12,平时
12/11/2020 12:00,8292 ,0.30893,0.027,0.05,0.1104,0.04625,12,低谷
12/11/2020 13:00,8293 ,0.30893,0.027,0.05,0.1104,0.04625,12,低谷
12/11/2020 14:00,8294 ,0.705383,0.027,0.05,0.1104,0.04625,12,平时
12/11/2020 15:00,8295 ,0.705383,0.027,0.05,0.1104,0.04625,12,平时
12/11/2020 16:00,8296 ,1.106986,0.027,0.05,0.1104,0.04625,12,高峰
12/11/2020 17:00,8297 ,1.106986,0.027,0.05,0.1104,0.04625,12,高峰
12/11/2020 18:00,8298 ,1.307721,0.027,0.05,0.1104,0.04625,12,尖峰
12/11/2020 19:00,8299 ,1.307721,0.027,0.05,0.1104,0.04625,12,尖峰
12/11/2020 20:00,8300 ,1.307721,0.027,0.05,0.1104,0.04625,12,尖峰
12/11/2020 21:00,8301 ,1.307721,0.027,0.05,0.1104,0.04625,12,尖峰
12/11/2020 22:00,8302 ,1.106986,0.027,0.05,0.1104,0.04625,12,高峰
12/11/2020 23:00,8303 ,1.106986,0.027,0.05,0.1104,0.04625,12,高峰
12/12/2020 0:00,8304 ,0.30893,0.027,0.05,0.1104,0.04625,12,低谷
12/12/2020 1:00,8305 ,0.30893,0.027,0.05,0.1104,0.04625,12,低谷
12/12/2020 2:00,8306 ,0.30893,0.027,0.05,0.1104,0.04625,12,低谷
12/12/2020 3:00,8307 ,0.30893,0.027,0.05,0.1104,0.04625,12,低谷
12/12/2020 4:00,8308 ,0.30893,0.027,0.05,0.1104,0.04625,12,低谷
12/12/2020 5:00,8309 ,0.30893,0.027,0.05,0.1104,0.04625,12,低谷
12/12/2020 6:00,8310 ,0.705383,0.027,0.05,0.1104,0.04625,12,平时
12/12/2020 7:00,8311 ,0.705383,0.027,0.05,0.1104,0.04625,12,平时
12/12/2020 8:00,8312 ,0.705383,0.027,0.05,0.1104,0.04625,12,平时
12/12/2020 9:00,8313 ,0.705383,0.027,0.05,0.1104,0.04625,12,平时
12/12/2020 10:00,8314 ,0.705383,0.027,0.05,0.1104,0.04625,12,平时
12/12/2020 11:00,8315 ,0.705383,0.027,0.05,0.1104,0.04625,12,平时
12/12/2020 12:00,8316 ,0.30893,0.027,0.05,0.1104,0.04625,12,低谷
12/12/2020 13:00,8317 ,0.30893,0.027,0.05,0.1104,0.04625,12,低谷
12/12/2020 14:00,8318 ,0.705383,0.027,0.05,0.1104,0.04625,12,平时
12/12/2020 15:00,8319 ,0.705383,0.027,0.05,0.1104,0.04625,12,平时
12/12/2020 16:00,8320 ,1.106986,0.027,0.05,0.1104,0.04625,12,高峰
12/12/2020 17:00,8321 ,1.106986,0.027,0.05,0.1104,0.04625,12,高峰
12/12/2020 18:00,8322 ,1.307721,0.027,0.05,0.1104,0.04625,12,尖峰
12/12/2020 19:00,8323 ,1.307721,0.027,0.05,0.1104,0.04625,12,尖峰
12/12/2020 20:00,8324 ,1.307721,0.027,0.05,0.1104,0.04625,12,尖峰
12/12/2020 21:00,8325 ,1.307721,0.027,0.05,0.1104,0.04625,12,尖峰
12/12/2020 22:00,8326 ,1.106986,0.027,0.05,0.1104,0.04625,12,高峰
12/12/2020 23:00,8327 ,1.106986,0.027,0.05,0.1104,0.04625,12,高峰
12/13/2020 0:00,8328 ,0.30893,0.027,0.05,0.1104,0.04625,12,低谷
12/13/2020 1:00,8329 ,0.30893,0.027,0.05,0.1104,0.04625,12,低谷
12/13/2020 2:00,8330 ,0.30893,0.027,0.05,0.1104,0.04625,12,低谷
12/13/2020 3:00,8331 ,0.30893,0.027,0.05,0.1104,0.04625,12,低谷
12/13/2020 4:00,8332 ,0.30893,0.027,0.05,0.1104,0.04625,12,低谷
12/13/2020 5:00,8333 ,0.30893,0.027,0.05,0.1104,0.04625,12,低谷
12/13/2020 6:00,8334 ,0.705383,0.027,0.05,0.1104,0.04625,12,平时
12/13/2020 7:00,8335 ,0.705383,0.027,0.05,0.1104,0.04625,12,平时
12/13/2020 8:00,8336 ,0.705383,0.027,0.05,0.1104,0.04625,12,平时
12/13/2020 9:00,8337 ,0.705383,0.027,0.05,0.1104,0.04625,12,平时
12/13/2020 10:00,8338 ,0.705383,0.027,0.05,0.1104,0.04625,12,平时
12/13/2020 11:00,8339 ,0.705383,0.027,0.05,0.1104,0.04625,12,平时
12/13/2020 12:00,8340 ,0.30893,0.027,0.05,0.1104,0.04625,12,低谷
12/13/2020 13:00,8341 ,0.30893,0.027,0.05,0.1104,0.04625,12,低谷
12/13/2020 14:00,8342 ,0.705383,0.027,0.05,0.1104,0.04625,12,平时
12/13/2020 15:00,8343 ,0.705383,0.027,0.05,0.1104,0.04625,12,平时
12/13/2020 16:00,8344 ,1.106986,0.027,0.05,0.1104,0.04625,12,高峰
12/13/2020 17:00,8345 ,1.106986,0.027,0.05,0.1104,0.04625,12,高峰
12/13/2020 18:00,8346 ,1.307721,0.027,0.05,0.1104,0.04625,12,尖峰
12/13/2020 19:00,8347 ,1.307721,0.027,0.05,0.1104,0.04625,12,尖峰
12/13/2020 20:00,8348 ,1.307721,0.027,0.05,0.1104,0.04625,12,尖峰
12/13/2020 21:00,8349 ,1.307721,0.027,0.05,0.1104,0.04625,12,尖峰
12/13/2020 22:00,8350 ,1.106986,0.027,0.05,0.1104,0.04625,12,高峰
12/13/2020 23:00,8351 ,1.106986,0.027,0.05,0.1104,0.04625,12,高峰
12/14/2020 0:00,8352 ,0.30893,0.027,0.05,0.1104,0.04625,12,低谷
12/14/2020 1:00,8353 ,0.30893,0.027,0.05,0.1104,0.04625,12,低谷
12/14/2020 2:00,8354 ,0.30893,0.027,0.05,0.1104,0.04625,12,低谷
12/14/2020 3:00,8355 ,0.30893,0.027,0.05,0.1104,0.04625,12,低谷
12/14/2020 4:00,8356 ,0.30893,0.027,0.05,0.1104,0.04625,12,低谷
12/14/2020 5:00,8357 ,0.30893,0.027,0.05,0.1104,0.04625,12,低谷
12/14/2020 6:00,8358 ,0.705383,0.027,0.05,0.1104,0.04625,12,平时
12/14/2020 7:00,8359 ,0.705383,0.027,0.05,0.1104,0.04625,12,平时
12/14/2020 8:00,8360 ,0.705383,0.027,0.05,0.1104,0.04625,12,平时
12/14/2020 9:00,8361 ,0.705383,0.027,0.05,0.1104,0.04625,12,平时
12/14/2020 10:00,8362 ,0.705383,0.027,0.05,0.1104,0.04625,12,平时
12/14/2020 11:00,8363 ,0.705383,0.027,0.05,0.1104,0.04625,12,平时
12/14/2020 12:00,8364 ,0.30893,0.027,0.05,0.1104,0.04625,12,低谷
12/14/2020 13:00,8365 ,0.30893,0.027,0.05,0.1104,0.04625,12,低谷
12/14/2020 14:00,8366 ,0.705383,0.027,0.05,0.1104,0.04625,12,平时
12/14/2020 15:00,8367 ,0.705383,0.027,0.05,0.1104,0.04625,12,平时
12/14/2020 16:00,8368 ,1.106986,0.027,0.05,0.1104,0.04625,12,高峰
12/14/2020 17:00,8369 ,1.106986,0.027,0.05,0.1104,0.04625,12,高峰
12/14/2020 18:00,8370 ,1.307721,0.027,0.05,0.1104,0.04625,12,尖峰
12/14/2020 19:00,8371 ,1.307721,0.027,0.05,0.1104,0.04625,12,尖峰
12/14/2020 20:00,8372 ,1.307721,0.027,0.05,0.1104,0.04625,12,尖峰
12/14/2020 21:00,8373 ,1.307721,0.027,0.05,0.1104,0.04625,12,尖峰
12/14/2020 22:00,8374 ,1.106986,0.027,0.05,0.1104,0.04625,12,高峰
12/14/2020 23:00,8375 ,1.106986,0.027,0.05,0.1104,0.04625,12,高峰
12/15/2020 0:00,8376 ,0.30893,0.027,0.05,0.1104,0.04625,12,低谷
12/15/2020 1:00,8377 ,0.30893,0.027,0.05,0.1104,0.04625,12,低谷
12/15/2020 2:00,8378 ,0.30893,0.027,0.05,0.1104,0.04625,12,低谷
12/15/2020 3:00,8379 ,0.30893,0.027,0.05,0.1104,0.04625,12,低谷
12/15/2020 4:00,8380 ,0.30893,0.027,0.05,0.1104,0.04625,12,低谷
12/15/2020 5:00,8381 ,0.30893,0.027,0.05,0.1104,0.04625,12,低谷
12/15/2020 6:00,8382 ,0.705383,0.027,0.05,0.1104,0.04625,12,平时
12/15/2020 7:00,8383 ,0.705383,0.027,0.05,0.1104,0.04625,12,平时
12/15/2020 8:00,8384 ,0.705383,0.027,0.05,0.1104,0.04625,12,平时
12/15/2020 9:00,8385 ,0.705383,0.027,0.05,0.1104,0.04625,12,平时
12/15/2020 10:00,8386 ,0.705383,0.027,0.05,0.1104,0.04625,12,平时
12/15/2020 11:00,8387 ,0.705383,0.027,0.05,0.1104,0.04625,12,平时
12/15/2020 12:00,8388 ,0.30893,0.027,0.05,0.1104,0.04625,12,低谷
12/15/2020 13:00,8389 ,0.30893,0.027,0.05,0.1104,0.04625,12,低谷
12/15/2020 14:00,8390 ,0.705383,0.027,0.05,0.1104,0.04625,12,平时
12/15/2020 15:00,8391 ,0.705383,0.027,0.05,0.1104,0.04625,12,平时
12/15/2020 16:00,8392 ,1.106986,0.027,0.05,0.1104,0.04625,12,高峰
12/15/2020 17:00,8393 ,1.106986,0.027,0.05,0.1104,0.04625,12,高峰
12/15/2020 18:00,8394 ,1.307721,0.027,0.05,0.1104,0.04625,12,尖峰
12/15/2020 19:00,8395 ,1.307721,0.027,0.05,0.1104,0.04625,12,尖峰
12/15/2020 20:00,8396 ,1.307721,0.027,0.05,0.1104,0.04625,12,尖峰
12/15/2020 21:00,8397 ,1.307721,0.027,0.05,0.1104,0.04625,12,尖峰
12/15/2020 22:00,8398 ,1.106986,0.027,0.05,0.1104,0.04625,12,高峰
12/15/2020 23:00,8399 ,1.106986,0.027,0.05,0.1104,0.04625,12,高峰
12/16/2020 0:00,8400 ,0.30893,0.027,0.05,0.1104,0.04625,12,低谷
12/16/2020 1:00,8401 ,0.30893,0.027,0.05,0.1104,0.04625,12,低谷
12/16/2020 2:00,8402 ,0.30893,0.027,0.05,0.1104,0.04625,12,低谷
12/16/2020 3:00,8403 ,0.30893,0.027,0.05,0.1104,0.04625,12,低谷
12/16/2020 4:00,8404 ,0.30893,0.027,0.05,0.1104,0.04625,12,低谷
12/16/2020 5:00,8405 ,0.30893,0.027,0.05,0.1104,0.04625,12,低谷
12/16/2020 6:00,8406 ,0.705383,0.027,0.05,0.1104,0.04625,12,平时
12/16/2020 7:00,8407 ,0.705383,0.027,0.05,0.1104,0.04625,12,平时
12/16/2020 8:00,8408 ,0.705383,0.027,0.05,0.1104,0.04625,12,平时
12/16/2020 9:00,8409 ,0.705383,0.027,0.05,0.1104,0.04625,12,平时
12/16/2020 10:00,8410 ,0.705383,0.027,0.05,0.1104,0.04625,12,平时
12/16/2020 11:00,8411 ,0.705383,0.027,0.05,0.1104,0.04625,12,平时
12/16/2020 12:00,8412 ,0.30893,0.027,0.05,0.1104,0.04625,12,低谷
12/16/2020 13:00,8413 ,0.30893,0.027,0.05,0.1104,0.04625,12,低谷
12/16/2020 14:00,8414 ,0.705383,0.027,0.05,0.1104,0.04625,12,平时
12/16/2020 15:00,8415 ,0.705383,0.027,0.05,0.1104,0.04625,12,平时
12/16/2020 16:00,8416 ,1.106986,0.027,0.05,0.1104,0.04625,12,高峰
12/16/2020 17:00,8417 ,1.106986,0.027,0.05,0.1104,0.04625,12,高峰
12/16/2020 18:00,8418 ,1.307721,0.027,0.05,0.1104,0.04625,12,尖峰
12/16/2020 19:00,8419 ,1.307721,0.027,0.05,0.1104,0.04625,12,尖峰
12/16/2020 20:00,8420 ,1.307721,0.027,0.05,0.1104,0.04625,12,尖峰
12/16/2020 21:00,8421 ,1.307721,0.027,0.05,0.1104,0.04625,12,尖峰
12/16/2020 22:00,8422 ,1.106986,0.027,0.05,0.1104,0.04625,12,高峰
12/16/2020 23:00,8423 ,1.106986,0.027,0.05,0.1104,0.04625,12,高峰
12/17/2020 0:00,8424 ,0.30893,0.027,0.05,0.1104,0.04625,12,低谷
12/17/2020 1:00,8425 ,0.30893,0.027,0.05,0.1104,0.04625,12,低谷
12/17/2020 2:00,8426 ,0.30893,0.027,0.05,0.1104,0.04625,12,低谷
12/17/2020 3:00,8427 ,0.30893,0.027,0.05,0.1104,0.04625,12,低谷
12/17/2020 4:00,8428 ,0.30893,0.027,0.05,0.1104,0.04625,12,低谷
12/17/2020 5:00,8429 ,0.30893,0.027,0.05,0.1104,0.04625,12,低谷
12/17/2020 6:00,8430 ,0.705383,0.027,0.05,0.1104,0.04625,12,平时
12/17/2020 7:00,8431 ,0.705383,0.027,0.05,0.1104,0.04625,12,平时
12/17/2020 8:00,8432 ,0.705383,0.027,0.05,0.1104,0.04625,12,平时
12/17/2020 9:00,8433 ,0.705383,0.027,0.05,0.1104,0.04625,12,平时
12/17/2020 10:00,8434 ,0.705383,0.027,0.05,0.1104,0.04625,12,平时
12/17/2020 11:00,8435 ,0.705383,0.027,0.05,0.1104,0.04625,12,平时
12/17/2020 12:00,8436 ,0.30893,0.027,0.05,0.1104,0.04625,12,低谷
12/17/2020 13:00,8437 ,0.30893,0.027,0.05,0.1104,0.04625,12,低谷
12/17/2020 14:00,8438 ,0.705383,0.027,0.05,0.1104,0.04625,12,平时
12/17/2020 15:00,8439 ,0.705383,0.027,0.05,0.1104,0.04625,12,平时
12/17/2020 16:00,8440 ,1.106986,0.027,0.05,0.1104,0.04625,12,高峰
12/17/2020 17:00,8441 ,1.106986,0.027,0.05,0.1104,0.04625,12,高峰
12/17/2020 18:00,8442 ,1.307721,0.027,0.05,0.1104,0.04625,12,尖峰
12/17/2020 19:00,8443 ,1.307721,0.027,0.05,0.1104,0.04625,12,尖峰
12/17/2020 20:00,8444 ,1.307721,0.027,0.05,0.1104,0.04625,12,尖峰
12/17/2020 21:00,8445 ,1.307721,0.027,0.05,0.1104,0.04625,12,尖峰
12/17/2020 22:00,8446 ,1.106986,0.027,0.05,0.1104,0.04625,12,高峰
12/17/2020 23:00,8447 ,1.106986,0.027,0.05,0.1104,0.04625,12,高峰
12/18/2020 0:00,8448 ,0.30893,0.027,0.05,0.1104,0.04625,12,低谷
12/18/2020 1:00,8449 ,0.30893,0.027,0.05,0.1104,0.04625,12,低谷
12/18/2020 2:00,8450 ,0.30893,0.027,0.05,0.1104,0.04625,12,低谷
12/18/2020 3:00,8451 ,0.30893,0.027,0.05,0.1104,0.04625,12,低谷
12/18/2020 4:00,8452 ,0.30893,0.027,0.05,0.1104,0.04625,12,低谷
12/18/2020 5:00,8453 ,0.30893,0.027,0.05,0.1104,0.04625,12,低谷
12/18/2020 6:00,8454 ,0.705383,0.027,0.05,0.1104,0.04625,12,平时
12/18/2020 7:00,8455 ,0.705383,0.027,0.05,0.1104,0.04625,12,平时
12/18/2020 8:00,8456 ,0.705383,0.027,0.05,0.1104,0.04625,12,平时
12/18/2020 9:00,8457 ,0.705383,0.027,0.05,0.1104,0.04625,12,平时
12/18/2020 10:00,8458 ,0.705383,0.027,0.05,0.1104,0.04625,12,平时
12/18/2020 11:00,8459 ,0.705383,0.027,0.05,0.1104,0.04625,12,平时
12/18/2020 12:00,8460 ,0.30893,0.027,0.05,0.1104,0.04625,12,低谷
12/18/2020 13:00,8461 ,0.30893,0.027,0.05,0.1104,0.04625,12,低谷
12/18/2020 14:00,8462 ,0.705383,0.027,0.05,0.1104,0.04625,12,平时
12/18/2020 15:00,8463 ,0.705383,0.027,0.05,0.1104,0.04625,12,平时
12/18/2020 16:00,8464 ,1.106986,0.027,0.05,0.1104,0.04625,12,高峰
12/18/2020 17:00,8465 ,1.106986,0.027,0.05,0.1104,0.04625,12,高峰
12/18/2020 18:00,8466 ,1.307721,0.027,0.05,0.1104,0.04625,12,尖峰
12/18/2020 19:00,8467 ,1.307721,0.027,0.05,0.1104,0.04625,12,尖峰
12/18/2020 20:00,8468 ,1.307721,0.027,0.05,0.1104,0.04625,12,尖峰
12/18/2020 21:00,8469 ,1.307721,0.027,0.05,0.1104,0.04625,12,尖峰
12/18/2020 22:00,8470 ,1.106986,0.027,0.05,0.1104,0.04625,12,高峰
12/18/2020 23:00,8471 ,1.106986,0.027,0.05,0.1104,0.04625,12,高峰
12/19/2020 0:00,8472 ,0.30893,0.027,0.05,0.1104,0.04625,12,低谷
12/19/2020 1:00,8473 ,0.30893,0.027,0.05,0.1104,0.04625,12,低谷
12/19/2020 2:00,8474 ,0.30893,0.027,0.05,0.1104,0.04625,12,低谷
12/19/2020 3:00,8475 ,0.30893,0.027,0.05,0.1104,0.04625,12,低谷
12/19/2020 4:00,8476 ,0.30893,0.027,0.05,0.1104,0.04625,12,低谷
12/19/2020 5:00,8477 ,0.30893,0.027,0.05,0.1104,0.04625,12,低谷
12/19/2020 6:00,8478 ,0.705383,0.027,0.05,0.1104,0.04625,12,平时
12/19/2020 7:00,8479 ,0.705383,0.027,0.05,0.1104,0.04625,12,平时
12/19/2020 8:00,8480 ,0.705383,0.027,0.05,0.1104,0.04625,12,平时
12/19/2020 9:00,8481 ,0.705383,0.027,0.05,0.1104,0.04625,12,平时
12/19/2020 10:00,8482 ,0.705383,0.027,0.05,0.1104,0.04625,12,平时
12/19/2020 11:00,8483 ,0.705383,0.027,0.05,0.1104,0.04625,12,平时
12/19/2020 12:00,8484 ,0.30893,0.027,0.05,0.1104,0.04625,12,低谷
12/19/2020 13:00,8485 ,0.30893,0.027,0.05,0.1104,0.04625,12,低谷
12/19/2020 14:00,8486 ,0.705383,0.027,0.05,0.1104,0.04625,12,平时
12/19/2020 15:00,8487 ,0.705383,0.027,0.05,0.1104,0.04625,12,平时
12/19/2020 16:00,8488 ,1.106986,0.027,0.05,0.1104,0.04625,12,高峰
12/19/2020 17:00,8489 ,1.106986,0.027,0.05,0.1104,0.04625,12,高峰
12/19/2020 18:00,8490 ,1.307721,0.027,0.05,0.1104,0.04625,12,尖峰
12/19/2020 19:00,8491 ,1.307721,0.027,0.05,0.1104,0.04625,12,尖峰
12/19/2020 20:00,8492 ,1.307721,0.027,0.05,0.1104,0.04625,12,尖峰
12/19/2020 21:00,8493 ,1.307721,0.027,0.05,0.1104,0.04625,12,尖峰
12/19/2020 22:00,8494 ,1.106986,0.027,0.05,0.1104,0.04625,12,高峰
12/19/2020 23:00,8495 ,1.106986,0.027,0.05,0.1104,0.04625,12,高峰
12/20/2020 0:00,8496 ,0.30893,0.027,0.05,0.1104,0.04625,12,低谷
12/20/2020 1:00,8497 ,0.30893,0.027,0.05,0.1104,0.04625,12,低谷
12/20/2020 2:00,8498 ,0.30893,0.027,0.05,0.1104,0.04625,12,低谷
12/20/2020 3:00,8499 ,0.30893,0.027,0.05,0.1104,0.04625,12,低谷
12/20/2020 4:00,8500 ,0.30893,0.027,0.05,0.1104,0.04625,12,低谷
12/20/2020 5:00,8501 ,0.30893,0.027,0.05,0.1104,0.04625,12,低谷
12/20/2020 6:00,8502 ,0.705383,0.027,0.05,0.1104,0.04625,12,平时
12/20/2020 7:00,8503 ,0.705383,0.027,0.05,0.1104,0.04625,12,平时
12/20/2020 8:00,8504 ,0.705383,0.027,0.05,0.1104,0.04625,12,平时
12/20/2020 9:00,8505 ,0.705383,0.027,0.05,0.1104,0.04625,12,平时
12/20/2020 10:00,8506 ,0.705383,0.027,0.05,0.1104,0.04625,12,平时
12/20/2020 11:00,8507 ,0.705383,0.027,0.05,0.1104,0.04625,12,平时
12/20/2020 12:00,8508 ,0.30893,0.027,0.05,0.1104,0.04625,12,低谷
12/20/2020 13:00,8509 ,0.30893,0.027,0.05,0.1104,0.04625,12,低谷
12/20/2020 14:00,8510 ,0.705383,0.027,0.05,0.1104,0.04625,12,平时
12/20/2020 15:00,8511 ,0.705383,0.027,0.05,0.1104,0.04625,12,平时
12/20/2020 16:00,8512 ,1.106986,0.027,0.05,0.1104,0.04625,12,高峰
12/20/2020 17:00,8513 ,1.106986,0.027,0.05,0.1104,0.04625,12,高峰
12/20/2020 18:00,8514 ,1.307721,0.027,0.05,0.1104,0.04625,12,尖峰
12/20/2020 19:00,8515 ,1.307721,0.027,0.05,0.1104,0.04625,12,尖峰
12/20/2020 20:00,8516 ,1.307721,0.027,0.05,0.1104,0.04625,12,尖峰
12/20/2020 21:00,8517 ,1.307721,0.027,0.05,0.1104,0.04625,12,尖峰
12/20/2020 22:00,8518 ,1.106986,0.027,0.05,0.1104,0.04625,12,高峰
12/20/2020 23:00,8519 ,1.106986,0.027,0.05,0.1104,0.04625,12,高峰
12/21/2020 0:00,8520 ,0.30893,0.027,0.05,0.1104,0.04625,12,低谷
12/21/2020 1:00,8521 ,0.30893,0.027,0.05,0.1104,0.04625,12,低谷
12/21/2020 2:00,8522 ,0.30893,0.027,0.05,0.1104,0.04625,12,低谷
12/21/2020 3:00,8523 ,0.30893,0.027,0.05,0.1104,0.04625,12,低谷
12/21/2020 4:00,8524 ,0.30893,0.027,0.05,0.1104,0.04625,12,低谷
12/21/2020 5:00,8525 ,0.30893,0.027,0.05,0.1104,0.04625,12,低谷
12/21/2020 6:00,8526 ,0.705383,0.027,0.05,0.1104,0.04625,12,平时
12/21/2020 7:00,8527 ,0.705383,0.027,0.05,0.1104,0.04625,12,平时
12/21/2020 8:00,8528 ,0.705383,0.027,0.05,0.1104,0.04625,12,平时
12/21/2020 9:00,8529 ,0.705383,0.027,0.05,0.1104,0.04625,12,平时
12/21/2020 10:00,8530 ,0.705383,0.027,0.05,0.1104,0.04625,12,平时
12/21/2020 11:00,8531 ,0.705383,0.027,0.05,0.1104,0.04625,12,平时
12/21/2020 12:00,8532 ,0.30893,0.027,0.05,0.1104,0.04625,12,低谷
12/21/2020 13:00,8533 ,0.30893,0.027,0.05,0.1104,0.04625,12,低谷
12/21/2020 14:00,8534 ,0.705383,0.027,0.05,0.1104,0.04625,12,平时
12/21/2020 15:00,8535 ,0.705383,0.027,0.05,0.1104,0.04625,12,平时
12/21/2020 16:00,8536 ,1.106986,0.027,0.05,0.1104,0.04625,12,高峰
12/21/2020 17:00,8537 ,1.106986,0.027,0.05,0.1104,0.04625,12,高峰
12/21/2020 18:00,8538 ,1.307721,0.027,0.05,0.1104,0.04625,12,尖峰
12/21/2020 19:00,8539 ,1.307721,0.027,0.05,0.1104,0.04625,12,尖峰
12/21/2020 20:00,8540 ,1.307721,0.027,0.05,0.1104,0.04625,12,尖峰
12/21/2020 21:00,8541 ,1.307721,0.027,0.05,0.1104,0.04625,12,尖峰
12/21/2020 22:00,8542 ,1.106986,0.027,0.05,0.1104,0.04625,12,高峰
12/21/2020 23:00,8543 ,1.106986,0.027,0.05,0.1104,0.04625,12,高峰
12/22/2020 0:00,8544 ,0.30893,0.027,0.05,0.1104,0.04625,12,低谷
12/22/2020 1:00,8545 ,0.30893,0.027,0.05,0.1104,0.04625,12,低谷
12/22/2020 2:00,8546 ,0.30893,0.027,0.05,0.1104,0.04625,12,低谷
12/22/2020 3:00,8547 ,0.30893,0.027,0.05,0.1104,0.04625,12,低谷
12/22/2020 4:00,8548 ,0.30893,0.027,0.05,0.1104,0.04625,12,低谷
12/22/2020 5:00,8549 ,0.30893,0.027,0.05,0.1104,0.04625,12,低谷
12/22/2020 6:00,8550 ,0.705383,0.027,0.05,0.1104,0.04625,12,平时
12/22/2020 7:00,8551 ,0.705383,0.027,0.05,0.1104,0.04625,12,平时
12/22/2020 8:00,8552 ,0.705383,0.027,0.05,0.1104,0.04625,12,平时
12/22/2020 9:00,8553 ,0.705383,0.027,0.05,0.1104,0.04625,12,平时
12/22/2020 10:00,8554 ,0.705383,0.027,0.05,0.1104,0.04625,12,平时
12/22/2020 11:00,8555 ,0.705383,0.027,0.05,0.1104,0.04625,12,平时
12/22/2020 12:00,8556 ,0.30893,0.027,0.05,0.1104,0.04625,12,低谷
12/22/2020 13:00,8557 ,0.30893,0.027,0.05,0.1104,0.04625,12,低谷
12/22/2020 14:00,8558 ,0.705383,0.027,0.05,0.1104,0.04625,12,平时
12/22/2020 15:00,8559 ,0.705383,0.027,0.05,0.1104,0.04625,12,平时
12/22/2020 16:00,8560 ,1.106986,0.027,0.05,0.1104,0.04625,12,高峰
12/22/2020 17:00,8561 ,1.106986,0.027,0.05,0.1104,0.04625,12,高峰
12/22/2020 18:00,8562 ,1.307721,0.027,0.05,0.1104,0.04625,12,尖峰
12/22/2020 19:00,8563 ,1.307721,0.027,0.05,0.1104,0.04625,12,尖峰
12/22/2020 20:00,8564 ,1.307721,0.027,0.05,0.1104,0.04625,12,尖峰
12/22/2020 21:00,8565 ,1.307721,0.027,0.05,0.1104,0.04625,12,尖峰
12/22/2020 22:00,8566 ,1.106986,0.027,0.05,0.1104,0.04625,12,高峰
12/22/2020 23:00,8567 ,1.106986,0.027,0.05,0.1104,0.04625,12,高峰
12/23/2020 0:00,8568 ,0.30893,0.027,0.05,0.1104,0.04625,12,低谷
12/23/2020 1:00,8569 ,0.30893,0.027,0.05,0.1104,0.04625,12,低谷
12/23/2020 2:00,8570 ,0.30893,0.027,0.05,0.1104,0.04625,12,低谷
12/23/2020 3:00,8571 ,0.30893,0.027,0.05,0.1104,0.04625,12,低谷
12/23/2020 4:00,8572 ,0.30893,0.027,0.05,0.1104,0.04625,12,低谷
12/23/2020 5:00,8573 ,0.30893,0.027,0.05,0.1104,0.04625,12,低谷
12/23/2020 6:00,8574 ,0.705383,0.027,0.05,0.1104,0.04625,12,平时
12/23/2020 7:00,8575 ,0.705383,0.027,0.05,0.1104,0.04625,12,平时
12/23/2020 8:00,8576 ,0.705383,0.027,0.05,0.1104,0.04625,12,平时
12/23/2020 9:00,8577 ,0.705383,0.027,0.05,0.1104,0.04625,12,平时
12/23/2020 10:00,8578 ,0.705383,0.027,0.05,0.1104,0.04625,12,平时
12/23/2020 11:00,8579 ,0.705383,0.027,0.05,0.1104,0.04625,12,平时
12/23/2020 12:00,8580 ,0.30893,0.027,0.05,0.1104,0.04625,12,低谷
12/23/2020 13:00,8581 ,0.30893,0.027,0.05,0.1104,0.04625,12,低谷
12/23/2020 14:00,8582 ,0.705383,0.027,0.05,0.1104,0.04625,12,平时
12/23/2020 15:00,8583 ,0.705383,0.027,0.05,0.1104,0.04625,12,平时
12/23/2020 16:00,8584 ,1.106986,0.027,0.05,0.1104,0.04625,12,高峰
12/23/2020 17:00,8585 ,1.106986,0.027,0.05,0.1104,0.04625,12,高峰
12/23/2020 18:00,8586 ,1.307721,0.027,0.05,0.1104,0.04625,12,尖峰
12/23/2020 19:00,8587 ,1.307721,0.027,0.05,0.1104,0.04625,12,尖峰
12/23/2020 20:00,8588 ,1.307721,0.027,0.05,0.1104,0.04625,12,尖峰
12/23/2020 21:00,8589 ,1.307721,0.027,0.05,0.1104,0.04625,12,尖峰
12/23/2020 22:00,8590 ,1.106986,0.027,0.05,0.1104,0.04625,12,高峰
12/23/2020 23:00,8591 ,1.106986,0.027,0.05,0.1104,0.04625,12,高峰
12/24/2020 0:00,8592 ,0.30893,0.027,0.05,0.1104,0.04625,12,低谷
12/24/2020 1:00,8593 ,0.30893,0.027,0.05,0.1104,0.04625,12,低谷
12/24/2020 2:00,8594 ,0.30893,0.027,0.05,0.1104,0.04625,12,低谷
12/24/2020 3:00,8595 ,0.30893,0.027,0.05,0.1104,0.04625,12,低谷
12/24/2020 4:00,8596 ,0.30893,0.027,0.05,0.1104,0.04625,12,低谷
12/24/2020 5:00,8597 ,0.30893,0.027,0.05,0.1104,0.04625,12,低谷
12/24/2020 6:00,8598 ,0.705383,0.027,0.05,0.1104,0.04625,12,平时
12/24/2020 7:00,8599 ,0.705383,0.027,0.05,0.1104,0.04625,12,平时
12/24/2020 8:00,8600 ,0.705383,0.027,0.05,0.1104,0.04625,12,平时
12/24/2020 9:00,8601 ,0.705383,0.027,0.05,0.1104,0.04625,12,平时
12/24/2020 10:00,8602 ,0.705383,0.027,0.05,0.1104,0.04625,12,平时
12/24/2020 11:00,8603 ,0.705383,0.027,0.05,0.1104,0.04625,12,平时
12/24/2020 12:00,8604 ,0.30893,0.027,0.05,0.1104,0.04625,12,低谷
12/24/2020 13:00,8605 ,0.30893,0.027,0.05,0.1104,0.04625,12,低谷
12/24/2020 14:00,8606 ,0.705383,0.027,0.05,0.1104,0.04625,12,平时
12/24/2020 15:00,8607 ,0.705383,0.027,0.05,0.1104,0.04625,12,平时
12/24/2020 16:00,8608 ,1.106986,0.027,0.05,0.1104,0.04625,12,高峰
12/24/2020 17:00,8609 ,1.106986,0.027,0.05,0.1104,0.04625,12,高峰
12/24/2020 18:00,8610 ,1.307721,0.027,0.05,0.1104,0.04625,12,尖峰
12/24/2020 19:00,8611 ,1.307721,0.027,0.05,0.1104,0.04625,12,尖峰
12/24/2020 20:00,8612 ,1.307721,0.027,0.05,0.1104,0.04625,12,尖峰
12/24/2020 21:00,8613 ,1.307721,0.027,0.05,0.1104,0.04625,12,尖峰
12/24/2020 22:00,8614 ,1.106986,0.027,0.05,0.1104,0.04625,12,高峰
12/24/2020 23:00,8615 ,1.106986,0.027,0.05,0.1104,0.04625,12,高峰
12/25/2020 0:00,8616 ,0.30893,0.027,0.05,0.1104,0.04625,12,低谷
12/25/2020 1:00,8617 ,0.30893,0.027,0.05,0.1104,0.04625,12,低谷
12/25/2020 2:00,8618 ,0.30893,0.027,0.05,0.1104,0.04625,12,低谷
12/25/2020 3:00,8619 ,0.30893,0.027,0.05,0.1104,0.04625,12,低谷
12/25/2020 4:00,8620 ,0.30893,0.027,0.05,0.1104,0.04625,12,低谷
12/25/2020 5:00,8621 ,0.30893,0.027,0.05,0.1104,0.04625,12,低谷
12/25/2020 6:00,8622 ,0.705383,0.027,0.05,0.1104,0.04625,12,平时
12/25/2020 7:00,8623 ,0.705383,0.027,0.05,0.1104,0.04625,12,平时
12/25/2020 8:00,8624 ,0.705383,0.027,0.05,0.1104,0.04625,12,平时
12/25/2020 9:00,8625 ,0.705383,0.027,0.05,0.1104,0.04625,12,平时
12/25/2020 10:00,8626 ,0.705383,0.027,0.05,0.1104,0.04625,12,平时
12/25/2020 11:00,8627 ,0.705383,0.027,0.05,0.1104,0.04625,12,平时
12/25/2020 12:00,8628 ,0.30893,0.027,0.05,0.1104,0.04625,12,低谷
12/25/2020 13:00,8629 ,0.30893,0.027,0.05,0.1104,0.04625,12,低谷
12/25/2020 14:00,8630 ,0.705383,0.027,0.05,0.1104,0.04625,12,平时
12/25/2020 15:00,8631 ,0.705383,0.027,0.05,0.1104,0.04625,12,平时
12/25/2020 16:00,8632 ,1.106986,0.027,0.05,0.1104,0.04625,12,高峰
12/25/2020 17:00,8633 ,1.106986,0.027,0.05,0.1104,0.04625,12,高峰
12/25/2020 18:00,8634 ,1.307721,0.027,0.05,0.1104,0.04625,12,尖峰
12/25/2020 19:00,8635 ,1.307721,0.027,0.05,0.1104,0.04625,12,尖峰
12/25/2020 20:00,8636 ,1.307721,0.027,0.05,0.1104,0.04625,12,尖峰
12/25/2020 21:00,8637 ,1.307721,0.027,0.05,0.1104,0.04625,12,尖峰
12/25/2020 22:00,8638 ,1.106986,0.027,0.05,0.1104,0.04625,12,高峰
12/25/2020 23:00,8639 ,1.106986,0.027,0.05,0.1104,0.04625,12,高峰
12/26/2020 0:00,8640 ,0.30893,0.027,0.05,0.1104,0.04625,12,低谷
12/26/2020 1:00,8641 ,0.30893,0.027,0.05,0.1104,0.04625,12,低谷
12/26/2020 2:00,8642 ,0.30893,0.027,0.05,0.1104,0.04625,12,低谷
12/26/2020 3:00,8643 ,0.30893,0.027,0.05,0.1104,0.04625,12,低谷
12/26/2020 4:00,8644 ,0.30893,0.027,0.05,0.1104,0.04625,12,低谷
12/26/2020 5:00,8645 ,0.30893,0.027,0.05,0.1104,0.04625,12,低谷
12/26/2020 6:00,8646 ,0.705383,0.027,0.05,0.1104,0.04625,12,平时
12/26/2020 7:00,8647 ,0.705383,0.027,0.05,0.1104,0.04625,12,平时
12/26/2020 8:00,8648 ,0.705383,0.027,0.05,0.1104,0.04625,12,平时
12/26/2020 9:00,8649 ,0.705383,0.027,0.05,0.1104,0.04625,12,平时
12/26/2020 10:00,8650 ,0.705383,0.027,0.05,0.1104,0.04625,12,平时
12/26/2020 11:00,8651 ,0.705383,0.027,0.05,0.1104,0.04625,12,平时
12/26/2020 12:00,8652 ,0.30893,0.027,0.05,0.1104,0.04625,12,低谷
12/26/2020 13:00,8653 ,0.30893,0.027,0.05,0.1104,0.04625,12,低谷
12/26/2020 14:00,8654 ,0.705383,0.027,0.05,0.1104,0.04625,12,平时
12/26/2020 15:00,8655 ,0.705383,0.027,0.05,0.1104,0.04625,12,平时
12/26/2020 16:00,8656 ,1.106986,0.027,0.05,0.1104,0.04625,12,高峰
12/26/2020 17:00,8657 ,1.106986,0.027,0.05,0.1104,0.04625,12,高峰
12/26/2020 18:00,8658 ,1.307721,0.027,0.05,0.1104,0.04625,12,尖峰
12/26/2020 19:00,8659 ,1.307721,0.027,0.05,0.1104,0.04625,12,尖峰
12/26/2020 20:00,8660 ,1.307721,0.027,0.05,0.1104,0.04625,12,尖峰
12/26/2020 21:00,8661 ,1.307721,0.027,0.05,0.1104,0.04625,12,尖峰
12/26/2020 22:00,8662 ,1.106986,0.027,0.05,0.1104,0.04625,12,高峰
12/26/2020 23:00,8663 ,1.106986,0.027,0.05,0.1104,0.04625,12,高峰
12/27/2020 0:00,8664 ,0.30893,0.027,0.05,0.1104,0.04625,12,低谷
12/27/2020 1:00,8665 ,0.30893,0.027,0.05,0.1104,0.04625,12,低谷
12/27/2020 2:00,8666 ,0.30893,0.027,0.05,0.1104,0.04625,12,低谷
12/27/2020 3:00,8667 ,0.30893,0.027,0.05,0.1104,0.04625,12,低谷
12/27/2020 4:00,8668 ,0.30893,0.027,0.05,0.1104,0.04625,12,低谷
12/27/2020 5:00,8669 ,0.30893,0.027,0.05,0.1104,0.04625,12,低谷
12/27/2020 6:00,8670 ,0.705383,0.027,0.05,0.1104,0.04625,12,平时
12/27/2020 7:00,8671 ,0.705383,0.027,0.05,0.1104,0.04625,12,平时
12/27/2020 8:00,8672 ,0.705383,0.027,0.05,0.1104,0.04625,12,平时
12/27/2020 9:00,8673 ,0.705383,0.027,0.05,0.1104,0.04625,12,平时
12/27/2020 10:00,8674 ,0.705383,0.027,0.05,0.1104,0.04625,12,平时
12/27/2020 11:00,8675 ,0.705383,0.027,0.05,0.1104,0.04625,12,平时
12/27/2020 12:00,8676 ,0.30893,0.027,0.05,0.1104,0.04625,12,低谷
12/27/2020 13:00,8677 ,0.30893,0.027,0.05,0.1104,0.04625,12,低谷
12/27/2020 14:00,8678 ,0.705383,0.027,0.05,0.1104,0.04625,12,平时
12/27/2020 15:00,8679 ,0.705383,0.027,0.05,0.1104,0.04625,12,平时
12/27/2020 16:00,8680 ,1.106986,0.027,0.05,0.1104,0.04625,12,高峰
12/27/2020 17:00,8681 ,1.106986,0.027,0.05,0.1104,0.04625,12,高峰
12/27/2020 18:00,8682 ,1.307721,0.027,0.05,0.1104,0.04625,12,尖峰
12/27/2020 19:00,8683 ,1.307721,0.027,0.05,0.1104,0.04625,12,尖峰
12/27/2020 20:00,8684 ,1.307721,0.027,0.05,0.1104,0.04625,12,尖峰
12/27/2020 21:00,8685 ,1.307721,0.027,0.05,0.1104,0.04625,12,尖峰
12/27/2020 22:00,8686 ,1.106986,0.027,0.05,0.1104,0.04625,12,高峰
12/27/2020 23:00,8687 ,1.106986,0.027,0.05,0.1104,0.04625,12,高峰
12/28/2020 0:00,8688 ,0.30893,0.027,0.05,0.1104,0.04625,12,低谷
12/28/2020 1:00,8689 ,0.30893,0.027,0.05,0.1104,0.04625,12,低谷
12/28/2020 2:00,8690 ,0.30893,0.027,0.05,0.1104,0.04625,12,低谷
12/28/2020 3:00,8691 ,0.30893,0.027,0.05,0.1104,0.04625,12,低谷
12/28/2020 4:00,8692 ,0.30893,0.027,0.05,0.1104,0.04625,12,低谷
12/28/2020 5:00,8693 ,0.30893,0.027,0.05,0.1104,0.04625,12,低谷
12/28/2020 6:00,8694 ,0.705383,0.027,0.05,0.1104,0.04625,12,平时
12/28/2020 7:00,8695 ,0.705383,0.027,0.05,0.1104,0.04625,12,平时
12/28/2020 8:00,8696 ,0.705383,0.027,0.05,0.1104,0.04625,12,平时
12/28/2020 9:00,8697 ,0.705383,0.027,0.05,0.1104,0.04625,12,平时
12/28/2020 10:00,8698 ,0.705383,0.027,0.05,0.1104,0.04625,12,平时
12/28/2020 11:00,8699 ,0.705383,0.027,0.05,0.1104,0.04625,12,平时
12/28/2020 12:00,8700 ,0.30893,0.027,0.05,0.1104,0.04625,12,低谷
12/28/2020 13:00,8701 ,0.30893,0.027,0.05,0.1104,0.04625,12,低谷
12/28/2020 14:00,8702 ,0.705383,0.027,0.05,0.1104,0.04625,12,平时
12/28/2020 15:00,8703 ,0.705383,0.027,0.05,0.1104,0.04625,12,平时
12/28/2020 16:00,8704 ,1.106986,0.027,0.05,0.1104,0.04625,12,高峰
12/28/2020 17:00,8705 ,1.106986,0.027,0.05,0.1104,0.04625,12,高峰
12/28/2020 18:00,8706 ,1.307721,0.027,0.05,0.1104,0.04625,12,尖峰
12/28/2020 19:00,8707 ,1.307721,0.027,0.05,0.1104,0.04625,12,尖峰
12/28/2020 20:00,8708 ,1.307721,0.027,0.05,0.1104,0.04625,12,尖峰
12/28/2020 21:00,8709 ,1.307721,0.027,0.05,0.1104,0.04625,12,尖峰
12/28/2020 22:00,8710 ,1.106986,0.027,0.05,0.1104,0.04625,12,高峰
12/28/2020 23:00,8711 ,1.106986,0.027,0.05,0.1104,0.04625,12,高峰
12/29/2020 0:00,8712 ,0.30893,0.027,0.05,0.1104,0.04625,12,低谷
12/29/2020 1:00,8713 ,0.30893,0.027,0.05,0.1104,0.04625,12,低谷
12/29/2020 2:00,8714 ,0.30893,0.027,0.05,0.1104,0.04625,12,低谷
12/29/2020 3:00,8715 ,0.30893,0.027,0.05,0.1104,0.04625,12,低谷
12/29/2020 4:00,8716 ,0.30893,0.027,0.05,0.1104,0.04625,12,低谷
12/29/2020 5:00,8717 ,0.30893,0.027,0.05,0.1104,0.04625,12,低谷
12/29/2020 6:00,8718 ,0.705383,0.027,0.05,0.1104,0.04625,12,平时
12/29/2020 7:00,8719 ,0.705383,0.027,0.05,0.1104,0.04625,12,平时
12/29/2020 8:00,8720 ,0.705383,0.027,0.05,0.1104,0.04625,12,平时
12/29/2020 9:00,8721 ,0.705383,0.027,0.05,0.1104,0.04625,12,平时
12/29/2020 10:00,8722 ,0.705383,0.027,0.05,0.1104,0.04625,12,平时
12/29/2020 11:00,8723 ,0.705383,0.027,0.05,0.1104,0.04625,12,平时
12/29/2020 12:00,8724 ,0.30893,0.027,0.05,0.1104,0.04625,12,低谷
12/29/2020 13:00,8725 ,0.30893,0.027,0.05,0.1104,0.04625,12,低谷
12/29/2020 14:00,8726 ,0.705383,0.027,0.05,0.1104,0.04625,12,平时
12/29/2020 15:00,8727 ,0.705383,0.027,0.05,0.1104,0.04625,12,平时
12/29/2020 16:00,8728 ,1.106986,0.027,0.05,0.1104,0.04625,12,高峰
12/29/2020 17:00,8729 ,1.106986,0.027,0.05,0.1104,0.04625,12,高峰
12/29/2020 18:00,8730 ,1.307721,0.027,0.05,0.1104,0.04625,12,尖峰
12/29/2020 19:00,8731 ,1.307721,0.027,0.05,0.1104,0.04625,12,尖峰
12/29/2020 20:00,8732 ,1.307721,0.027,0.05,0.1104,0.04625,12,尖峰
12/29/2020 21:00,8733 ,1.307721,0.027,0.05,0.1104,0.04625,12,尖峰
12/29/2020 22:00,8734 ,1.106986,0.027,0.05,0.1104,0.04625,12,高峰
12/29/2020 23:00,8735 ,1.106986,0.027,0.05,0.1104,0.04625,12,高峰
12/30/2020 0:00,8736 ,0.30893,0.027,0.05,0.1104,0.04625,12,低谷
12/30/2020 1:00,8737 ,0.30893,0.027,0.05,0.1104,0.04625,12,低谷
12/30/2020 2:00,8738 ,0.30893,0.027,0.05,0.1104,0.04625,12,低谷
12/30/2020 3:00,8739 ,0.30893,0.027,0.05,0.1104,0.04625,12,低谷
12/30/2020 4:00,8740 ,0.30893,0.027,0.05,0.1104,0.04625,12,低谷
12/30/2020 5:00,8741 ,0.30893,0.027,0.05,0.1104,0.04625,12,低谷
12/30/2020 6:00,8742 ,0.705383,0.027,0.05,0.1104,0.04625,12,平时
12/30/2020 7:00,8743 ,0.705383,0.027,0.05,0.1104,0.04625,12,平时
12/30/2020 8:00,8744 ,0.705383,0.027,0.05,0.1104,0.04625,12,平时
12/30/2020 9:00,8745 ,0.705383,0.027,0.05,0.1104,0.04625,12,平时
12/30/2020 10:00,8746 ,0.705383,0.027,0.05,0.1104,0.04625,12,平时
12/30/2020 11:00,8747 ,0.705383,0.027,0.05,0.1104,0.04625,12,平时
12/30/2020 12:00,8748 ,0.30893,0.027,0.05,0.1104,0.04625,12,低谷
12/30/2020 13:00,8749 ,0.30893,0.027,0.05,0.1104,0.04625,12,低谷
12/30/2020 14:00,8750 ,0.705383,0.027,0.05,0.1104,0.04625,12,平时
12/30/2020 15:00,8751 ,0.705383,0.027,0.05,0.1104,0.04625,12,平时
12/30/2020 16:00,8752 ,1.106986,0.027,0.05,0.1104,0.04625,12,高峰
12/30/2020 17:00,8753 ,1.106986,0.027,0.05,0.1104,0.04625,12,高峰
12/30/2020 18:00,8754 ,1.307721,0.027,0.05,0.1104,0.04625,12,尖峰
12/30/2020 19:00,8755 ,1.307721,0.027,0.05,0.1104,0.04625,12,尖峰
12/30/2020 20:00,8756 ,1.307721,0.027,0.05,0.1104,0.04625,12,尖峰
12/30/2020 21:00,8757 ,1.307721,0.027,0.05,0.1104,0.04625,12,尖峰
12/30/2020 22:00,8758 ,1.106986,0.027,0.05,0.1104,0.04625,12,高峰
12/30/2020 23:00,8759 ,1.106986,0.027,0.05,0.1104,0.04625,12,高峰
12/31/2020 0:00,8760 ,0.30893,0.027,0.05,0.1104,0.04625,12,低谷
12/31/2020 1:00,8761 ,0.30893,0.027,0.05,0.1104,0.04625,12,低谷
12/31/2020 2:00,8762 ,0.30893,0.027,0.05,0.1104,0.04625,12,低谷
12/31/2020 3:00,8763 ,0.30893,0.027,0.05,0.1104,0.04625,12,低谷
12/31/2020 4:00,8764 ,0.30893,0.027,0.05,0.1104,0.04625,12,低谷
12/31/2020 5:00,8765 ,0.30893,0.027,0.05,0.1104,0.04625,12,低谷
12/31/2020 6:00,8766 ,0.705383,0.027,0.05,0.1104,0.04625,12,平时
12/31/2020 7:00,8767 ,0.705383,0.027,0.05,0.1104,0.04625,12,平时
12/31/2020 8:00,8768 ,0.705383,0.027,0.05,0.1104,0.04625,12,平时
12/31/2020 9:00,8769 ,0.705383,0.027,0.05,0.1104,0.04625,12,平时
12/31/2020 10:00,8770 ,0.705383,0.027,0.05,0.1104,0.04625,12,平时
12/31/2020 11:00,8771 ,0.705383,0.027,0.05,0.1104,0.04625,12,平时
12/31/2020 12:00,8772 ,0.30893,0.027,0.05,0.1104,0.04625,12,低谷
12/31/2020 13:00,8773 ,0.30893,0.027,0.05,0.1104,0.04625,12,低谷
12/31/2020 14:00,8774 ,0.705383,0.027,0.05,0.1104,0.04625,12,平时
12/31/2020 15:00,8775 ,0.705383,0.027,0.05,0.1104,0.04625,12,平时
12/31/2020 16:00,8776 ,1.106986,0.027,0.05,0.1104,0.04625,12,高峰
12/31/2020 17:00,8777 ,1.106986,0.027,0.05,0.1104,0.04625,12,高峰
12/31/2020 18:00,8778 ,1.307721,0.027,0.05,0.1104,0.04625,12,尖峰
12/31/2020 19:00,8779 ,1.307721,0.027,0.05,0.1104,0.04625,12,尖峰
12/31/2020 20:00,8780 ,1.307721,0.027,0.05,0.1104,0.04625,12,尖峰
12/31/2020 21:00,8781 ,1.307721,0.027,0.05,0.1104,0.04625,12,尖峰
12/31/2020 22:00,8782 ,1.106986,0.027,0.05,0.1104,0.04625,12,高峰
12/31/2020 23:00,8783 ,1.106986,0.027,0.05,0.1104,0.04625,12,高峰
