时间,光伏（标幺）
1/1/2020 0:00,0
1/1/2020 1:00,0
1/1/2020 2:00,0
1/1/2020 3:00,0
1/1/2020 4:00,0
1/1/2020 5:00,0
1/1/2020 6:00,0
1/1/2020 7:00,0
1/1/2020 8:00,0.01122864
1/1/2020 9:00,0.031216703
1/1/2020 10:00,0.051026374
1/1/2020 11:00,0.069537263
1/1/2020 12:00,0.071132775
1/1/2020 13:00,0.065168738
1/1/2020 14:00,0.053338395
1/1/2020 15:00,0.035002954
1/1/2020 16:00,0.013837391
1/1/2020 17:00,0
1/1/2020 18:00,0
1/1/2020 19:00,0
1/1/2020 20:00,0
1/1/2020 21:00,0
1/1/2020 22:00,0
1/1/2020 23:00,0
1/2/2020 0:00,0
1/2/2020 1:00,0
1/2/2020 2:00,0
1/2/2020 3:00,0
1/2/2020 4:00,0
1/2/2020 5:00,0
1/2/2020 6:00,0
1/2/2020 7:00,0
1/2/2020 8:00,0.01776612
1/2/2020 9:00,0.074418
1/2/2020 10:00,0.13242165
1/2/2020 11:00,0.213050963
1/2/2020 12:00,0.204472875
1/2/2020 13:00,0.21715455
1/2/2020 14:00,0.1773315
1/2/2020 15:00,0.137219963
1/2/2020 16:00,0.055755214
1/2/2020 17:00,0
1/2/2020 18:00,0
1/2/2020 19:00,0
1/2/2020 20:00,0
1/2/2020 21:00,0
1/2/2020 22:00,0
1/2/2020 23:00,0
1/3/2020 0:00,0
1/3/2020 1:00,0
1/3/2020 2:00,0
1/3/2020 3:00,0
1/3/2020 4:00,0
1/3/2020 5:00,0
1/3/2020 6:00,0
1/3/2020 7:00,0
1/3/2020 8:00,0.207340088
1/3/2020 9:00,0.494296838
1/3/2020 10:00,0.688602
1/3/2020 11:00,0.635084625
1/3/2020 12:00,0.753070125
1/3/2020 13:00,0.677710125
1/3/2020 14:00,0.700789125
1/3/2020 15:00,0.4824924
1/3/2020 16:00,0.205750463
1/3/2020 17:00,0
1/3/2020 18:00,0
1/3/2020 19:00,0
1/3/2020 20:00,0
1/3/2020 21:00,0
1/3/2020 22:00,0
1/3/2020 23:00,0
1/4/2020 0:00,0
1/4/2020 1:00,0
1/4/2020 2:00,0
1/4/2020 3:00,0
1/4/2020 4:00,0
1/4/2020 5:00,0
1/4/2020 6:00,0
1/4/2020 7:00,0
1/4/2020 8:00,0.082160063
1/4/2020 9:00,0.216318525
1/4/2020 10:00,0.431306475
1/4/2020 11:00,0.4219218
1/4/2020 12:00,0.4093461
1/4/2020 13:00,0.446666963
1/4/2020 14:00,0.340232738
1/4/2020 15:00,0.194340488
1/4/2020 16:00,0.076366763
1/4/2020 17:00,0
1/4/2020 18:00,0
1/4/2020 19:00,0
1/4/2020 20:00,0
1/4/2020 21:00,0
1/4/2020 22:00,0
1/4/2020 23:00,0
1/5/2020 0:00,0
1/5/2020 1:00,0
1/5/2020 2:00,0
1/5/2020 3:00,0
1/5/2020 4:00,0
1/5/2020 5:00,0
1/5/2020 6:00,0
1/5/2020 7:00,0
1/5/2020 8:00,0.0672588
1/5/2020 9:00,0.161276288
1/5/2020 10:00,0.224667
1/5/2020 11:00,0.239656575
1/5/2020 12:00,0.286974413
1/5/2020 13:00,0.258820388
1/5/2020 14:00,0.265661663
1/5/2020 15:00,0.152709975
1/5/2020 16:00,0.055387834
1/5/2020 17:00,0
1/5/2020 18:00,0
1/5/2020 19:00,0
1/5/2020 20:00,0
1/5/2020 21:00,0
1/5/2020 22:00,0
1/5/2020 23:00,0
1/6/2020 0:00,0
1/6/2020 1:00,0
1/6/2020 2:00,0
1/6/2020 3:00,0
1/6/2020 4:00,0
1/6/2020 5:00,0
1/6/2020 6:00,0
1/6/2020 7:00,0
1/6/2020 8:00,0.01834074
1/6/2020 9:00,0.046743806
1/6/2020 10:00,0.076402088
1/6/2020 11:00,0.091368113
1/6/2020 12:00,0.094865288
1/6/2020 13:00,0.086493263
1/6/2020 14:00,0.0788925
1/6/2020 15:00,0.053626883
1/6/2020 16:00,0.022752833
1/6/2020 17:00,0
1/6/2020 18:00,0
1/6/2020 19:00,0
1/6/2020 20:00,0
1/6/2020 21:00,0
1/6/2020 22:00,0
1/6/2020 23:00,0
1/7/2020 0:00,0
1/7/2020 1:00,0
1/7/2020 2:00,0
1/7/2020 3:00,0
1/7/2020 4:00,0
1/7/2020 5:00,0
1/7/2020 6:00,0
1/7/2020 7:00,0
1/7/2020 8:00,0.21691905
1/7/2020 9:00,0.490128488
1/7/2020 10:00,0.485571563
1/7/2020 11:00,0.266462363
1/7/2020 12:00,0.057606244
1/7/2020 13:00,0.348487013
1/7/2020 14:00,0.537728925
1/7/2020 15:00,0.519754388
1/7/2020 16:00,0.09794445
1/7/2020 17:00,0
1/7/2020 18:00,0
1/7/2020 19:00,0
1/7/2020 20:00,0
1/7/2020 21:00,0
1/7/2020 22:00,0
1/7/2020 23:00,0
1/8/2020 0:00,0
1/8/2020 1:00,0
1/8/2020 2:00,0
1/8/2020 3:00,0
1/8/2020 4:00,0
1/8/2020 5:00,0
1/8/2020 6:00,0
1/8/2020 7:00,0
1/8/2020 8:00,0.030218183
1/8/2020 9:00,0.071126888
1/8/2020 10:00,0.111208988
1/8/2020 11:00,0.1308909
1/8/2020 12:00,0.142683563
1/8/2020 13:00,0.142047713
1/8/2020 14:00,0.106604963
1/8/2020 15:00,0.085822088
1/8/2020 16:00,0.043374979
1/8/2020 17:00,0
1/8/2020 18:00,0
1/8/2020 19:00,0
1/8/2020 20:00,0
1/8/2020 21:00,0
1/8/2020 22:00,0
1/8/2020 23:00,0
1/9/2020 0:00,0
1/9/2020 1:00,0
1/9/2020 2:00,0
1/9/2020 3:00,0
1/9/2020 4:00,0
1/9/2020 5:00,0
1/9/2020 6:00,0
1/9/2020 7:00,0
1/9/2020 8:00,0.016882995
1/9/2020 9:00,0.051996045
1/9/2020 10:00,0.080152425
1/9/2020 11:00,0.094688663
1/9/2020 12:00,0.095177325
1/9/2020 13:00,0.091126725
1/9/2020 14:00,0.07957545
1/9/2020 15:00,0.054406388
1/9/2020 16:00,0.026265315
1/9/2020 17:00,0
1/9/2020 18:00,0
1/9/2020 19:00,0
1/9/2020 20:00,0
1/9/2020 21:00,0
1/9/2020 22:00,0
1/9/2020 23:00,0
1/10/2020 0:00,0
1/10/2020 1:00,0
1/10/2020 2:00,0
1/10/2020 3:00,0
1/10/2020 4:00,0
1/10/2020 5:00,0
1/10/2020 6:00,0
1/10/2020 7:00,0
1/10/2020 8:00,0.022453159
1/10/2020 9:00,0.0629727
1/10/2020 10:00,0.092121713
1/10/2020 11:00,0.115406775
1/10/2020 12:00,0.127817625
1/10/2020 13:00,0.1307967
1/10/2020 14:00,0.104485463
1/10/2020 15:00,0.0661284
1/10/2020 16:00,0.029014189
1/10/2020 17:00,0
1/10/2020 18:00,0
1/10/2020 19:00,0
1/10/2020 20:00,0
1/10/2020 21:00,0
1/10/2020 22:00,0
1/10/2020 23:00,0
1/11/2020 0:00,0
1/11/2020 1:00,0
1/11/2020 2:00,0
1/11/2020 3:00,0
1/11/2020 4:00,0
1/11/2020 5:00,0
1/11/2020 6:00,0
1/11/2020 7:00,0
1/11/2020 8:00,0.1898601
1/11/2020 9:00,0.4682682
1/11/2020 10:00,0.670998375
1/11/2020 11:00,0.66022425
1/11/2020 12:00,0.689131875
1/11/2020 13:00,0.577181063
1/11/2020 14:00,0.347415488
1/11/2020 15:00,0.22789335
1/11/2020 16:00,0.0998991
1/11/2020 17:00,0
1/11/2020 18:00,0
1/11/2020 19:00,0
1/11/2020 20:00,0
1/11/2020 21:00,0
1/11/2020 22:00,0
1/11/2020 23:00,0
1/12/2020 0:00,0
1/12/2020 1:00,0
1/12/2020 2:00,0
1/12/2020 3:00,0
1/12/2020 4:00,0
1/12/2020 5:00,0
1/12/2020 6:00,0
1/12/2020 7:00,0
1/12/2020 8:00,0.07326405
1/12/2020 9:00,0.167823188
1/12/2020 10:00,0.177796613
1/12/2020 11:00,0.295428863
1/12/2020 12:00,0.310253588
1/12/2020 13:00,0.3459966
1/12/2020 14:00,0.274910925
1/12/2020 15:00,0.266998125
1/12/2020 16:00,0.139268813
1/12/2020 17:00,0
1/12/2020 18:00,0
1/12/2020 19:00,0
1/12/2020 20:00,0
1/12/2020 21:00,0
1/12/2020 22:00,0
1/12/2020 23:00,0
1/13/2020 0:00,0
1/13/2020 1:00,0
1/13/2020 2:00,0
1/13/2020 3:00,0
1/13/2020 4:00,0
1/13/2020 5:00,0
1/13/2020 6:00,0
1/13/2020 7:00,0.006771214
1/13/2020 8:00,0.043617544
1/13/2020 9:00,0.1818531
1/13/2020 10:00,0.219733275
1/13/2020 11:00,0.150519825
1/13/2020 12:00,0.8527455
1/13/2020 13:00,0.581796863
1/13/2020 14:00,0.508344413
1/13/2020 15:00,0.323606438
1/13/2020 16:00,0.2728974
1/13/2020 17:00,0.003565941
1/13/2020 18:00,0
1/13/2020 19:00,0
1/13/2020 20:00,0
1/13/2020 21:00,0
1/13/2020 22:00,0
1/13/2020 23:00,0
1/14/2020 0:00,0
1/14/2020 1:00,0
1/14/2020 2:00,0
1/14/2020 3:00,0
1/14/2020 4:00,0
1/14/2020 5:00,0
1/14/2020 6:00,0
1/14/2020 7:00,0
1/14/2020 8:00,0.036768026
1/14/2020 9:00,0.088353713
1/14/2020 10:00,0.122512988
1/14/2020 11:00,0.150855413
1/14/2020 12:00,0.174146363
1/14/2020 13:00,0.193475025
1/14/2020 14:00,0.176236425
1/14/2020 15:00,0.13477665
1/14/2020 16:00,0.067123388
1/14/2020 17:00,0
1/14/2020 18:00,0
1/14/2020 19:00,0
1/14/2020 20:00,0
1/14/2020 21:00,0
1/14/2020 22:00,0
1/14/2020 23:00,0
1/15/2020 0:00,0
1/15/2020 1:00,0
1/15/2020 2:00,0
1/15/2020 3:00,0
1/15/2020 4:00,0
1/15/2020 5:00,0
1/15/2020 6:00,0
1/15/2020 7:00,0
1/15/2020 8:00,0.052972781
1/15/2020 9:00,0.149124488
1/15/2020 10:00,0.206339213
1/15/2020 11:00,0.260139188
1/15/2020 12:00,0.22864695
1/15/2020 13:00,0.159421725
1/15/2020 14:00,0.168847613
1/15/2020 15:00,0.124915088
1/15/2020 16:00,0.054769646
1/15/2020 17:00,0
1/15/2020 18:00,0
1/15/2020 19:00,0
1/15/2020 20:00,0
1/15/2020 21:00,0
1/15/2020 22:00,0
1/15/2020 23:00,0
1/16/2020 0:00,0
1/16/2020 1:00,0
1/16/2020 2:00,0
1/16/2020 3:00,0
1/16/2020 4:00,0
1/16/2020 5:00,0
1/16/2020 6:00,0
1/16/2020 7:00,0
1/16/2020 8:00,0.195035213
1/16/2020 9:00,0.530457863
1/16/2020 10:00,0.452566238
1/16/2020 11:00,0.6638745
1/16/2020 12:00,0.783331875
1/16/2020 13:00,0.164013975
1/16/2020 14:00,0.361510163
1/16/2020 15:00,0.377188575
1/16/2020 16:00,0.129525
1/16/2020 17:00,0
1/16/2020 18:00,0
1/16/2020 19:00,0
1/16/2020 20:00,0
1/16/2020 21:00,0
1/16/2020 22:00,0
1/16/2020 23:00,0
1/17/2020 0:00,0
1/17/2020 1:00,0
1/17/2020 2:00,0
1/17/2020 3:00,0
1/17/2020 4:00,0
1/17/2020 5:00,0
1/17/2020 6:00,0
1/17/2020 7:00,0
1/17/2020 8:00,0.035966149
1/17/2020 9:00,0.0971202
1/17/2020 10:00,0.1422891
1/17/2020 11:00,0.17872095
1/17/2020 12:00,0.186133313
1/17/2020 13:00,0.162901238
1/17/2020 14:00,0.125203575
1/17/2020 15:00,0.110949938
1/17/2020 16:00,0.057545014
1/17/2020 17:00,0
1/17/2020 18:00,0
1/17/2020 19:00,0
1/17/2020 20:00,0
1/17/2020 21:00,0
1/17/2020 22:00,0
1/17/2020 23:00,0
1/18/2020 0:00,0
1/18/2020 1:00,0
1/18/2020 2:00,0
1/18/2020 3:00,0
1/18/2020 4:00,0
1/18/2020 5:00,0
1/18/2020 6:00,0
1/18/2020 7:00,0
1/18/2020 8:00,0.167405175
1/18/2020 9:00,0.375045525
1/18/2020 10:00,0.520920113
1/18/2020 11:00,0.626606625
1/18/2020 12:00,0.740470875
1/18/2020 13:00,0.69437175
1/18/2020 14:00,0.606706875
1/18/2020 15:00,0.358796025
1/18/2020 16:00,0.161082
1/18/2020 17:00,0
1/18/2020 18:00,0
1/18/2020 19:00,0
1/18/2020 20:00,0
1/18/2020 21:00,0
1/18/2020 22:00,0
1/18/2020 23:00,0
1/19/2020 0:00,0
1/19/2020 1:00,0
1/19/2020 2:00,0
1/19/2020 3:00,0
1/19/2020 4:00,0
1/19/2020 5:00,0
1/19/2020 6:00,0
1/19/2020 7:00,0
1/19/2020 8:00,0.13463535
1/19/2020 9:00,0.323182538
1/19/2020 10:00,0.630963375
1/19/2020 11:00,0.76596375
1/19/2020 12:00,0.5965215
1/19/2020 13:00,0.637204125
1/19/2020 14:00,0.531859088
1/19/2020 15:00,0.309829688
1/19/2020 16:00,0.1663572
1/19/2020 17:00,0
1/19/2020 18:00,0
1/19/2020 19:00,0
1/19/2020 20:00,0
1/19/2020 21:00,0
1/19/2020 22:00,0
1/19/2020 23:00,0
1/20/2020 0:00,0
1/20/2020 1:00,0
1/20/2020 2:00,0
1/20/2020 3:00,0
1/20/2020 4:00,0
1/20/2020 5:00,0
1/20/2020 6:00,0
1/20/2020 7:00,0.009248085
1/20/2020 8:00,0.209224088
1/20/2020 9:00,0.46744395
1/20/2020 10:00,0.243830813
1/20/2020 11:00,0.38883405
1/20/2020 12:00,0.355351838
1/20/2020 13:00,0.583680863
1/20/2020 14:00,0.548885738
1/20/2020 15:00,0.033751271
1/20/2020 16:00,0.051910676
1/20/2020 17:00,0
1/20/2020 18:00,0
1/20/2020 19:00,0
1/20/2020 20:00,0
1/20/2020 21:00,0
1/20/2020 22:00,0
1/20/2020 23:00,0
1/21/2020 0:00,0
1/21/2020 1:00,0
1/21/2020 2:00,0
1/21/2020 3:00,0
1/21/2020 4:00,0
1/21/2020 5:00,0
1/21/2020 6:00,0
1/21/2020 7:00,0
1/21/2020 8:00,0.139480763
1/21/2020 9:00,0.248864625
1/21/2020 10:00,0.483540375
1/21/2020 11:00,0.484976925
1/21/2020 12:00,0.258208088
1/21/2020 13:00,0.19068435
1/21/2020 14:00,0.175930275
1/21/2020 15:00,0.189960188
1/21/2020 16:00,0.121771163
1/21/2020 17:00,0
1/21/2020 18:00,0
1/21/2020 19:00,0
1/21/2020 20:00,0
1/21/2020 21:00,0
1/21/2020 22:00,0
1/21/2020 23:00,0
1/22/2020 0:00,0
1/22/2020 1:00,0
1/22/2020 2:00,0
1/22/2020 3:00,0
1/22/2020 4:00,0
1/22/2020 5:00,0
1/22/2020 6:00,0
1/22/2020 7:00,0
1/22/2020 8:00,0.013640749
1/22/2020 9:00,0.037917855
1/22/2020 10:00,0.0631611
1/22/2020 11:00,0.077255775
1/22/2020 12:00,0.087576563
1/22/2020 13:00,0.081706725
1/22/2020 14:00,0.0649509
1/22/2020 15:00,0.047238945
1/22/2020 16:00,0.0220428
1/22/2020 17:00,0
1/22/2020 18:00,0
1/22/2020 19:00,0
1/22/2020 20:00,0
1/22/2020 21:00,0
1/22/2020 22:00,0
1/22/2020 23:00,0
1/23/2020 0:00,0
1/23/2020 1:00,0
1/23/2020 2:00,0
1/23/2020 3:00,0
1/23/2020 4:00,0
1/23/2020 5:00,0
1/23/2020 6:00,0
1/23/2020 7:00,0
1/23/2020 8:00,0.191697
1/23/2020 9:00,0.526495575
1/23/2020 10:00,0.745769625
1/23/2020 11:00,0.7915155
1/23/2020 12:00,0.69342975
1/23/2020 13:00,0.43715865
1/23/2020 14:00,0.343747575
1/23/2020 15:00,0.27866715
1/23/2020 16:00,0.165868538
1/23/2020 17:00,0.008754713
1/23/2020 18:00,0
1/23/2020 19:00,0
1/23/2020 20:00,0
1/23/2020 21:00,0
1/23/2020 22:00,0
1/23/2020 23:00,0
1/24/2020 0:00,0
1/24/2020 1:00,0
1/24/2020 2:00,0
1/24/2020 3:00,0
1/24/2020 4:00,0
1/24/2020 5:00,0
1/24/2020 6:00,0
1/24/2020 7:00,0
1/24/2020 8:00,0.162907125
1/24/2020 9:00,0.3747276
1/24/2020 10:00,0.547884863
1/24/2020 11:00,0.619188375
1/24/2020 12:00,0.8075295
1/24/2020 13:00,0.807823875
1/24/2020 14:00,0.738704625
1/24/2020 15:00,0.586336125
1/24/2020 16:00,0.362775975
1/24/2020 17:00,0.034823974
1/24/2020 18:00,0
1/24/2020 19:00,0
1/24/2020 20:00,0
1/24/2020 21:00,0
1/24/2020 22:00,0
1/24/2020 23:00,0
1/25/2020 0:00,0
1/25/2020 1:00,0
1/25/2020 2:00,0
1/25/2020 3:00,0
1/25/2020 4:00,0
1/25/2020 5:00,0
1/25/2020 6:00,0
1/25/2020 7:00,0
1/25/2020 8:00,0.140581725
1/25/2020 9:00,0.340615425
1/25/2020 10:00,0.543363263
1/25/2020 11:00,0.799934625
1/25/2020 12:00,0.84155925
1/25/2020 13:00,0.883772625
1/25/2020 14:00,0.686247
1/25/2020 15:00,0.534261188
1/25/2020 16:00,0.34154565
1/25/2020 17:00,0.036533704
1/25/2020 18:00,0
1/25/2020 19:00,0
1/25/2020 20:00,0
1/25/2020 21:00,0
1/25/2020 22:00,0
1/25/2020 23:00,0
1/26/2020 0:00,0
1/26/2020 1:00,0
1/26/2020 2:00,0
1/26/2020 3:00,0
1/26/2020 4:00,0
1/26/2020 5:00,0
1/26/2020 6:00,0
1/26/2020 7:00,0
1/26/2020 8:00,0.11230995
1/26/2020 9:00,0.329046488
1/26/2020 10:00,0.500337413
1/26/2020 11:00,0.812004
1/26/2020 12:00,0.636321
1/26/2020 13:00,0.840264
1/26/2020 14:00,0.7326405
1/26/2020 15:00,0.360303225
1/26/2020 16:00,0.2893353
1/26/2020 17:00,0.033867844
1/26/2020 18:00,0
1/26/2020 19:00,0
1/26/2020 20:00,0
1/26/2020 21:00,0
1/26/2020 22:00,0
1/26/2020 23:00,0
1/27/2020 0:00,0
1/27/2020 1:00,0
1/27/2020 2:00,0
1/27/2020 3:00,0
1/27/2020 4:00,0
1/27/2020 5:00,0
1/27/2020 6:00,0
1/27/2020 7:00,0
1/27/2020 8:00,0.028547899
1/27/2020 9:00,0.06144195
1/27/2020 10:00,0.100222913
1/27/2020 11:00,0.137873475
1/27/2020 12:00,0.1475172
1/27/2020 13:00,0.1517562
1/27/2020 14:00,0.128282738
1/27/2020 15:00,0.090090525
1/27/2020 16:00,0.047408505
1/27/2020 17:00,0
1/27/2020 18:00,0
1/27/2020 19:00,0
1/27/2020 20:00,0
1/27/2020 21:00,0
1/27/2020 22:00,0
1/27/2020 23:00,0
1/28/2020 0:00,0
1/28/2020 1:00,0
1/28/2020 2:00,0
1/28/2020 3:00,0
1/28/2020 4:00,0
1/28/2020 5:00,0
1/28/2020 6:00,0
1/28/2020 7:00,0
1/28/2020 8:00,0.008267816
1/28/2020 9:00,0.034594361
1/28/2020 10:00,0.091038413
1/28/2020 11:00,0.127576238
1/28/2020 12:00,0.125627475
1/28/2020 13:00,0.594460875
1/28/2020 14:00,0.529209713
1/28/2020 15:00,0.440061188
1/28/2020 16:00,0.231107925
1/28/2020 17:00,0.076578713
1/28/2020 18:00,0
1/28/2020 19:00,0
1/28/2020 20:00,0
1/28/2020 21:00,0
1/28/2020 22:00,0
1/28/2020 23:00,0
1/29/2020 0:00,0
1/29/2020 1:00,0
1/29/2020 2:00,0
1/29/2020 3:00,0
1/29/2020 4:00,0
1/29/2020 5:00,0
1/29/2020 6:00,0
1/29/2020 7:00,0
1/29/2020 8:00,0.109489838
1/29/2020 9:00,0.230448525
1/29/2020 10:00,0.343588613
1/29/2020 11:00,0.440979638
1/29/2020 12:00,0.495556763
1/29/2020 13:00,0.53098185
1/29/2020 14:00,0.413049338
1/29/2020 15:00,0.316099875
1/29/2020 16:00,0.248958825
1/29/2020 17:00,0.080858925
1/29/2020 18:00,0
1/29/2020 19:00,0
1/29/2020 20:00,0
1/29/2020 21:00,0
1/29/2020 22:00,0
1/29/2020 23:00,0
1/30/2020 0:00,0
1/30/2020 1:00,0
1/30/2020 2:00,0
1/30/2020 3:00,0
1/30/2020 4:00,0
1/30/2020 5:00,0
1/30/2020 6:00,0
1/30/2020 7:00,0
1/30/2020 8:00,0.01399341
1/30/2020 9:00,0.036420664
1/30/2020 10:00,0.06111225
1/30/2020 11:00,0.069749213
1/30/2020 12:00,0.073281713
1/30/2020 13:00,0.072168975
1/30/2020 14:00,0.0632082
1/30/2020 15:00,0.045002873
1/30/2020 16:00,0.021343954
1/30/2020 17:00,0.004603024
1/30/2020 18:00,0
1/30/2020 19:00,0
1/30/2020 20:00,0
1/30/2020 21:00,0
1/30/2020 22:00,0
1/30/2020 23:00,0
1/31/2020 0:00,0
1/31/2020 1:00,0
1/31/2020 2:00,0
1/31/2020 3:00,0
1/31/2020 4:00,0
1/31/2020 5:00,0
1/31/2020 6:00,0
1/31/2020 7:00,0
1/31/2020 8:00,0.035304983
1/31/2020 9:00,0.084397313
1/31/2020 10:00,0.127788188
1/31/2020 11:00,0.14763495
1/31/2020 12:00,0.17052555
1/31/2020 13:00,0.168747525
1/31/2020 14:00,0.14132355
1/31/2020 15:00,0.097338038
1/31/2020 16:00,0.051951889
1/31/2020 17:00,0.012931305
1/31/2020 18:00,0
1/31/2020 19:00,0
1/31/2020 20:00,0
1/31/2020 21:00,0
1/31/2020 22:00,0
1/31/2020 23:00,0
2/1/2020 0:00,0
2/1/2020 1:00,0
2/1/2020 2:00,0
2/1/2020 3:00,0
2/1/2020 4:00,0
2/1/2020 5:00,0
2/1/2020 6:00,0
2/1/2020 7:00,0
2/1/2020 8:00,0.077185125
2/1/2020 9:00,0.1533576
2/1/2020 10:00,0.179692388
2/1/2020 11:00,0.227463563
2/1/2020 12:00,0.259438575
2/1/2020 13:00,0.192385838
2/1/2020 14:00,0.152904263
2/1/2020 15:00,0.147788025
2/1/2020 16:00,0.106216388
2/1/2020 17:00,0.033536378
2/1/2020 18:00,0
2/1/2020 19:00,0
2/1/2020 20:00,0
2/1/2020 21:00,0
2/1/2020 22:00,0
2/1/2020 23:00,0
2/2/2020 0:00,0
2/2/2020 1:00,0
2/2/2020 2:00,0
2/2/2020 3:00,0
2/2/2020 4:00,0
2/2/2020 5:00,0
2/2/2020 6:00,0
2/2/2020 7:00,0
2/2/2020 8:00,0.063296513
2/2/2020 9:00,0.124691363
2/2/2020 10:00,0.1922151
2/2/2020 11:00,0.204048975
2/2/2020 12:00,0.246197588
2/2/2020 13:00,0.211272938
2/2/2020 14:00,0.22987155
2/2/2020 15:00,0.169972125
2/2/2020 16:00,0.108200475
2/2/2020 17:00,0.020043405
2/2/2020 18:00,0
2/2/2020 19:00,0
2/2/2020 20:00,0
2/2/2020 21:00,0
2/2/2020 22:00,0
2/2/2020 23:00,0
2/3/2020 0:00,0
2/3/2020 1:00,0
2/3/2020 2:00,0
2/3/2020 3:00,0
2/3/2020 4:00,0
2/3/2020 5:00,0
2/3/2020 6:00,0
2/3/2020 7:00,0
2/3/2020 8:00,0.077120363
2/3/2020 9:00,0.079210425
2/3/2020 10:00,0.156177713
2/3/2020 11:00,0.220274925
2/3/2020 12:00,0.229082625
2/3/2020 13:00,0.293091525
2/3/2020 14:00,0.256324088
2/3/2020 15:00,0.221682038
2/3/2020 16:00,0.127941263
2/3/2020 17:00,0.044927513
2/3/2020 18:00,0
2/3/2020 19:00,0
2/3/2020 20:00,0
2/3/2020 21:00,0
2/3/2020 22:00,0
2/3/2020 23:00,0
2/4/2020 0:00,0
2/4/2020 1:00,0
2/4/2020 2:00,0
2/4/2020 3:00,0
2/4/2020 4:00,0
2/4/2020 5:00,0
2/4/2020 6:00,0
2/4/2020 7:00,0
2/4/2020 8:00,0.147693825
2/4/2020 9:00,0.243442238
2/4/2020 10:00,0.171332138
2/4/2020 11:00,0.048724361
2/4/2020 12:00,0.355334175
2/4/2020 13:00,0.538017413
2/4/2020 14:00,0.4665255
2/4/2020 15:00,0.360786
2/4/2020 16:00,0.278749575
2/4/2020 17:00,0.083337563
2/4/2020 18:00,0
2/4/2020 19:00,0
2/4/2020 20:00,0
2/4/2020 21:00,0
2/4/2020 22:00,0
2/4/2020 23:00,0
2/5/2020 0:00,0
2/5/2020 1:00,0
2/5/2020 2:00,0
2/5/2020 3:00,0
2/5/2020 4:00,0
2/5/2020 5:00,0
2/5/2020 6:00,0
2/5/2020 7:00,0
2/5/2020 8:00,0.010378485
2/5/2020 9:00,0.027411023
2/5/2020 10:00,0.043907798
2/5/2020 11:00,0.055536199
2/5/2020 12:00,0.0608061
2/5/2020 13:00,0.486301613
2/5/2020 14:00,0.416617163
2/5/2020 15:00,0.308681625
2/5/2020 16:00,0.179933775
2/5/2020 17:00,0.059693363
2/5/2020 18:00,0
2/5/2020 19:00,0
2/5/2020 20:00,0
2/5/2020 21:00,0
2/5/2020 22:00,0
2/5/2020 23:00,0
2/6/2020 0:00,0
2/6/2020 1:00,0
2/6/2020 2:00,0
2/6/2020 3:00,0
2/6/2020 4:00,0
2/6/2020 5:00,0
2/6/2020 6:00,0
2/6/2020 7:00,0
2/6/2020 8:00,0.113310825
2/6/2020 9:00,0.39707655
2/6/2020 10:00,0.62607675
2/6/2020 11:00,0.663580125
2/6/2020 12:00,0.737998125
2/6/2020 13:00,0.700082625
2/6/2020 14:00,0.702084375
2/6/2020 15:00,0.403752975
2/6/2020 16:00,0.070991475
2/6/2020 17:00,0.0803997
2/6/2020 18:00,0
2/6/2020 19:00,0
2/6/2020 20:00,0
2/6/2020 21:00,0
2/6/2020 22:00,0
2/6/2020 23:00,0
2/7/2020 0:00,0
2/7/2020 1:00,0
2/7/2020 2:00,0
2/7/2020 3:00,0
2/7/2020 4:00,0
2/7/2020 5:00,0
2/7/2020 6:00,0
2/7/2020 7:00,0.004474029
2/7/2020 8:00,0.151791525
2/7/2020 9:00,0.376953075
2/7/2020 10:00,0.485748188
2/7/2020 11:00,0.54539445
2/7/2020 12:00,0.461291513
2/7/2020 13:00,0.467791313
2/7/2020 14:00,0.39071805
2/7/2020 15:00,0.255158363
2/7/2020 16:00,0.165126713
2/7/2020 17:00,0.054585956
2/7/2020 18:00,0
2/7/2020 19:00,0
2/7/2020 20:00,0
2/7/2020 21:00,0
2/7/2020 22:00,0
2/7/2020 23:00,0
2/8/2020 0:00,0
2/8/2020 1:00,0
2/8/2020 2:00,0
2/8/2020 3:00,0
2/8/2020 4:00,0
2/8/2020 5:00,0
2/8/2020 6:00,0
2/8/2020 7:00,0
2/8/2020 8:00,0.047552749
2/8/2020 9:00,0.021069008
2/8/2020 10:00,0.195788813
2/8/2020 11:00,0.3430764
2/8/2020 12:00,0.474732675
2/8/2020 13:00,0.557193
2/8/2020 14:00,0.578982638
2/8/2020 15:00,0.340998113
2/8/2020 16:00,0.161040788
2/8/2020 17:00,0.057630971
2/8/2020 18:00,0
2/8/2020 19:00,0
2/8/2020 20:00,0
2/8/2020 21:00,0
2/8/2020 22:00,0
2/8/2020 23:00,0
2/9/2020 0:00,0
2/9/2020 1:00,0
2/9/2020 2:00,0
2/9/2020 3:00,0
2/9/2020 4:00,0
2/9/2020 5:00,0
2/9/2020 6:00,0
2/9/2020 7:00,0
2/9/2020 8:00,0.011580124
2/9/2020 9:00,0.028304745
2/9/2020 10:00,0.043803
2/9/2020 11:00,0.055682798
2/9/2020 12:00,0.067812225
2/9/2020 13:00,0.502845488
2/9/2020 14:00,0.416829113
2/9/2020 15:00,0.304318988
2/9/2020 16:00,0.17773185
2/9/2020 17:00,0.0625488
2/9/2020 18:00,0
2/9/2020 19:00,0
2/9/2020 20:00,0
2/9/2020 21:00,0
2/9/2020 22:00,0
2/9/2020 23:00,0
2/10/2020 0:00,0
2/10/2020 1:00,0
2/10/2020 2:00,0
2/10/2020 3:00,0
2/10/2020 4:00,0
2/10/2020 5:00,0
2/10/2020 6:00,0
2/10/2020 7:00,0
2/10/2020 8:00,0.219568425
2/10/2020 9:00,0.422021888
2/10/2020 10:00,0.663580125
2/10/2020 11:00,0.235600088
2/10/2020 12:00,0.059375438
2/10/2020 13:00,0.17726085
2/10/2020 14:00,0.664581
2/10/2020 15:00,0.32906415
2/10/2020 16:00,0.330094463
2/10/2020 17:00,0.111538688
2/10/2020 18:00,0
2/10/2020 19:00,0
2/10/2020 20:00,0
2/10/2020 21:00,0
2/10/2020 22:00,0
2/10/2020 23:00,0
2/11/2020 0:00,0
2/11/2020 1:00,0
2/11/2020 2:00,0
2/11/2020 3:00,0
2/11/2020 4:00,0
2/11/2020 5:00,0
2/11/2020 6:00,0
2/11/2020 7:00,0
2/11/2020 8:00,0.0534114
2/11/2020 9:00,0.092734013
2/11/2020 10:00,0.228794138
2/11/2020 11:00,0.440514525
2/11/2020 12:00,0.518082338
2/11/2020 13:00,0.5532837
2/11/2020 14:00,0.306208875
2/11/2020 15:00,0.033433346
2/11/2020 16:00,0.016385501
2/11/2020 17:00,0
2/11/2020 18:00,0
2/11/2020 19:00,0
2/11/2020 20:00,0
2/11/2020 21:00,0
2/11/2020 22:00,0
2/11/2020 23:00,0
2/12/2020 0:00,0
2/12/2020 1:00,0
2/12/2020 2:00,0
2/12/2020 3:00,0
2/12/2020 4:00,0
2/12/2020 5:00,0
2/12/2020 6:00,0
2/12/2020 7:00,0
2/12/2020 8:00,0.01134639
2/12/2020 9:00,0.36368265
2/12/2020 10:00,0.587278125
2/12/2020 11:00,0.318413663
2/12/2020 12:00,0.911443875
2/12/2020 13:00,0.663639
2/12/2020 14:00,0.201323063
2/12/2020 15:00,0.036690311
2/12/2020 16:00,0.019414031
2/12/2020 17:00,0.008293721
2/12/2020 18:00,0
2/12/2020 19:00,0
2/12/2020 20:00,0
2/12/2020 21:00,0
2/12/2020 22:00,0
2/12/2020 23:00,0
2/13/2020 0:00,0
2/13/2020 1:00,0
2/13/2020 2:00,0
2/13/2020 3:00,0
2/13/2020 4:00,0
2/13/2020 5:00,0
2/13/2020 6:00,0
2/13/2020 7:00,0
2/13/2020 8:00,0.110820413
2/13/2020 9:00,0.173722463
2/13/2020 10:00,0.369281663
2/13/2020 11:00,0.3534855
2/13/2020 12:00,0.392089838
2/13/2020 13:00,0.58396935
2/13/2020 14:00,0.297330525
2/13/2020 15:00,0.471035325
2/13/2020 16:00,0.350100188
2/13/2020 17:00,0.12446175
2/13/2020 18:00,0
2/13/2020 19:00,0
2/13/2020 20:00,0
2/13/2020 21:00,0
2/13/2020 22:00,0
2/13/2020 23:00,0
2/14/2020 0:00,0
2/14/2020 1:00,0
2/14/2020 2:00,0
2/14/2020 3:00,0
2/14/2020 4:00,0
2/14/2020 5:00,0
2/14/2020 6:00,0
2/14/2020 7:00,0.010521551
2/14/2020 8:00,0.234034013
2/14/2020 9:00,0.509392388
2/14/2020 10:00,0.7170975
2/14/2020 11:00,0.669585375
2/14/2020 12:00,0.678652125
2/14/2020 13:00,0.916978125
2/14/2020 14:00,0.801583125
2/14/2020 15:00,0.423275925
2/14/2020 16:00,0.297866288
2/14/2020 17:00,0.13341075
2/14/2020 18:00,0
2/14/2020 19:00,0
2/14/2020 20:00,0
2/14/2020 21:00,0
2/14/2020 22:00,0
2/14/2020 23:00,0
2/15/2020 0:00,0
2/15/2020 1:00,0
2/15/2020 2:00,0
2/15/2020 3:00,0
2/15/2020 4:00,0
2/15/2020 5:00,0
2/15/2020 6:00,0
2/15/2020 7:00,0
2/15/2020 8:00,0.03738327
2/15/2020 9:00,0.083890988
2/15/2020 10:00,0.110814525
2/15/2020 11:00,0.13030215
2/15/2020 12:00,0.149607263
2/15/2020 13:00,0.140799563
2/15/2020 14:00,0.107876663
2/15/2020 15:00,0.087635438
2/15/2020 16:00,0.052889768
2/15/2020 17:00,0.017061975
2/15/2020 18:00,0
2/15/2020 19:00,0
2/15/2020 20:00,0
2/15/2020 21:00,0
2/15/2020 22:00,0
2/15/2020 23:00,0
2/16/2020 0:00,0
2/16/2020 1:00,0
2/16/2020 2:00,0
2/16/2020 3:00,0
2/16/2020 4:00,0
2/16/2020 5:00,0
2/16/2020 6:00,0
2/16/2020 7:00,0
2/16/2020 8:00,0.013250408
2/16/2020 9:00,0.034610258
2/16/2020 10:00,0.055068731
2/16/2020 11:00,0.065769263
2/16/2020 12:00,0.066522863
2/16/2020 13:00,0.064544663
2/16/2020 14:00,0.056164395
2/16/2020 15:00,0.043095323
2/16/2020 16:00,0.022818773
2/16/2020 17:00,0.004569171
2/16/2020 18:00,0
2/16/2020 19:00,0
2/16/2020 20:00,0
2/16/2020 21:00,0
2/16/2020 22:00,0
2/16/2020 23:00,0
2/17/2020 0:00,0
2/17/2020 1:00,0
2/17/2020 2:00,0
2/17/2020 3:00,0
2/17/2020 4:00,0
2/17/2020 5:00,0
2/17/2020 6:00,0
2/17/2020 7:00,0
2/17/2020 8:00,0.013933946
2/17/2020 9:00,0.03371889
2/17/2020 10:00,0.051088781
2/17/2020 11:00,0.0630669
2/17/2020 12:00,0.068453963
2/17/2020 13:00,0.532494938
2/17/2020 14:00,0.452059913
2/17/2020 15:00,0.343400213
2/17/2020 16:00,0.209706863
2/17/2020 17:00,0.078639338
2/17/2020 18:00,0
2/17/2020 19:00,0
2/17/2020 20:00,0
2/17/2020 21:00,0
2/17/2020 22:00,0
2/17/2020 23:00,0
2/18/2020 0:00,0
2/18/2020 1:00,0
2/18/2020 2:00,0
2/18/2020 3:00,0
2/18/2020 4:00,0
2/18/2020 5:00,0
2/18/2020 6:00,0
2/18/2020 7:00,0.005833041
2/18/2020 8:00,0.137802825
2/18/2020 9:00,0.301269263
2/18/2020 10:00,0.409616925
2/18/2020 11:00,0.450805875
2/18/2020 12:00,0.503551988
2/18/2020 13:00,0.491253
2/18/2020 14:00,0.412260413
2/18/2020 15:00,0.353991825
2/18/2020 16:00,0.22608
2/18/2020 17:00,0.075000863
2/18/2020 18:00,0
2/18/2020 19:00,0
2/18/2020 20:00,0
2/18/2020 21:00,0
2/18/2020 22:00,0
2/18/2020 23:00,0
2/19/2020 0:00,0
2/19/2020 1:00,0
2/19/2020 2:00,0
2/19/2020 3:00,0
2/19/2020 4:00,0
2/19/2020 5:00,0
2/19/2020 6:00,0
2/19/2020 7:00,0.007832141
2/19/2020 8:00,0.303742013
2/19/2020 9:00,0.515921625
2/19/2020 10:00,0.19421685
2/19/2020 11:00,0.203601525
2/19/2020 12:00,0.174122813
2/19/2020 13:00,0.505506638
2/19/2020 14:00,0.57323055
2/19/2020 15:00,0.451176788
2/19/2020 16:00,0.394597913
2/19/2020 17:00,0.16209465
2/19/2020 18:00,0
2/19/2020 19:00,0
2/19/2020 20:00,0
2/19/2020 21:00,0
2/19/2020 22:00,0
2/19/2020 23:00,0
2/20/2020 0:00,0
2/20/2020 1:00,0
2/20/2020 2:00,0
2/20/2020 3:00,0
2/20/2020 4:00,0
2/20/2020 5:00,0
2/20/2020 6:00,0
2/20/2020 7:00,0
2/20/2020 8:00,0.095807288
2/20/2020 9:00,0.26185245
2/20/2020 10:00,0.257701763
2/20/2020 11:00,0.262264575
2/20/2020 12:00,0.385130813
2/20/2020 13:00,0.736585125
2/20/2020 14:00,0.423211163
2/20/2020 15:00,0.452919488
2/20/2020 16:00,0.402693225
2/20/2020 17:00,0.134876738
2/20/2020 18:00,0
2/20/2020 19:00,0
2/20/2020 20:00,0
2/20/2020 21:00,0
2/20/2020 22:00,0
2/20/2020 23:00,0
2/21/2020 0:00,0
2/21/2020 1:00,0
2/21/2020 2:00,0
2/21/2020 3:00,0
2/21/2020 4:00,0
2/21/2020 5:00,0
2/21/2020 6:00,0
2/21/2020 7:00,0.00959427
2/21/2020 8:00,0.161853263
2/21/2020 9:00,0.412772625
2/21/2020 10:00,0.6440925
2/21/2020 11:00,0.793222875
2/21/2020 12:00,0.7825665
2/21/2020 13:00,0.533366288
2/21/2020 14:00,0.504340913
2/21/2020 15:00,0.328928738
2/21/2020 16:00,0.165338663
2/21/2020 17:00,0.039821873
2/21/2020 18:00,0
2/21/2020 19:00,0
2/21/2020 20:00,0
2/21/2020 21:00,0
2/21/2020 22:00,0
2/21/2020 23:00,0
2/22/2020 0:00,0
2/22/2020 1:00,0
2/22/2020 2:00,0
2/22/2020 3:00,0
2/22/2020 4:00,0
2/22/2020 5:00,0
2/22/2020 6:00,0
2/22/2020 7:00,0.008258396
2/22/2020 8:00,0.129772275
2/22/2020 9:00,0.31662975
2/22/2020 10:00,0.38393565
2/22/2020 11:00,0.472831013
2/22/2020 12:00,0.496186725
2/22/2020 13:00,0.507773325
2/22/2020 14:00,0.44295195
2/22/2020 15:00,0.456293025
2/22/2020 16:00,0.316082213
2/22/2020 17:00,0.09573075
2/22/2020 18:00,0
2/22/2020 19:00,0
2/22/2020 20:00,0
2/22/2020 21:00,0
2/22/2020 22:00,0
2/22/2020 23:00,0
2/23/2020 0:00,0
2/23/2020 1:00,0
2/23/2020 2:00,0
2/23/2020 3:00,0
2/23/2020 4:00,0
2/23/2020 5:00,0
2/23/2020 6:00,0
2/23/2020 7:00,0
2/23/2020 8:00,0.066852563
2/23/2020 9:00,0.130437563
2/23/2020 10:00,0.235676625
2/23/2020 11:00,0.318337125
2/23/2020 12:00,0.349440788
2/23/2020 13:00,0.30198165
2/23/2020 14:00,0.181105388
2/23/2020 15:00,0.08254275
2/23/2020 16:00,0.043195999
2/23/2020 17:00,0.011540678
2/23/2020 18:00,0
2/23/2020 19:00,0
2/23/2020 20:00,0
2/23/2020 21:00,0
2/23/2020 22:00,0
2/23/2020 23:00,0
2/24/2020 0:00,0
2/24/2020 1:00,0
2/24/2020 2:00,0
2/24/2020 3:00,0
2/24/2020 4:00,0
2/24/2020 5:00,0
2/24/2020 6:00,0
2/24/2020 7:00,0.005423859
2/24/2020 8:00,0.09968715
2/24/2020 9:00,0.194369925
2/24/2020 10:00,0.2775132
2/24/2020 11:00,0.3399678
2/24/2020 12:00,0.359484863
2/24/2020 13:00,0.3483987
2/24/2020 14:00,0.303494738
2/24/2020 15:00,0.221970525
2/24/2020 16:00,0.126481163
2/24/2020 17:00,0.045817703
2/24/2020 18:00,0
2/24/2020 19:00,0
2/24/2020 20:00,0
2/24/2020 21:00,0
2/24/2020 22:00,0
2/24/2020 23:00,0
2/25/2020 0:00,0
2/25/2020 1:00,0
2/25/2020 2:00,0
2/25/2020 3:00,0
2/25/2020 4:00,0
2/25/2020 5:00,0
2/25/2020 6:00,0
2/25/2020 7:00,0.016401398
2/25/2020 8:00,0.208329188
2/25/2020 9:00,0.386237663
2/25/2020 10:00,0.561797025
2/25/2020 11:00,0.857278875
2/25/2020 12:00,0.83614275
2/25/2020 13:00,0.79493025
2/25/2020 14:00,0.783449625
2/25/2020 15:00,0.599524125
2/25/2020 16:00,0.319561725
2/25/2020 17:00,0.14005185
2/25/2020 18:00,0
2/25/2020 19:00,0
2/25/2020 20:00,0
2/25/2020 21:00,0
2/25/2020 22:00,0
2/25/2020 23:00,0
2/26/2020 0:00,0
2/26/2020 1:00,0
2/26/2020 2:00,0
2/26/2020 3:00,0
2/26/2020 4:00,0
2/26/2020 5:00,0
2/26/2020 6:00,0
2/26/2020 7:00,0
2/26/2020 8:00,0.0385278
2/26/2020 9:00,0.07425315
2/26/2020 10:00,0.117061163
2/26/2020 11:00,0.143131013
2/26/2020 12:00,0.149513063
2/26/2020 13:00,0.662402625
2/26/2020 14:00,0.54991605
2/26/2020 15:00,0.372878925
2/26/2020 16:00,0.208705988
2/26/2020 17:00,0.074382675
2/26/2020 18:00,0
2/26/2020 19:00,0
2/26/2020 20:00,0
2/26/2020 21:00,0
2/26/2020 22:00,0
2/26/2020 23:00,0
2/27/2020 0:00,0
2/27/2020 1:00,0
2/27/2020 2:00,0
2/27/2020 3:00,0
2/27/2020 4:00,0
2/27/2020 5:00,0
2/27/2020 6:00,0
2/27/2020 7:00,0
2/27/2020 8:00,0.02181672
2/27/2020 9:00,0.267580988
2/27/2020 10:00,0.48228045
2/27/2020 11:00,0.773911875
2/27/2020 12:00,0.922983375
2/27/2020 13:00,0.62207325
2/27/2020 14:00,0.513543075
2/27/2020 15:00,0.174782213
2/27/2020 16:00,0.01829835
2/27/2020 17:00,0.010327853
2/27/2020 18:00,0
2/27/2020 19:00,0
2/27/2020 20:00,0
2/27/2020 21:00,0
2/27/2020 22:00,0
2/27/2020 23:00,0
2/28/2020 0:00,0
2/28/2020 1:00,0
2/28/2020 2:00,0
2/28/2020 3:00,0
2/28/2020 4:00,0
2/28/2020 5:00,0
2/28/2020 6:00,0
2/28/2020 7:00,0
2/28/2020 8:00,0.011715536
2/28/2020 9:00,0.027172579
2/28/2020 10:00,0.057828791
2/28/2020 11:00,0.057895909
2/28/2020 12:00,0.081753825
2/28/2020 13:00,0.584781825
2/28/2020 14:00,0.513513638
2/28/2020 15:00,0.358654725
2/28/2020 16:00,0.214617038
2/28/2020 17:00,0.077885738
2/28/2020 18:00,0
2/28/2020 19:00,0
2/28/2020 20:00,0
2/28/2020 21:00,0
2/28/2020 22:00,0
2/28/2020 23:00,0
2/29/2020 0:00,0
2/29/2020 1:00,0
2/29/2020 2:00,0
2/29/2020 3:00,0
2/29/2020 4:00,0
2/29/2020 5:00,0
2/29/2020 6:00,0
2/29/2020 7:00,0
2/29/2020 8:00,0.028370096
2/29/2020 9:00,0.057022793
2/29/2020 10:00,0.102589688
2/29/2020 11:00,0.1463397
2/29/2020 12:00,0.176519025
2/29/2020 13:00,0.174217013
2/29/2020 14:00,0.14933055
2/29/2020 15:00,0.109660575
2/29/2020 16:00,0.06092385
2/29/2020 17:00,0.023042498
2/29/2020 18:00,0
2/29/2020 19:00,0
2/29/2020 20:00,0
2/29/2020 21:00,0
2/29/2020 22:00,0
2/29/2020 23:00,0
3/1/2020 0:00,0
3/1/2020 1:00,0
3/1/2020 2:00,0
3/1/2020 3:00,0
3/1/2020 4:00,0
3/1/2020 5:00,0
3/1/2020 6:00,0
3/1/2020 7:00,0
3/1/2020 8:00,0.028370096
3/1/2020 9:00,0.057022793
3/1/2020 10:00,0.102589688
3/1/2020 11:00,0.1463397
3/1/2020 12:00,0.176519025
3/1/2020 13:00,0.174217013
3/1/2020 14:00,0.14933055
3/1/2020 15:00,0.109660575
3/1/2020 16:00,0.06092385
3/1/2020 17:00,0.023042498
3/1/2020 18:00,0
3/1/2020 19:00,0
3/1/2020 20:00,0
3/1/2020 21:00,0
3/1/2020 22:00,0
3/1/2020 23:00,0
3/2/2020 0:00,0
3/2/2020 1:00,0
3/2/2020 2:00,0
3/2/2020 3:00,0
3/2/2020 4:00,0
3/2/2020 5:00,0
3/2/2020 6:00,0
3/2/2020 7:00,0.032304713
3/2/2020 8:00,0.094400175
3/2/2020 9:00,0.193115888
3/2/2020 10:00,0.231673125
3/2/2020 11:00,0.235959225
3/2/2020 12:00,0.1980555
3/2/2020 13:00,0.195906563
3/2/2020 14:00,0.19939785
3/2/2020 15:00,0.182094488
3/2/2020 16:00,0.14626905
3/2/2020 17:00,0.050800294
3/2/2020 18:00,0
3/2/2020 19:00,0
3/2/2020 20:00,0
3/2/2020 21:00,0
3/2/2020 22:00,0
3/2/2020 23:00,0
3/3/2020 0:00,0
3/3/2020 1:00,0
3/3/2020 2:00,0
3/3/2020 3:00,0
3/3/2020 4:00,0
3/3/2020 5:00,0
3/3/2020 6:00,0
3/3/2020 7:00,0.004532492
3/3/2020 8:00,0.026304761
3/3/2020 9:00,0.059075175
3/3/2020 10:00,0.080452688
3/3/2020 11:00,0.100876425
3/3/2020 12:00,0.113428575
3/3/2020 13:00,0.116860988
3/3/2020 14:00,0.102854625
3/3/2020 15:00,0.0797874
3/3/2020 16:00,0.049247171
3/3/2020 17:00,0.015557719
3/3/2020 18:00,0
3/3/2020 19:00,0
3/3/2020 20:00,0
3/3/2020 21:00,0
3/3/2020 22:00,0
3/3/2020 23:00,0
3/4/2020 0:00,0
3/4/2020 1:00,0
3/4/2020 2:00,0
3/4/2020 3:00,0
3/4/2020 4:00,0
3/4/2020 5:00,0
3/4/2020 6:00,0
3/4/2020 7:00,0.015840908
3/4/2020 8:00,0.063879375
3/4/2020 9:00,0.14104095
3/4/2020 10:00,0.176919375
3/4/2020 11:00,0.268134413
3/4/2020 12:00,0.259479788
3/4/2020 13:00,0.298301963
3/4/2020 14:00,0.217607888
3/4/2020 15:00,0.15446445
3/4/2020 16:00,0.098232938
3/4/2020 17:00,0.027578228
3/4/2020 18:00,0
3/4/2020 19:00,0
3/4/2020 20:00,0
3/4/2020 21:00,0
3/4/2020 22:00,0
3/4/2020 23:00,0
3/5/2020 0:00,0
3/5/2020 1:00,0
3/5/2020 2:00,0
3/5/2020 3:00,0
3/5/2020 4:00,0
3/5/2020 5:00,0
3/5/2020 6:00,0
3/5/2020 7:00,0.012642229
3/5/2020 8:00,0.045144761
3/5/2020 9:00,0.080011125
3/5/2020 10:00,0.125868863
3/5/2020 11:00,0.165044288
3/5/2020 12:00,0.1665456
3/5/2020 13:00,0.16298955
3/5/2020 14:00,0.139050975
3/5/2020 15:00,0.1069641
3/5/2020 16:00,0.051529755
3/5/2020 17:00,0.018256549
3/5/2020 18:00,0
3/5/2020 19:00,0
3/5/2020 20:00,0
3/5/2020 21:00,0
3/5/2020 22:00,0
3/5/2020 23:00,0
3/6/2020 0:00,0
3/6/2020 1:00,0
3/6/2020 2:00,0
3/6/2020 3:00,0
3/6/2020 4:00,0
3/6/2020 5:00,0
3/6/2020 6:00,0
3/6/2020 7:00,0.052202696
3/6/2020 8:00,0.214016513
3/6/2020 9:00,0.379996913
3/6/2020 10:00,0.569315363
3/6/2020 11:00,0.67411875
3/6/2020 12:00,0.73393575
3/6/2020 13:00,0.661107375
3/6/2020 14:00,0.632847375
3/6/2020 15:00,0.441709688
3/6/2020 16:00,0.220422113
3/6/2020 17:00,0.099381
3/6/2020 18:00,0
3/6/2020 19:00,0
3/6/2020 20:00,0
3/6/2020 21:00,0
3/6/2020 22:00,0
3/6/2020 23:00,0
3/7/2020 0:00,0
3/7/2020 1:00,0
3/7/2020 2:00,0
3/7/2020 3:00,0
3/7/2020 4:00,0
3/7/2020 5:00,0
3/7/2020 6:00,0
3/7/2020 7:00,0.005462481
3/7/2020 8:00,0.0274593
3/7/2020 9:00,0.053170601
3/7/2020 10:00,0.083031413
3/7/2020 11:00,0.089119088
3/7/2020 12:00,0.096213525
3/7/2020 13:00,0.1041852
3/7/2020 14:00,0.091497638
3/7/2020 15:00,0.073958775
3/7/2020 16:00,0.042915165
3/7/2020 17:00,0.014730525
3/7/2020 18:00,0
3/7/2020 19:00,0
3/7/2020 20:00,0
3/7/2020 21:00,0
3/7/2020 22:00,0
3/7/2020 23:00,0
3/8/2020 0:00,0
3/8/2020 1:00,0
3/8/2020 2:00,0
3/8/2020 3:00,0
3/8/2020 4:00,0
3/8/2020 5:00,0
3/8/2020 6:00,0
3/8/2020 7:00,0.006797708
3/8/2020 8:00,0.038953466
3/8/2020 9:00,0.065763375
3/8/2020 10:00,0.089378138
3/8/2020 11:00,0.103561125
3/8/2020 12:00,0.121047
3/8/2020 13:00,0.119498588
3/8/2020 14:00,0.096867038
3/8/2020 15:00,0.074547525
3/8/2020 16:00,0.050396411
3/8/2020 17:00,0.017532386
3/8/2020 18:00,0
3/8/2020 19:00,0
3/8/2020 20:00,0
3/8/2020 21:00,0
3/8/2020 22:00,0
3/8/2020 23:00,0
3/9/2020 0:00,0
3/9/2020 1:00,0
3/9/2020 2:00,0
3/9/2020 3:00,0
3/9/2020 4:00,0
3/9/2020 5:00,0
3/9/2020 6:00,0
3/9/2020 7:00,0.046532445
3/9/2020 8:00,0.161211525
3/9/2020 9:00,0.331778288
3/9/2020 10:00,0.457170263
3/9/2020 11:00,0.493608
3/9/2020 12:00,0.539065388
3/9/2020 13:00,0.454827038
3/9/2020 14:00,0.42769155
3/9/2020 15:00,0.316788713
3/9/2020 16:00,0.1896246
3/9/2020 17:00,0.064945013
3/9/2020 18:00,0
3/9/2020 19:00,0
3/9/2020 20:00,0
3/9/2020 21:00,0
3/9/2020 22:00,0
3/9/2020 23:00,0
3/10/2020 0:00,0
3/10/2020 1:00,0
3/10/2020 2:00,0
3/10/2020 3:00,0
3/10/2020 4:00,0
3/10/2020 5:00,0
3/10/2020 6:00,0
3/10/2020 7:00,0.064191413
3/10/2020 8:00,0.378784088
3/10/2020 9:00,0.66776025
3/10/2020 10:00,0.56800245
3/10/2020 11:00,0.784980375
3/10/2020 12:00,0.717804
3/10/2020 13:00,0.472524863
3/10/2020 14:00,0.319914975
3/10/2020 15:00,0.044581328
3/10/2020 16:00,0.02631477
3/10/2020 17:00,0.007954013
3/10/2020 18:00,0
3/10/2020 19:00,0
3/10/2020 20:00,0
3/10/2020 21:00,0
3/10/2020 22:00,0
3/10/2020 23:00,0
3/11/2020 0:00,0
3/11/2020 1:00,0
3/11/2020 2:00,0
3/11/2020 3:00,0
3/11/2020 4:00,0
3/11/2020 5:00,0
3/11/2020 6:00,0
3/11/2020 7:00,0.01363545
3/11/2020 8:00,0.058249748
3/11/2020 9:00,0.102754538
3/11/2020 10:00,0.157096163
3/11/2020 11:00,0.183978488
3/11/2020 12:00,0.17754345
3/11/2020 13:00,0.155565413
3/11/2020 14:00,0.15121455
3/11/2020 15:00,0.117744113
3/11/2020 16:00,0.079563675
3/11/2020 17:00,0.033407441
3/11/2020 18:00,0
3/11/2020 19:00,0
3/11/2020 20:00,0
3/11/2020 21:00,0
3/11/2020 22:00,0
3/11/2020 23:00,0
3/12/2020 0:00,0
3/12/2020 1:00,0
3/12/2020 2:00,0
3/12/2020 3:00,0
3/12/2020 4:00,0
3/12/2020 5:00,0
3/12/2020 6:00,0
3/12/2020 7:00,0.091862663
3/12/2020 8:00,0.3208452
3/12/2020 9:00,0.602585625
3/12/2020 10:00,0.812533875
3/12/2020 11:00,0.88253625
3/12/2020 12:00,0.83614275
3/12/2020 13:00,0.853981875
3/12/2020 14:00,0.804644625
3/12/2020 15:00,0.652276125
3/12/2020 16:00,0.4557867
3/12/2020 17:00,0.18701055
3/12/2020 18:00,0
3/12/2020 19:00,0
3/12/2020 20:00,0
3/12/2020 21:00,0
3/12/2020 22:00,0
3/12/2020 23:00,0
3/13/2020 0:00,0
3/13/2020 1:00,0
3/13/2020 2:00,0
3/13/2020 3:00,0
3/13/2020 4:00,0
3/13/2020 5:00,0
3/13/2020 6:00,0
3/13/2020 7:00,0.011245714
3/13/2020 8:00,0.046001981
3/13/2020 9:00,0.08753535
3/13/2020 10:00,0.106434225
3/13/2020 11:00,0.129065775
3/13/2020 12:00,0.14622195
3/13/2020 13:00,0.150725888
3/13/2020 14:00,0.128806725
3/13/2020 15:00,0.100211138
3/13/2020 16:00,0.055525601
3/13/2020 17:00,0.021190879
3/13/2020 18:00,0
3/13/2020 19:00,0
3/13/2020 20:00,0
3/13/2020 21:00,0
3/13/2020 22:00,0
3/13/2020 23:00,0
3/14/2020 0:00,0
3/14/2020 1:00,0
3/14/2020 2:00,0
3/14/2020 3:00,0
3/14/2020 4:00,0
3/14/2020 5:00,0
3/14/2020 6:00,0
3/14/2020 7:00,0.021090203
3/14/2020 8:00,0.067011525
3/14/2020 9:00,0.1168551
3/14/2020 10:00,0.199309538
3/14/2020 11:00,0.289882838
3/14/2020 12:00,0.3129324
3/14/2020 13:00,0.26990655
3/14/2020 14:00,0.22096965
3/14/2020 15:00,0.140611163
3/14/2020 16:00,0.099157275
3/14/2020 17:00,0.056517056
3/14/2020 18:00,0
3/14/2020 19:00,0
3/14/2020 20:00,0
3/14/2020 21:00,0
3/14/2020 22:00,0
3/14/2020 23:00,0
3/15/2020 0:00,0
3/15/2020 1:00,0
3/15/2020 2:00,0
3/15/2020 3:00,0
3/15/2020 4:00,0
3/15/2020 5:00,0
3/15/2020 6:00,0
3/15/2020 7:00,0.107782463
3/15/2020 8:00,0.30786915
3/15/2020 9:00,0.037628779
3/15/2020 10:00,0.054800261
3/15/2020 11:00,0.393126038
3/15/2020 12:00,1.00640925
3/15/2020 13:00,0.707854125
3/15/2020 14:00,0.66163725
3/15/2020 15:00,0.147558413
3/15/2020 16:00,0.420096675
3/15/2020 17:00,0.172768688
3/15/2020 18:00,0.017433476
3/15/2020 19:00,0
3/15/2020 20:00,0
3/15/2020 21:00,0
3/15/2020 22:00,0
3/15/2020 23:00,0
3/16/2020 0:00,0
3/16/2020 1:00,0
3/16/2020 2:00,0
3/16/2020 3:00,0
3/16/2020 4:00,0
3/16/2020 5:00,0
3/16/2020 6:00,0
3/16/2020 7:00,0.0804939
3/16/2020 8:00,0.266238638
3/16/2020 9:00,0.5700042
3/16/2020 10:00,0.724398
3/16/2020 11:00,0.75536625
3/16/2020 12:00,0.895312125
3/16/2020 13:00,0.8956065
3/16/2020 14:00,0.832315875
3/16/2020 15:00,0.610474875
3/16/2020 16:00,0.339549788
3/16/2020 17:00,0.114706163
3/16/2020 18:00,0
3/16/2020 19:00,0
3/16/2020 20:00,0
3/16/2020 21:00,0
3/16/2020 22:00,0
3/16/2020 23:00,0
3/17/2020 0:00,0
3/17/2020 1:00,0
3/17/2020 2:00,0
3/17/2020 3:00,0
3/17/2020 4:00,0
3/17/2020 5:00,0
3/17/2020 6:00,0
3/17/2020 7:00,0.03304536
3/17/2020 8:00,0.106416563
3/17/2020 9:00,0.188812125
3/17/2020 10:00,0.277430775
3/17/2020 11:00,0.333991988
3/17/2020 12:00,0.3468444
3/17/2020 13:00,0.329741213
3/17/2020 14:00,0.29180805
3/17/2020 15:00,0.20062245
3/17/2020 16:00,0.130908563
3/17/2020 17:00,0.056007199
3/17/2020 18:00,0
3/17/2020 19:00,0
3/17/2020 20:00,0
3/17/2020 21:00,0
3/17/2020 22:00,0
3/17/2020 23:00,0
3/18/2020 0:00,0
3/18/2020 1:00,0
3/18/2020 2:00,0
3/18/2020 3:00,0
3/18/2020 4:00,0
3/18/2020 5:00,0
3/18/2020 6:00,0
3/18/2020 7:00,0.038206343
3/18/2020 8:00,0.1065873
3/18/2020 9:00,0.19958625
3/18/2020 10:00,0.274328063
3/18/2020 11:00,0.31653555
3/18/2020 12:00,0.331578113
3/18/2020 13:00,0.31493415
3/18/2020 14:00,0.259314938
3/18/2020 15:00,0.190442963
3/18/2020 16:00,0.119168888
3/18/2020 17:00,0.044778559
3/18/2020 18:00,0
3/18/2020 19:00,0
3/18/2020 20:00,0
3/18/2020 21:00,0
3/18/2020 22:00,0
3/18/2020 23:00,0
3/19/2020 0:00,0
3/19/2020 1:00,0
3/19/2020 2:00,0
3/19/2020 3:00,0
3/19/2020 4:00,0
3/19/2020 5:00,0
3/19/2020 6:00,0
3/19/2020 7:00,0.003309187
3/19/2020 8:00,0.018708709
3/19/2020 9:00,0.035921404
3/19/2020 10:00,0.092993063
3/19/2020 11:00,0.06087675
3/19/2020 12:00,0.064968563
3/19/2020 13:00,0.495574425
3/19/2020 14:00,0.541761863
3/19/2020 15:00,0.38148645
3/19/2020 16:00,0.26524365
3/19/2020 17:00,0.125862975
3/19/2020 18:00,0
3/19/2020 19:00,0
3/19/2020 20:00,0
3/19/2020 21:00,0
3/19/2020 22:00,0
3/19/2020 23:00,0
3/20/2020 0:00,0
3/20/2020 1:00,0
3/20/2020 2:00,0
3/20/2020 3:00,0
3/20/2020 4:00,0
3/20/2020 5:00,0
3/20/2020 6:00,0
3/20/2020 7:00,0.021564735
3/20/2020 8:00,0.11612505
3/20/2020 9:00,0.131544413
3/20/2020 10:00,0.236871788
3/20/2020 11:00,0.276200288
3/20/2020 12:00,0.317942663
3/20/2020 13:00,0.435357075
3/20/2020 14:00,0.4771701
3/20/2020 15:00,0.312349538
3/20/2020 16:00,0.220198388
3/20/2020 17:00,0.066393338
3/20/2020 18:00,0
3/20/2020 19:00,0
3/20/2020 20:00,0
3/20/2020 21:00,0
3/20/2020 22:00,0
3/20/2020 23:00,0
3/21/2020 0:00,0
3/21/2020 1:00,0
3/21/2020 2:00,0
3/21/2020 3:00,0
3/21/2020 4:00,0
3/21/2020 5:00,0
3/21/2020 6:00,0
3/21/2020 7:00,0.034799246
3/21/2020 8:00,0.08456805
3/21/2020 9:00,0.152551013
3/21/2020 10:00,0.181223138
3/21/2020 11:00,0.179627625
3/21/2020 12:00,0.191331975
3/21/2020 13:00,0.224231325
3/21/2020 14:00,0.2357355
3/21/2020 15:00,0.19087275
3/21/2020 16:00,0.12008145
3/21/2020 17:00,0.042849814
3/21/2020 18:00,0
3/21/2020 19:00,0
3/21/2020 20:00,0
3/21/2020 21:00,0
3/21/2020 22:00,0
3/21/2020 23:00,0
3/22/2020 0:00,0
3/22/2020 1:00,0
3/22/2020 2:00,0
3/22/2020 3:00,0
3/22/2020 4:00,0
3/22/2020 5:00,0
3/22/2020 6:00,0
3/22/2020 7:00,0.118521263
3/22/2020 8:00,0.294898988
3/22/2020 9:00,0.586200713
3/22/2020 10:00,0.783214125
3/22/2020 11:00,0.808883625
3/22/2020 12:00,0.945826875
3/22/2020 13:00,0.873881625
3/22/2020 14:00,0.780741375
3/22/2020 15:00,0.61147575
3/22/2020 16:00,0.408933975
3/22/2020 17:00,0.182789213
3/22/2020 18:00,0.005368988
3/22/2020 19:00,0
3/22/2020 20:00,0
3/22/2020 21:00,0
3/22/2020 22:00,0
3/22/2020 23:00,0
3/23/2020 0:00,0
3/23/2020 1:00,0
3/23/2020 2:00,0
3/23/2020 3:00,0
3/23/2020 4:00,0
3/23/2020 5:00,0
3/23/2020 6:00,0
3/23/2020 7:00,0.117879525
3/23/2020 8:00,0.3950748
3/23/2020 9:00,0.651216375
3/23/2020 10:00,0.77820975
3/23/2020 11:00,0.8880705
3/23/2020 12:00,0.8960775
3/23/2020 13:00,0.870113625
3/23/2020 14:00,0.787688625
3/23/2020 15:00,0.64962675
3/23/2020 16:00,0.408156825
3/23/2020 17:00,0.162135863
3/23/2020 18:00,0
3/23/2020 19:00,0
3/23/2020 20:00,0
3/23/2020 21:00,0
3/23/2020 22:00,0
3/23/2020 23:00,0
3/24/2020 0:00,0
3/24/2020 1:00,0
3/24/2020 2:00,0
3/24/2020 3:00,0
3/24/2020 4:00,0
3/24/2020 5:00,0
3/24/2020 6:00,0
3/24/2020 7:00,0.104720963
3/24/2020 8:00,0.341792925
3/24/2020 9:00,0.623898375
3/24/2020 10:00,0.83826225
3/24/2020 11:00,0.8522745
3/24/2020 12:00,0.718216125
3/24/2020 13:00,0.746358375
3/24/2020 14:00,0.76714125
3/24/2020 15:00,0.410305763
3/24/2020 16:00,0.242146988
3/24/2020 17:00,0.0868053
3/24/2020 18:00,0
3/24/2020 19:00,0
3/24/2020 20:00,0
3/24/2020 21:00,0
3/24/2020 22:00,0
3/24/2020 23:00,0
3/25/2020 0:00,0
3/25/2020 1:00,0
3/25/2020 2:00,0
3/25/2020 3:00,0
3/25/2020 4:00,0
3/25/2020 5:00,0
3/25/2020 6:00,0
3/25/2020 7:00,0.097502888
3/25/2020 8:00,0.354798413
3/25/2020 9:00,0.663109125
3/25/2020 10:00,0.672058125
3/25/2020 11:00,0.653100375
3/25/2020 12:00,0.703497375
3/25/2020 13:00,0.80576325
3/25/2020 14:00,0.597640125
3/25/2020 15:00,0.502939688
3/25/2020 16:00,0.272767875
3/25/2020 17:00,0.110060925
3/25/2020 18:00,0
3/25/2020 19:00,0
3/25/2020 20:00,0
3/25/2020 21:00,0
3/25/2020 22:00,0
3/25/2020 23:00,0
3/26/2020 0:00,0
3/26/2020 1:00,0
3/26/2020 2:00,0
3/26/2020 3:00,0
3/26/2020 4:00,0
3/26/2020 5:00,0
3/26/2020 6:00,0
3/26/2020 7:00,0.081382913
3/26/2020 8:00,0.167328638
3/26/2020 9:00,0.2292828
3/26/2020 10:00,0.295163925
3/26/2020 11:00,0.298761188
3/26/2020 12:00,0.368192475
3/26/2020 13:00,0.198073163
3/26/2020 14:00,0.215794538
3/26/2020 15:00,0.1317387
3/26/2020 16:00,0.142936725
3/26/2020 17:00,0.064161975
3/26/2020 18:00,0
3/26/2020 19:00,0
3/26/2020 20:00,0
3/26/2020 21:00,0
3/26/2020 22:00,0
3/26/2020 23:00,0
3/27/2020 0:00,0
3/27/2020 1:00,0
3/27/2020 2:00,0
3/27/2020 3:00,0
3/27/2020 4:00,0
3/27/2020 5:00,0
3/27/2020 6:00,0
3/27/2020 7:00,0.039423289
3/27/2020 8:00,0.10830645
3/27/2020 9:00,0.186669075
3/27/2020 10:00,0.245920875
3/27/2020 11:00,0.305319863
3/27/2020 12:00,0.3140628
3/27/2020 13:00,0.294174825
3/27/2020 14:00,0.262246913
3/27/2020 15:00,0.196542413
3/27/2020 16:00,0.12238935
3/27/2020 17:00,0.054326318
3/27/2020 18:00,0
3/27/2020 19:00,0
3/27/2020 20:00,0
3/27/2020 21:00,0
3/27/2020 22:00,0
3/27/2020 23:00,0
3/28/2020 0:00,0
3/28/2020 1:00,0
3/28/2020 2:00,0
3/28/2020 3:00,0
3/28/2020 4:00,0
3/28/2020 5:00,0
3/28/2020 6:00,0
3/28/2020 7:00,0.005773341
3/28/2020 8:00,0.053314845
3/28/2020 9:00,0.135265313
3/28/2020 10:00,0.223683788
3/28/2020 11:00,0.346909163
3/28/2020 12:00,0.505771575
3/28/2020 13:00,0.60134925
3/28/2020 14:00,0.55735785
3/28/2020 15:00,0.402887513
3/28/2020 16:00,0.216383288
3/28/2020 17:00,0.11457075
3/28/2020 18:00,0.006164213
3/28/2020 19:00,0
3/28/2020 20:00,0
3/28/2020 21:00,0
3/28/2020 22:00,0
3/28/2020 23:00,0
3/29/2020 0:00,0
3/29/2020 1:00,0
3/29/2020 2:00,0
3/29/2020 3:00,0
3/29/2020 4:00,0
3/29/2020 5:00,0
3/29/2020 6:00,0
3/29/2020 7:00,0.050296913
3/29/2020 8:00,0.143378288
3/29/2020 9:00,0.302835338
3/29/2020 10:00,0.407356125
3/29/2020 11:00,0.53446725
3/29/2020 12:00,0.466425413
3/29/2020 13:00,0.476881613
3/29/2020 14:00,0.373520663
3/29/2020 15:00,0.262099725
3/29/2020 16:00,0.163872675
3/29/2020 17:00,0.061642125
3/29/2020 18:00,0
3/29/2020 19:00,0
3/29/2020 20:00,0
3/29/2020 21:00,0
3/29/2020 22:00,0
3/29/2020 23:00,0
3/30/2020 0:00,0
3/30/2020 1:00,0
3/30/2020 2:00,0
3/30/2020 3:00,0
3/30/2020 4:00,0
3/30/2020 5:00,0
3/30/2020 6:00,0
3/30/2020 7:00,0.142159575
3/30/2020 8:00,0.372484463
3/30/2020 9:00,0.674884125
3/30/2020 10:00,0.729520125
3/30/2020 11:00,0.548561925
3/30/2020 12:00,0.598346625
3/30/2020 13:00,0.596227125
3/30/2020 14:00,0.461079563
3/30/2020 15:00,0.448256588
3/30/2020 16:00,0.219750938
3/30/2020 17:00,0.109495725
3/30/2020 18:00,0
3/30/2020 19:00,0
3/30/2020 20:00,0
3/30/2020 21:00,0
3/30/2020 22:00,0
3/30/2020 23:00,0
3/31/2020 0:00,0
3/31/2020 1:00,0
3/31/2020 2:00,0
3/31/2020 3:00,0
3/31/2020 4:00,0
3/31/2020 5:00,0
3/31/2020 6:00,0
3/31/2020 7:00,0.072704738
3/31/2020 8:00,0.161305725
3/31/2020 9:00,0.24819345
3/31/2020 10:00,0.414497663
3/31/2020 11:00,0.495721613
3/31/2020 12:00,0.519306938
3/31/2020 13:00,0.50813835
3/31/2020 14:00,0.366773588
3/31/2020 15:00,0.207281213
3/31/2020 16:00,0.1470462
3/31/2020 17:00,0.051132938
3/31/2020 18:00,0
3/31/2020 19:00,0
3/31/2020 20:00,0
3/31/2020 21:00,0
3/31/2020 22:00,0
3/31/2020 23:00,0
4/1/2020 0:00,0
4/1/2020 1:00,0
4/1/2020 2:00,0
4/1/2020 3:00,0
4/1/2020 4:00,0
4/1/2020 5:00,0
4/1/2020 6:00,0
4/1/2020 7:00,0.065315925
4/1/2020 8:00,0.205632713
4/1/2020 9:00,0.39632295
4/1/2020 10:00,0.459448725
4/1/2020 11:00,0.437918138
4/1/2020 12:00,0.614713875
4/1/2020 13:00,0.54930375
4/1/2020 14:00,0.402769763
4/1/2020 15:00,0.27734835
4/1/2020 16:00,0.2342754
4/1/2020 17:00,0.097461675
4/1/2020 18:00,0
4/1/2020 19:00,0
4/1/2020 20:00,0
4/1/2020 21:00,0
4/1/2020 22:00,0
4/1/2020 23:00,0
4/2/2020 0:00,0
4/2/2020 1:00,0
4/2/2020 2:00,0
4/2/2020 3:00,0
4/2/2020 4:00,0
4/2/2020 5:00,0
4/2/2020 6:00,0
4/2/2020 7:00,0.064892025
4/2/2020 8:00,0.1774257
4/2/2020 9:00,0.270713138
4/2/2020 10:00,0.347297738
4/2/2020 11:00,0.39872505
4/2/2020 12:00,0.386685113
4/2/2020 13:00,0.37696485
4/2/2020 14:00,0.332743838
4/2/2020 15:00,0.254210475
4/2/2020 16:00,0.150596363
4/2/2020 17:00,0.065934113
4/2/2020 18:00,0
4/2/2020 19:00,0
4/2/2020 20:00,0
4/2/2020 21:00,0
4/2/2020 22:00,0
4/2/2020 23:00,0
4/3/2020 0:00,0
4/3/2020 1:00,0
4/3/2020 2:00,0
4/3/2020 3:00,0
4/3/2020 4:00,0
4/3/2020 5:00,0
4/3/2020 6:00,0
4/3/2020 7:00,0.0665994
4/3/2020 8:00,0.175276763
4/3/2020 9:00,0.221917538
4/3/2020 10:00,0.351613275
4/3/2020 11:00,0.488509425
4/3/2020 12:00,0.393973838
4/3/2020 13:00,0.291631425
4/3/2020 14:00,0.181647038
4/3/2020 15:00,0.135936488
4/3/2020 16:00,0.110508375
4/3/2020 17:00,0.059198813
4/3/2020 18:00,0
4/3/2020 19:00,0
4/3/2020 20:00,0
4/3/2020 21:00,0
4/3/2020 22:00,0
4/3/2020 23:00,0
4/4/2020 0:00,0
4/4/2020 1:00,0
4/4/2020 2:00,0
4/4/2020 3:00,0
4/4/2020 4:00,0
4/4/2020 5:00,0
4/4/2020 6:00,0
4/4/2020 7:00,0.115671713
4/4/2020 8:00,0.297218663
4/4/2020 9:00,0.437659088
4/4/2020 10:00,0.558706088
4/4/2020 11:00,0.71592
4/4/2020 12:00,0.6671715
4/4/2020 13:00,0.5690622
4/4/2020 14:00,0.67317675
4/4/2020 15:00,0.61665675
4/4/2020 16:00,0.389517
4/4/2020 17:00,0.178026225
4/4/2020 18:00,0.007060879
4/4/2020 19:00,0
4/4/2020 20:00,0
4/4/2020 21:00,0
4/4/2020 22:00,0
4/4/2020 23:00,0
4/5/2020 0:00,0
4/5/2020 1:00,0
4/5/2020 2:00,0
4/5/2020 3:00,0
4/5/2020 4:00,0
4/5/2020 5:00,0
4/5/2020 6:00,0
4/5/2020 7:00,0.087823838
4/5/2020 8:00,0.268499438
4/5/2020 9:00,0.423364238
4/5/2020 10:00,0.413220075
4/5/2020 11:00,0.570604725
4/5/2020 12:00,0.543104213
4/5/2020 13:00,0.609415125
4/5/2020 14:00,0.574937925
4/5/2020 15:00,0.425224688
4/5/2020 16:00,0.311725463
4/5/2020 17:00,0.148912538
4/5/2020 18:00,0
4/5/2020 19:00,0
4/5/2020 20:00,0
4/5/2020 21:00,0
4/5/2020 22:00,0
4/5/2020 23:00,0
4/6/2020 0:00,0
4/6/2020 1:00,0
4/6/2020 2:00,0
4/6/2020 3:00,0
4/6/2020 4:00,0
4/6/2020 5:00,0
4/6/2020 6:00,0
4/6/2020 7:00,0.064709513
4/6/2020 8:00,0.150125363
4/6/2020 9:00,0.235458788
4/6/2020 10:00,0.293992313
4/6/2020 11:00,0.39500415
4/6/2020 12:00,0.393673575
4/6/2020 13:00,0.355192875
4/6/2020 14:00,0.272155575
4/6/2020 15:00,0.240262988
4/6/2020 16:00,0.133840538
4/6/2020 17:00,0.057940065
4/6/2020 18:00,0
4/6/2020 19:00,0
4/6/2020 20:00,0
4/6/2020 21:00,0
4/6/2020 22:00,0
4/6/2020 23:00,0
4/7/2020 0:00,0
4/7/2020 1:00,0
4/7/2020 2:00,0
4/7/2020 3:00,0
4/7/2020 4:00,0
4/7/2020 5:00,0
4/7/2020 6:00,0
4/7/2020 7:00,0.17339865
4/7/2020 8:00,0.3999261
4/7/2020 9:00,0.62254425
4/7/2020 10:00,0.78080025
4/7/2020 11:00,0.83826225
4/7/2020 12:00,0.799228125
4/7/2020 13:00,0.704203875
4/7/2020 14:00,0.587866875
4/7/2020 15:00,0.434862525
4/7/2020 16:00,0.246597938
4/7/2020 17:00,0.090590963
4/7/2020 18:00,0
4/7/2020 19:00,0
4/7/2020 20:00,0
4/7/2020 21:00,0
4/7/2020 22:00,0
4/7/2020 23:00,0
4/8/2020 0:00,0
4/8/2020 1:00,0
4/8/2020 2:00,0
4/8/2020 3:00,0
4/8/2020 4:00,0
4/8/2020 5:00,0
4/8/2020 6:00,0
4/8/2020 7:00,0.0975912
4/8/2020 8:00,0.21192645
4/8/2020 9:00,0.2211816
4/8/2020 10:00,0.311083725
4/8/2020 11:00,0.39010575
4/8/2020 12:00,0.368645813
4/8/2020 13:00,0.378154125
4/8/2020 14:00,0.4110888
4/8/2020 15:00,0.28083375
4/8/2020 16:00,0.13623675
4/8/2020 17:00,0.082631063
4/8/2020 18:00,0
4/8/2020 19:00,0
4/8/2020 20:00,0
4/8/2020 21:00,0
4/8/2020 22:00,0
4/8/2020 23:00,0
4/9/2020 0:00,0
4/9/2020 1:00,0
4/9/2020 2:00,0
4/9/2020 3:00,0
4/9/2020 4:00,0
4/9/2020 5:00,0
4/9/2020 6:00,0
4/9/2020 7:00,0.057884723
4/9/2020 8:00,0.110767425
4/9/2020 9:00,0.157366988
4/9/2020 10:00,0.224614013
4/9/2020 11:00,0.272832638
4/9/2020 12:00,0.334639613
4/9/2020 13:00,0.263777663
4/9/2020 14:00,0.21541185
4/9/2020 15:00,0.151485375
4/9/2020 16:00,0.112551338
4/9/2020 17:00,0.052541816
4/9/2020 18:00,0
4/9/2020 19:00,0
4/9/2020 20:00,0
4/9/2020 21:00,0
4/9/2020 22:00,0
4/9/2020 23:00,0
4/10/2020 0:00,0
4/10/2020 1:00,0
4/10/2020 2:00,0
4/10/2020 3:00,0
4/10/2020 4:00,0
4/10/2020 5:00,0
4/10/2020 6:00,0
4/10/2020 7:00,0.074565188
4/10/2020 8:00,0.2368659
4/10/2020 9:00,0.658870125
4/10/2020 10:00,0.73888125
4/10/2020 11:00,0.88771725
4/10/2020 12:00,1.003701
4/10/2020 13:00,0.8781795
4/10/2020 14:00,0.558976913
4/10/2020 15:00,0.46683165
4/10/2020 16:00,0.120193313
4/10/2020 17:00,0.055952445
4/10/2020 18:00,0
4/10/2020 19:00,0
4/10/2020 20:00,0
4/10/2020 21:00,0
4/10/2020 22:00,0
4/10/2020 23:00,0
4/11/2020 0:00,0
4/11/2020 1:00,0
4/11/2020 2:00,0
4/11/2020 3:00,0
4/11/2020 4:00,0
4/11/2020 5:00,0
4/11/2020 6:00,0
4/11/2020 7:00,0.03931908
4/11/2020 8:00,0.099486975
4/11/2020 9:00,0.146681175
4/11/2020 10:00,0.187634625
4/11/2020 11:00,0.224955488
4/11/2020 12:00,0.254422425
4/11/2020 13:00,0.232338413
4/11/2020 14:00,0.202524113
4/11/2020 15:00,0.165268013
4/11/2020 16:00,0.104120438
4/11/2020 17:00,0.04178241
4/11/2020 18:00,0
4/11/2020 19:00,0
4/11/2020 20:00,0
4/11/2020 21:00,0
4/11/2020 22:00,0
4/11/2020 23:00,0
4/12/2020 0:00,0
4/12/2020 1:00,0
4/12/2020 2:00,0
4/12/2020 3:00,0
4/12/2020 4:00,0
4/12/2020 5:00,0
4/12/2020 6:00,0
4/12/2020 7:00,0.078344963
4/12/2020 8:00,0.18286575
4/12/2020 9:00,0.294039413
4/12/2020 10:00,0.3908358
4/12/2020 11:00,0.421256513
4/12/2020 12:00,0.477558675
4/12/2020 13:00,0.457211475
4/12/2020 14:00,0.415463213
4/12/2020 15:00,0.308569763
4/12/2020 16:00,0.1763424
4/12/2020 17:00,0.069278213
4/12/2020 18:00,0
4/12/2020 19:00,0
4/12/2020 20:00,0
4/12/2020 21:00,0
4/12/2020 22:00,0
4/12/2020 23:00,0
4/13/2020 0:00,0
4/13/2020 1:00,0
4/13/2020 2:00,0
4/13/2020 3:00,0
4/13/2020 4:00,0
4/13/2020 5:00,0
4/13/2020 6:00,0
4/13/2020 7:00,0.079916925
4/13/2020 8:00,0.114564863
4/13/2020 9:00,0.052445261
4/13/2020 10:00,0.199386075
4/13/2020 11:00,0.259927238
4/13/2020 12:00,0.423729263
4/13/2020 13:00,0.353208788
4/13/2020 14:00,0.434226675
4/13/2020 15:00,0.260574863
4/13/2020 16:00,0.181670588
4/13/2020 17:00,0.115188938
4/13/2020 18:00,0.004820803
4/13/2020 19:00,0
4/13/2020 20:00,0
4/13/2020 21:00,0
4/13/2020 22:00,0
4/13/2020 23:00,0
4/14/2020 0:00,0
4/14/2020 1:00,0
4/14/2020 2:00,0
4/14/2020 3:00,0
4/14/2020 4:00,0
4/14/2020 5:00,0
4/14/2020 6:00,0.002941748
4/14/2020 7:00,0.070520475
4/14/2020 8:00,0.031413934
4/14/2020 9:00,0.053192974
4/14/2020 10:00,0.244666838
4/14/2020 11:00,0.120758513
4/14/2020 12:00,0.195570975
4/14/2020 13:00,0.764433
4/14/2020 14:00,0.716685375
4/14/2020 15:00,0.71415375
4/14/2020 16:00,0.468486038
4/14/2020 17:00,0.206586488
4/14/2020 18:00,0.032589079
4/14/2020 19:00,0
4/14/2020 20:00,0
4/14/2020 21:00,0
4/14/2020 22:00,0
4/14/2020 23:00,0
4/15/2020 0:00,0
4/15/2020 1:00,0
4/15/2020 2:00,0
4/15/2020 3:00,0
4/15/2020 4:00,0
4/15/2020 5:00,0
4/15/2020 6:00,0
4/15/2020 7:00,0.12606315
4/15/2020 8:00,0.24758115
4/15/2020 9:00,0.292997325
4/15/2020 10:00,0.423976538
4/15/2020 11:00,0.59192925
4/15/2020 12:00,0.274133775
4/15/2020 13:00,0.3243306
4/15/2020 14:00,0.479201288
4/15/2020 15:00,0.466166363
4/15/2020 16:00,0.3074688
4/15/2020 17:00,0.191850075
4/15/2020 18:00,0.015949238
4/15/2020 19:00,0
4/15/2020 20:00,0
4/15/2020 21:00,0
4/15/2020 22:00,0
4/15/2020 23:00,0
4/16/2020 0:00,0
4/16/2020 1:00,0
4/16/2020 2:00,0
4/16/2020 3:00,0
4/16/2020 4:00,0
4/16/2020 5:00,0
4/16/2020 6:00,0
4/16/2020 7:00,0.052760243
4/16/2020 8:00,0.11113245
4/16/2020 9:00,0.2089356
4/16/2020 10:00,0.254593163
4/16/2020 11:00,0.268428788
4/16/2020 12:00,0.242765175
4/16/2020 13:00,0.233327513
4/16/2020 14:00,0.18093465
4/16/2020 15:00,0.131567963
4/16/2020 16:00,0.073811588
4/16/2020 17:00,0.034440109
4/16/2020 18:00,0
4/16/2020 19:00,0
4/16/2020 20:00,0
4/16/2020 21:00,0
4/16/2020 22:00,0
4/16/2020 23:00,0
4/17/2020 0:00,0
4/17/2020 1:00,0
4/17/2020 2:00,0
4/17/2020 3:00,0
4/17/2020 4:00,0
4/17/2020 5:00,0
4/17/2020 6:00,0
4/17/2020 7:00,0.066093075
4/17/2020 8:00,0.136907925
4/17/2020 9:00,0.170719838
4/17/2020 10:00,0.234010463
4/17/2020 11:00,0.395957925
4/17/2020 12:00,0.306450263
4/17/2020 13:00,0.2313081
4/17/2020 14:00,0.2355
4/17/2020 15:00,0.1817589
4/17/2020 16:00,0.151909275
4/17/2020 17:00,0.10232475
4/17/2020 18:00,0.003561996
4/17/2020 19:00,0
4/17/2020 20:00,0
4/17/2020 21:00,0
4/17/2020 22:00,0
4/17/2020 23:00,0
4/18/2020 0:00,0
4/18/2020 1:00,0
4/18/2020 2:00,0
4/18/2020 3:00,0
4/18/2020 4:00,0
4/18/2020 5:00,0
4/18/2020 6:00,0.009700834
4/18/2020 7:00,0.154164188
4/18/2020 8:00,0.4917711
4/18/2020 9:00,0.65739825
4/18/2020 10:00,0.646977375
4/18/2020 11:00,0.603822
4/18/2020 12:00,0.482692575
4/18/2020 13:00,0.595344
4/18/2020 14:00,0.363977025
4/18/2020 15:00,0.330412388
4/18/2020 16:00,0.3281928
4/18/2020 17:00,0.16628655
4/18/2020 18:00,0.011272796
4/18/2020 19:00,0
4/18/2020 20:00,0
4/18/2020 21:00,0
4/18/2020 22:00,0
4/18/2020 23:00,0
4/19/2020 0:00,0
4/19/2020 1:00,0
4/19/2020 2:00,0
4/19/2020 3:00,0
4/19/2020 4:00,0
4/19/2020 5:00,0
4/19/2020 6:00,0
4/19/2020 7:00,0.118250438
4/19/2020 8:00,0.2181672
4/19/2020 9:00,0.271125263
4/19/2020 10:00,0.463140188
4/19/2020 11:00,0.729402375
4/19/2020 12:00,0.81447675
4/19/2020 13:00,0.900610875
4/19/2020 14:00,0.671646
4/19/2020 15:00,0.527508225
4/19/2020 16:00,0.33231405
4/19/2020 17:00,0.091450538
4/19/2020 18:00,0.010180665
4/19/2020 19:00,0
4/19/2020 20:00,0
4/19/2020 21:00,0
4/19/2020 22:00,0
4/19/2020 23:00,0
4/20/2020 0:00,0
4/20/2020 1:00,0
4/20/2020 2:00,0
4/20/2020 3:00,0
4/20/2020 4:00,0
4/20/2020 5:00,0
4/20/2020 6:00,0
4/20/2020 7:00,0.066617063
4/20/2020 8:00,0.203318925
4/20/2020 9:00,0.446784713
4/20/2020 10:00,0.741295125
4/20/2020 11:00,0.849036375
4/20/2020 12:00,0.86193
4/20/2020 13:00,0.848447625
4/20/2020 14:00,0.75230475
4/20/2020 15:00,0.681124875
4/20/2020 16:00,0.471512213
4/20/2020 17:00,0.209559675
4/20/2020 18:00,0.021234446
4/20/2020 19:00,0
4/20/2020 20:00,0
4/20/2020 21:00,0
4/20/2020 22:00,0
4/20/2020 23:00,0
4/21/2020 0:00,0
4/21/2020 1:00,0
4/21/2020 2:00,0
4/21/2020 3:00,0
4/21/2020 4:00,0
4/21/2020 5:00,0
4/21/2020 6:00,0.012121774
4/21/2020 7:00,0.121623975
4/21/2020 8:00,0.325543425
4/21/2020 9:00,0.54172065
4/21/2020 10:00,0.572376863
4/21/2020 11:00,0.773911875
4/21/2020 12:00,0.791927625
4/21/2020 13:00,0.82366125
4/21/2020 14:00,0.626842125
4/21/2020 15:00,0.4232877
4/21/2020 16:00,0.165574163
4/21/2020 17:00,0.075283463
4/21/2020 18:00,0
4/21/2020 19:00,0
4/21/2020 20:00,0
4/21/2020 21:00,0
4/21/2020 22:00,0
4/21/2020 23:00,0
4/22/2020 0:00,0
4/22/2020 1:00,0
4/22/2020 2:00,0
4/22/2020 3:00,0
4/22/2020 4:00,0
4/22/2020 5:00,0
4/22/2020 6:00,0
4/22/2020 7:00,0.036817481
4/22/2020 8:00,0.086846513
4/22/2020 9:00,0.143354738
4/22/2020 10:00,0.183954938
4/22/2020 11:00,0.218037675
4/22/2020 12:00,0.237036638
4/22/2020 13:00,0.2422824
4/22/2020 14:00,0.209465475
4/22/2020 15:00,0.152121225
4/22/2020 16:00,0.083614275
4/22/2020 17:00,0.037432725
4/22/2020 18:00,0
4/22/2020 19:00,0
4/22/2020 20:00,0
4/22/2020 21:00,0
4/22/2020 22:00,0
4/22/2020 23:00,0
4/23/2020 0:00,0
4/23/2020 1:00,0
4/23/2020 2:00,0
4/23/2020 3:00,0
4/23/2020 4:00,0
4/23/2020 5:00,0
4/23/2020 6:00,0
4/23/2020 7:00,0.030965895
4/23/2020 8:00,0.110961713
4/23/2020 9:00,0.1701252
4/23/2020 10:00,0.220957875
4/23/2020 11:00,0.298537463
4/23/2020 12:00,0.276365138
4/23/2020 13:00,0.292002338
4/23/2020 14:00,0.272885625
4/23/2020 15:00,0.229859775
4/23/2020 16:00,0.154405575
4/23/2020 17:00,0.058211479
4/23/2020 18:00,0
4/23/2020 19:00,0
4/23/2020 20:00,0
4/23/2020 21:00,0
4/23/2020 22:00,0
4/23/2020 23:00,0
4/24/2020 0:00,0
4/24/2020 1:00,0
4/24/2020 2:00,0
4/24/2020 3:00,0
4/24/2020 4:00,0
4/24/2020 5:00,0
4/24/2020 6:00,0.003947392
4/24/2020 7:00,0.130378688
4/24/2020 8:00,0.283035675
4/24/2020 9:00,0.356470463
4/24/2020 10:00,0.449704913
4/24/2020 11:00,0.343647488
4/24/2020 12:00,0.344777888
4/24/2020 13:00,0.337771763
4/24/2020 14:00,0.235199738
4/24/2020 15:00,0.142035938
4/24/2020 16:00,0.0841206
4/24/2020 17:00,0.011592488
4/24/2020 18:00,0
4/24/2020 19:00,0
4/24/2020 20:00,0
4/24/2020 21:00,0
4/24/2020 22:00,0
4/24/2020 23:00,0
4/25/2020 0:00,0
4/25/2020 1:00,0
4/25/2020 2:00,0
4/25/2020 3:00,0
4/25/2020 4:00,0
4/25/2020 5:00,0
4/25/2020 6:00,0.027282675
4/25/2020 7:00,0.228900113
4/25/2020 8:00,0.355622663
4/25/2020 9:00,0.477087675
4/25/2020 10:00,0.88583325
4/25/2020 11:00,0.711857625
4/25/2020 12:00,0.829960875
4/25/2020 13:00,0.644622375
4/25/2020 14:00,0.754483125
4/25/2020 15:00,0.4357692
4/25/2020 16:00,0.26769285
4/25/2020 17:00,0.038194568
4/25/2020 18:00,0
4/25/2020 19:00,0
4/25/2020 20:00,0
4/25/2020 21:00,0
4/25/2020 22:00,0
4/25/2020 23:00,0
4/26/2020 0:00,0
4/26/2020 1:00,0
4/26/2020 2:00,0
4/26/2020 3:00,0
4/26/2020 4:00,0
4/26/2020 5:00,0
4/26/2020 6:00,0
4/26/2020 7:00,0.067806338
4/26/2020 8:00,0.207557925
4/26/2020 9:00,0.362628788
4/26/2020 10:00,0.314315963
4/26/2020 11:00,0.378295425
4/26/2020 12:00,0.427420725
4/26/2020 13:00,0.294581063
4/26/2020 14:00,0.377571263
4/26/2020 15:00,0.254769788
4/26/2020 16:00,0.298926038
4/26/2020 17:00,0.132097838
4/26/2020 18:00,0.012181238
4/26/2020 19:00,0
4/26/2020 20:00,0
4/26/2020 21:00,0
4/26/2020 22:00,0
4/26/2020 23:00,0
4/27/2020 0:00,0
4/27/2020 1:00,0
4/27/2020 2:00,0
4/27/2020 3:00,0
4/27/2020 4:00,0
4/27/2020 5:00,0
4/27/2020 6:00,0.006703508
4/27/2020 7:00,0.047178304
4/27/2020 8:00,0.094941825
4/27/2020 9:00,0.138768375
4/27/2020 10:00,0.19803195
4/27/2020 11:00,0.206827875
4/27/2020 12:00,0.207393075
4/27/2020 13:00,0.2052618
4/27/2020 14:00,0.167022488
4/27/2020 15:00,0.107664713
4/27/2020 16:00,0.084503288
4/27/2020 17:00,0.029488721
4/27/2020 18:00,0
4/27/2020 19:00,0
4/27/2020 20:00,0
4/27/2020 21:00,0
4/27/2020 22:00,0
4/27/2020 23:00,0
4/28/2020 0:00,0
4/28/2020 1:00,0
4/28/2020 2:00,0
4/28/2020 3:00,0
4/28/2020 4:00,0
4/28/2020 5:00,0
4/28/2020 6:00,0
4/28/2020 7:00,0.027648878
4/28/2020 8:00,0.062295638
4/28/2020 9:00,0.116272238
4/28/2020 10:00,0.158079375
4/28/2020 11:00,0.17542395
4/28/2020 12:00,0.186009675
4/28/2020 13:00,0.172309463
4/28/2020 14:00,0.144638213
4/28/2020 15:00,0.11311065
4/28/2020 16:00,0.061383075
4/28/2020 17:00,0.023613585
4/28/2020 18:00,0
4/28/2020 19:00,0
4/28/2020 20:00,0
4/28/2020 21:00,0
4/28/2020 22:00,0
4/28/2020 23:00,0
4/29/2020 0:00,0
4/29/2020 1:00,0
4/29/2020 2:00,0
4/29/2020 3:00,0
4/29/2020 4:00,0
4/29/2020 5:00,0
4/29/2020 6:00,0.014140598
4/29/2020 7:00,0.124408763
4/29/2020 8:00,0.333933113
4/29/2020 9:00,0.641031
4/29/2020 10:00,0.680595
4/29/2020 11:00,0.998049
4/29/2020 12:00,0.89054325
4/29/2020 13:00,0.791809875
4/29/2020 14:00,0.778092
4/29/2020 15:00,0.541903163
4/29/2020 16:00,0.284660625
4/29/2020 17:00,0.157578938
4/29/2020 18:00,0
4/29/2020 19:00,0
4/29/2020 20:00,0
4/29/2020 21:00,0
4/29/2020 22:00,0
4/29/2020 23:00,0
4/30/2020 0:00,0
4/30/2020 1:00,0
4/30/2020 2:00,0
4/30/2020 3:00,0
4/30/2020 4:00,0
4/30/2020 5:00,0
4/30/2020 6:00,0.035715341
4/30/2020 7:00,0.203053988
4/30/2020 8:00,0.418401075
4/30/2020 9:00,0.67788675
4/30/2020 10:00,0.763196625
4/30/2020 11:00,0.861871125
4/30/2020 12:00,0.93717225
4/30/2020 13:00,0.830844
4/30/2020 14:00,0.679005375
4/30/2020 15:00,0.537346238
4/30/2020 16:00,0.357989438
4/30/2020 17:00,0.182718563
4/30/2020 18:00,0.022369556
4/30/2020 19:00,0
4/30/2020 20:00,0
4/30/2020 21:00,0
4/30/2020 22:00,0
4/30/2020 23:00,0
5/1/2020 0:00,0
5/1/2020 1:00,0
5/1/2020 2:00,0
5/1/2020 3:00,0
5/1/2020 4:00,0
5/1/2020 5:00,0
5/1/2020 6:00,0.011825633
5/1/2020 7:00,0.072728288
5/1/2020 8:00,0.142989713
5/1/2020 9:00,0.1934397
5/1/2020 10:00,0.22577385
5/1/2020 11:00,0.235470563
5/1/2020 12:00,0.241493475
5/1/2020 13:00,0.234646313
5/1/2020 14:00,0.196589513
5/1/2020 15:00,0.1592451
5/1/2020 16:00,0.093811425
5/1/2020 17:00,0.055184126
5/1/2020 18:00,0.009203929
5/1/2020 19:00,0
5/1/2020 20:00,0
5/1/2020 21:00,0
5/1/2020 22:00,0
5/1/2020 23:00,0
5/2/2020 0:00,0
5/2/2020 1:00,0
5/2/2020 2:00,0
5/2/2020 3:00,0
5/2/2020 4:00,0
5/2/2020 5:00,0
5/2/2020 6:00,0.013369924
5/2/2020 7:00,0.013415846
5/2/2020 8:00,0.034732129
5/2/2020 9:00,0.1274526
5/2/2020 10:00,0.257949038
5/2/2020 11:00,0.279862313
5/2/2020 12:00,0.408327563
5/2/2020 13:00,0.448892438
5/2/2020 14:00,0.400885763
5/2/2020 15:00,0.256288763
5/2/2020 16:00,0.149648475
5/2/2020 17:00,0.049251293
5/2/2020 18:00,0.014305448
5/2/2020 19:00,0
5/2/2020 20:00,0
5/2/2020 21:00,0
5/2/2020 22:00,0
5/2/2020 23:00,0
5/3/2020 0:00,0
5/3/2020 1:00,0
5/3/2020 2:00,0
5/3/2020 3:00,0
5/3/2020 4:00,0
5/3/2020 5:00,0
5/3/2020 6:00,0.003666205
5/3/2020 7:00,0.015458809
5/3/2020 8:00,0.093487613
5/3/2020 9:00,0.190066163
5/3/2020 10:00,0.352178475
5/3/2020 11:00,0.2847195
5/3/2020 12:00,0.394621463
5/3/2020 13:00,0.3939915
5/3/2020 14:00,0.324460125
5/3/2020 15:00,0.258302288
5/3/2020 16:00,0.146216063
5/3/2020 17:00,0.069972938
5/3/2020 18:00,0.012822386
5/3/2020 19:00,0
5/3/2020 20:00,0
5/3/2020 21:00,0
5/3/2020 22:00,0
5/3/2020 23:00,0
5/4/2020 0:00,0
5/4/2020 1:00,0
5/4/2020 2:00,0
5/4/2020 3:00,0
5/4/2020 4:00,0
5/4/2020 5:00,0
5/4/2020 6:00,0
5/4/2020 7:00,0.044997574
5/4/2020 8:00,0.137161088
5/4/2020 9:00,0.1894362
5/4/2020 10:00,0.2300364
5/4/2020 11:00,0.306756413
5/4/2020 12:00,0.285196388
5/4/2020 13:00,0.242547338
5/4/2020 14:00,0.245338013
5/4/2020 15:00,0.271160588
5/4/2020 16:00,0.1734222
5/4/2020 17:00,0.101459288
5/4/2020 18:00,0.021950955
5/4/2020 19:00,0
5/4/2020 20:00,0
5/4/2020 21:00,0
5/4/2020 22:00,0
5/4/2020 23:00,0
5/5/2020 0:00,0
5/5/2020 1:00,0
5/5/2020 2:00,0
5/5/2020 3:00,0
5/5/2020 4:00,0
5/5/2020 5:00,0
5/5/2020 6:00,0.021464059
5/5/2020 7:00,0.087458813
5/5/2020 8:00,0.180033863
5/5/2020 9:00,0.270583613
5/5/2020 10:00,0.343046963
5/5/2020 11:00,0.33075975
5/5/2020 12:00,0.2808573
5/5/2020 13:00,0.214299113
5/5/2020 14:00,0.192226875
5/5/2020 15:00,0.108012075
5/5/2020 16:00,0.053836478
5/5/2020 17:00,0.036574916
5/5/2020 18:00,0.004581653
5/5/2020 19:00,0
5/5/2020 20:00,0
5/5/2020 21:00,0
5/5/2020 22:00,0
5/5/2020 23:00,0
5/6/2020 0:00,0
5/6/2020 1:00,0
5/6/2020 2:00,0
5/6/2020 3:00,0
5/6/2020 4:00,0
5/6/2020 5:00,0
5/6/2020 6:00,0.018233588
5/6/2020 7:00,0.08593395
5/6/2020 8:00,0.158509163
5/6/2020 9:00,0.157785
5/6/2020 10:00,0.3303123
5/6/2020 11:00,0.410865075
5/6/2020 12:00,0.39236655
5/6/2020 13:00,0.245220263
5/6/2020 14:00,0.1616001
5/6/2020 15:00,0.151503038
5/6/2020 16:00,0.103778963
5/6/2020 17:00,0.061483163
5/6/2020 18:00,0.008559248
5/6/2020 19:00,0
5/6/2020 20:00,0
5/6/2020 21:00,0
5/6/2020 22:00,0
5/6/2020 23:00,0
5/7/2020 0:00,0
5/7/2020 1:00,0
5/7/2020 2:00,0
5/7/2020 3:00,0
5/7/2020 4:00,0
5/7/2020 5:00,0
5/7/2020 6:00,0.008867164
5/7/2020 7:00,0.147699713
5/7/2020 8:00,0.267745838
5/7/2020 9:00,0.352408088
5/7/2020 10:00,0.292084763
5/7/2020 11:00,0.342311025
5/7/2020 12:00,0.277366013
5/7/2020 13:00,0.21117285
5/7/2020 14:00,0.513637275
5/7/2020 15:00,0.348528225
5/7/2020 16:00,0.20137605
5/7/2020 17:00,0.161794388
5/7/2020 18:00,0.039584606
5/7/2020 19:00,0
5/7/2020 20:00,0
5/7/2020 21:00,0
5/7/2020 22:00,0
5/7/2020 23:00,0
5/8/2020 0:00,0
5/8/2020 1:00,0
5/8/2020 2:00,0
5/8/2020 3:00,0
5/8/2020 4:00,0
5/8/2020 5:00,0
5/8/2020 6:00,0.014579805
5/8/2020 7:00,0.013175048
5/8/2020 8:00,0.134770763
5/8/2020 9:00,0.298325513
5/8/2020 10:00,0.340244513
5/8/2020 11:00,0.462857588
5/8/2020 12:00,0.346573575
5/8/2020 13:00,0.494773725
5/8/2020 14:00,0.53865915
5/8/2020 15:00,0.470752725
5/8/2020 16:00,0.19454655
5/8/2020 17:00,0.125250675
5/8/2020 18:00,0.030631485
5/8/2020 19:00,0
5/8/2020 20:00,0
5/8/2020 21:00,0
5/8/2020 22:00,0
5/8/2020 23:00,0
5/9/2020 0:00,0
5/9/2020 1:00,0
5/9/2020 2:00,0
5/9/2020 3:00,0
5/9/2020 4:00,0
5/9/2020 5:00,0
5/9/2020 6:00,0.004791306
5/9/2020 7:00,0.038888115
5/9/2020 8:00,0.141500175
5/9/2020 9:00,0.504859013
5/9/2020 10:00,0.883125
5/9/2020 11:00,1.00640925
5/9/2020 12:00,0.8452095
5/9/2020 13:00,0.477046463
5/9/2020 14:00,0.572088375
5/9/2020 15:00,0.050501209
5/9/2020 16:00,0.032071568
5/9/2020 17:00,0.013262771
5/9/2020 18:00,0
5/9/2020 19:00,0
5/9/2020 20:00,0
5/9/2020 21:00,0
5/9/2020 22:00,0
5/9/2020 23:00,0
5/10/2020 0:00,0
5/10/2020 1:00,0
5/10/2020 2:00,0
5/10/2020 3:00,0
5/10/2020 4:00,0
5/10/2020 5:00,0
5/10/2020 6:00,0.012925418
5/10/2020 7:00,0.015637789
5/10/2020 8:00,0.197290125
5/10/2020 9:00,0.117178913
5/10/2020 10:00,0.154146525
5/10/2020 11:00,0.631669875
5/10/2020 12:00,0.734465625
5/10/2020 13:00,0.688778625
5/10/2020 14:00,0.6577515
5/10/2020 15:00,0.707854125
5/10/2020 16:00,0.356152538
5/10/2020 17:00,0.102383625
5/10/2020 18:00,0
5/10/2020 19:00,0
5/10/2020 20:00,0
5/10/2020 21:00,0
5/10/2020 22:00,0
5/10/2020 23:00,0
5/11/2020 0:00,0
5/11/2020 1:00,0
5/11/2020 2:00,0
5/11/2020 3:00,0
5/11/2020 4:00,0
5/11/2020 5:00,0
5/11/2020 6:00,0.017788493
5/11/2020 7:00,0.0736173
5/11/2020 8:00,0.176995913
5/11/2020 9:00,0.258749738
5/11/2020 10:00,0.23769015
5/11/2020 11:00,0.365319375
5/11/2020 12:00,0.481185375
5/11/2020 13:00,0.483516825
5/11/2020 14:00,0.2582022
5/11/2020 15:00,0.198373425
5/11/2020 16:00,0.105227288
5/11/2020 17:00,0.044013184
5/11/2020 18:00,0.013029038
5/11/2020 19:00,0
5/11/2020 20:00,0
5/11/2020 21:00,0
5/11/2020 22:00,0
5/11/2020 23:00,0
5/12/2020 0:00,0
5/12/2020 1:00,0
5/12/2020 2:00,0
5/12/2020 3:00,0
5/12/2020 4:00,0
5/12/2020 5:00,0
5/12/2020 6:00,0.054269209
5/12/2020 7:00,0.222465075
5/12/2020 8:00,0.455215613
5/12/2020 9:00,0.65268825
5/12/2020 10:00,0.84226575
5/12/2020 11:00,0.915447375
5/12/2020 12:00,0.940999125
5/12/2020 13:00,0.911208375
5/12/2020 14:00,0.843384375
5/12/2020 15:00,0.6516285
5/12/2020 16:00,0.44191575
5/12/2020 17:00,0.192974588
5/12/2020 18:00,0.038742694
5/12/2020 19:00,0
5/12/2020 20:00,0
5/12/2020 21:00,0
5/12/2020 22:00,0
5/12/2020 23:00,0
5/13/2020 0:00,0
5/13/2020 1:00,0
5/13/2020 2:00,0
5/13/2020 3:00,0
5/13/2020 4:00,0
5/13/2020 5:00,0
5/13/2020 6:00,0.006346725
5/13/2020 7:00,0.059499075
5/13/2020 8:00,0.16746405
5/13/2020 9:00,0.24188205
5/13/2020 10:00,0.3640359
5/13/2020 11:00,0.3151461
5/13/2020 12:00,0.251767163
5/13/2020 13:00,0.223725
5/13/2020 14:00,0.1884471
5/13/2020 15:00,0.184337625
5/13/2020 16:00,0.160981913
5/13/2020 17:00,0.0947181
5/13/2020 18:00,0.012028751
5/13/2020 19:00,0
5/13/2020 20:00,0
5/13/2020 21:00,0
5/13/2020 22:00,0
5/13/2020 23:00,0
5/14/2020 0:00,0
5/14/2020 1:00,0
5/14/2020 2:00,0
5/14/2020 3:00,0
5/14/2020 4:00,0
5/14/2020 5:00,0
5/14/2020 6:00,0.037758893
5/14/2020 7:00,0.166527938
5/14/2020 8:00,0.261151838
5/14/2020 9:00,0.282959138
5/14/2020 10:00,0.362887838
5/14/2020 11:00,0.34950555
5/14/2020 12:00,0.406908675
5/14/2020 13:00,0.279732788
5/14/2020 14:00,0.3024762
5/14/2020 15:00,0.286538738
5/14/2020 16:00,0.111668213
5/14/2020 17:00,0.014382574
5/14/2020 18:00,0
5/14/2020 19:00,0
5/14/2020 20:00,0
5/14/2020 21:00,0
5/14/2020 22:00,0
5/14/2020 23:00,0
5/15/2020 0:00,0
5/15/2020 1:00,0
5/15/2020 2:00,0
5/15/2020 3:00,0
5/15/2020 4:00,0
5/15/2020 5:00,0
5/15/2020 6:00,0.035051231
5/15/2020 7:00,0.16138815
5/15/2020 8:00,0.292143638
5/15/2020 9:00,0.379796738
5/15/2020 10:00,0.405354375
5/15/2020 11:00,0.549921938
5/15/2020 12:00,0.629550375
5/15/2020 13:00,0.530004525
5/15/2020 14:00,0.438106538
5/15/2020 15:00,0.284489888
5/15/2020 16:00,0.184873388
5/15/2020 17:00,0.169483463
5/15/2020 18:00,0.052418768
5/15/2020 19:00,0
5/15/2020 20:00,0
5/15/2020 21:00,0
5/15/2020 22:00,0
5/15/2020 23:00,0
5/16/2020 0:00,0
5/16/2020 1:00,0
5/16/2020 2:00,0
5/16/2020 3:00,0
5/16/2020 4:00,0
5/16/2020 5:00,0
5/16/2020 6:00,0.045959003
5/16/2020 7:00,0.173722463
5/16/2020 8:00,0.343894763
5/16/2020 9:00,0.579159263
5/16/2020 10:00,0.829725375
5/16/2020 11:00,0.9629595
5/16/2020 12:00,0.893781375
5/16/2020 13:00,0.89996325
5/16/2020 14:00,0.824191125
5/16/2020 15:00,0.538441313
5/16/2020 16:00,0.3313956
5/16/2020 17:00,0.15455865
5/16/2020 18:00,0.030371846
5/16/2020 19:00,0
5/16/2020 20:00,0
5/16/2020 21:00,0
5/16/2020 22:00,0
5/16/2020 23:00,0
5/17/2020 0:00,0
5/17/2020 1:00,0
5/17/2020 2:00,0
5/17/2020 3:00,0
5/17/2020 4:00,0
5/17/2020 5:00,0
5/17/2020 6:00,0.064632975
5/17/2020 7:00,0.240080475
5/17/2020 8:00,0.481379663
5/17/2020 9:00,0.707029875
5/17/2020 10:00,0.831844875
5/17/2020 11:00,0.83567175
5/17/2020 12:00,0.959898
5/17/2020 13:00,0.884479125
5/17/2020 14:00,0.543822488
5/17/2020 15:00,0.3288522
5/17/2020 16:00,0.2994147
5/17/2020 17:00,0.068471625
5/17/2020 18:00,0
5/17/2020 19:00,0
5/17/2020 20:00,0
5/17/2020 21:00,0
5/17/2020 22:00,0
5/17/2020 23:00,0
5/18/2020 0:00,0
5/18/2020 1:00,0
5/18/2020 2:00,0
5/18/2020 3:00,0
5/18/2020 4:00,0
5/18/2020 5:00,0
5/18/2020 6:00,0.049781168
5/18/2020 7:00,0.177360938
5/18/2020 8:00,0.375722588
5/18/2020 9:00,0.600054
5/18/2020 10:00,0.718098375
5/18/2020 11:00,0.707442
5/18/2020 12:00,0.721748625
5/18/2020 13:00,0.73864575
5/18/2020 14:00,0.629079375
5/18/2020 15:00,0.499836975
5/18/2020 16:00,0.361669125
5/18/2020 17:00,0.194917463
5/18/2020 18:00,0.037032964
5/18/2020 19:00,0
5/18/2020 20:00,0
5/18/2020 21:00,0
5/18/2020 22:00,0
5/18/2020 23:00,0
5/19/2020 0:00,0
5/19/2020 1:00,0
5/19/2020 2:00,0
5/19/2020 3:00,0
5/19/2020 4:00,0
5/19/2020 5:00,0
5/19/2020 6:00,0.045545111
5/19/2020 7:00,0.19760805
5/19/2020 8:00,0.325796588
5/19/2020 9:00,0.46452375
5/19/2020 10:00,0.415251263
5/19/2020 11:00,0.339532125
5/19/2020 12:00,0.337553925
5/19/2020 13:00,0.255688238
5/19/2020 14:00,0.455686613
5/19/2020 15:00,0.521379338
5/19/2020 16:00,0.435351188
5/19/2020 17:00,0.23632425
5/19/2020 18:00,0.044308148
5/19/2020 19:00,0
5/19/2020 20:00,0
5/19/2020 21:00,0
5/19/2020 22:00,0
5/19/2020 23:00,0
5/20/2020 0:00,0
5/20/2020 1:00,0
5/20/2020 2:00,0
5/20/2020 3:00,0
5/20/2020 4:00,0
5/20/2020 5:00,0
5/20/2020 6:00,0.014076424
5/20/2020 7:00,0.041299046
5/20/2020 8:00,0.155530088
5/20/2020 9:00,0.230607488
5/20/2020 10:00,0.313409288
5/20/2020 11:00,0.38087415
5/20/2020 12:00,0.3049254
5/20/2020 13:00,0.299567775
5/20/2020 14:00,0.28780455
5/20/2020 15:00,0.228917775
5/20/2020 16:00,0.110608463
5/20/2020 17:00,0.077143913
5/20/2020 18:00,0.00936819
5/20/2020 19:00,0
5/20/2020 20:00,0
5/20/2020 21:00,0
5/20/2020 22:00,0
5/20/2020 23:00,0
5/21/2020 0:00,0
5/21/2020 1:00,0
5/21/2020 2:00,0
5/21/2020 3:00,0
5/21/2020 4:00,0
5/21/2020 5:00,0
5/21/2020 6:00,0.009533629
5/21/2020 7:00,0.047333734
5/21/2020 8:00,0.057897086
5/21/2020 9:00,0.051580976
5/21/2020 10:00,0.388516125
5/21/2020 11:00,0.2058741
5/21/2020 12:00,0.586624613
5/21/2020 13:00,0.617657625
5/21/2020 14:00,0.724398
5/21/2020 15:00,0.448309575
5/21/2020 16:00,0.094629788
5/21/2020 17:00,0.165167925
5/21/2020 18:00,0.026248241
5/21/2020 19:00,0
5/21/2020 20:00,0
5/21/2020 21:00,0
5/21/2020 22:00,0
5/21/2020 23:00,0
5/22/2020 0:00,0
5/22/2020 1:00,0
5/22/2020 2:00,0
5/22/2020 3:00,0
5/22/2020 4:00,0
5/22/2020 5:00,0
5/22/2020 6:00,0.009845666
5/22/2020 7:00,0.017999265
5/22/2020 8:00,0.11414685
5/22/2020 9:00,0.150878963
5/22/2020 10:00,0.4714239
5/22/2020 11:00,0.450729338
5/22/2020 12:00,0.431023875
5/22/2020 13:00,0.453325725
5/22/2020 14:00,0.3288993
5/22/2020 15:00,0.273739313
5/22/2020 16:00,0.183466275
5/22/2020 17:00,0.03234357
5/22/2020 18:00,0
5/22/2020 19:00,0
5/22/2020 20:00,0
5/22/2020 21:00,0
5/22/2020 22:00,0
5/22/2020 23:00,0
5/23/2020 0:00,0
5/23/2020 1:00,0
5/23/2020 2:00,0
5/23/2020 3:00,0
5/23/2020 4:00,0
5/23/2020 5:00,0
5/23/2020 6:00,0.053231243
5/23/2020 7:00,0.218738288
5/23/2020 8:00,0.441203363
5/23/2020 9:00,0.675826125
5/23/2020 10:00,0.896784
5/23/2020 11:00,0.564322763
5/23/2020 12:00,0.529716038
5/23/2020 13:00,0.4996839
5/23/2020 14:00,0.547931963
5/23/2020 15:00,0.339067013
5/23/2020 16:00,0.335081175
5/23/2020 17:00,0.17283345
5/23/2020 18:00,0.055294223
5/23/2020 19:00,0
5/23/2020 20:00,0
5/23/2020 21:00,0
5/23/2020 22:00,0
5/23/2020 23:00,0
5/24/2020 0:00,0
5/24/2020 1:00,0
5/24/2020 2:00,0
5/24/2020 3:00,0
5/24/2020 4:00,0
5/24/2020 5:00,0
5/24/2020 6:00,0.048176235
5/24/2020 7:00,0.225979913
5/24/2020 8:00,0.44879235
5/24/2020 9:00,0.645741
5/24/2020 10:00,0.7806825
5/24/2020 11:00,0.851273625
5/24/2020 12:00,0.87664875
5/24/2020 13:00,0.844561875
5/24/2020 14:00,0.746476125
5/24/2020 15:00,0.60511725
5/24/2020 16:00,0.412460588
5/24/2020 17:00,0.194646638
5/24/2020 18:00,0.039749456
5/24/2020 19:00,0
5/24/2020 20:00,0
5/24/2020 21:00,0
5/24/2020 22:00,0
5/24/2020 23:00,0
5/25/2020 0:00,0
5/25/2020 1:00,0
5/25/2020 2:00,0
5/25/2020 3:00,0
5/25/2020 4:00,0
5/25/2020 5:00,0
5/25/2020 6:00,0.031677694
5/25/2020 7:00,0.095100788
5/25/2020 8:00,0.1973961
5/25/2020 9:00,0.31983255
5/25/2020 10:00,0.397294388
5/25/2020 11:00,0.539801325
5/25/2020 12:00,0.653218125
5/25/2020 13:00,0.5801778
5/25/2020 14:00,0.403911938
5/25/2020 15:00,0.258237525
5/25/2020 16:00,0.10896585
5/25/2020 17:00,0.050564205
5/25/2020 18:00,0
5/25/2020 19:00,0
5/25/2020 20:00,0
5/25/2020 21:00,0
5/25/2020 22:00,0
5/25/2020 23:00,0
5/26/2020 0:00,0
5/26/2020 1:00,0
5/26/2020 2:00,0
5/26/2020 3:00,0
5/26/2020 4:00,0
5/26/2020 5:00,0
5/26/2020 6:00,0.035702389
5/26/2020 7:00,0.094064588
5/26/2020 8:00,0.152798288
5/26/2020 9:00,0.343229475
5/26/2020 10:00,0.325784813
5/26/2020 11:00,0.282535238
5/26/2020 12:00,0.284454563
5/26/2020 13:00,0.492718988
5/26/2020 14:00,0.387909713
5/26/2020 15:00,0.258590775
5/26/2020 16:00,0.165797888
5/26/2020 17:00,0.057992464
5/26/2020 18:00,0.009601924
5/26/2020 19:00,0
5/26/2020 20:00,0
5/26/2020 21:00,0
5/26/2020 22:00,0
5/26/2020 23:00,0
5/27/2020 0:00,0
5/27/2020 1:00,0
5/27/2020 2:00,0
5/27/2020 3:00,0
5/27/2020 4:00,0
5/27/2020 5:00,0
5/27/2020 6:00,0.05114589
5/27/2020 7:00,0.2030952
5/27/2020 8:00,0.3700176
5/27/2020 9:00,0.499748663
5/27/2020 10:00,0.634260375
5/27/2020 11:00,0.70073025
5/27/2020 12:00,0.662991375
5/27/2020 13:00,0.664051125
5/27/2020 14:00,0.555597488
5/27/2020 15:00,0.438589313
5/27/2020 16:00,0.283341825
5/27/2020 17:00,0.13468245
5/27/2020 18:00,0.02792559
5/27/2020 19:00,0
5/27/2020 20:00,0
5/27/2020 21:00,0
5/27/2020 22:00,0
5/27/2020 23:00,0
5/28/2020 0:00,0
5/28/2020 1:00,0
5/28/2020 2:00,0
5/28/2020 3:00,0
5/28/2020 4:00,0
5/28/2020 5:00,0
5/28/2020 6:00,0.05352444
5/28/2020 7:00,0.159981038
5/28/2020 8:00,0.3827817
5/28/2020 9:00,0.59758125
5/28/2020 10:00,0.78739425
5/28/2020 11:00,0.770143875
5/28/2020 12:00,0.66987975
5/28/2020 13:00,0.64444575
5/28/2020 14:00,0.548544263
5/28/2020 15:00,0.479330813
5/28/2020 16:00,0.287039175
5/28/2020 17:00,0.176972363
5/28/2020 18:00,0.036368265
5/28/2020 19:00,0
5/28/2020 20:00,0
5/28/2020 21:00,0
5/28/2020 22:00,0
5/28/2020 23:00,0
5/29/2020 0:00,0
5/29/2020 1:00,0
5/29/2020 2:00,0
5/29/2020 3:00,0
5/29/2020 4:00,0
5/29/2020 5:00,0
5/29/2020 6:00,0.041374995
5/29/2020 7:00,0.1578321
5/29/2020 8:00,0.3952161
5/29/2020 9:00,0.433879313
5/29/2020 10:00,0.554137388
5/29/2020 11:00,0.582020588
5/29/2020 12:00,0.657987
5/29/2020 13:00,0.497458425
5/29/2020 14:00,0.595049625
5/29/2020 15:00,0.374445
5/29/2020 16:00,0.212791913
5/29/2020 17:00,0.072304388
5/29/2020 18:00,0
5/29/2020 19:00,0
5/29/2020 20:00,0
5/29/2020 21:00,0
5/29/2020 22:00,0
5/29/2020 23:00,0
5/30/2020 0:00,0
5/30/2020 1:00,0
5/30/2020 2:00,0
5/30/2020 3:00,0
5/30/2020 4:00,0
5/30/2020 5:00,0
5/30/2020 6:00,0.070644113
5/30/2020 7:00,0.249759525
5/30/2020 8:00,0.487331925
5/30/2020 9:00,0.584828925
5/30/2020 10:00,0.620012625
5/30/2020 11:00,0.577322363
5/30/2020 12:00,0.65527875
5/30/2020 13:00,0.600701625
5/30/2020 14:00,0.458577375
5/30/2020 15:00,0.48849765
5/30/2020 16:00,0.397017675
5/30/2020 17:00,0.228276038
5/30/2020 18:00,0.051602171
5/30/2020 19:00,0
5/30/2020 20:00,0
5/30/2020 21:00,0
5/30/2020 22:00,0
5/30/2020 23:00,0
5/31/2020 0:00,0
5/31/2020 1:00,0
5/31/2020 2:00,0
5/31/2020 3:00,0
5/31/2020 4:00,0
5/31/2020 5:00,0
5/31/2020 6:00,0.053950695
5/31/2020 7:00,0.198585375
5/31/2020 8:00,0.371624888
5/31/2020 9:00,0.520796475
5/31/2020 10:00,0.655102125
5/31/2020 11:00,0.754247625
5/31/2020 12:00,0.779446125
5/31/2020 13:00,0.765787125
5/31/2020 14:00,0.665699625
5/31/2020 15:00,0.52886235
5/31/2020 16:00,0.36768615
5/31/2020 17:00,0.174823425
5/31/2020 18:00,0.043732939
5/31/2020 19:00,0
5/31/2020 20:00,0
5/31/2020 21:00,0
5/31/2020 22:00,0
5/31/2020 23:00,0
6/1/2020 0:00,0
6/1/2020 1:00,0
6/1/2020 2:00,0
6/1/2020 3:00,0
6/1/2020 4:00,0
6/1/2020 5:00,0
6/1/2020 6:00,0.0666936
6/1/2020 7:00,0.244914113
6/1/2020 8:00,0.46810335
6/1/2020 9:00,0.6652875
6/1/2020 10:00,0.840322875
6/1/2020 11:00,0.904791
6/1/2020 12:00,0.915800625
6/1/2020 13:00,0.89996325
6/1/2020 14:00,0.816772875
6/1/2020 15:00,0.65998875
6/1/2020 16:00,0.445383488
6/1/2020 17:00,0.223777988
6/1/2020 18:00,0.062484038
6/1/2020 19:00,0
6/1/2020 20:00,0
6/1/2020 21:00,0
6/1/2020 22:00,0
6/1/2020 23:00,0
6/2/2020 0:00,0
6/2/2020 1:00,0
6/2/2020 2:00,0
6/2/2020 3:00,0
6/2/2020 4:00,0
6/2/2020 5:00,0
6/2/2020 6:00,0.024937095
6/2/2020 7:00,0.078339075
6/2/2020 8:00,0.151950488
6/2/2020 9:00,0.24800505
6/2/2020 10:00,0.214122488
6/2/2020 11:00,0.292355588
6/2/2020 12:00,0.265614563
6/2/2020 13:00,0.293803913
6/2/2020 14:00,0.25177305
6/2/2020 15:00,0.150825975
6/2/2020 16:00,0.100187588
6/2/2020 17:00,0.073211063
6/2/2020 18:00,0.019239761
6/2/2020 19:00,0
6/2/2020 20:00,0
6/2/2020 21:00,0
6/2/2020 22:00,0
6/2/2020 23:00,0
6/3/2020 0:00,0
6/3/2020 1:00,0
6/3/2020 2:00,0
6/3/2020 3:00,0
6/3/2020 4:00,0
6/3/2020 5:00,0
6/3/2020 6:00,0.026530841
6/3/2020 7:00,0.074659388
6/3/2020 8:00,0.13633095
6/3/2020 9:00,0.1852914
6/3/2020 10:00,0.194493563
6/3/2020 11:00,0.235140863
6/3/2020 12:00,0.21352785
6/3/2020 13:00,0.250130438
6/3/2020 14:00,0.228117075
6/3/2020 15:00,0.16661625
6/3/2020 16:00,0.093840863
6/3/2020 17:00,0.043104154
6/3/2020 18:00,0.007964021
6/3/2020 19:00,0
6/3/2020 20:00,0
6/3/2020 21:00,0
6/3/2020 22:00,0
6/3/2020 23:00,0
6/4/2020 0:00,0
6/4/2020 1:00,0
6/4/2020 2:00,0
6/4/2020 3:00,0
6/4/2020 4:00,0
6/4/2020 5:00,0
6/4/2020 6:00,0.05974635
6/4/2020 7:00,0.226003463
6/4/2020 8:00,0.451059038
6/4/2020 9:00,0.65103975
6/4/2020 10:00,0.7971675
6/4/2020 11:00,0.87076125
6/4/2020 12:00,0.879533625
6/4/2020 13:00,0.860693625
6/4/2020 14:00,0.772263375
6/4/2020 15:00,0.612241125
6/4/2020 16:00,0.414797925
6/4/2020 17:00,0.203389575
6/4/2020 18:00,0.05009556
6/4/2020 19:00,0
6/4/2020 20:00,0
6/4/2020 21:00,0
6/4/2020 22:00,0
6/4/2020 23:00,0
6/5/2020 0:00,0
6/5/2020 1:00,0
6/5/2020 2:00,0
6/5/2020 3:00,0
6/5/2020 4:00,0
6/5/2020 5:00,0
6/5/2020 6:00,0.0705087
6/5/2020 7:00,0.250577888
6/5/2020 8:00,0.489739913
6/5/2020 9:00,0.6968445
6/5/2020 10:00,0.8489775
6/5/2020 11:00,0.9314025
6/5/2020 12:00,0.94706325
6/5/2020 13:00,0.888129375
6/5/2020 14:00,0.817479375
6/5/2020 15:00,0.64373925
6/5/2020 16:00,0.444088238
6/5/2020 17:00,0.210195525
6/5/2020 18:00,0.05570988
6/5/2020 19:00,0
6/5/2020 20:00,0
6/5/2020 21:00,0
6/5/2020 22:00,0
6/5/2020 23:00,0
6/6/2020 0:00,0
6/6/2020 1:00,0
6/6/2020 2:00,0
6/6/2020 3:00,0
6/6/2020 4:00,0
6/6/2020 5:00,0
6/6/2020 6:00,0.058488191
6/6/2020 7:00,0.220339688
6/6/2020 8:00,0.408115613
6/6/2020 9:00,0.565158788
6/6/2020 10:00,0.680065125
6/6/2020 11:00,0.7698495
6/6/2020 12:00,0.79728525
6/6/2020 13:00,0.74688825
6/6/2020 14:00,0.641560875
6/6/2020 15:00,0.512642288
6/6/2020 16:00,0.350900888
6/6/2020 17:00,0.177631763
6/6/2020 18:00,0.049317821
6/6/2020 19:00,0
6/6/2020 20:00,0
6/6/2020 21:00,0
6/6/2020 22:00,0
6/6/2020 23:00,0
6/7/2020 0:00,0
6/7/2020 1:00,0
6/7/2020 2:00,0
6/7/2020 3:00,0
6/7/2020 4:00,0
6/7/2020 5:00,0
6/7/2020 6:00,0.045789443
6/7/2020 7:00,0.017312194
6/7/2020 8:00,0.163454663
6/7/2020 9:00,0.288923175
6/7/2020 10:00,0.513172163
6/7/2020 11:00,0.72687075
6/7/2020 12:00,0.7495965
6/7/2020 13:00,0.922394625
6/7/2020 14:00,0.671646
6/7/2020 15:00,0.55250655
6/7/2020 16:00,0.309511763
6/7/2020 17:00,0.158409075
6/7/2020 18:00,0.05174877
6/7/2020 19:00,0
6/7/2020 20:00,0
6/7/2020 21:00,0
6/7/2020 22:00,0
6/7/2020 23:00,0
6/8/2020 0:00,0
6/8/2020 1:00,0
6/8/2020 2:00,0
6/8/2020 3:00,0
6/8/2020 4:00,0
6/8/2020 5:00,0
6/8/2020 6:00,0.03891402
6/8/2020 7:00,0.109725338
6/8/2020 8:00,0.230701688
6/8/2020 9:00,0.380632763
6/8/2020 10:00,0.562008975
6/8/2020 11:00,0.382452
6/8/2020 12:00,0.35426265
6/8/2020 13:00,0.422222063
6/8/2020 14:00,0.382393125
6/8/2020 15:00,0.286473975
6/8/2020 16:00,0.208735425
6/8/2020 17:00,0.082913663
6/8/2020 18:00,0.041229574
6/8/2020 19:00,0
6/8/2020 20:00,0
6/8/2020 21:00,0
6/8/2020 22:00,0
6/8/2020 23:00,0
6/9/2020 0:00,0
6/9/2020 1:00,0
6/9/2020 2:00,0
6/9/2020 3:00,0
6/9/2020 4:00,0
6/9/2020 5:00,0
6/9/2020 6:00,0.005512349
6/9/2020 7:00,0.040935199
6/9/2020 8:00,0.115824788
6/9/2020 9:00,0.15286305
6/9/2020 10:00,0.269117625
6/9/2020 11:00,0.2944692
6/9/2020 12:00,0.289117463
6/9/2020 13:00,0.235894463
6/9/2020 14:00,0.227387025
6/9/2020 15:00,0.20914755
6/9/2020 16:00,0.139881113
6/9/2020 17:00,0.072875475
6/9/2020 18:00,0.018247718
6/9/2020 19:00,0
6/9/2020 20:00,0
6/9/2020 21:00,0
6/9/2020 22:00,0
6/9/2020 23:00,0
6/10/2020 0:00,0
6/10/2020 1:00,0
6/10/2020 2:00,0
6/10/2020 3:00,0
6/10/2020 4:00,0
6/10/2020 5:00,0
6/10/2020 6:00,0.060058388
6/10/2020 7:00,0.236930663
6/10/2020 8:00,0.456793463
6/10/2020 9:00,0.653218125
6/10/2020 10:00,0.8489775
6/10/2020 11:00,0.86181225
6/10/2020 12:00,0.829136625
6/10/2020 13:00,0.782743125
6/10/2020 14:00,0.734230125
6/10/2020 15:00,0.558388163
6/10/2020 16:00,0.411006375
6/10/2020 17:00,0.198508838
6/10/2020 18:00,0.052240965
6/10/2020 19:00,0
6/10/2020 20:00,0
6/10/2020 21:00,0
6/10/2020 22:00,0
6/10/2020 23:00,0
6/11/2020 0:00,0
6/11/2020 1:00,0
6/11/2020 2:00,0
6/11/2020 3:00,0
6/11/2020 4:00,0
6/11/2020 5:00,0
6/11/2020 6:00,0.058353368
6/11/2020 7:00,0.190083825
6/11/2020 8:00,0.386002163
6/11/2020 9:00,0.52622475
6/11/2020 10:00,0.662755875
6/11/2020 11:00,0.867876375
6/11/2020 12:00,0.928812
6/11/2020 13:00,0.809943375
6/11/2020 14:00,0.738586875
6/11/2020 15:00,0.549056475
6/11/2020 16:00,0.364312613
6/11/2020 17:00,0.204661275
6/11/2020 18:00,0.048971636
6/11/2020 19:00,0
6/11/2020 20:00,0
6/11/2020 21:00,0
6/11/2020 22:00,0
6/11/2020 23:00,0
6/12/2020 0:00,0
6/12/2020 1:00,0
6/12/2020 2:00,0
6/12/2020 3:00,0
6/12/2020 4:00,0
6/12/2020 5:00,0
6/12/2020 6:00,0.047498584
6/12/2020 7:00,0.133758113
6/12/2020 8:00,0.242617988
6/12/2020 9:00,0.414138525
6/12/2020 10:00,0.4852242
6/12/2020 11:00,0.534249413
6/12/2020 12:00,0.572259113
6/12/2020 13:00,0.551417363
6/12/2020 14:00,0.480449438
6/12/2020 15:00,0.37508085
6/12/2020 16:00,0.271048725
6/12/2020 17:00,0.132262688
6/12/2020 18:00,0.04073208
6/12/2020 19:00,0
6/12/2020 20:00,0
6/12/2020 21:00,0
6/12/2020 22:00,0
6/12/2020 23:00,0
6/13/2020 0:00,0
6/13/2020 1:00,0
6/13/2020 2:00,0
6/13/2020 3:00,0
6/13/2020 4:00,0
6/13/2020 5:00,0
6/13/2020 6:00,0.034473079
6/13/2020 7:00,0.111597563
6/13/2020 8:00,0.202512338
6/13/2020 9:00,0.297825075
6/13/2020 10:00,0.384512625
6/13/2020 11:00,0.418524713
6/13/2020 12:00,0.460314188
6/13/2020 13:00,0.449934525
6/13/2020 14:00,0.410423513
6/13/2020 15:00,0.3310659
6/13/2020 16:00,0.219433013
6/13/2020 17:00,0.11494755
6/13/2020 18:00,0.030893479
6/13/2020 19:00,0
6/13/2020 20:00,0
6/13/2020 21:00,0
6/13/2020 22:00,0
6/13/2020 23:00,0
6/14/2020 0:00,0
6/14/2020 1:00,0
6/14/2020 2:00,0
6/14/2020 3:00,0
6/14/2020 4:00,0
6/14/2020 5:00,0
6/14/2020 6:00,0.042203366
6/14/2020 7:00,0.152904263
6/14/2020 8:00,0.302823563
6/14/2020 9:00,0.424147275
6/14/2020 10:00,0.4188603
6/14/2020 11:00,0.428009475
6/14/2020 12:00,0.486819713
6/14/2020 13:00,0.459495825
6/14/2020 14:00,0.457564725
6/14/2020 15:00,0.467449838
6/14/2020 16:00,0.420167325
6/14/2020 17:00,0.209165213
6/14/2020 18:00,0.054702529
6/14/2020 19:00,0
6/14/2020 20:00,0
6/14/2020 21:00,0
6/14/2020 22:00,0
6/14/2020 23:00,0
6/15/2020 0:00,0
6/15/2020 1:00,0
6/15/2020 2:00,0
6/15/2020 3:00,0
6/15/2020 4:00,0
6/15/2020 5:00,0
6/15/2020 6:00,0.052478231
6/15/2020 7:00,0.17288055
6/15/2020 8:00,0.3176424
6/15/2020 9:00,0.453790838
6/15/2020 10:00,0.555503288
6/15/2020 11:00,0.663462375
6/15/2020 12:00,0.646212
6/15/2020 13:00,0.640089
6/15/2020 14:00,0.60841425
6/15/2020 15:00,0.4176828
6/15/2020 16:00,0.3073275
6/15/2020 17:00,0.1724331
6/15/2020 18:00,0.054204446
6/15/2020 19:00,0
6/15/2020 20:00,0
6/15/2020 21:00,0
6/15/2020 22:00,0
6/15/2020 23:00,0
6/16/2020 0:00,0
6/16/2020 1:00,0
6/16/2020 2:00,0
6/16/2020 3:00,0
6/16/2020 4:00,0
6/16/2020 5:00,0
6/16/2020 6:00,0.010961936
6/16/2020 7:00,0.067152825
6/16/2020 8:00,0.12286035
6/16/2020 9:00,0.154994325
6/16/2020 10:00,0.201040463
6/16/2020 11:00,0.249783075
6/16/2020 12:00,0.311537063
6/16/2020 13:00,0.273191775
6/16/2020 14:00,0.238426088
6/16/2020 15:00,0.206386313
6/16/2020 16:00,0.1539228
6/16/2020 17:00,0.103932038
6/16/2020 18:00,0.02320617
6/16/2020 19:00,0
6/16/2020 20:00,0
6/16/2020 21:00,0
6/16/2020 22:00,0
6/16/2020 23:00,0
6/17/2020 0:00,0
6/17/2020 1:00,0
6/17/2020 2:00,0
6/17/2020 3:00,0
6/17/2020 4:00,0
6/17/2020 5:00,0
6/17/2020 6:00,0.012697571
6/17/2020 7:00,0.048009619
6/17/2020 8:00,0.068630588
6/17/2020 9:00,0.1155363
6/17/2020 10:00,0.152374388
6/17/2020 11:00,0.175170788
6/17/2020 12:00,0.199456725
6/17/2020 13:00,0.18738735
6/17/2020 14:00,0.18602145
6/17/2020 15:00,0.136107225
6/17/2020 16:00,0.101247338
6/17/2020 17:00,0.066569963
6/17/2020 18:00,0.02031894
6/17/2020 19:00,0
6/17/2020 20:00,0
6/17/2020 21:00,0
6/17/2020 22:00,0
6/17/2020 23:00,0
6/18/2020 0:00,0
6/18/2020 1:00,0
6/18/2020 2:00,0
6/18/2020 3:00,0
6/18/2020 4:00,0
6/18/2020 5:00,0
6/18/2020 6:00,0.008780029
6/18/2020 7:00,0.038085649
6/18/2020 8:00,0.077002613
6/18/2020 9:00,0.109171913
6/18/2020 10:00,0.1367313
6/18/2020 11:00,0.159203888
6/18/2020 12:00,0.153546
6/18/2020 13:00,0.1458216
6/18/2020 14:00,0.122983988
6/18/2020 15:00,0.093416963
6/18/2020 16:00,0.0738057
6/18/2020 17:00,0.041957858
6/18/2020 18:00,0.010025824
6/18/2020 19:00,0
6/18/2020 20:00,0
6/18/2020 21:00,0
6/18/2020 22:00,0
6/18/2020 23:00,0
6/19/2020 0:00,0
6/19/2020 1:00,0
6/19/2020 2:00,0
6/19/2020 3:00,0
6/19/2020 4:00,0
6/19/2020 5:00,0
6/19/2020 6:00,0.062931488
6/19/2020 7:00,0.213521963
6/19/2020 8:00,0.443929275
6/19/2020 9:00,0.658281375
6/19/2020 10:00,0.799581375
6/19/2020 11:00,0.87994575
6/19/2020 12:00,0.90302475
6/19/2020 13:00,0.865521375
6/19/2020 14:00,0.808765875
6/19/2020 15:00,0.654277875
6/19/2020 16:00,0.451895063
6/19/2020 17:00,0.23575905
6/19/2020 18:00,0.071533125
6/19/2020 19:00,0
6/19/2020 20:00,0
6/19/2020 21:00,0
6/19/2020 22:00,0
6/19/2020 23:00,0
6/20/2020 0:00,0
6/20/2020 1:00,0
6/20/2020 2:00,0
6/20/2020 3:00,0
6/20/2020 4:00,0
6/20/2020 5:00,0
6/20/2020 6:00,0.055548563
6/20/2020 7:00,0.212721263
6/20/2020 8:00,0.437547225
6/20/2020 9:00,0.617186625
6/20/2020 10:00,0.754836375
6/20/2020 11:00,0.833199
6/20/2020 12:00,0.856278
6/20/2020 13:00,0.815595375
6/20/2020 14:00,0.718922625
6/20/2020 15:00,0.588284888
6/20/2020 16:00,0.397158975
6/20/2020 17:00,0.204561188
6/20/2020 18:00,0.055442588
6/20/2020 19:00,0
6/20/2020 20:00,0
6/20/2020 21:00,0
6/20/2020 22:00,0
6/20/2020 23:00,0
6/21/2020 0:00,0
6/21/2020 1:00,0
6/21/2020 2:00,0
6/21/2020 3:00,0
6/21/2020 4:00,0
6/21/2020 5:00,0
6/21/2020 6:00,0
6/21/2020 7:00,0.087788513
6/21/2020 8:00,0.1856682
6/21/2020 9:00,0.275169975
6/21/2020 10:00,0.457046625
6/21/2020 11:00,0.405260175
6/21/2020 12:00,0.324995888
6/21/2020 13:00,0.33933195
6/21/2020 14:00,0.217990575
6/21/2020 15:00,0.1847262
6/21/2020 16:00,0.134235
6/21/2020 17:00,0.0624075
6/21/2020 18:00,0.017569478
6/21/2020 19:00,0
6/21/2020 20:00,0
6/21/2020 21:00,0
6/21/2020 22:00,0
6/21/2020 23:00,0
6/22/2020 0:00,0
6/22/2020 1:00,0
6/22/2020 2:00,0
6/22/2020 3:00,0
6/22/2020 4:00,0
6/22/2020 5:00,0
6/22/2020 6:00,0.038472458
6/22/2020 7:00,0.121035225
6/22/2020 8:00,0.20858235
6/22/2020 9:00,0.320433075
6/22/2020 10:00,0.3897525
6/22/2020 11:00,0.446825925
6/22/2020 12:00,0.454768163
6/22/2020 13:00,0.451700775
6/22/2020 14:00,0.422174963
6/22/2020 15:00,0.321263213
6/22/2020 16:00,0.218184863
6/22/2020 17:00,0.1337169
6/22/2020 18:00,0.049183586
6/22/2020 19:00,0
6/22/2020 20:00,0
6/22/2020 21:00,0
6/22/2020 22:00,0
6/22/2020 23:00,0
6/23/2020 0:00,0
6/23/2020 1:00,0
6/23/2020 2:00,0
6/23/2020 3:00,0
6/23/2020 4:00,0
6/23/2020 5:00,0
6/23/2020 6:00,0.029903201
6/23/2020 7:00,0.110838075
6/23/2020 8:00,0.1789329
6/23/2020 9:00,0.228376125
6/23/2020 10:00,0.253639388
6/23/2020 11:00,0.273079913
6/23/2020 12:00,0.2828355
6/23/2020 13:00,0.277236488
6/23/2020 14:00,0.221152163
6/23/2020 15:00,0.173840213
6/23/2020 16:00,0.100481963
6/23/2020 17:00,0.070420388
6/23/2020 18:00,0.018960105
6/23/2020 19:00,0
6/23/2020 20:00,0
6/23/2020 21:00,0
6/23/2020 22:00,0
6/23/2020 23:00,0
6/24/2020 0:00,0
6/24/2020 1:00,0
6/24/2020 2:00,0
6/24/2020 3:00,0
6/24/2020 4:00,0
6/24/2020 5:00,0
6/24/2020 6:00,0.070526363
6/24/2020 7:00,0.248234663
6/24/2020 8:00,0.48741435
6/24/2020 9:00,0.693370875
6/24/2020 10:00,0.790632375
6/24/2020 11:00,0.567843488
6/24/2020 12:00,0.575673863
6/24/2020 13:00,0.577969988
6/24/2020 14:00,0.509162775
6/24/2020 15:00,0.391300913
6/24/2020 16:00,0.24174075
6/24/2020 17:00,0.149307
6/24/2020 18:00,0.044486539
6/24/2020 19:00,0
6/24/2020 20:00,0
6/24/2020 21:00,0
6/24/2020 22:00,0
6/24/2020 23:00,0
6/25/2020 0:00,0
6/25/2020 1:00,0
6/25/2020 2:00,0
6/25/2020 3:00,0
6/25/2020 4:00,0
6/25/2020 5:00,0
6/25/2020 6:00,0.053658086
6/25/2020 7:00,0.17966295
6/25/2020 8:00,0.311077838
6/25/2020 9:00,0.471859575
6/25/2020 10:00,0.535350375
6/25/2020 11:00,0.55245945
6/25/2020 12:00,0.630669
6/25/2020 13:00,0.610887
6/25/2020 14:00,0.571899975
6/25/2020 15:00,0.473790675
6/25/2020 16:00,0.356770725
6/25/2020 17:00,0.197784675
6/25/2020 18:00,0.059104613
6/25/2020 19:00,0
6/25/2020 20:00,0
6/25/2020 21:00,0
6/25/2020 22:00,0
6/25/2020 23:00,0
6/26/2020 0:00,0
6/26/2020 1:00,0
6/26/2020 2:00,0
6/26/2020 3:00,0
6/26/2020 4:00,0
6/26/2020 5:00,0
6/26/2020 6:00,0.041821268
6/26/2020 7:00,0.15201525
6/26/2020 8:00,0.287910525
6/26/2020 9:00,0.389687738
6/26/2020 10:00,0.486136763
6/26/2020 11:00,0.4613916
6/26/2020 12:00,0.511706175
6/26/2020 13:00,0.5386356
6/26/2020 14:00,0.452330738
6/26/2020 15:00,0.363612
6/26/2020 16:00,0.249294413
6/26/2020 17:00,0.12441465
6/26/2020 18:00,0.037697074
6/26/2020 19:00,0
6/26/2020 20:00,0
6/26/2020 21:00,0
6/26/2020 22:00,0
6/26/2020 23:00,0
6/27/2020 0:00,0
6/27/2020 1:00,0
6/27/2020 2:00,0
6/27/2020 3:00,0
6/27/2020 4:00,0
6/27/2020 5:00,0
6/27/2020 6:00,0.029577623
6/27/2020 7:00,0.0882183
6/27/2020 8:00,0.170872913
6/27/2020 9:00,0.228876563
6/27/2020 10:00,0.245879663
6/27/2020 11:00,0.26439585
6/27/2020 12:00,0.281033925
6/27/2020 13:00,0.262170375
6/27/2020 14:00,0.226733513
6/27/2020 15:00,0.178479563
6/27/2020 16:00,0.126828525
6/27/2020 17:00,0.067341225
6/27/2020 18:00,0.005555681
6/27/2020 19:00,0
6/27/2020 20:00,0
6/27/2020 21:00,0
6/27/2020 22:00,0
6/27/2020 23:00,0
6/28/2020 0:00,0
6/28/2020 1:00,0
6/28/2020 2:00,0
6/28/2020 3:00,0
6/28/2020 4:00,0
6/28/2020 5:00,0
6/28/2020 6:00,0.003011103
6/28/2020 7:00,0.02765241
6/28/2020 8:00,0.074312025
6/28/2020 9:00,0.146545763
6/28/2020 10:00,0.228205388
6/28/2020 11:00,0.150737663
6/28/2020 12:00,0.260286375
6/28/2020 13:00,0.550475363
6/28/2020 14:00,0.576910238
6/28/2020 15:00,0.39618165
6/28/2020 16:00,0.3295587
6/28/2020 17:00,0.272585363
6/28/2020 18:00,0.0680595
6/28/2020 19:00,0
6/28/2020 20:00,0
6/28/2020 21:00,0
6/28/2020 22:00,0
6/28/2020 23:00,0
6/29/2020 0:00,0
6/29/2020 1:00,0
6/29/2020 2:00,0
6/29/2020 3:00,0
6/29/2020 4:00,0
6/29/2020 5:00,0
6/29/2020 6:00,0.005573991
6/29/2020 7:00,0.032404211
6/29/2020 8:00,0.060847313
6/29/2020 9:00,0.086510925
6/29/2020 10:00,0.115395
6/29/2020 11:00,0.132951525
6/29/2020 12:00,0.135636225
6/29/2020 13:00,0.133463738
6/29/2020 14:00,0.118138575
6/29/2020 15:00,0.086628675
6/29/2020 16:00,0.058694843
6/29/2020 17:00,0.034156331
6/29/2020 18:00,0.009447671
6/29/2020 19:00,0
6/29/2020 20:00,0
6/29/2020 21:00,0
6/29/2020 22:00,0
6/29/2020 23:00,0
6/30/2020 0:00,0
6/30/2020 1:00,0
6/30/2020 2:00,0
6/30/2020 3:00,0
6/30/2020 4:00,0
6/30/2020 5:00,0
6/30/2020 6:00,0.021558848
6/30/2020 7:00,0.056780816
6/30/2020 8:00,0.114447113
6/30/2020 9:00,0.177890813
6/30/2020 10:00,0.247616475
6/30/2020 11:00,0.298272525
6/30/2020 12:00,0.286526963
6/30/2020 13:00,0.262152713
6/30/2020 14:00,0.221010863
6/30/2020 15:00,0.172804013
6/30/2020 16:00,0.071433038
6/30/2020 17:00,0.054133208
6/30/2020 18:00,0.016122919
6/30/2020 19:00,0
6/30/2020 20:00,0
6/30/2020 21:00,0
6/30/2020 22:00,0
6/30/2020 23:00,0
7/1/2020 0:00,0
7/1/2020 1:00,0
7/1/2020 2:00,0
7/1/2020 3:00,0
7/1/2020 4:00,0
7/1/2020 5:00,0
7/1/2020 6:00,0.049178876
7/1/2020 7:00,0.1774728
7/1/2020 8:00,0.42043815
7/1/2020 9:00,0.6257235
7/1/2020 10:00,0.703203
7/1/2020 11:00,0.780918
7/1/2020 12:00,0.8518035
7/1/2020 13:00,0.83755575
7/1/2020 14:00,0.785804625
7/1/2020 15:00,0.557563913
7/1/2020 16:00,0.416823225
7/1/2020 17:00,0.21969795
7/1/2020 18:00,0.062183775
7/1/2020 19:00,0
7/1/2020 20:00,0
7/1/2020 21:00,0
7/1/2020 22:00,0
7/1/2020 23:00,0
7/2/2020 0:00,0
7/2/2020 1:00,0
7/2/2020 2:00,0
7/2/2020 3:00,0
7/2/2020 4:00,0
7/2/2020 5:00,0
7/2/2020 6:00,0.04576236
7/2/2020 7:00,0.2014467
7/2/2020 8:00,0.420449925
7/2/2020 9:00,0.604234125
7/2/2020 10:00,0.73205175
7/2/2020 11:00,0.832551375
7/2/2020 12:00,0.90773475
7/2/2020 13:00,0.876236625
7/2/2020 14:00,0.782331
7/2/2020 15:00,0.64326825
7/2/2020 16:00,0.416110838
7/2/2020 17:00,0.218467463
7/2/2020 18:00,0.057784635
7/2/2020 19:00,0
7/2/2020 20:00,0
7/2/2020 21:00,0
7/2/2020 22:00,0
7/2/2020 23:00,0
7/3/2020 0:00,0
7/3/2020 1:00,0
7/3/2020 2:00,0
7/3/2020 3:00,0
7/3/2020 4:00,0
7/3/2020 5:00,0
7/3/2020 6:00,0.045483881
7/3/2020 7:00,0.196371675
7/3/2020 8:00,0.386773425
7/3/2020 9:00,0.576027113
7/3/2020 10:00,0.726340875
7/3/2020 11:00,0.81377025
7/3/2020 12:00,0.872115375
7/3/2020 13:00,0.8390865
7/3/2020 14:00,0.777621
7/3/2020 15:00,0.65433675
7/3/2020 16:00,0.438483338
7/3/2020 17:00,0.2259387
7/3/2020 18:00,0.057404303
7/3/2020 19:00,0
7/3/2020 20:00,0
7/3/2020 21:00,0
7/3/2020 22:00,0
7/3/2020 23:00,0
7/4/2020 0:00,0
7/4/2020 1:00,0
7/4/2020 2:00,0
7/4/2020 3:00,0
7/4/2020 4:00,0
7/4/2020 5:00,0
7/4/2020 6:00,0.048520654
7/4/2020 7:00,0.214558163
7/4/2020 8:00,0.454144088
7/4/2020 9:00,0.672175875
7/4/2020 10:00,0.817361625
7/4/2020 11:00,0.913563375
7/4/2020 12:00,0.943942875
7/4/2020 13:00,0.915094125
7/4/2020 14:00,0.81471225
7/4/2020 15:00,0.657516
7/4/2020 16:00,0.474255788
7/4/2020 17:00,0.247875525
7/4/2020 18:00,0.057891199
7/4/2020 19:00,0
7/4/2020 20:00,0
7/4/2020 21:00,0
7/4/2020 22:00,0
7/4/2020 23:00,0
7/5/2020 0:00,0
7/5/2020 1:00,0
7/5/2020 2:00,0
7/5/2020 3:00,0
7/5/2020 4:00,0
7/5/2020 5:00,0
7/5/2020 6:00,0.045845374
7/5/2020 7:00,0.162547988
7/5/2020 8:00,0.294734138
7/5/2020 9:00,0.358036538
7/5/2020 10:00,0.555821213
7/5/2020 11:00,0.65998875
7/5/2020 12:00,0.613536375
7/5/2020 13:00,0.8729985
7/5/2020 14:00,0.842795625
7/5/2020 15:00,0.709855875
7/5/2020 16:00,0.5179587
7/5/2020 17:00,0.229465313
7/5/2020 18:00,0.060635363
7/5/2020 19:00,0
7/5/2020 20:00,0
7/5/2020 21:00,0
7/5/2020 22:00,0
7/5/2020 23:00,0
7/6/2020 0:00,0
7/6/2020 1:00,0
7/6/2020 2:00,0
7/6/2020 3:00,0
7/6/2020 4:00,0
7/6/2020 5:00,0
7/6/2020 6:00,0.046582489
7/6/2020 7:00,0.194658413
7/6/2020 8:00,0.147152175
7/6/2020 9:00,0.229218038
7/6/2020 10:00,0.258849825
7/6/2020 11:00,0.571069838
7/6/2020 12:00,0.443199225
7/6/2020 13:00,0.423346575
7/6/2020 14:00,0.585794475
7/6/2020 15:00,0.388280625
7/6/2020 16:00,0.319308563
7/6/2020 17:00,0.1866102
7/6/2020 18:00,0.037223719
7/6/2020 19:00,0
7/6/2020 20:00,0
7/6/2020 21:00,0
7/6/2020 22:00,0
7/6/2020 23:00,0
7/7/2020 0:00,0
7/7/2020 1:00,0
7/7/2020 2:00,0
7/7/2020 3:00,0
7/7/2020 4:00,0
7/7/2020 5:00,0
7/7/2020 6:00,0.041037641
7/7/2020 7:00,0.154546875
7/7/2020 8:00,0.285031538
7/7/2020 9:00,0.42039105
7/7/2020 10:00,0.496722488
7/7/2020 11:00,0.538294125
7/7/2020 12:00,0.58552365
7/7/2020 13:00,0.57638625
7/7/2020 14:00,0.522533288
7/7/2020 15:00,0.419454938
7/7/2020 16:00,0.339296625
7/7/2020 17:00,0.160010475
7/7/2020 18:00,0.054624225
7/7/2020 19:00,0
7/7/2020 20:00,0
7/7/2020 21:00,0
7/7/2020 22:00,0
7/7/2020 23:00,0
7/8/2020 0:00,0
7/8/2020 1:00,0
7/8/2020 2:00,0
7/8/2020 3:00,0
7/8/2020 4:00,0
7/8/2020 5:00,0
7/8/2020 6:00,0.031931445
7/8/2020 7:00,0.244360688
7/8/2020 8:00,0.280933838
7/8/2020 9:00,0.390535538
7/8/2020 10:00,0.315187313
7/8/2020 11:00,0.12078795
7/8/2020 12:00,0.562827338
7/8/2020 13:00,0.636850875
7/8/2020 14:00,0.733052625
7/8/2020 15:00,0.803055
7/8/2020 16:00,0.576751275
7/8/2020 17:00,0.295158038
7/8/2020 18:00,0.05808843
7/8/2020 19:00,0.006765326
7/8/2020 20:00,0
7/8/2020 21:00,0
7/8/2020 22:00,0
7/8/2020 23:00,0
7/9/2020 0:00,0
7/9/2020 1:00,0
7/9/2020 2:00,0
7/9/2020 3:00,0
7/9/2020 4:00,0
7/9/2020 5:00,0
7/9/2020 6:00,0.041604608
7/9/2020 7:00,0.162701063
7/9/2020 8:00,0.341551538
7/9/2020 9:00,0.52674285
7/9/2020 10:00,0.666170625
7/9/2020 11:00,0.651864
7/9/2020 12:00,0.710562375
7/9/2020 13:00,0.72357375
7/9/2020 14:00,0.683362125
7/9/2020 15:00,0.584976113
7/9/2020 16:00,0.40494225
7/9/2020 17:00,0.215935838
7/9/2020 18:00,0.061100475
7/9/2020 19:00,0
7/9/2020 20:00,0
7/9/2020 21:00,0
7/9/2020 22:00,0
7/9/2020 23:00,0
7/10/2020 0:00,0
7/10/2020 1:00,0
7/10/2020 2:00,0
7/10/2020 3:00,0
7/10/2020 4:00,0
7/10/2020 5:00,0
7/10/2020 6:00,0.03804738
7/10/2020 7:00,0.221658488
7/10/2020 8:00,0.4788657
7/10/2020 9:00,0.699729375
7/10/2020 10:00,0.856925625
7/10/2020 11:00,0.504075975
7/10/2020 12:00,0.5462187
7/10/2020 13:00,0.532188788
7/10/2020 14:00,0.50314575
7/10/2020 15:00,0.389134313
7/10/2020 16:00,0.259980225
7/10/2020 17:00,0.155188613
7/10/2020 18:00,0.047544506
7/10/2020 19:00,0
7/10/2020 20:00,0
7/10/2020 21:00,0
7/10/2020 22:00,0
7/10/2020 23:00,0
7/11/2020 0:00,0
7/11/2020 1:00,0
7/11/2020 2:00,0
7/11/2020 3:00,0
7/11/2020 4:00,0
7/11/2020 5:00,0
7/11/2020 6:00,0.029680065
7/11/2020 7:00,0.106245825
7/11/2020 8:00,0.19789065
7/11/2020 9:00,0.298696425
7/11/2020 10:00,0.338902163
7/11/2020 11:00,0.359155163
7/11/2020 12:00,0.399443325
7/11/2020 13:00,0.392902313
7/11/2020 14:00,0.332626088
7/11/2020 15:00,0.25728375
7/11/2020 16:00,0.181564613
7/11/2020 17:00,0.100116938
7/11/2020 18:00,0.03036066
7/11/2020 19:00,0
7/11/2020 20:00,0
7/11/2020 21:00,0
7/11/2020 22:00,0
7/11/2020 23:00,0
7/12/2020 0:00,0
7/12/2020 1:00,0
7/12/2020 2:00,0
7/12/2020 3:00,0
7/12/2020 4:00,0
7/12/2020 5:00,0
7/12/2020 6:00,0.026897633
7/12/2020 7:00,0.114087975
7/12/2020 8:00,0.196083188
7/12/2020 9:00,0.3150048
7/12/2020 10:00,0.376152375
7/12/2020 11:00,0.46395855
7/12/2020 12:00,0.482639588
7/12/2020 13:00,0.502757175
7/12/2020 14:00,0.458506725
7/12/2020 15:00,0.338442938
7/12/2020 16:00,0.26571465
7/12/2020 17:00,0.148541625
7/12/2020 18:00,0.041142439
7/12/2020 19:00,0
7/12/2020 20:00,0
7/12/2020 21:00,0
7/12/2020 22:00,0
7/12/2020 23:00,0
7/13/2020 0:00,0
7/13/2020 1:00,0
7/13/2020 2:00,0
7/13/2020 3:00,0
7/13/2020 4:00,0
7/13/2020 5:00,0
7/13/2020 6:00,0.034456594
7/13/2020 7:00,0.212521088
7/13/2020 8:00,0.46579545
7/13/2020 9:00,0.679240875
7/13/2020 10:00,0.830549625
7/13/2020 11:00,0.91056075
7/13/2020 12:00,0.945002625
7/13/2020 13:00,0.92681025
7/13/2020 14:00,0.8485065
7/13/2020 15:00,0.698787375
7/13/2020 16:00,0.500266763
7/13/2020 17:00,0.258384713
7/13/2020 18:00,0.0527049
7/13/2020 19:00,0
7/13/2020 20:00,0
7/13/2020 21:00,0
7/13/2020 22:00,0
7/13/2020 23:00,0
7/14/2020 0:00,0
7/14/2020 1:00,0
7/14/2020 2:00,0
7/14/2020 3:00,0
7/14/2020 4:00,0
7/14/2020 5:00,0
7/14/2020 6:00,0.040344094
7/14/2020 7:00,0.173086613
7/14/2020 8:00,0.353562038
7/14/2020 9:00,0.511982888
7/14/2020 10:00,0.664168875
7/14/2020 11:00,0.749832
7/14/2020 12:00,0.73652625
7/14/2020 13:00,0.7227495
7/14/2020 14:00,0.69460725
7/14/2020 15:00,0.547072388
7/14/2020 16:00,0.400155713
7/14/2020 17:00,0.207952388
7/14/2020 18:00,0.051341355
7/14/2020 19:00,0
7/14/2020 20:00,0
7/14/2020 21:00,0
7/14/2020 22:00,0
7/14/2020 23:00,0
7/15/2020 0:00,0
7/15/2020 1:00,0
7/15/2020 2:00,0
7/15/2020 3:00,0
7/15/2020 4:00,0
7/15/2020 5:00,0
7/15/2020 6:00,0.019836165
7/15/2020 7:00,0.084414975
7/15/2020 8:00,0.149878088
7/15/2020 9:00,0.220763588
7/15/2020 10:00,0.253668825
7/15/2020 11:00,0.274163213
7/15/2020 12:00,0.369040275
7/15/2020 13:00,0.312031613
7/15/2020 14:00,0.2988024
7/15/2020 15:00,0.200074913
7/15/2020 16:00,0.196206825
7/15/2020 17:00,0.0854394
7/15/2020 18:00,0.015414653
7/15/2020 19:00,0
7/15/2020 20:00,0
7/15/2020 21:00,0
7/15/2020 22:00,0
7/15/2020 23:00,0
7/16/2020 0:00,0
7/16/2020 1:00,0
7/16/2020 2:00,0
7/16/2020 3:00,0
7/16/2020 4:00,0
7/16/2020 5:00,0
7/16/2020 6:00,0.036564319
7/16/2020 7:00,0.156554513
7/16/2020 8:00,0.331784175
7/16/2020 9:00,0.478259288
7/16/2020 10:00,0.623309625
7/16/2020 11:00,0.70779525
7/16/2020 12:00,0.735289875
7/16/2020 13:00,0.7024965
7/16/2020 14:00,0.641914125
7/16/2020 15:00,0.526990125
7/16/2020 16:00,0.347074013
7/16/2020 17:00,0.192032588
7/16/2020 18:00,0.053466154
7/16/2020 19:00,0
7/16/2020 20:00,0
7/16/2020 21:00,0
7/16/2020 22:00,0
7/16/2020 23:00,0
7/17/2020 0:00,0
7/17/2020 1:00,0
7/17/2020 2:00,0
7/17/2020 3:00,0
7/17/2020 4:00,0
7/17/2020 5:00,0
7/17/2020 6:00,0.041024689
7/17/2020 7:00,0.194022563
7/17/2020 8:00,0.3945096
7/17/2020 9:00,0.609061875
7/17/2020 10:00,0.739293375
7/17/2020 11:00,0.78527475
7/17/2020 12:00,0.821129625
7/17/2020 13:00,0.821718375
7/17/2020 14:00,0.749302125
7/17/2020 15:00,0.615597
7/17/2020 16:00,0.45467985
7/17/2020 17:00,0.236742263
7/17/2020 18:00,0.050753783
7/17/2020 19:00,0
7/17/2020 20:00,0
7/17/2020 21:00,0
7/17/2020 22:00,0
7/17/2020 23:00,0
7/18/2020 0:00,0
7/18/2020 1:00,0
7/18/2020 2:00,0
7/18/2020 3:00,0
7/18/2020 4:00,0
7/18/2020 5:00,0
7/18/2020 6:00,0.032907004
7/18/2020 7:00,0.191820638
7/18/2020 8:00,0.412107338
7/18/2020 9:00,0.60441075
7/18/2020 10:00,0.75324675
7/18/2020 11:00,0.817656
7/18/2020 12:00,0.838674375
7/18/2020 13:00,0.8188335
7/18/2020 14:00,0.77255775
7/18/2020 15:00,0.6186585
7/18/2020 16:00,0.44177445
7/18/2020 17:00,0.2233482
7/18/2020 18:00,0.058256813
7/18/2020 19:00,0
7/18/2020 20:00,0
7/18/2020 21:00,0
7/18/2020 22:00,0
7/18/2020 23:00,0
7/19/2020 0:00,0
7/19/2020 1:00,0
7/19/2020 2:00,0
7/19/2020 3:00,0
7/19/2020 4:00,0
7/19/2020 5:00,0
7/19/2020 6:00,0.037406231
7/19/2020 7:00,0.180964088
7/19/2020 8:00,0.390447225
7/19/2020 9:00,0.615773625
7/19/2020 10:00,0.7180395
7/19/2020 11:00,0.75465975
7/19/2020 12:00,0.84980175
7/19/2020 13:00,0.8136525
7/19/2020 14:00,0.77514825
7/19/2020 15:00,0.6115935
7/19/2020 16:00,0.392737463
7/19/2020 17:00,0.215264663
7/19/2020 18:00,0.055365461
7/19/2020 19:00,0
7/19/2020 20:00,0
7/19/2020 21:00,0
7/19/2020 22:00,0
7/19/2020 23:00,0
7/20/2020 0:00,0
7/20/2020 1:00,0
7/20/2020 2:00,0
7/20/2020 3:00,0
7/20/2020 4:00,0
7/20/2020 5:00,0
7/20/2020 6:00,0.037080064
7/20/2020 7:00,0.16689885
7/20/2020 8:00,0.368893088
7/20/2020 9:00,0.5659536
7/20/2020 10:00,0.71509575
7/20/2020 11:00,0.853452
7/20/2020 12:00,0.843031125
7/20/2020 13:00,0.82719375
7/20/2020 14:00,0.779976
7/20/2020 15:00,0.61147575
7/20/2020 16:00,0.411165338
7/20/2020 17:00,0.202700738
7/20/2020 18:00,0.053911838
7/20/2020 19:00,0
7/20/2020 20:00,0
7/20/2020 21:00,0
7/20/2020 22:00,0
7/20/2020 23:00,0
7/21/2020 0:00,0
7/21/2020 1:00,0
7/21/2020 2:00,0
7/21/2020 3:00,0
7/21/2020 4:00,0
7/21/2020 5:00,0
7/21/2020 6:00,0.03449604
7/21/2020 7:00,0.203483775
7/21/2020 8:00,0.4539498
7/21/2020 9:00,0.667583625
7/21/2020 10:00,0.806057625
7/21/2020 11:00,0.904378875
7/21/2020 12:00,0.927104625
7/21/2020 13:00,0.91220925
7/21/2020 14:00,0.823720125
7/21/2020 15:00,0.692428875
7/21/2020 16:00,0.492919163
7/21/2020 17:00,0.24447255
7/21/2020 18:00,0.05001078
7/21/2020 19:00,0
7/21/2020 20:00,0
7/21/2020 21:00,0
7/21/2020 22:00,0
7/21/2020 23:00,0
7/22/2020 0:00,0
7/22/2020 1:00,0
7/22/2020 2:00,0
7/22/2020 3:00,0
7/22/2020 4:00,0
7/22/2020 5:00,0
7/22/2020 6:00,0.030494306
7/22/2020 7:00,0.118368188
7/22/2020 8:00,0.242105775
7/22/2020 9:00,0.349111088
7/22/2020 10:00,0.42872775
7/22/2020 11:00,0.47644005
7/22/2020 12:00,0.512489213
7/22/2020 13:00,0.4600257
7/22/2020 14:00,0.408386438
7/22/2020 15:00,0.350624175
7/22/2020 16:00,0.2561298
7/22/2020 17:00,0.1331517
7/22/2020 18:00,0.036759195
7/22/2020 19:00,0
7/22/2020 20:00,0
7/22/2020 21:00,0
7/22/2020 22:00,0
7/22/2020 23:00,0
7/23/2020 0:00,0
7/23/2020 1:00,0
7/23/2020 2:00,0
7/23/2020 3:00,0
7/23/2020 4:00,0
7/23/2020 5:00,0
7/23/2020 6:00,0.024050438
7/23/2020 7:00,0.125233013
7/23/2020 8:00,0.22445505
7/23/2020 9:00,0.332891025
7/23/2020 10:00,0.373090875
7/23/2020 11:00,0.412866825
7/23/2020 12:00,0.4316244
7/23/2020 13:00,0.390447225
7/23/2020 14:00,0.375375225
7/23/2020 15:00,0.324972338
7/23/2020 16:00,0.228546863
7/23/2020 17:00,0.132056625
7/23/2020 18:00,0.036406534
7/23/2020 19:00,0
7/23/2020 20:00,0
7/23/2020 21:00,0
7/23/2020 22:00,0
7/23/2020 23:00,0
7/24/2020 0:00,0
7/24/2020 1:00,0
7/24/2020 2:00,0
7/24/2020 3:00,0
7/24/2020 4:00,0
7/24/2020 5:00,0
7/24/2020 6:00,0.027600011
7/24/2020 7:00,0.1833603
7/24/2020 8:00,0.396493688
7/24/2020 9:00,0.57737535
7/24/2020 10:00,0.7255755
7/24/2020 11:00,0.838674375
7/24/2020 12:00,0.844561875
7/24/2020 13:00,0.793105125
7/24/2020 14:00,0.723632625
7/24/2020 15:00,0.583645538
7/24/2020 16:00,0.406160963
7/24/2020 17:00,0.201976575
7/24/2020 18:00,0.054219165
7/24/2020 19:00,0
7/24/2020 20:00,0
7/24/2020 21:00,0
7/24/2020 22:00,0
7/24/2020 23:00,0
7/25/2020 0:00,0
7/25/2020 1:00,0
7/25/2020 2:00,0
7/25/2020 3:00,0
7/25/2020 4:00,0
7/25/2020 5:00,0
7/25/2020 6:00,0.030615
7/25/2020 7:00,0.1415355
7/25/2020 8:00,0.276582975
7/25/2020 9:00,0.384589163
7/25/2020 10:00,0.485500913
7/25/2020 11:00,0.61854075
7/25/2020 12:00,0.60653025
7/25/2020 13:00,0.631316625
7/25/2020 14:00,0.502880813
7/25/2020 15:00,0.42458295
7/25/2020 16:00,0.30579675
7/25/2020 17:00,0.158621025
7/25/2020 18:00,0.049102928
7/25/2020 19:00,0
7/25/2020 20:00,0
7/25/2020 21:00,0
7/25/2020 22:00,0
7/25/2020 23:00,0
7/26/2020 0:00,0
7/26/2020 1:00,0
7/26/2020 2:00,0
7/26/2020 3:00,0
7/26/2020 4:00,0
7/26/2020 5:00,0
7/26/2020 6:00,0.005546437
7/26/2020 7:00,0.036670294
7/26/2020 8:00,0.084609263
7/26/2020 9:00,0.116183925
7/26/2020 10:00,0.14650455
7/26/2020 11:00,0.17528265
7/26/2020 12:00,0.17236245
7/26/2020 13:00,0.178897575
7/26/2020 14:00,0.159145013
7/26/2020 15:00,0.133404863
7/26/2020 16:00,0.093381638
7/26/2020 17:00,0.045685234
7/26/2020 18:00,0.011742619
7/26/2020 19:00,0
7/26/2020 20:00,0
7/26/2020 21:00,0
7/26/2020 22:00,0
7/26/2020 23:00,0
7/27/2020 0:00,0
7/27/2020 1:00,0
7/27/2020 2:00,0
7/27/2020 3:00,0
7/27/2020 4:00,0
7/27/2020 5:00,0
7/27/2020 6:00,0.031841366
7/27/2020 7:00,0.1741758
7/27/2020 8:00,0.366538088
7/27/2020 9:00,0.511635525
7/27/2020 10:00,0.6214845
7/27/2020 11:00,0.7274595
7/27/2020 12:00,0.76007625
7/27/2020 13:00,0.754718625
7/27/2020 14:00,0.689602875
7/27/2020 15:00,0.524205338
7/27/2020 16:00,0.377565375
7/27/2020 17:00,0.195035213
7/27/2020 18:00,0.049561564
7/27/2020 19:00,0
7/27/2020 20:00,0
7/27/2020 21:00,0
7/27/2020 22:00,0
7/27/2020 23:00,0
7/28/2020 0:00,0
7/28/2020 1:00,0
7/28/2020 2:00,0
7/28/2020 3:00,0
7/28/2020 4:00,0
7/28/2020 5:00,0
7/28/2020 6:00,0.031622351
7/28/2020 7:00,0.159604238
7/28/2020 8:00,0.310942425
7/28/2020 9:00,0.481844775
7/28/2020 10:00,0.63832275
7/28/2020 11:00,0.72534
7/28/2020 12:00,0.730697625
7/28/2020 13:00,0.69554925
7/28/2020 14:00,0.62466375
7/28/2020 15:00,0.535680075
7/28/2020 16:00,0.372390263
7/28/2020 17:00,0.187157738
7/28/2020 18:00,0.047578654
7/28/2020 19:00,0
7/28/2020 20:00,0
7/28/2020 21:00,0
7/28/2020 22:00,0
7/28/2020 23:00,0
7/29/2020 0:00,0
7/29/2020 1:00,0
7/29/2020 2:00,0
7/29/2020 3:00,0
7/29/2020 4:00,0
7/29/2020 5:00,0
7/29/2020 6:00,0.028663883
7/29/2020 7:00,0.179280263
7/29/2020 8:00,0.369464175
7/29/2020 9:00,0.551223075
7/29/2020 10:00,0.67529625
7/29/2020 11:00,0.74735925
7/29/2020 12:00,0.776384625
7/29/2020 13:00,0.74853675
7/29/2020 14:00,0.6803595
7/29/2020 15:00,0.565512038
7/29/2020 16:00,0.379072575
7/29/2020 17:00,0.190860975
7/29/2020 18:00,0.04685508
7/29/2020 19:00,0
7/29/2020 20:00,0
7/29/2020 21:00,0
7/29/2020 22:00,0
7/29/2020 23:00,0
7/30/2020 0:00,0
7/30/2020 1:00,0
7/30/2020 2:00,0
7/30/2020 3:00,0
7/30/2020 4:00,0
7/30/2020 5:00,0
7/30/2020 6:00,0.026231756
7/30/2020 7:00,0.143225213
7/30/2020 8:00,0.234775838
7/30/2020 9:00,0.265985475
7/30/2020 10:00,0.417417863
7/30/2020 11:00,0.462363038
7/30/2020 12:00,0.291331163
7/30/2020 13:00,0.1791213
7/30/2020 14:00,0.257890163
7/30/2020 15:00,0.2839659
7/30/2020 16:00,0.244619738
7/30/2020 17:00,0.15545355
7/30/2020 18:00,0.024820523
7/30/2020 19:00,0
7/30/2020 20:00,0
7/30/2020 21:00,0
7/30/2020 22:00,0
7/30/2020 23:00,0
7/31/2020 0:00,0
7/31/2020 1:00,0
7/31/2020 2:00,0
7/31/2020 3:00,0
7/31/2020 4:00,0
7/31/2020 5:00,0
7/31/2020 6:00,0
7/31/2020 7:00,0.082837125
7/31/2020 8:00,0.167305088
7/31/2020 9:00,0.245449875
7/31/2020 10:00,0.4275738
7/31/2020 11:00,0.465995625
7/31/2020 12:00,0.41412675
7/31/2020 13:00,0.460437825
7/31/2020 14:00,0.286332675
7/31/2020 15:00,0.256842188
7/31/2020 16:00,0.280086038
7/31/2020 17:00,0.063908813
7/31/2020 18:00,0.004820626
7/31/2020 19:00,0
7/31/2020 20:00,0
7/31/2020 21:00,0
7/31/2020 22:00,0
7/31/2020 23:00,0
8/1/2020 0:00,0
8/1/2020 1:00,0
8/1/2020 2:00,0
8/1/2020 3:00,0
8/1/2020 4:00,0
8/1/2020 5:00,0
8/1/2020 6:00,0.006307868
8/1/2020 7:00,0.013231568
8/1/2020 8:00,0.289535475
8/1/2020 9:00,0.417223575
8/1/2020 10:00,0.65151075
8/1/2020 11:00,0.69154575
8/1/2020 12:00,0.533519363
8/1/2020 13:00,0.401545163
8/1/2020 14:00,0.252285263
8/1/2020 15:00,0.210978563
8/1/2020 16:00,0.161517675
8/1/2020 17:00,0.017085525
8/1/2020 18:00,0
8/1/2020 19:00,0
8/1/2020 20:00,0
8/1/2020 21:00,0
8/1/2020 22:00,0
8/1/2020 23:00,0
8/2/2020 0:00,0
8/2/2020 1:00,0
8/2/2020 2:00,0
8/2/2020 3:00,0
8/2/2020 4:00,0
8/2/2020 5:00,0
8/2/2020 6:00,0.039858964
8/2/2020 7:00,0.1946172
8/2/2020 8:00,0.371671988
8/2/2020 9:00,0.583221638
8/2/2020 10:00,0.722043
8/2/2020 11:00,0.919921875
8/2/2020 12:00,0.963371625
8/2/2020 13:00,0.917095875
8/2/2020 14:00,0.785569125
8/2/2020 15:00,0.555155925
8/2/2020 16:00,0.277530863
8/2/2020 17:00,0.158674013
8/2/2020 18:00,0.046262209
8/2/2020 19:00,0
8/2/2020 20:00,0
8/2/2020 21:00,0
8/2/2020 22:00,0
8/2/2020 23:00,0
8/3/2020 0:00,0
8/3/2020 1:00,0
8/3/2020 2:00,0
8/3/2020 3:00,0
8/3/2020 4:00,0
8/3/2020 5:00,0
8/3/2020 6:00,0.027363923
8/3/2020 7:00,0.193922475
8/3/2020 8:00,0.44949885
8/3/2020 9:00,0.680418375
8/3/2020 10:00,0.85192125
8/3/2020 11:00,0.6106515
8/3/2020 12:00,0.631316625
8/3/2020 13:00,0.61218225
8/3/2020 14:00,0.568602975
8/3/2020 15:00,0.455451113
8/3/2020 16:00,0.3183489
8/3/2020 17:00,0.173316225
8/3/2020 18:00,0.043321991
8/3/2020 19:00,0
8/3/2020 20:00,0
8/3/2020 21:00,0
8/3/2020 22:00,0
8/3/2020 23:00,0
8/4/2020 0:00,0
8/4/2020 1:00,0
8/4/2020 2:00,0
8/4/2020 3:00,0
8/4/2020 4:00,0
8/4/2020 5:00,0
8/4/2020 6:00,0.032109836
8/4/2020 7:00,0.193386713
8/4/2020 8:00,0.449598938
8/4/2020 9:00,0.650274375
8/4/2020 10:00,0.794106
8/4/2020 11:00,0.89054325
8/4/2020 12:00,0.9149175
8/4/2020 13:00,0.887364
8/4/2020 14:00,0.8098845
8/4/2020 15:00,0.66375675
8/4/2020 16:00,0.471471
8/4/2020 17:00,0.231249225
8/4/2020 18:00,0.044820949
8/4/2020 19:00,0
8/4/2020 20:00,0
8/4/2020 21:00,0
8/4/2020 22:00,0
8/4/2020 23:00,0
8/5/2020 0:00,0
8/5/2020 1:00,0
8/5/2020 2:00,0
8/5/2020 3:00,0
8/5/2020 4:00,0
8/5/2020 5:00,0
8/5/2020 6:00,0.025601794
8/5/2020 7:00,0.12865365
8/5/2020 8:00,0.198491175
8/5/2020 9:00,0.407821238
8/5/2020 10:00,0.4988361
8/5/2020 11:00,0.879415875
8/5/2020 12:00,0.777621
8/5/2020 13:00,1.00640925
8/5/2020 14:00,0.878002875
8/5/2020 15:00,0.48835635
8/5/2020 16:00,0.181134825
8/5/2020 17:00,0.040348215
8/5/2020 18:00,0.040916359
8/5/2020 19:00,0
8/5/2020 20:00,0
8/5/2020 21:00,0
8/5/2020 22:00,0
8/5/2020 23:00,0
8/6/2020 0:00,0
8/6/2020 1:00,0
8/6/2020 2:00,0
8/6/2020 3:00,0
8/6/2020 4:00,0
8/6/2020 5:00,0
8/6/2020 6:00,0.029455163
8/6/2020 7:00,0.159827963
8/6/2020 8:00,0.34724475
8/6/2020 9:00,0.5281794
8/6/2020 10:00,0.628490625
8/6/2020 11:00,0.714212625
8/6/2020 12:00,0.7717335
8/6/2020 13:00,0.707147625
8/6/2020 14:00,0.647212875
8/6/2020 15:00,0.539100713
8/6/2020 16:00,0.385737225
8/6/2020 17:00,0.19059015
8/6/2020 18:00,0.045121211
8/6/2020 19:00,0
8/6/2020 20:00,0
8/6/2020 21:00,0
8/6/2020 22:00,0
8/6/2020 23:00,0
8/7/2020 0:00,0
8/7/2020 1:00,0
8/7/2020 2:00,0
8/7/2020 3:00,0
8/7/2020 4:00,0
8/7/2020 5:00,0
8/7/2020 6:00,0.028428383
8/7/2020 7:00,0.1659333
8/7/2020 8:00,0.373585425
8/7/2020 9:00,0.561779363
8/7/2020 10:00,0.679829625
8/7/2020 11:00,0.767200125
8/7/2020 12:00,0.811945125
8/7/2020 13:00,0.796284375
8/7/2020 14:00,0.721572
8/7/2020 15:00,0.594402
8/7/2020 16:00,0.399849563
8/7/2020 17:00,0.1980084
8/7/2020 18:00,0.047221283
8/7/2020 19:00,0
8/7/2020 20:00,0
8/7/2020 21:00,0
8/7/2020 22:00,0
8/7/2020 23:00,0
8/8/2020 0:00,0
8/8/2020 1:00,0
8/8/2020 2:00,0
8/8/2020 3:00,0
8/8/2020 4:00,0
8/8/2020 5:00,0
8/8/2020 6:00,0.019754918
8/8/2020 7:00,0.131167613
8/8/2020 8:00,0.0705087
8/8/2020 9:00,0.047722898
8/8/2020 10:00,0.061901175
8/8/2020 11:00,0.76243125
8/8/2020 12:00,0.348734288
8/8/2020 13:00,0.979267875
8/8/2020 14:00,0.845386125
8/8/2020 15:00,0.71697975
8/8/2020 16:00,0.356811938
8/8/2020 17:00,0.2416701
8/8/2020 18:00,0.040756808
8/8/2020 19:00,0
8/8/2020 20:00,0
8/8/2020 21:00,0
8/8/2020 22:00,0
8/8/2020 23:00,0
8/9/2020 0:00,0
8/9/2020 1:00,0
8/9/2020 2:00,0
8/9/2020 3:00,0
8/9/2020 4:00,0
8/9/2020 5:00,0
8/9/2020 6:00,0.013132069
8/9/2020 7:00,0.040697933
8/9/2020 8:00,0.179974988
8/9/2020 9:00,0.235317488
8/9/2020 10:00,0.296347313
8/9/2020 11:00,0.389440463
8/9/2020 12:00,0.373114425
8/9/2020 13:00,0.309488213
8/9/2020 14:00,0.226403813
8/9/2020 15:00,0.188411775
8/9/2020 16:00,0.1600458
8/9/2020 17:00,0.122047875
8/9/2020 18:00,0.023695421
8/9/2020 19:00,0
8/9/2020 20:00,0
8/9/2020 21:00,0
8/9/2020 22:00,0
8/9/2020 23:00,0
8/10/2020 0:00,0
8/10/2020 1:00,0
8/10/2020 2:00,0
8/10/2020 3:00,0
8/10/2020 4:00,0
8/10/2020 5:00,0
8/10/2020 6:00,0.024617404
8/10/2020 7:00,0.179368575
8/10/2020 8:00,0.2776545
8/10/2020 9:00,0.425913525
8/10/2020 10:00,0.421256513
8/10/2020 11:00,0.0693783
8/10/2020 12:00,0.086552138
8/10/2020 13:00,0.190713788
8/10/2020 14:00,0.377706675
8/10/2020 15:00,0.699258375
8/10/2020 16:00,0.498041288
8/10/2020 17:00,0.241469925
8/10/2020 18:00,0.051406118
8/10/2020 19:00,0
8/10/2020 20:00,0
8/10/2020 21:00,0
8/10/2020 22:00,0
8/10/2020 23:00,0
8/11/2020 0:00,0
8/11/2020 1:00,0
8/11/2020 2:00,0
8/11/2020 3:00,0
8/11/2020 4:00,0
8/11/2020 5:00,0
8/11/2020 6:00,0.01090365
8/11/2020 7:00,0.109984388
8/11/2020 8:00,0.335193038
8/11/2020 9:00,0.470911688
8/11/2020 10:00,0.458547938
8/11/2020 11:00,0.577033875
8/11/2020 12:00,0.861517875
8/11/2020 13:00,0.7505385
8/11/2020 14:00,0.777915375
8/11/2020 15:00,0.691428
8/11/2020 16:00,0.487938338
8/11/2020 17:00,0.2401158
8/11/2020 18:00,0.056073139
8/11/2020 19:00,0
8/11/2020 20:00,0
8/11/2020 21:00,0
8/11/2020 22:00,0
8/11/2020 23:00,0
8/12/2020 0:00,0
8/12/2020 1:00,0
8/12/2020 2:00,0
8/12/2020 3:00,0
8/12/2020 4:00,0
8/12/2020 5:00,0
8/12/2020 6:00,0
8/12/2020 7:00,0.033281449
8/12/2020 8:00,0.182141588
8/12/2020 9:00,0.345390188
8/12/2020 10:00,0.703379625
8/12/2020 11:00,0.85121475
8/12/2020 12:00,0.7811535
8/12/2020 13:00,0.961782
8/12/2020 14:00,0.789572625
8/12/2020 15:00,0.514885425
8/12/2020 16:00,0.407738813
8/12/2020 17:00,0.173810775
8/12/2020 18:00,0.034686795
8/12/2020 19:00,0
8/12/2020 20:00,0
8/12/2020 21:00,0
8/12/2020 22:00,0
8/12/2020 23:00,0
8/13/2020 0:00,0
8/13/2020 1:00,0
8/13/2020 2:00,0
8/13/2020 3:00,0
8/13/2020 4:00,0
8/13/2020 5:00,0
8/13/2020 6:00,0.013850344
8/13/2020 7:00,0.160905375
8/13/2020 8:00,0.291884588
8/13/2020 9:00,0.461244413
8/13/2020 10:00,0.68000625
8/13/2020 11:00,0.706029
8/13/2020 12:00,0.676532625
8/13/2020 13:00,0.668290125
8/13/2020 14:00,0.689956125
8/13/2020 15:00,0.597228
8/13/2020 16:00,0.446337263
8/13/2020 17:00,0.2268336
8/13/2020 18:00,0.054036653
8/13/2020 19:00,0
8/13/2020 20:00,0
8/13/2020 21:00,0
8/13/2020 22:00,0
8/13/2020 23:00,0
8/14/2020 0:00,0
8/14/2020 1:00,0
8/14/2020 2:00,0
8/14/2020 3:00,0
8/14/2020 4:00,0
8/14/2020 5:00,0
8/14/2020 6:00,0.008422069
8/14/2020 7:00,0.11066145
8/14/2020 8:00,0.313485825
8/14/2020 9:00,0.408086175
8/14/2020 10:00,0.503510775
8/14/2020 11:00,0.511111538
8/14/2020 12:00,0.573118688
8/14/2020 13:00,0.505388888
8/14/2020 14:00,0.463622963
8/14/2020 15:00,0.49094685
8/14/2020 16:00,0.3637533
8/14/2020 17:00,0.182277
8/14/2020 18:00,0.049802951
8/14/2020 19:00,0
8/14/2020 20:00,0
8/14/2020 21:00,0
8/14/2020 22:00,0
8/14/2020 23:00,0
8/15/2020 0:00,0
8/15/2020 1:00,0
8/15/2020 2:00,0
8/15/2020 3:00,0
8/15/2020 4:00,0
8/15/2020 5:00,0
8/15/2020 6:00,0.008911909
8/15/2020 7:00,0.154034663
8/15/2020 8:00,0.411336075
8/15/2020 9:00,0.552524213
8/15/2020 10:00,0.509792738
8/15/2020 11:00,0.64421025
8/15/2020 12:00,0.70661775
8/15/2020 13:00,0.674472
8/15/2020 14:00,0.767317875
8/15/2020 15:00,0.71627325
8/15/2020 16:00,0.49028745
8/15/2020 17:00,0.236542088
8/15/2020 18:00,0.050520638
8/15/2020 19:00,0
8/15/2020 20:00,0
8/15/2020 21:00,0
8/15/2020 22:00,0
8/15/2020 23:00,0
8/16/2020 0:00,0
8/16/2020 1:00,0
8/16/2020 2:00,0
8/16/2020 3:00,0
8/16/2020 4:00,0
8/16/2020 5:00,0
8/16/2020 6:00,0.003454314
8/16/2020 7:00,0.091845
8/16/2020 8:00,0.029781919
8/16/2020 9:00,0.113976113
8/16/2020 10:00,0.2312139
8/16/2020 11:00,0.292596975
8/16/2020 12:00,0.357165188
8/16/2020 13:00,0.4023282
8/16/2020 14:00,0.404129775
8/16/2020 15:00,0.36429495
8/16/2020 16:00,0.233056688
8/16/2020 17:00,0.098756925
8/16/2020 18:00,0.016793505
8/16/2020 19:00,0
8/16/2020 20:00,0
8/16/2020 21:00,0
8/16/2020 22:00,0
8/16/2020 23:00,0
8/17/2020 0:00,0
8/17/2020 1:00,0
8/17/2020 2:00,0
8/17/2020 3:00,0
8/17/2020 4:00,0
8/17/2020 5:00,0
8/17/2020 6:00,0
8/17/2020 7:00,0.053761118
8/17/2020 8:00,0.029265585
8/17/2020 9:00,0.04846119
8/17/2020 10:00,0.063214088
8/17/2020 11:00,0.28756905
8/17/2020 12:00,0.4097229
8/17/2020 13:00,0.446519775
8/17/2020 14:00,0.6817725
8/17/2020 15:00,0.732463875
8/17/2020 16:00,0.464323575
8/17/2020 17:00,0.224066475
8/17/2020 18:00,0.046799738
8/17/2020 19:00,0
8/17/2020 20:00,0
8/17/2020 21:00,0
8/17/2020 22:00,0
8/17/2020 23:00,0
8/18/2020 0:00,0
8/18/2020 1:00,0
8/18/2020 2:00,0
8/18/2020 3:00,0
8/18/2020 4:00,0
8/18/2020 5:00,0
8/18/2020 6:00,0.006833033
8/18/2020 7:00,0.171785475
8/18/2020 8:00,0.223271663
8/18/2020 9:00,0.323447475
8/18/2020 10:00,0.320692125
8/18/2020 11:00,0.392407763
8/18/2020 12:00,0.388351275
8/18/2020 13:00,0.71203425
8/18/2020 14:00,0.527090213
8/18/2020 15:00,0.444800625
8/18/2020 16:00,0.0333468
8/18/2020 17:00,0.075795675
8/18/2020 18:00,0.038962886
8/18/2020 19:00,0
8/18/2020 20:00,0
8/18/2020 21:00,0
8/18/2020 22:00,0
8/18/2020 23:00,0
8/19/2020 0:00,0
8/19/2020 1:00,0
8/19/2020 2:00,0
8/19/2020 3:00,0
8/19/2020 4:00,0
8/19/2020 5:00,0
8/19/2020 6:00,0.005447763
8/19/2020 7:00,0.15743175
8/19/2020 8:00,0.465171375
8/19/2020 9:00,0.460155225
8/19/2020 10:00,0.660754125
8/19/2020 11:00,0.56861475
8/19/2020 12:00,0.73087425
8/19/2020 13:00,0.817185
8/19/2020 14:00,0.4120779
8/19/2020 15:00,0.328911075
8/19/2020 16:00,0.13953375
8/19/2020 17:00,0.042417671
8/19/2020 18:00,0
8/19/2020 19:00,0
8/19/2020 20:00,0
8/19/2020 21:00,0
8/19/2020 22:00,0
8/19/2020 23:00,0
8/20/2020 0:00,0
8/20/2020 1:00,0
8/20/2020 2:00,0
8/20/2020 3:00,0
8/20/2020 4:00,0
8/20/2020 5:00,0
8/20/2020 6:00,0.012270139
8/20/2020 7:00,0.196301025
8/20/2020 8:00,0.457982738
8/20/2020 9:00,0.691015875
8/20/2020 10:00,0.85875075
8/20/2020 11:00,0.6035865
8/20/2020 12:00,0.56169105
8/20/2020 13:00,0.5468781
8/20/2020 14:00,0.449269238
8/20/2020 15:00,0.36876945
8/20/2020 16:00,0.226415588
8/20/2020 17:00,0.102354188
8/20/2020 18:00,0.019945084
8/20/2020 19:00,0
8/20/2020 20:00,0
8/20/2020 21:00,0
8/20/2020 22:00,0
8/20/2020 23:00,0
8/21/2020 0:00,0
8/21/2020 1:00,0
8/21/2020 2:00,0
8/21/2020 3:00,0
8/21/2020 4:00,0
8/21/2020 5:00,0
8/21/2020 6:00,0.01140762
8/21/2020 7:00,0.18597435
8/21/2020 8:00,0.429228188
8/21/2020 9:00,0.6718815
8/21/2020 10:00,0.835554
8/21/2020 11:00,0.9427065
8/21/2020 12:00,0.940763625
8/21/2020 13:00,0.92351325
8/21/2020 14:00,0.811533
8/21/2020 15:00,0.660754125
8/21/2020 16:00,0.4312947
8/21/2020 17:00,0.208076025
8/21/2020 18:00,0.036833966
8/21/2020 19:00,0
8/21/2020 20:00,0
8/21/2020 21:00,0
8/21/2020 22:00,0
8/21/2020 23:00,0
8/22/2020 0:00,0
8/22/2020 1:00,0
8/22/2020 2:00,0
8/22/2020 3:00,0
8/22/2020 4:00,0
8/22/2020 5:00,0
8/22/2020 6:00,0.01169964
8/22/2020 7:00,0.156548625
8/22/2020 8:00,0.3524022
8/22/2020 9:00,0.6177165
8/22/2020 10:00,0.798639375
8/22/2020 11:00,0.879062625
8/22/2020 12:00,0.85568925
8/22/2020 13:00,0.893310375
8/22/2020 14:00,0.8376735
8/22/2020 15:00,0.652747125
8/22/2020 16:00,0.4541382
8/22/2020 17:00,0.211025663
8/22/2020 18:00,0.022423133
8/22/2020 19:00,0
8/22/2020 20:00,0
8/22/2020 21:00,0
8/22/2020 22:00,0
8/22/2020 23:00,0
8/23/2020 0:00,0
8/23/2020 1:00,0
8/23/2020 2:00,0
8/23/2020 3:00,0
8/23/2020 4:00,0
8/23/2020 5:00,0
8/23/2020 6:00,0
8/23/2020 7:00,0.103537575
8/23/2020 8:00,0.1707846
8/23/2020 9:00,0.211237613
8/23/2020 10:00,0.237189713
8/23/2020 11:00,0.294410325
8/23/2020 12:00,0.350736038
8/23/2020 13:00,0.363959363
8/23/2020 14:00,0.327239025
8/23/2020 15:00,0.346155563
8/23/2020 16:00,0.209553788
8/23/2020 17:00,0.108465413
8/23/2020 18:00,0
8/23/2020 19:00,0
8/23/2020 20:00,0
8/23/2020 21:00,0
8/23/2020 22:00,0
8/23/2020 23:00,0
8/24/2020 0:00,0
8/24/2020 1:00,0
8/24/2020 2:00,0
8/24/2020 3:00,0
8/24/2020 4:00,0
8/24/2020 5:00,0
8/24/2020 6:00,0.00363247
8/24/2020 7:00,0.1052214
8/24/2020 8:00,0.201487913
8/24/2020 9:00,0.236294813
8/24/2020 10:00,0.322364175
8/24/2020 11:00,0.391954425
8/24/2020 12:00,0.389787825
8/24/2020 13:00,0.315675975
8/24/2020 14:00,0.202736063
8/24/2020 15:00,0.192998138
8/24/2020 16:00,0.067924088
8/24/2020 17:00,0.056865596
8/24/2020 18:00,0.002535864
8/24/2020 19:00,0
8/24/2020 20:00,0
8/24/2020 21:00,0
8/24/2020 22:00,0
8/24/2020 23:00,0
8/25/2020 0:00,0
8/25/2020 1:00,0
8/25/2020 2:00,0
8/25/2020 3:00,0
8/25/2020 4:00,0
8/25/2020 5:00,0
8/25/2020 6:00,0.006492146
8/25/2020 7:00,0.149418863
8/25/2020 8:00,0.348039563
8/25/2020 9:00,0.506319113
8/25/2020 10:00,0.659458875
8/25/2020 11:00,0.738999
8/25/2020 12:00,0.813711375
8/25/2020 13:00,0.831491625
8/25/2020 14:00,0.719982375
8/25/2020 15:00,0.593931
8/25/2020 16:00,0.439743263
8/25/2020 17:00,0.210460463
8/25/2020 18:00,0.017557703
8/25/2020 19:00,0
8/25/2020 20:00,0
8/25/2020 21:00,0
8/25/2020 22:00,0
8/25/2020 23:00,0
8/26/2020 0:00,0
8/26/2020 1:00,0
8/26/2020 2:00,0
8/26/2020 3:00,0
8/26/2020 4:00,0
8/26/2020 5:00,0
8/26/2020 6:00,0.005878787
8/26/2020 7:00,0.181176038
8/26/2020 8:00,0.372637538
8/26/2020 9:00,0.622249875
8/26/2020 10:00,0.852039
8/26/2020 11:00,0.760135125
8/26/2020 12:00,0.839145375
8/26/2020 13:00,0.769614
8/26/2020 14:00,0.55764045
8/26/2020 15:00,0.382440225
8/26/2020 16:00,0.26802255
8/26/2020 17:00,0.159209775
8/26/2020 18:00,0.012449708
8/26/2020 19:00,0
8/26/2020 20:00,0
8/26/2020 21:00,0
8/26/2020 22:00,0
8/26/2020 23:00,0
8/27/2020 0:00,0
8/27/2020 1:00,0
8/27/2020 2:00,0
8/27/2020 3:00,0
8/27/2020 4:00,0
8/27/2020 5:00,0
8/27/2020 6:00,0.009346406
8/27/2020 7:00,0.180681488
8/27/2020 8:00,0.410558925
8/27/2020 9:00,0.64421025
8/27/2020 10:00,0.815124375
8/27/2020 11:00,0.915565125
8/27/2020 12:00,0.934287375
8/27/2020 13:00,0.9092655
8/27/2020 14:00,0.808059375
8/27/2020 15:00,0.661755
8/27/2020 16:00,0.438907238
8/27/2020 17:00,0.191808863
8/27/2020 18:00,0.011213921
8/27/2020 19:00,0
8/27/2020 20:00,0
8/27/2020 21:00,0
8/27/2020 22:00,0
8/27/2020 23:00,0
8/28/2020 0:00,0
8/28/2020 1:00,0
8/28/2020 2:00,0
8/28/2020 3:00,0
8/28/2020 4:00,0
8/28/2020 5:00,0
8/28/2020 6:00,0
8/28/2020 7:00,0.1132755
8/28/2020 8:00,0.2784552
8/28/2020 9:00,0.368115938
8/28/2020 10:00,0.210319163
8/28/2020 11:00,0.581749763
8/28/2020 12:00,0.67600275
8/28/2020 13:00,0.83826225
8/28/2020 14:00,0.903907875
8/28/2020 15:00,0.3799086
8/28/2020 16:00,0.191384963
8/28/2020 17:00,0.019593011
8/28/2020 18:00,0
8/28/2020 19:00,0
8/28/2020 20:00,0
8/28/2020 21:00,0
8/28/2020 22:00,0
8/28/2020 23:00,0
8/29/2020 0:00,0
8/29/2020 1:00,0
8/29/2020 2:00,0
8/29/2020 3:00,0
8/29/2020 4:00,0
8/29/2020 5:00,0
8/29/2020 6:00,0
8/29/2020 7:00,0.0992868
8/29/2020 8:00,0.254940525
8/29/2020 9:00,0.483899513
8/29/2020 10:00,0.540437175
8/29/2020 11:00,0.546324675
8/29/2020 12:00,0.585682613
8/29/2020 13:00,0.636968625
8/29/2020 14:00,0.725634375
8/29/2020 15:00,0.700789125
8/29/2020 16:00,0.415480875
8/29/2020 17:00,0.190678463
8/29/2020 18:00,0.011627813
8/29/2020 19:00,0
8/29/2020 20:00,0
8/29/2020 21:00,0
8/29/2020 22:00,0
8/29/2020 23:00,0
8/30/2020 0:00,0
8/30/2020 1:00,0
8/30/2020 2:00,0
8/30/2020 3:00,0
8/30/2020 4:00,0
8/30/2020 5:00,0
8/30/2020 6:00,0.005089979
8/30/2020 7:00,0.150537488
8/30/2020 8:00,0.107511638
8/30/2020 9:00,0.08598105
8/30/2020 10:00,0.479183625
8/30/2020 11:00,0.678652125
8/30/2020 12:00,0.5653413
8/30/2020 13:00,0.63620325
8/30/2020 14:00,0.821011875
8/30/2020 15:00,0.3860316
8/30/2020 16:00,0.38906955
8/30/2020 17:00,0.208399838
8/30/2020 18:00,0.013075549
8/30/2020 19:00,0
8/30/2020 20:00,0
8/30/2020 21:00,0
8/30/2020 22:00,0
8/30/2020 23:00,0
8/31/2020 0:00,0
8/31/2020 1:00,0
8/31/2020 2:00,0
8/31/2020 3:00,0
8/31/2020 4:00,0
8/31/2020 5:00,0
8/31/2020 6:00,0.009987555
8/31/2020 7:00,0.178685625
8/31/2020 8:00,0.3517899
8/31/2020 9:00,0.141529613
8/31/2020 10:00,0.164955975
8/31/2020 11:00,0.12246
8/31/2020 12:00,0.0785157
8/31/2020 13:00,0.195188288
8/31/2020 14:00,0.75489525
8/31/2020 15:00,0.696314625
8/31/2020 16:00,0.458524388
8/31/2020 17:00,0.200610675
8/31/2020 18:00,0.018363113
8/31/2020 19:00,0
8/31/2020 20:00,0
8/31/2020 21:00,0
8/31/2020 22:00,0
8/31/2020 23:00,0
9/1/2020 0:00,0
9/1/2020 1:00,0
9/1/2020 2:00,0
9/1/2020 3:00,0
9/1/2020 4:00,0
9/1/2020 5:00,0
9/1/2020 6:00,0
9/1/2020 7:00,0.07241625
9/1/2020 8:00,0.10383195
9/1/2020 9:00,0.050314575
9/1/2020 10:00,0.065074538
9/1/2020 11:00,0.285761588
9/1/2020 12:00,0.622485375
9/1/2020 13:00,0.578611725
9/1/2020 14:00,0.499418963
9/1/2020 15:00,0.483004613
9/1/2020 16:00,0.3297471
9/1/2020 17:00,0.153251625
9/1/2020 18:00,0.006704685
9/1/2020 19:00,0
9/1/2020 20:00,0
9/1/2020 21:00,0
9/1/2020 22:00,0
9/1/2020 23:00,0
9/2/2020 0:00,0
9/2/2020 1:00,0
9/2/2020 2:00,0
9/2/2020 3:00,0
9/2/2020 4:00,0
9/2/2020 5:00,0
9/2/2020 6:00,0.006986696
9/2/2020 7:00,0.076366763
9/2/2020 8:00,0.216324413
9/2/2020 9:00,0.401421525
9/2/2020 10:00,0.799463625
9/2/2020 11:00,0.887187375
9/2/2020 12:00,0.707029875
9/2/2020 13:00,0.517882163
9/2/2020 14:00,0.747477
9/2/2020 15:00,0.60841425
9/2/2020 16:00,0.211402463
9/2/2020 17:00,0.195099975
9/2/2020 18:00,0.022668053
9/2/2020 19:00,0
9/2/2020 20:00,0
9/2/2020 21:00,0
9/2/2020 22:00,0
9/2/2020 23:00,0
9/3/2020 0:00,0
9/3/2020 1:00,0
9/3/2020 2:00,0
9/3/2020 3:00,0
9/3/2020 4:00,0
9/3/2020 5:00,0
9/3/2020 6:00,0.007558373
9/3/2020 7:00,0.18531495
9/3/2020 8:00,0.424453425
9/3/2020 9:00,0.669820875
9/3/2020 10:00,0.812180625
9/3/2020 11:00,0.83308125
9/3/2020 12:00,0.892603875
9/3/2020 13:00,0.729520125
9/3/2020 14:00,0.6855405
9/3/2020 15:00,0.514738238
9/3/2020 16:00,0.33730665
9/3/2020 17:00,0.184855725
9/3/2020 18:00,0.008220716
9/3/2020 19:00,0
9/3/2020 20:00,0
9/3/2020 21:00,0
9/3/2020 22:00,0
9/3/2020 23:00,0
9/4/2020 0:00,0
9/4/2020 1:00,0
9/4/2020 2:00,0
9/4/2020 3:00,0
9/4/2020 4:00,0
9/4/2020 5:00,0
9/4/2020 6:00,0
9/4/2020 7:00,0.164137613
9/4/2020 8:00,0.335605163
9/4/2020 9:00,0.496121963
9/4/2020 10:00,0.8112975
9/4/2020 11:00,0.665935125
9/4/2020 12:00,0.802584
9/4/2020 13:00,0.894487875
9/4/2020 14:00,0.572794875
9/4/2020 15:00,0.249541688
9/4/2020 16:00,0.284737163
9/4/2020 17:00,0.185615213
9/4/2020 18:00,0.01117683
9/4/2020 19:00,0
9/4/2020 20:00,0
9/4/2020 21:00,0
9/4/2020 22:00,0
9/4/2020 23:00,0
9/5/2020 0:00,0
9/5/2020 1:00,0
9/5/2020 2:00,0
9/5/2020 3:00,0
9/5/2020 4:00,0
9/5/2020 5:00,0
9/5/2020 6:00,0.005675727
9/5/2020 7:00,0.135076913
9/5/2020 8:00,0.336823875
9/5/2020 9:00,0.4900284
9/5/2020 10:00,0.659458875
9/5/2020 11:00,0.746064
9/5/2020 12:00,0.83802675
9/5/2020 13:00,0.821836125
9/5/2020 14:00,0.821836125
9/5/2020 15:00,0.575803388
9/5/2020 16:00,0.3360585
9/5/2020 17:00,0.154947225
9/5/2020 18:00,0.005724416
9/5/2020 19:00,0
9/5/2020 20:00,0
9/5/2020 21:00,0
9/5/2020 22:00,0
9/5/2020 23:00,0
9/6/2020 0:00,0
9/6/2020 1:00,0
9/6/2020 2:00,0
9/6/2020 3:00,0
9/6/2020 4:00,0
9/6/2020 5:00,0
9/6/2020 6:00,0
9/6/2020 7:00,0.067853438
9/6/2020 8:00,0.148188375
9/6/2020 9:00,0.25073685
9/6/2020 10:00,0.325496325
9/6/2020 11:00,0.380856488
9/6/2020 12:00,0.383411663
9/6/2020 13:00,0.346814963
9/6/2020 14:00,0.311348663
9/6/2020 15:00,0.2003163
9/6/2020 16:00,0.1115328
9/6/2020 17:00,0.049072313
9/6/2020 18:00,0
9/6/2020 19:00,0
9/6/2020 20:00,0
9/6/2020 21:00,0
9/6/2020 22:00,0
9/6/2020 23:00,0
9/7/2020 0:00,0
9/7/2020 1:00,0
9/7/2020 2:00,0
9/7/2020 3:00,0
9/7/2020 4:00,0
9/7/2020 5:00,0
9/7/2020 6:00,0
9/7/2020 7:00,0.128424038
9/7/2020 8:00,0.32779245
9/7/2020 9:00,0.366991425
9/7/2020 10:00,0.47587485
9/7/2020 11:00,0.658870125
9/7/2020 12:00,0.921688125
9/7/2020 13:00,0.843502125
9/7/2020 14:00,0.762254625
9/7/2020 15:00,0.702555375
9/7/2020 16:00,0.455969213
9/7/2020 17:00,0.182683238
9/7/2020 18:00,0.006732356
9/7/2020 19:00,0
9/7/2020 20:00,0
9/7/2020 21:00,0
9/7/2020 22:00,0
9/7/2020 23:00,0
9/8/2020 0:00,0
9/8/2020 1:00,0
9/8/2020 2:00,0
9/8/2020 3:00,0
9/8/2020 4:00,0
9/8/2020 5:00,0
9/8/2020 6:00,0
9/8/2020 7:00,0.0863343
9/8/2020 8:00,0.166951838
9/8/2020 9:00,0.259703513
9/8/2020 10:00,0.33014745
9/8/2020 11:00,0.380797613
9/8/2020 12:00,0.374321363
9/8/2020 13:00,0.390406013
9/8/2020 14:00,0.280162575
9/8/2020 15:00,0.202070775
9/8/2020 16:00,0.141364763
9/8/2020 17:00,0.057672773
9/8/2020 18:00,0
9/8/2020 19:00,0
9/8/2020 20:00,0
9/8/2020 21:00,0
9/8/2020 22:00,0
9/8/2020 23:00,0
9/9/2020 0:00,0
9/9/2020 1:00,0
9/9/2020 2:00,0
9/9/2020 3:00,0
9/9/2020 4:00,0
9/9/2020 5:00,0
9/9/2020 6:00,0
9/9/2020 7:00,0.1119567
9/9/2020 8:00,0.23029545
9/9/2020 9:00,0.402687338
9/9/2020 10:00,0.540696225
9/9/2020 11:00,0.647625
9/9/2020 12:00,0.640854375
9/9/2020 13:00,0.508550475
9/9/2020 14:00,0.443057925
9/9/2020 15:00,0.325896675
9/9/2020 16:00,0.1755417
9/9/2020 17:00,0.065922338
9/9/2020 18:00,0
9/9/2020 19:00,0
9/9/2020 20:00,0
9/9/2020 21:00,0
9/9/2020 22:00,0
9/9/2020 23:00,0
9/10/2020 0:00,0
9/10/2020 1:00,0
9/10/2020 2:00,0
9/10/2020 3:00,0
9/10/2020 4:00,0
9/10/2020 5:00,0
9/10/2020 6:00,0
9/10/2020 7:00,0.039148343
9/10/2020 8:00,0.068230238
9/10/2020 9:00,0.125209463
9/10/2020 10:00,0.226498013
9/10/2020 11:00,0.2737923
9/10/2020 12:00,0.276741938
9/10/2020 13:00,0.289847513
9/10/2020 14:00,0.267580988
9/10/2020 15:00,0.1815705
9/10/2020 16:00,0.1228839
9/10/2020 17:00,0.061124025
9/10/2020 18:00,0
9/10/2020 19:00,0
9/10/2020 20:00,0
9/10/2020 21:00,0
9/10/2020 22:00,0
9/10/2020 23:00,0
9/11/2020 0:00,0
9/11/2020 1:00,0
9/11/2020 2:00,0
9/11/2020 3:00,0
9/11/2020 4:00,0
9/11/2020 5:00,0
9/11/2020 6:00,0
9/11/2020 7:00,0.114058538
9/11/2020 8:00,0.297854513
9/11/2020 9:00,0.589692
9/11/2020 10:00,0.73370025
9/11/2020 11:00,0.7029675
9/11/2020 12:00,0.498736013
9/11/2020 13:00,0.475833638
9/11/2020 14:00,0.365178075
9/11/2020 15:00,0.315723075
9/11/2020 16:00,0.273244763
9/11/2020 17:00,0.127511475
9/11/2020 18:00,0
9/11/2020 19:00,0
9/11/2020 20:00,0
9/11/2020 21:00,0
9/11/2020 22:00,0
9/11/2020 23:00,0
9/12/2020 0:00,0
9/12/2020 1:00,0
9/12/2020 2:00,0
9/12/2020 3:00,0
9/12/2020 4:00,0
9/12/2020 5:00,0
9/12/2020 6:00,0
9/12/2020 7:00,0.112209863
9/12/2020 8:00,0.2334747
9/12/2020 9:00,0.3773652
9/12/2020 10:00,0.45896595
9/12/2020 11:00,0.579536063
9/12/2020 12:00,0.599524125
9/12/2020 13:00,0.5376936
9/12/2020 14:00,0.431536088
9/12/2020 15:00,0.36208125
9/12/2020 16:00,0.23495835
9/12/2020 17:00,0.095100788
9/12/2020 18:00,0
9/12/2020 19:00,0
9/12/2020 20:00,0
9/12/2020 21:00,0
9/12/2020 22:00,0
9/12/2020 23:00,0
9/13/2020 0:00,0
9/13/2020 1:00,0
9/13/2020 2:00,0
9/13/2020 3:00,0
9/13/2020 4:00,0
9/13/2020 5:00,0
9/13/2020 6:00,0
9/13/2020 7:00,0.037748295
9/13/2020 8:00,0.0895371
9/13/2020 9:00,0.134270325
9/13/2020 10:00,0.1999395
9/13/2020 11:00,0.227180963
9/13/2020 12:00,0.219562538
9/13/2020 13:00,0.2317791
9/13/2020 14:00,0.166139363
9/13/2020 15:00,0.154399688
9/13/2020 16:00,0.091715475
9/13/2020 17:00,0.033438056
9/13/2020 18:00,0
9/13/2020 19:00,0
9/13/2020 20:00,0
9/13/2020 21:00,0
9/13/2020 22:00,0
9/13/2020 23:00,0
9/14/2020 0:00,0
9/14/2020 1:00,0
9/14/2020 2:00,0
9/14/2020 3:00,0
9/14/2020 4:00,0
9/14/2020 5:00,0
9/14/2020 6:00,0
9/14/2020 7:00,0.109737113
9/14/2020 8:00,0.259597538
9/14/2020 9:00,0.397247288
9/14/2020 10:00,0.491930063
9/14/2020 11:00,0.537705375
9/14/2020 12:00,0.561202388
9/14/2020 13:00,0.547455075
9/14/2020 14:00,0.462716288
9/14/2020 15:00,0.389770163
9/14/2020 16:00,0.228117075
9/14/2020 17:00,0.0783744
9/14/2020 18:00,0
9/14/2020 19:00,0
9/14/2020 20:00,0
9/14/2020 21:00,0
9/14/2020 22:00,0
9/14/2020 23:00,0
9/15/2020 0:00,0
9/15/2020 1:00,0
9/15/2020 2:00,0
9/15/2020 3:00,0
9/15/2020 4:00,0
9/15/2020 5:00,0
9/15/2020 6:00,0.004069558
9/15/2020 7:00,0.199886513
9/15/2020 8:00,0.471712388
9/15/2020 9:00,0.7029675
9/15/2020 10:00,0.8527455
9/15/2020 11:00,0.94988925
9/15/2020 12:00,0.966079875
9/15/2020 13:00,0.940645875
9/15/2020 14:00,0.806175375
9/15/2020 15:00,0.617952
9/15/2020 16:00,0.385460513
9/15/2020 17:00,0.134064263
9/15/2020 18:00,0
9/15/2020 19:00,0
9/15/2020 20:00,0
9/15/2020 21:00,0
9/15/2020 22:00,0
9/15/2020 23:00,0
9/16/2020 0:00,0
9/16/2020 1:00,0
9/16/2020 2:00,0
9/16/2020 3:00,0
9/16/2020 4:00,0
9/16/2020 5:00,0
9/16/2020 6:00,0
9/16/2020 7:00,0.06440925
9/16/2020 8:00,0.147158063
9/16/2020 9:00,0.234234188
9/16/2020 10:00,0.296158913
9/16/2020 11:00,0.325949663
9/16/2020 12:00,0.362752425
9/16/2020 13:00,0.327115388
9/16/2020 14:00,0.291348825
9/16/2020 15:00,0.216654113
9/16/2020 16:00,0.128577113
9/16/2020 17:00,0.049502689
9/16/2020 18:00,0
9/16/2020 19:00,0
9/16/2020 20:00,0
9/16/2020 21:00,0
9/16/2020 22:00,0
9/16/2020 23:00,0
9/17/2020 0:00,0
9/17/2020 1:00,0
9/17/2020 2:00,0
9/17/2020 3:00,0
9/17/2020 4:00,0
9/17/2020 5:00,0
9/17/2020 6:00,0
9/17/2020 7:00,0.037178385
9/17/2020 8:00,0.084491513
9/17/2020 9:00,0.1355538
9/17/2020 10:00,0.1805343
9/17/2020 11:00,0.1835487
9/17/2020 12:00,0.232585688
9/17/2020 13:00,0.203001
9/17/2020 14:00,0.18894165
9/17/2020 15:00,0.132580613
9/17/2020 16:00,0.088000463
9/17/2020 17:00,0.033042416
9/17/2020 18:00,0
9/17/2020 19:00,0
9/17/2020 20:00,0
9/17/2020 21:00,0
9/17/2020 22:00,0
9/17/2020 23:00,0
9/18/2020 0:00,0
9/18/2020 1:00,0
9/18/2020 2:00,0
9/18/2020 3:00,0
9/18/2020 4:00,0
9/18/2020 5:00,0
9/18/2020 6:00,0
9/18/2020 7:00,0.138203175
9/18/2020 8:00,0.323017688
9/18/2020 9:00,0.415887113
9/18/2020 10:00,0.496398675
9/18/2020 11:00,0.672117
9/18/2020 12:00,0.89124975
9/18/2020 13:00,0.863401875
9/18/2020 14:00,0.834141
9/18/2020 15:00,0.629432625
9/18/2020 16:00,0.395610563
9/18/2020 17:00,0.144214313
9/18/2020 18:00,0
9/18/2020 19:00,0
9/18/2020 20:00,0
9/18/2020 21:00,0
9/18/2020 22:00,0
9/18/2020 23:00,0
9/19/2020 0:00,0
9/19/2020 1:00,0
9/19/2020 2:00,0
9/19/2020 3:00,0
9/19/2020 4:00,0
9/19/2020 5:00,0
9/19/2020 6:00,0
9/19/2020 7:00,0.19247415
9/19/2020 8:00,0.45708195
9/19/2020 9:00,0.62254425
9/19/2020 10:00,0.879180375
9/19/2020 11:00,0.9196275
9/19/2020 12:00,0.804055875
9/19/2020 13:00,0.63502575
9/19/2020 14:00,0.5425449
9/19/2020 15:00,0.41054715
9/19/2020 16:00,0.28968855
9/19/2020 17:00,0.097220288
9/19/2020 18:00,0
9/19/2020 19:00,0
9/19/2020 20:00,0
9/19/2020 21:00,0
9/19/2020 22:00,0
9/19/2020 23:00,0
9/20/2020 0:00,0
9/20/2020 1:00,0
9/20/2020 2:00,0
9/20/2020 3:00,0
9/20/2020 4:00,0
9/20/2020 5:00,0
9/20/2020 6:00,0.002818523
9/20/2020 7:00,0.196677825
9/20/2020 8:00,0.472583738
9/20/2020 9:00,0.723043875
9/20/2020 10:00,0.88277175
9/20/2020 11:00,0.973380375
9/20/2020 12:00,0.978208125
9/20/2020 13:00,0.9464745
9/20/2020 14:00,0.81848025
9/20/2020 15:00,0.633671625
9/20/2020 16:00,0.38012055
9/20/2020 17:00,0.125115263
9/20/2020 18:00,0
9/20/2020 19:00,0
9/20/2020 20:00,0
9/20/2020 21:00,0
9/20/2020 22:00,0
9/20/2020 23:00,0
9/21/2020 0:00,0
9/21/2020 1:00,0
9/21/2020 2:00,0
9/21/2020 3:00,0
9/21/2020 4:00,0
9/21/2020 5:00,0
9/21/2020 6:00,0
9/21/2020 7:00,0.026778116
9/21/2020 8:00,0.088082888
9/21/2020 9:00,0.133828763
9/21/2020 10:00,0.1504374
9/21/2020 11:00,0.183177788
9/21/2020 12:00,0.214999725
9/21/2020 13:00,0.206121375
9/21/2020 14:00,0.18399615
9/21/2020 15:00,0.130708388
9/21/2020 16:00,0.085009613
9/21/2020 17:00,0.029262053
9/21/2020 18:00,0
9/21/2020 19:00,0
9/21/2020 20:00,0
9/21/2020 21:00,0
9/21/2020 22:00,0
9/21/2020 23:00,0
9/22/2020 0:00,0
9/22/2020 1:00,0
9/22/2020 2:00,0
9/22/2020 3:00,0
9/22/2020 4:00,0
9/22/2020 5:00,0
9/22/2020 6:00,0
9/22/2020 7:00,0
9/22/2020 8:00,0
9/22/2020 9:00,0
9/22/2020 10:00,0
9/22/2020 11:00,0
9/22/2020 12:00,0
9/22/2020 13:00,0
9/22/2020 14:00,0
9/22/2020 15:00,0
9/22/2020 16:00,0
9/22/2020 17:00,0
9/22/2020 18:00,0
9/22/2020 19:00,0
9/22/2020 20:00,0
9/22/2020 21:00,0
9/22/2020 22:00,0
9/22/2020 23:00,0
9/23/2020 0:00,0
9/23/2020 1:00,0
9/23/2020 2:00,0
9/23/2020 3:00,0
9/23/2020 4:00,0
9/23/2020 5:00,0
9/23/2020 6:00,0
9/23/2020 7:00,0
9/23/2020 8:00,0
9/23/2020 9:00,0
9/23/2020 10:00,0
9/23/2020 11:00,0
9/23/2020 12:00,0
9/23/2020 13:00,0
9/23/2020 14:00,0
9/23/2020 15:00,0
9/23/2020 16:00,0
9/23/2020 17:00,0
9/23/2020 18:00,0
9/23/2020 19:00,0
9/23/2020 20:00,0
9/23/2020 21:00,0
9/23/2020 22:00,0
9/23/2020 23:00,0
9/24/2020 0:00,0
9/24/2020 1:00,0
9/24/2020 2:00,0
9/24/2020 3:00,0
9/24/2020 4:00,0
9/24/2020 5:00,0
9/24/2020 6:00,0
9/24/2020 7:00,0
9/24/2020 8:00,0
9/24/2020 9:00,0
9/24/2020 10:00,0
9/24/2020 11:00,0
9/24/2020 12:00,0
9/24/2020 13:00,0
9/24/2020 14:00,0
9/24/2020 15:00,0
9/24/2020 16:00,0
9/24/2020 17:00,0
9/24/2020 18:00,0
9/24/2020 19:00,0
9/24/2020 20:00,0
9/24/2020 21:00,0
9/24/2020 22:00,0
9/24/2020 23:00,0
9/25/2020 0:00,0
9/25/2020 1:00,0
9/25/2020 2:00,0
9/25/2020 3:00,0
9/25/2020 4:00,0
9/25/2020 5:00,0
9/25/2020 6:00,0
9/25/2020 7:00,0
9/25/2020 8:00,0
9/25/2020 9:00,0
9/25/2020 10:00,0
9/25/2020 11:00,0
9/25/2020 12:00,0
9/25/2020 13:00,0
9/25/2020 14:00,0
9/25/2020 15:00,0
9/25/2020 16:00,0
9/25/2020 17:00,0
9/25/2020 18:00,0
9/25/2020 19:00,0
9/25/2020 20:00,0
9/25/2020 21:00,0
9/25/2020 22:00,0
9/25/2020 23:00,0
9/26/2020 0:00,0
9/26/2020 1:00,0
9/26/2020 2:00,0
9/26/2020 3:00,0
9/26/2020 4:00,0
9/26/2020 5:00,0
9/26/2020 6:00,0.003003685
9/26/2020 7:00,0.108647925
9/26/2020 8:00,0.0747477
9/26/2020 9:00,0.273692213
9/26/2020 10:00,0.068630588
9/26/2020 11:00,0.524099363
9/26/2020 12:00,0.695725875
9/26/2020 13:00,1.005585
9/26/2020 14:00,0.871408875
9/26/2020 15:00,0.601054875
9/26/2020 16:00,0.406773263
9/26/2020 17:00,0.127823513
9/26/2020 18:00,0
9/26/2020 19:00,0
9/26/2020 20:00,0
9/26/2020 21:00,0
9/26/2020 22:00,0
9/26/2020 23:00,0
9/27/2020 0:00,0
9/27/2020 1:00,0
9/27/2020 2:00,0
9/27/2020 3:00,0
9/27/2020 4:00,0
9/27/2020 5:00,0
9/27/2020 6:00,0.004134497
9/27/2020 7:00,0.163384013
9/27/2020 8:00,0.341009888
9/27/2020 9:00,0.288475725
9/27/2020 10:00,0.358960875
9/27/2020 11:00,0.4249362
9/27/2020 12:00,0.72522225
9/27/2020 13:00,0.633671625
9/27/2020 14:00,0.462745725
9/27/2020 15:00,0.387644775
9/27/2020 16:00,0.248652675
9/27/2020 17:00,0.081406463
9/27/2020 18:00,0
9/27/2020 19:00,0
9/27/2020 20:00,0
9/27/2020 21:00,0
9/27/2020 22:00,0
9/27/2020 23:00,0
9/28/2020 0:00,0
9/28/2020 1:00,0
9/28/2020 2:00,0
9/28/2020 3:00,0
9/28/2020 4:00,0
9/28/2020 5:00,0
9/28/2020 6:00,0
9/28/2020 7:00,0.172303575
9/28/2020 8:00,0.406555425
9/28/2020 9:00,0.63337725
9/28/2020 10:00,0.7689075
9/28/2020 11:00,0.859869375
9/28/2020 12:00,0.85568925
9/28/2020 13:00,0.80058225
9/28/2020 14:00,0.692193375
9/28/2020 15:00,0.514885425
9/28/2020 16:00,0.296677013
9/28/2020 17:00,0.0943884
9/28/2020 18:00,0
9/28/2020 19:00,0
9/28/2020 20:00,0
9/28/2020 21:00,0
9/28/2020 22:00,0
9/28/2020 23:00,0
9/29/2020 0:00,0
9/29/2020 1:00,0
9/29/2020 2:00,0
9/29/2020 3:00,0
9/29/2020 4:00,0
9/29/2020 5:00,0
9/29/2020 6:00,0
9/29/2020 7:00,0.144791288
9/29/2020 8:00,0.436617
9/29/2020 9:00,0.449298675
9/29/2020 10:00,0.539966175
9/29/2020 11:00,0.629314875
9/29/2020 12:00,0.62866725
9/29/2020 13:00,0.466743338
9/29/2020 14:00,0.321192563
9/29/2020 15:00,0.1532634
9/29/2020 16:00,0.097573538
9/29/2020 17:00,0.055509116
9/29/2020 18:00,0
9/29/2020 19:00,0
9/29/2020 20:00,0
9/29/2020 21:00,0
9/29/2020 22:00,0
9/29/2020 23:00,0
9/30/2020 0:00,0
9/30/2020 1:00,0
9/30/2020 2:00,0
9/30/2020 3:00,0
9/30/2020 4:00,0
9/30/2020 5:00,0
9/30/2020 6:00,0
9/30/2020 7:00,0.180393
9/30/2020 8:00,0.444606338
9/30/2020 9:00,0.68518725
9/30/2020 10:00,0.846445875
9/30/2020 11:00,0.857632125
9/30/2020 12:00,0.8306085
9/30/2020 13:00,0.807470625
9/30/2020 14:00,0.717804
9/30/2020 15:00,0.571947075
9/30/2020 16:00,0.347627438
9/30/2020 17:00,0.107970863
9/30/2020 18:00,0
9/30/2020 19:00,0
9/30/2020 20:00,0
9/30/2020 21:00,0
9/30/2020 22:00,0
9/30/2020 23:00,0
10/1/2020 0:00,0
10/1/2020 1:00,0
10/1/2020 2:00,0
10/1/2020 3:00,0
10/1/2020 4:00,0
10/1/2020 5:00,0
10/1/2020 6:00,0
10/1/2020 7:00,0.070944375
10/1/2020 8:00,0.18263025
10/1/2020 9:00,0.280062488
10/1/2020 10:00,0.321333863
10/1/2020 11:00,0.485595113
10/1/2020 12:00,0.595638375
10/1/2020 13:00,0.63667425
10/1/2020 14:00,0.6346725
10/1/2020 15:00,0.56126715
10/1/2020 16:00,0.348110213
10/1/2020 17:00,0.111797738
10/1/2020 18:00,0
10/1/2020 19:00,0
10/1/2020 20:00,0
10/1/2020 21:00,0
10/1/2020 22:00,0
10/1/2020 23:00,0
10/2/2020 0:00,0
10/2/2020 1:00,0
10/2/2020 2:00,0
10/2/2020 3:00,0
10/2/2020 4:00,0
10/2/2020 5:00,0
10/2/2020 6:00,0
10/2/2020 7:00,0.074094188
10/2/2020 8:00,0.026480209
10/2/2020 9:00,0.340332825
10/2/2020 10:00,0.522892425
10/2/2020 11:00,0.370194225
10/2/2020 12:00,0.58886775
10/2/2020 13:00,0.657574875
10/2/2020 14:00,0.576027113
10/2/2020 15:00,0.429758063
10/2/2020 16:00,0.250201088
10/2/2020 17:00,0.030338876
10/2/2020 18:00,0
10/2/2020 19:00,0
10/2/2020 20:00,0
10/2/2020 21:00,0
10/2/2020 22:00,0
10/2/2020 23:00,0
10/3/2020 0:00,0
10/3/2020 1:00,0
10/3/2020 2:00,0
10/3/2020 3:00,0
10/3/2020 4:00,0
10/3/2020 5:00,0
10/3/2020 6:00,0
10/3/2020 7:00,0.181835438
10/3/2020 8:00,0.441438863
10/3/2020 9:00,0.63408375
10/3/2020 10:00,0.85474725
10/3/2020 11:00,0.929695125
10/3/2020 12:00,0.85969275
10/3/2020 13:00,0.823131375
10/3/2020 14:00,0.668054625
10/3/2020 15:00,0.430011225
10/3/2020 16:00,0.1953708
10/3/2020 17:00,0.053782313
10/3/2020 18:00,0
10/3/2020 19:00,0
10/3/2020 20:00,0
10/3/2020 21:00,0
10/3/2020 22:00,0
10/3/2020 23:00,0
10/4/2020 0:00,0
10/4/2020 1:00,0
10/4/2020 2:00,0
10/4/2020 3:00,0
10/4/2020 4:00,0
10/4/2020 5:00,0
10/4/2020 6:00,0
10/4/2020 7:00,0.172821675
10/4/2020 8:00,0.419231213
10/4/2020 9:00,0.610828125
10/4/2020 10:00,0.68660025
10/4/2020 11:00,0.688131
10/4/2020 12:00,0.62207325
10/4/2020 13:00,0.429705075
10/4/2020 14:00,0.4026579
10/4/2020 15:00,0.419466713
10/4/2020 16:00,0.251319713
10/4/2020 17:00,0.09318735
10/4/2020 18:00,0
10/4/2020 19:00,0
10/4/2020 20:00,0
10/4/2020 21:00,0
10/4/2020 22:00,0
10/4/2020 23:00,0
10/5/2020 0:00,0
10/5/2020 1:00,0
10/5/2020 2:00,0
10/5/2020 3:00,0
10/5/2020 4:00,0
10/5/2020 5:00,0
10/5/2020 6:00,0
10/5/2020 7:00,0.12309585
10/5/2020 8:00,0.318189938
10/5/2020 9:00,0.535685963
10/5/2020 10:00,0.797403
10/5/2020 11:00,0.92398425
10/5/2020 12:00,0.827134875
10/5/2020 13:00,0.687601125
10/5/2020 14:00,0.51713445
10/5/2020 15:00,0.337018163
10/5/2020 16:00,0.203036325
10/5/2020 17:00,0.071951138
10/5/2020 18:00,0
10/5/2020 19:00,0
10/5/2020 20:00,0
10/5/2020 21:00,0
10/5/2020 22:00,0
10/5/2020 23:00,0
10/6/2020 0:00,0
10/6/2020 1:00,0
10/6/2020 2:00,0
10/6/2020 3:00,0
10/6/2020 4:00,0
10/6/2020 5:00,0
10/6/2020 6:00,0
10/6/2020 7:00,0.190955175
10/6/2020 8:00,0.386484938
10/6/2020 9:00,0.506695913
10/6/2020 10:00,0.729284625
10/6/2020 11:00,0.840264
10/6/2020 12:00,0.536056875
10/6/2020 13:00,0.463269713
10/6/2020 14:00,0.260315813
10/6/2020 15:00,0.127046363
10/6/2020 16:00,0.122471775
10/6/2020 17:00,0.0972144
10/6/2020 18:00,0
10/6/2020 19:00,0
10/6/2020 20:00,0
10/6/2020 21:00,0
10/6/2020 22:00,0
10/6/2020 23:00,0
10/7/2020 0:00,0
10/7/2020 1:00,0
10/7/2020 2:00,0
10/7/2020 3:00,0
10/7/2020 4:00,0
10/7/2020 5:00,0
10/7/2020 6:00,0
10/7/2020 7:00,0.197172375
10/7/2020 8:00,0.496887338
10/7/2020 9:00,0.613713
10/7/2020 10:00,0.914858625
10/7/2020 11:00,0.85875075
10/7/2020 12:00,0.628019625
10/7/2020 13:00,0.506024738
10/7/2020 14:00,0.181299675
10/7/2020 15:00,0.044793278
10/7/2020 16:00,0.022125814
10/7/2020 17:00,0
10/7/2020 18:00,0
10/7/2020 19:00,0
10/7/2020 20:00,0
10/7/2020 21:00,0
10/7/2020 22:00,0
10/7/2020 23:00,0
10/8/2020 0:00,0
10/8/2020 1:00,0
10/8/2020 2:00,0
10/8/2020 3:00,0
10/8/2020 4:00,0
10/8/2020 5:00,0
10/8/2020 6:00,0
10/8/2020 7:00,0.057878246
10/8/2020 8:00,0.169200863
10/8/2020 9:00,0.1338111
10/8/2020 10:00,0.263795325
10/8/2020 11:00,0.315151988
10/8/2020 12:00,0.212756588
10/8/2020 13:00,0.221358225
10/8/2020 14:00,0.27098985
10/8/2020 15:00,0.179651175
10/8/2020 16:00,0.114135075
10/8/2020 17:00,0.044404703
10/8/2020 18:00,0
10/8/2020 19:00,0
10/8/2020 20:00,0
10/8/2020 21:00,0
10/8/2020 22:00,0
10/8/2020 23:00,0
10/9/2020 0:00,0
10/9/2020 1:00,0
10/9/2020 2:00,0
10/9/2020 3:00,0
10/9/2020 4:00,0
10/9/2020 5:00,0
10/9/2020 6:00,0
10/9/2020 7:00,0.1880232
10/9/2020 8:00,0.472536638
10/9/2020 9:00,0.417223575
10/9/2020 10:00,0.525794963
10/9/2020 11:00,0.429758063
10/9/2020 12:00,0.534037463
10/9/2020 13:00,0.577852238
10/9/2020 14:00,0.343359
10/9/2020 15:00,0.273450825
10/9/2020 16:00,0.0849213
10/9/2020 17:00,0
10/9/2020 18:00,0
10/9/2020 19:00,0
10/9/2020 20:00,0
10/9/2020 21:00,0
10/9/2020 22:00,0
10/9/2020 23:00,0
10/10/2020 0:00,0
10/10/2020 1:00,0
10/10/2020 2:00,0
10/10/2020 3:00,0
10/10/2020 4:00,0
10/10/2020 5:00,0
10/10/2020 6:00,0
10/10/2020 7:00,0.14231265
10/10/2020 8:00,0.347391938
10/10/2020 9:00,0.555055838
10/10/2020 10:00,0.687954375
10/10/2020 11:00,0.800641125
10/10/2020 12:00,0.81824475
10/10/2020 13:00,0.781683375
10/10/2020 14:00,0.6539835
10/10/2020 15:00,0.521544188
10/10/2020 16:00,0.3081282
10/10/2020 17:00,0.082601625
10/10/2020 18:00,0
10/10/2020 19:00,0
10/10/2020 20:00,0
10/10/2020 21:00,0
10/10/2020 22:00,0
10/10/2020 23:00,0
10/11/2020 0:00,0
10/11/2020 1:00,0
10/11/2020 2:00,0
10/11/2020 3:00,0
10/11/2020 4:00,0
10/11/2020 5:00,0
10/11/2020 6:00,0
10/11/2020 7:00,0.02869332
10/11/2020 8:00,0.060288
10/11/2020 9:00,0.095877938
10/11/2020 10:00,0.134835525
10/11/2020 11:00,0.156071738
10/11/2020 12:00,0.16633365
10/11/2020 13:00,0.15069645
10/11/2020 14:00,0.140458088
10/11/2020 15:00,0.0966963
10/11/2020 16:00,0.050520049
10/11/2020 17:00,0.012077029
10/11/2020 18:00,0
10/11/2020 19:00,0
10/11/2020 20:00,0
10/11/2020 21:00,0
10/11/2020 22:00,0
10/11/2020 23:00,0
10/12/2020 0:00,0
10/12/2020 1:00,0
10/12/2020 2:00,0
10/12/2020 3:00,0
10/12/2020 4:00,0
10/12/2020 5:00,0
10/12/2020 6:00,0
10/12/2020 7:00,0.03375657
10/12/2020 8:00,0.0820953
10/12/2020 9:00,0.1297134
10/12/2020 10:00,0.193475025
10/12/2020 11:00,0.257631113
10/12/2020 12:00,0.258849825
10/12/2020 13:00,0.192468263
10/12/2020 14:00,0.152709975
10/12/2020 15:00,0.104155763
10/12/2020 16:00,0.043173626
10/12/2020 17:00,0.009925736
10/12/2020 18:00,0
10/12/2020 19:00,0
10/12/2020 20:00,0
10/12/2020 21:00,0
10/12/2020 22:00,0
10/12/2020 23:00,0
10/13/2020 0:00,0
10/13/2020 1:00,0
10/13/2020 2:00,0
10/13/2020 3:00,0
10/13/2020 4:00,0
10/13/2020 5:00,0
10/13/2020 6:00,0
10/13/2020 7:00,0.0738057
10/13/2020 8:00,0.174405413
10/13/2020 9:00,0.333014663
10/13/2020 10:00,0.437199863
10/13/2020 11:00,0.504876675
10/13/2020 12:00,0.514855988
10/13/2020 13:00,0.4570113
10/13/2020 14:00,0.324042113
10/13/2020 15:00,0.225979913
10/13/2020 16:00,0.136601775
10/13/2020 17:00,0.014996051
10/13/2020 18:00,0
10/13/2020 19:00,0
10/13/2020 20:00,0
10/13/2020 21:00,0
10/13/2020 22:00,0
10/13/2020 23:00,0
10/14/2020 0:00,0
10/14/2020 1:00,0
10/14/2020 2:00,0
10/14/2020 3:00,0
10/14/2020 4:00,0
10/14/2020 5:00,0
10/14/2020 6:00,0
10/14/2020 7:00,0.036119813
10/14/2020 8:00,0.058679535
10/14/2020 9:00,0.104874038
10/14/2020 10:00,0.33457485
10/14/2020 11:00,0.239815538
10/14/2020 12:00,0.17226825
10/14/2020 13:00,0.6412665
10/14/2020 14:00,0.336352875
10/14/2020 15:00,0.252685613
10/14/2020 16:00,0.129448463
10/14/2020 17:00,0
10/14/2020 18:00,0
10/14/2020 19:00,0
10/14/2020 20:00,0
10/14/2020 21:00,0
10/14/2020 22:00,0
10/14/2020 23:00,0
10/15/2020 0:00,0
10/15/2020 1:00,0
10/15/2020 2:00,0
10/15/2020 3:00,0
10/15/2020 4:00,0
10/15/2020 5:00,0
10/15/2020 6:00,0
10/15/2020 7:00,0.006791231
10/15/2020 8:00,0.029862578
10/15/2020 9:00,0.05270961
10/15/2020 10:00,0.072375038
10/15/2020 11:00,0.0927399
10/15/2020 12:00,0.101000063
10/15/2020 13:00,0.6186585
10/15/2020 14:00,0.517805625
10/15/2020 15:00,0.370989038
10/15/2020 16:00,0.192986363
10/15/2020 17:00,0.018544448
10/15/2020 18:00,0
10/15/2020 19:00,0
10/15/2020 20:00,0
10/15/2020 21:00,0
10/15/2020 22:00,0
10/15/2020 23:00,0
10/16/2020 0:00,0
10/16/2020 1:00,0
10/16/2020 2:00,0
10/16/2020 3:00,0
10/16/2020 4:00,0
10/16/2020 5:00,0
10/16/2020 6:00,0
10/16/2020 7:00,0.005467368
10/16/2020 8:00,0.021649515
10/16/2020 9:00,0.03988428
10/16/2020 10:00,0.05569104
10/16/2020 11:00,0.064992113
10/16/2020 12:00,0.066958538
10/16/2020 13:00,0.5497041
10/16/2020 14:00,0.449634263
10/16/2020 15:00,0.303106163
10/16/2020 16:00,0.15710205
10/16/2020 17:00,0.013218615
10/16/2020 18:00,0
10/16/2020 19:00,0
10/16/2020 20:00,0
10/16/2020 21:00,0
10/16/2020 22:00,0
10/16/2020 23:00,0
10/17/2020 0:00,0
10/17/2020 1:00,0
10/17/2020 2:00,0
10/17/2020 3:00,0
10/17/2020 4:00,0
10/17/2020 5:00,0
10/17/2020 6:00,0
10/17/2020 7:00,0.006903683
10/17/2020 8:00,0.02427534
10/17/2020 9:00,0.043177748
10/17/2020 10:00,0.058039564
10/17/2020 11:00,0.067058625
10/17/2020 12:00,0.068889638
10/17/2020 13:00,0.580277888
10/17/2020 14:00,0.4779237
10/17/2020 15:00,0.333862463
10/17/2020 16:00,0.1759185
10/17/2020 17:00,0.014639858
10/17/2020 18:00,0
10/17/2020 19:00,0
10/17/2020 20:00,0
10/17/2020 21:00,0
10/17/2020 22:00,0
10/17/2020 23:00,0
10/18/2020 0:00,0
10/18/2020 1:00,0
10/18/2020 2:00,0
10/18/2020 3:00,0
10/18/2020 4:00,0
10/18/2020 5:00,0
10/18/2020 6:00,0
10/18/2020 7:00,0.106393013
10/18/2020 8:00,0.307510013
10/18/2020 9:00,0.58801995
10/18/2020 10:00,0.419973038
10/18/2020 11:00,0.73275825
10/18/2020 12:00,0.898138125
10/18/2020 13:00,0.709797
10/18/2020 14:00,0.623309625
10/18/2020 15:00,0.0747948
10/18/2020 16:00,0.012800603
10/18/2020 17:00,0.003981363
10/18/2020 18:00,0
10/18/2020 19:00,0
10/18/2020 20:00,0
10/18/2020 21:00,0
10/18/2020 22:00,0
10/18/2020 23:00,0
10/19/2020 0:00,0
10/19/2020 1:00,0
10/19/2020 2:00,0
10/19/2020 3:00,0
10/19/2020 4:00,0
10/19/2020 5:00,0
10/19/2020 6:00,0
10/19/2020 7:00,0.0804468
10/19/2020 8:00,0.202918575
10/19/2020 9:00,0.233674875
10/19/2020 10:00,0.323712413
10/19/2020 11:00,0.289205775
10/19/2020 12:00,0.258832163
10/19/2020 13:00,0.24640365
10/19/2020 14:00,0.228464438
10/19/2020 15:00,0.207746325
10/19/2020 16:00,0.110608463
10/19/2020 17:00,0.011466495
10/19/2020 18:00,0
10/19/2020 19:00,0
10/19/2020 20:00,0
10/19/2020 21:00,0
10/19/2020 22:00,0
10/19/2020 23:00,0
10/20/2020 0:00,0
10/20/2020 1:00,0
10/20/2020 2:00,0
10/20/2020 3:00,0
10/20/2020 4:00,0
10/20/2020 5:00,0
10/20/2020 6:00,0
10/20/2020 7:00,0.1146414
10/20/2020 8:00,0.164172938
10/20/2020 9:00,0.261399113
10/20/2020 10:00,0.558988688
10/20/2020 11:00,0.682420125
10/20/2020 12:00,0.63172875
10/20/2020 13:00,0.817361625
10/20/2020 14:00,0.6073545
10/20/2020 15:00,0.3896583
10/20/2020 16:00,0.224419725
10/20/2020 17:00,0.024723968
10/20/2020 18:00,0
10/20/2020 19:00,0
10/20/2020 20:00,0
10/20/2020 21:00,0
10/20/2020 22:00,0
10/20/2020 23:00,0
10/21/2020 0:00,0
10/21/2020 1:00,0
10/21/2020 2:00,0
10/21/2020 3:00,0
10/21/2020 4:00,0
10/21/2020 5:00,0
10/21/2020 6:00,0
10/21/2020 7:00,0.100876425
10/21/2020 8:00,0.122407013
10/21/2020 9:00,0.20278905
10/21/2020 10:00,0.34766865
10/21/2020 11:00,0.77067375
10/21/2020 12:00,0.614125125
10/21/2020 13:00,0.264860963
10/21/2020 14:00,0.601879125
10/21/2020 15:00,0.489716363
10/21/2020 16:00,0.110384738
10/21/2020 17:00,0.009246319
10/21/2020 18:00,0
10/21/2020 19:00,0
10/21/2020 20:00,0
10/21/2020 21:00,0
10/21/2020 22:00,0
10/21/2020 23:00,0
10/22/2020 0:00,0
10/22/2020 1:00,0
10/22/2020 2:00,0
10/22/2020 3:00,0
10/22/2020 4:00,0
10/22/2020 5:00,0
10/22/2020 6:00,0
10/22/2020 7:00,0.152215425
10/22/2020 8:00,0.3272979
10/22/2020 9:00,0.519436463
10/22/2020 10:00,0.590810625
10/22/2020 11:00,0.7349955
10/22/2020 12:00,0.72534
10/22/2020 13:00,0.7010835
10/22/2020 14:00,0.701142375
10/22/2020 15:00,0.49829445
10/22/2020 16:00,0.257642888
10/22/2020 17:00,0.028169333
10/22/2020 18:00,0
10/22/2020 19:00,0
10/22/2020 20:00,0
10/22/2020 21:00,0
10/22/2020 22:00,0
10/22/2020 23:00,0
10/23/2020 0:00,0
10/23/2020 1:00,0
10/23/2020 2:00,0
10/23/2020 3:00,0
10/23/2020 4:00,0
10/23/2020 5:00,0
10/23/2020 6:00,0
10/23/2020 7:00,0.082689938
10/23/2020 8:00,0.382881788
10/23/2020 9:00,0.3368121
10/23/2020 10:00,0.772911
10/23/2020 11:00,0.861046875
10/23/2020 12:00,0.579624375
10/23/2020 13:00,0.327427425
10/23/2020 14:00,0.631198875
10/23/2020 15:00,0.207605025
10/23/2020 16:00,0.247987388
10/23/2020 17:00,0.007819778
10/23/2020 18:00,0
10/23/2020 19:00,0
10/23/2020 20:00,0
10/23/2020 21:00,0
10/23/2020 22:00,0
10/23/2020 23:00,0
10/24/2020 0:00,0
10/24/2020 1:00,0
10/24/2020 2:00,0
10/24/2020 3:00,0
10/24/2020 4:00,0
10/24/2020 5:00,0
10/24/2020 6:00,0
10/24/2020 7:00,0.07373505
10/24/2020 8:00,0.186780938
10/24/2020 9:00,0.397388588
10/24/2020 10:00,0.493825838
10/24/2020 11:00,0.480767363
10/24/2020 12:00,0.484064363
10/24/2020 13:00,0.354562913
10/24/2020 14:00,0.270106725
10/24/2020 15:00,0.222211913
10/24/2020 16:00,0.08560425
10/24/2020 17:00,0
10/24/2020 18:00,0
10/24/2020 19:00,0
10/24/2020 20:00,0
10/24/2020 21:00,0
10/24/2020 22:00,0
10/24/2020 23:00,0
10/25/2020 0:00,0
10/25/2020 1:00,0
10/25/2020 2:00,0
10/25/2020 3:00,0
10/25/2020 4:00,0
10/25/2020 5:00,0
10/25/2020 6:00,0
10/25/2020 7:00,0.15168555
10/25/2020 8:00,0.3938031
10/25/2020 9:00,0.625959
10/25/2020 10:00,0.8009355
10/25/2020 11:00,0.89454675
10/25/2020 12:00,0.90961875
10/25/2020 13:00,0.772911
10/25/2020 14:00,0.536174625
10/25/2020 15:00,0.241634775
10/25/2020 16:00,0.104473688
10/25/2020 17:00,0
10/25/2020 18:00,0
10/25/2020 19:00,0
10/25/2020 20:00,0
10/25/2020 21:00,0
10/25/2020 22:00,0
10/25/2020 23:00,0
10/26/2020 0:00,0
10/26/2020 1:00,0
10/26/2020 2:00,0
10/26/2020 3:00,0
10/26/2020 4:00,0
10/26/2020 5:00,0
10/26/2020 6:00,0
10/26/2020 7:00,0.132245025
10/26/2020 8:00,0.39236655
10/26/2020 9:00,0.583410038
10/26/2020 10:00,0.510151875
10/26/2020 11:00,0.59051625
10/26/2020 12:00,0.7787985
10/26/2020 13:00,0.810061125
10/26/2020 14:00,0.744709875
10/26/2020 15:00,0.528444338
10/26/2020 16:00,0.2691294
10/26/2020 17:00,0.047021696
10/26/2020 18:00,0
10/26/2020 19:00,0
10/26/2020 20:00,0
10/26/2020 21:00,0
10/26/2020 22:00,0
10/26/2020 23:00,0
10/27/2020 0:00,0
10/27/2020 1:00,0
10/27/2020 2:00,0
10/27/2020 3:00,0
10/27/2020 4:00,0
10/27/2020 5:00,0
10/27/2020 6:00,0
10/27/2020 7:00,0.082136513
10/27/2020 8:00,0.216642338
10/27/2020 9:00,0.374857125
10/27/2020 10:00,0.502951463
10/27/2020 11:00,0.470087438
10/27/2020 12:00,0.500920275
10/27/2020 13:00,0.497458425
10/27/2020 14:00,0.431541975
10/27/2020 15:00,0.267604538
10/27/2020 16:00,0.125868863
10/27/2020 17:00,0.005670781
10/27/2020 18:00,0
10/27/2020 19:00,0
10/27/2020 20:00,0
10/27/2020 21:00,0
10/27/2020 22:00,0
10/27/2020 23:00,0
10/28/2020 0:00,0
10/28/2020 1:00,0
10/28/2020 2:00,0
10/28/2020 3:00,0
10/28/2020 4:00,0
10/28/2020 5:00,0
10/28/2020 6:00,0
10/28/2020 7:00,0.071480138
10/28/2020 8:00,0.192374063
10/28/2020 9:00,0.301975763
10/28/2020 10:00,0.415757588
10/28/2020 11:00,0.472077413
10/28/2020 12:00,0.506884313
10/28/2020 13:00,0.445006688
10/28/2020 14:00,0.382175288
10/28/2020 15:00,0.243913238
10/28/2020 16:00,0.120228638
10/28/2020 17:00,0.00422487
10/28/2020 18:00,0
10/28/2020 19:00,0
10/28/2020 20:00,0
10/28/2020 21:00,0
10/28/2020 22:00,0
10/28/2020 23:00,0
10/29/2020 0:00,0
10/29/2020 1:00,0
10/29/2020 2:00,0
10/29/2020 3:00,0
10/29/2020 4:00,0
10/29/2020 5:00,0
10/29/2020 6:00,0
10/29/2020 7:00,0.108618488
10/29/2020 8:00,0.332961675
10/29/2020 9:00,0.6012315
10/29/2020 10:00,0.5403783
10/29/2020 11:00,0.480390563
10/29/2020 12:00,0.3658728
10/29/2020 13:00,0.180175163
10/29/2020 14:00,0.317224388
10/29/2020 15:00,0.029741295
10/29/2020 16:00,0.015551243
10/29/2020 17:00,0.00914211
10/29/2020 18:00,0
10/29/2020 19:00,0
10/29/2020 20:00,0
10/29/2020 21:00,0
10/29/2020 22:00,0
10/29/2020 23:00,0
10/30/2020 0:00,0
10/30/2020 1:00,0
10/30/2020 2:00,0
10/30/2020 3:00,0
10/30/2020 4:00,0
10/30/2020 5:00,0
10/30/2020 6:00,0
10/30/2020 7:00,0.04340736
10/30/2020 8:00,0.119745863
10/30/2020 9:00,0.236106413
10/30/2020 10:00,0.273998363
10/30/2020 11:00,0.310677488
10/30/2020 12:00,0.304631025
10/30/2020 13:00,0.261722925
10/30/2020 14:00,0.215918175
10/30/2020 15:00,0.158997825
10/30/2020 16:00,0.052852088
10/30/2020 17:00,0
10/30/2020 18:00,0
10/30/2020 19:00,0
10/30/2020 20:00,0
10/30/2020 21:00,0
10/30/2020 22:00,0
10/30/2020 23:00,0
10/31/2020 0:00,0
10/31/2020 1:00,0
10/31/2020 2:00,0
10/31/2020 3:00,0
10/31/2020 4:00,0
10/31/2020 5:00,0
10/31/2020 6:00,0
10/31/2020 7:00,0.059799338
10/31/2020 8:00,0.138085425
10/31/2020 9:00,0.260386463
10/31/2020 10:00,0.332284613
10/31/2020 11:00,0.379502363
10/31/2020 12:00,0.338872725
10/31/2020 13:00,0.3257907
10/31/2020 14:00,0.254522513
10/31/2020 15:00,0.170984775
10/31/2020 16:00,0.072216075
10/31/2020 17:00,0
10/31/2020 18:00,0
10/31/2020 19:00,0
10/31/2020 20:00,0
10/31/2020 21:00,0
10/31/2020 22:00,0
10/31/2020 23:00,0
11/1/2020 0:00,0
11/1/2020 1:00,0
11/1/2020 2:00,0
11/1/2020 3:00,0
11/1/2020 4:00,0
11/1/2020 5:00,0
11/1/2020 6:00,0
11/1/2020 7:00,0.121741725
11/1/2020 8:00,0.265061138
11/1/2020 9:00,0.404053238
11/1/2020 10:00,0.6365565
11/1/2020 11:00,0.634495875
11/1/2020 12:00,0.799581375
11/1/2020 13:00,0.78951375
11/1/2020 14:00,0.62819625
11/1/2020 15:00,0.320556713
11/1/2020 16:00,0.11961045
11/1/2020 17:00,0
11/1/2020 18:00,0
11/1/2020 19:00,0
11/1/2020 20:00,0
11/1/2020 21:00,0
11/1/2020 22:00,0
11/1/2020 23:00,0
11/2/2020 0:00,0
11/2/2020 1:00,0
11/2/2020 2:00,0
11/2/2020 3:00,0
11/2/2020 4:00,0
11/2/2020 5:00,0
11/2/2020 6:00,0
11/2/2020 7:00,0.0793635
11/2/2020 8:00,0.413220075
11/2/2020 9:00,0.481044075
11/2/2020 10:00,0.553218938
11/2/2020 11:00,0.431636175
11/2/2020 12:00,0.3326202
11/2/2020 13:00,0.373185075
11/2/2020 14:00,0.390559088
11/2/2020 15:00,0.40776825
11/2/2020 16:00,0.186922238
11/2/2020 17:00,0.003150107
11/2/2020 18:00,0
11/2/2020 19:00,0
11/2/2020 20:00,0
11/2/2020 21:00,0
11/2/2020 22:00,0
11/2/2020 23:00,0
11/3/2020 0:00,0
11/3/2020 1:00,0
11/3/2020 2:00,0
11/3/2020 3:00,0
11/3/2020 4:00,0
11/3/2020 5:00,0
11/3/2020 6:00,0
11/3/2020 7:00,0.11937495
11/3/2020 8:00,0.30810465
11/3/2020 9:00,0.501432488
11/3/2020 10:00,0.63738075
11/3/2020 11:00,0.715036875
11/3/2020 12:00,0.72592875
11/3/2020 13:00,0.691015875
11/3/2020 14:00,0.534714525
11/3/2020 15:00,0.37649385
11/3/2020 16:00,0.180975863
11/3/2020 17:00,0.002820113
11/3/2020 18:00,0
11/3/2020 19:00,0
11/3/2020 20:00,0
11/3/2020 21:00,0
11/3/2020 22:00,0
11/3/2020 23:00,0
11/4/2020 0:00,0
11/4/2020 1:00,0
11/4/2020 2:00,0
11/4/2020 3:00,0
11/4/2020 4:00,0
11/4/2020 5:00,0
11/4/2020 6:00,0
11/4/2020 7:00,0.004947443
11/4/2020 8:00,0.1230252
11/4/2020 9:00,0.277895888
11/4/2020 10:00,0.71462475
11/4/2020 11:00,0.763962
11/4/2020 12:00,0.643444875
11/4/2020 13:00,0.64585875
11/4/2020 14:00,0.59499075
11/4/2020 15:00,0.4786773
11/4/2020 16:00,0.1803459
11/4/2020 17:00,0.003408921
11/4/2020 18:00,0
11/4/2020 19:00,0
11/4/2020 20:00,0
11/4/2020 21:00,0
11/4/2020 22:00,0
11/4/2020 23:00,0
11/5/2020 0:00,0
11/5/2020 1:00,0
11/5/2020 2:00,0
11/5/2020 3:00,0
11/5/2020 4:00,0
11/5/2020 5:00,0
11/5/2020 6:00,0
11/5/2020 7:00,0.079233975
11/5/2020 8:00,0.250448363
11/5/2020 9:00,0.379207988
11/5/2020 10:00,0.4250775
11/5/2020 11:00,0.444989025
11/5/2020 12:00,0.41082975
11/5/2020 13:00,0.398783925
11/5/2020 14:00,0.311931525
11/5/2020 15:00,0.191149463
11/5/2020 16:00,0.08927805
11/5/2020 17:00,0
11/5/2020 18:00,0
11/5/2020 19:00,0
11/5/2020 20:00,0
11/5/2020 21:00,0
11/5/2020 22:00,0
11/5/2020 23:00,0
11/6/2020 0:00,0
11/6/2020 1:00,0
11/6/2020 2:00,0
11/6/2020 3:00,0
11/6/2020 4:00,0
11/6/2020 5:00,0
11/6/2020 6:00,0
11/6/2020 7:00,0.066587625
11/6/2020 8:00,0.21724875
11/6/2020 9:00,0.452683988
11/6/2020 10:00,0.63761625
11/6/2020 11:00,0.624016125
11/6/2020 12:00,0.429640313
11/6/2020 13:00,0.436375613
11/6/2020 14:00,0.383764913
11/6/2020 15:00,0.514173038
11/6/2020 16:00,0.2493474
11/6/2020 17:00,0.029801348
11/6/2020 18:00,0
11/6/2020 19:00,0
11/6/2020 20:00,0
11/6/2020 21:00,0
11/6/2020 22:00,0
11/6/2020 23:00,0
11/7/2020 0:00,0
11/7/2020 1:00,0
11/7/2020 2:00,0
11/7/2020 3:00,0
11/7/2020 4:00,0
11/7/2020 5:00,0
11/7/2020 6:00,0
11/7/2020 7:00,0.057788756
11/7/2020 8:00,0.16901835
11/7/2020 9:00,0.273680438
11/7/2020 10:00,0.350912663
11/7/2020 11:00,0.3758109
11/7/2020 12:00,0.365154525
11/7/2020 13:00,0.336441188
11/7/2020 14:00,0.262641375
11/7/2020 15:00,0.164349563
11/7/2020 16:00,0.074824238
11/7/2020 17:00,0
11/7/2020 18:00,0
11/7/2020 19:00,0
11/7/2020 20:00,0
11/7/2020 21:00,0
11/7/2020 22:00,0
11/7/2020 23:00,0
11/8/2020 0:00,0
11/8/2020 1:00,0
11/8/2020 2:00,0
11/8/2020 3:00,0
11/8/2020 4:00,0
11/8/2020 5:00,0
11/8/2020 6:00,0
11/8/2020 7:00,0.073246388
11/8/2020 8:00,0.122395238
11/8/2020 9:00,0.410935725
11/8/2020 10:00,0.743061375
11/8/2020 11:00,0.795460125
11/8/2020 12:00,0.60017175
11/8/2020 13:00,0.42524235
11/8/2020 14:00,0.126787313
11/8/2020 15:00,0.119163
11/8/2020 16:00,0.07500675
11/8/2020 17:00,0
11/8/2020 18:00,0
11/8/2020 19:00,0
11/8/2020 20:00,0
11/8/2020 21:00,0
11/8/2020 22:00,0
11/8/2020 23:00,0
11/9/2020 0:00,0
11/9/2020 1:00,0
11/9/2020 2:00,0
11/9/2020 3:00,0
11/9/2020 4:00,0
11/9/2020 5:00,0
11/9/2020 6:00,0
11/9/2020 7:00,0.10816515
11/9/2020 8:00,0.310683375
11/9/2020 9:00,0.587790338
11/9/2020 10:00,0.73511325
11/9/2020 11:00,0.851626875
11/9/2020 12:00,0.86322525
11/9/2020 13:00,0.72074775
11/9/2020 14:00,0.583127438
11/9/2020 15:00,0.364135988
11/9/2020 16:00,0.158850638
11/9/2020 17:00,0
11/9/2020 18:00,0
11/9/2020 19:00,0
11/9/2020 20:00,0
11/9/2020 21:00,0
11/9/2020 22:00,0
11/9/2020 23:00,0
11/10/2020 0:00,0
11/10/2020 1:00,0
11/10/2020 2:00,0
11/10/2020 3:00,0
11/10/2020 4:00,0
11/10/2020 5:00,0
11/10/2020 6:00,0
11/10/2020 7:00,0.074688825
11/10/2020 8:00,0.274816725
11/10/2020 9:00,0.443864513
11/10/2020 10:00,0.5583705
11/10/2020 11:00,0.601643625
11/10/2020 12:00,0.78786525
11/10/2020 13:00,0.835730625
11/10/2020 14:00,0.618246375
11/10/2020 15:00,0.359037413
11/10/2020 16:00,0.160293075
11/10/2020 17:00,0
11/10/2020 18:00,0
11/10/2020 19:00,0
11/10/2020 20:00,0
11/10/2020 21:00,0
11/10/2020 22:00,0
11/10/2020 23:00,0
11/11/2020 0:00,0
11/11/2020 1:00,0
11/11/2020 2:00,0
11/11/2020 3:00,0
11/11/2020 4:00,0
11/11/2020 5:00,0
11/11/2020 6:00,0
11/11/2020 7:00,0.044305204
11/11/2020 8:00,0.091550625
11/11/2020 9:00,0.095554125
11/11/2020 10:00,0.204661275
11/11/2020 11:00,0.293474213
11/11/2020 12:00,0.30523155
11/11/2020 13:00,0.324177525
11/11/2020 14:00,0.216359738
11/11/2020 15:00,0.131185275
11/11/2020 16:00,0.04108062
11/11/2020 17:00,0
11/11/2020 18:00,0
11/11/2020 19:00,0
11/11/2020 20:00,0
11/11/2020 21:00,0
11/11/2020 22:00,0
11/11/2020 23:00,0
11/12/2020 0:00,0
11/12/2020 1:00,0
11/12/2020 2:00,0
11/12/2020 3:00,0
11/12/2020 4:00,0
11/12/2020 5:00,0
11/12/2020 6:00,0
11/12/2020 7:00,0.0507267
11/12/2020 8:00,0.187887788
11/12/2020 9:00,0.308917125
11/12/2020 10:00,0.353173463
11/12/2020 11:00,0.4006326
11/12/2020 12:00,0.408939863
11/12/2020 13:00,0.417388425
11/12/2020 14:00,0.3321021
11/12/2020 15:00,0.217354725
11/12/2020 16:00,0.0823779
11/12/2020 17:00,0
11/12/2020 18:00,0
11/12/2020 19:00,0
11/12/2020 20:00,0
11/12/2020 21:00,0
11/12/2020 22:00,0
11/12/2020 23:00,0
11/13/2020 0:00,0
11/13/2020 1:00,0
11/13/2020 2:00,0
11/13/2020 3:00,0
11/13/2020 4:00,0
11/13/2020 5:00,0
11/13/2020 6:00,0
11/13/2020 7:00,0.052836191
11/13/2020 8:00,0.1720092
11/13/2020 9:00,0.301969875
11/13/2020 10:00,0.325408013
11/13/2020 11:00,0.448986638
11/13/2020 12:00,0.34277025
11/13/2020 13:00,0.388792838
11/13/2020 14:00,0.290589338
11/13/2020 15:00,0.176206988
11/13/2020 16:00,0.101400413
11/13/2020 17:00,0
11/13/2020 18:00,0
11/13/2020 19:00,0
11/13/2020 20:00,0
11/13/2020 21:00,0
11/13/2020 22:00,0
11/13/2020 23:00,0
11/14/2020 0:00,0
11/14/2020 1:00,0
11/14/2020 2:00,0
11/14/2020 3:00,0
11/14/2020 4:00,0
11/14/2020 5:00,0
11/14/2020 6:00,0
11/14/2020 7:00,0
11/14/2020 8:00,0.066723038
11/14/2020 9:00,0.232279538
11/14/2020 10:00,0.307103775
11/14/2020 11:00,0.478141538
11/14/2020 12:00,0.345684563
11/14/2020 13:00,0.555785888
11/14/2020 14:00,0.59122275
11/14/2020 15:00,0.475910175
11/14/2020 16:00,0.1786032
11/14/2020 17:00,0
11/14/2020 18:00,0
11/14/2020 19:00,0
11/14/2020 20:00,0
11/14/2020 21:00,0
11/14/2020 22:00,0
11/14/2020 23:00,0
11/15/2020 0:00,0
11/15/2020 1:00,0
11/15/2020 2:00,0
11/15/2020 3:00,0
11/15/2020 4:00,0
11/15/2020 5:00,0
11/15/2020 6:00,0
11/15/2020 7:00,0.067035075
11/15/2020 8:00,0.207728663
11/15/2020 9:00,0.342734925
11/15/2020 10:00,0.465506963
11/15/2020 11:00,0.584917238
11/15/2020 12:00,0.608061
11/15/2020 13:00,0.575862263
11/15/2020 14:00,0.470658525
11/15/2020 15:00,0.281216438
11/15/2020 16:00,0.111891938
11/15/2020 17:00,0
11/15/2020 18:00,0
11/15/2020 19:00,0
11/15/2020 20:00,0
11/15/2020 21:00,0
11/15/2020 22:00,0
11/15/2020 23:00,0
11/16/2020 0:00,0
11/16/2020 1:00,0
11/16/2020 2:00,0
11/16/2020 3:00,0
11/16/2020 4:00,0
11/16/2020 5:00,0
11/16/2020 6:00,0
11/16/2020 7:00,0.0997578
11/16/2020 8:00,0.2305545
11/16/2020 9:00,0.407232488
11/16/2020 10:00,0.572247338
11/16/2020 11:00,0.878591625
11/16/2020 12:00,0.924631875
11/16/2020 13:00,0.6615195
11/16/2020 14:00,0.50983395
11/16/2020 15:00,0.2422353
11/16/2020 16:00,0.085127363
11/16/2020 17:00,0
11/16/2020 18:00,0
11/16/2020 19:00,0
11/16/2020 20:00,0
11/16/2020 21:00,0
11/16/2020 22:00,0
11/16/2020 23:00,0
11/17/2020 0:00,0
11/17/2020 1:00,0
11/17/2020 2:00,0
11/17/2020 3:00,0
11/17/2020 4:00,0
11/17/2020 5:00,0
11/17/2020 6:00,0
11/17/2020 7:00,0.039343808
11/17/2020 8:00,0.156666375
11/17/2020 9:00,0.282087788
11/17/2020 10:00,0.396705638
11/17/2020 11:00,0.389787825
11/17/2020 12:00,0.385248563
11/17/2020 13:00,0.384412538
11/17/2020 14:00,0.290501025
11/17/2020 15:00,0.195241275
11/17/2020 16:00,0.082672275
11/17/2020 17:00,0
11/17/2020 18:00,0
11/17/2020 19:00,0
11/17/2020 20:00,0
11/17/2020 21:00,0
11/17/2020 22:00,0
11/17/2020 23:00,0
11/18/2020 0:00,0
11/18/2020 1:00,0
11/18/2020 2:00,0
11/18/2020 3:00,0
11/18/2020 4:00,0
11/18/2020 5:00,0
11/18/2020 6:00,0
11/18/2020 7:00,0.043983158
11/18/2020 8:00,0.263065275
11/18/2020 9:00,0.306750525
11/18/2020 10:00,0.401415638
11/18/2020 11:00,0.594402
11/18/2020 12:00,0.582197213
11/18/2020 13:00,0.348504675
11/18/2020 14:00,0.111050025
11/18/2020 15:00,0.043389109
11/18/2020 16:00,0.010141219
11/18/2020 17:00,0
11/18/2020 18:00,0
11/18/2020 19:00,0
11/18/2020 20:00,0
11/18/2020 21:00,0
11/18/2020 22:00,0
11/18/2020 23:00,0
11/19/2020 0:00,0
11/19/2020 1:00,0
11/19/2020 2:00,0
11/19/2020 3:00,0
11/19/2020 4:00,0
11/19/2020 5:00,0
11/19/2020 6:00,0
11/19/2020 7:00,0.003733205
11/19/2020 8:00,0.026765164
11/19/2020 9:00,0.04725543
11/19/2020 10:00,0.071597888
11/19/2020 11:00,0.0777621
11/19/2020 12:00,0.084079388
11/19/2020 13:00,0.07533645
11/19/2020 14:00,0.060470513
11/19/2020 15:00,0.040120369
11/19/2020 16:00,0.013060241
11/19/2020 17:00,0
11/19/2020 18:00,0
11/19/2020 19:00,0
11/19/2020 20:00,0
11/19/2020 21:00,0
11/19/2020 22:00,0
11/19/2020 23:00,0
11/20/2020 0:00,0
11/20/2020 1:00,0
11/20/2020 2:00,0
11/20/2020 3:00,0
11/20/2020 4:00,0
11/20/2020 5:00,0
11/20/2020 6:00,0
11/20/2020 7:00,0.02933388
11/20/2020 8:00,0.251307938
11/20/2020 9:00,0.452424938
11/20/2020 10:00,0.601938
11/20/2020 11:00,0.64256175
11/20/2020 12:00,0.686188125
11/20/2020 13:00,0.67506075
11/20/2020 14:00,0.559695188
11/20/2020 15:00,0.370547475
11/20/2020 16:00,0.162677513
11/20/2020 17:00,0
11/20/2020 18:00,0
11/20/2020 19:00,0
11/20/2020 20:00,0
11/20/2020 21:00,0
11/20/2020 22:00,0
11/20/2020 23:00,0
11/21/2020 0:00,0
11/21/2020 1:00,0
11/21/2020 2:00,0
11/21/2020 3:00,0
11/21/2020 4:00,0
11/21/2020 5:00,0
11/21/2020 6:00,0
11/21/2020 7:00,0.022873526
11/21/2020 8:00,0.240545588
11/21/2020 9:00,0.353385413
11/21/2020 10:00,0.351207038
11/21/2020 11:00,0.583822163
11/21/2020 12:00,0.776679
11/21/2020 13:00,0.5709462
11/21/2020 14:00,0.433514288
11/21/2020 15:00,0.379543575
11/21/2020 16:00,0.138532875
11/21/2020 17:00,0
11/21/2020 18:00,0
11/21/2020 19:00,0
11/21/2020 20:00,0
11/21/2020 21:00,0
11/21/2020 22:00,0
11/21/2020 23:00,0
11/22/2020 0:00,0
11/22/2020 1:00,0
11/22/2020 2:00,0
11/22/2020 3:00,0
11/22/2020 4:00,0
11/22/2020 5:00,0
11/22/2020 6:00,0
11/22/2020 7:00,0.029133705
11/22/2020 8:00,0.2111493
11/22/2020 9:00,0.409546275
11/22/2020 10:00,0.356117213
11/22/2020 11:00,0.5847936
11/22/2020 12:00,0.75795675
11/22/2020 13:00,0.6954315
11/22/2020 14:00,0.55740495
11/22/2020 15:00,0.369264
11/22/2020 16:00,0.160887713
11/22/2020 17:00,0.01315503
11/22/2020 18:00,0
11/22/2020 19:00,0
11/22/2020 20:00,0
11/22/2020 21:00,0
11/22/2020 22:00,0
11/22/2020 23:00,0
11/23/2020 0:00,0
11/23/2020 1:00,0
11/23/2020 2:00,0
11/23/2020 3:00,0
11/23/2020 4:00,0
11/23/2020 5:00,0
11/23/2020 6:00,0
11/23/2020 7:00,0.018048131
11/23/2020 8:00,0.15625425
11/23/2020 9:00,0.294828338
11/23/2020 10:00,0.364312613
11/23/2020 11:00,0.51543885
11/23/2020 12:00,0.5597364
11/23/2020 13:00,0.574649438
11/23/2020 14:00,0.414962775
11/23/2020 15:00,0.347121113
11/23/2020 16:00,0.1857624
11/23/2020 17:00,0
11/23/2020 18:00,0
11/23/2020 19:00,0
11/23/2020 20:00,0
11/23/2020 21:00,0
11/23/2020 22:00,0
11/23/2020 23:00,0
11/24/2020 0:00,0
11/24/2020 1:00,0
11/24/2020 2:00,0
11/24/2020 3:00,0
11/24/2020 4:00,0
11/24/2020 5:00,0
11/24/2020 6:00,0
11/24/2020 7:00,0.012435578
11/24/2020 8:00,0.146675288
11/24/2020 9:00,0.233886825
11/24/2020 10:00,0.326314688
11/24/2020 11:00,0.443481825
11/24/2020 12:00,0.422569425
11/24/2020 13:00,0.40395315
11/24/2020 14:00,0.295334663
11/24/2020 15:00,0.2056386
11/24/2020 16:00,0.077344088
11/24/2020 17:00,0
11/24/2020 18:00,0
11/24/2020 19:00,0
11/24/2020 20:00,0
11/24/2020 21:00,0
11/24/2020 22:00,0
11/24/2020 23:00,0
11/25/2020 0:00,0
11/25/2020 1:00,0
11/25/2020 2:00,0
11/25/2020 3:00,0
11/25/2020 4:00,0
11/25/2020 5:00,0
11/25/2020 6:00,0
11/25/2020 7:00,0.036590224
11/25/2020 8:00,0.295617263
11/25/2020 9:00,0.503940563
11/25/2020 10:00,0.757191375
11/25/2020 11:00,0.882477375
11/25/2020 12:00,0.727989375
11/25/2020 13:00,0.431712713
11/25/2020 14:00,0.35515755
11/25/2020 15:00,0.209606775
11/25/2020 16:00,0.102242325
11/25/2020 17:00,0
11/25/2020 18:00,0
11/25/2020 19:00,0
11/25/2020 20:00,0
11/25/2020 21:00,0
11/25/2020 22:00,0
11/25/2020 23:00,0
11/26/2020 0:00,0
11/26/2020 1:00,0
11/26/2020 2:00,0
11/26/2020 3:00,0
11/26/2020 4:00,0
11/26/2020 5:00,0
11/26/2020 6:00,0
11/26/2020 7:00,0
11/26/2020 8:00,0.079587225
11/26/2020 9:00,0.1247679
11/26/2020 10:00,0.157514175
11/26/2020 11:00,0.182500725
11/26/2020 12:00,0.19327485
11/26/2020 13:00,0.184172775
11/26/2020 14:00,0.139881113
11/26/2020 15:00,0.098215275
11/26/2020 16:00,0.039934913
11/26/2020 17:00,0
11/26/2020 18:00,0
11/26/2020 19:00,0
11/26/2020 20:00,0
11/26/2020 21:00,0
11/26/2020 22:00,0
11/26/2020 23:00,0
11/27/2020 0:00,0
11/27/2020 1:00,0
11/27/2020 2:00,0
11/27/2020 3:00,0
11/27/2020 4:00,0
11/27/2020 5:00,0
11/27/2020 6:00,0
11/27/2020 7:00,0.01146414
11/27/2020 8:00,0.156648713
11/27/2020 9:00,0.273138788
11/27/2020 10:00,0.34969395
11/27/2020 11:00,0.402922838
11/27/2020 12:00,0.421462575
11/27/2020 13:00,0.4146213
11/27/2020 14:00,0.351077513
11/27/2020 15:00,0.216877838
11/27/2020 16:00,0.087870938
11/27/2020 17:00,0
11/27/2020 18:00,0
11/27/2020 19:00,0
11/27/2020 20:00,0
11/27/2020 21:00,0
11/27/2020 22:00,0
11/27/2020 23:00,0
11/28/2020 0:00,0
11/28/2020 1:00,0
11/28/2020 2:00,0
11/28/2020 3:00,0
11/28/2020 4:00,0
11/28/2020 5:00,0
11/28/2020 6:00,0
11/28/2020 7:00,0.013488851
11/28/2020 8:00,0.162883575
11/28/2020 9:00,0.325001775
11/28/2020 10:00,0.395180775
11/28/2020 11:00,0.405754725
11/28/2020 12:00,0.441574275
11/28/2020 13:00,0.619777125
11/28/2020 14:00,0.5337843
11/28/2020 15:00,0.354456938
11/28/2020 16:00,0.19751385
11/28/2020 17:00,0
11/28/2020 18:00,0
11/28/2020 19:00,0
11/28/2020 20:00,0
11/28/2020 21:00,0
11/28/2020 22:00,0
11/28/2020 23:00,0
11/29/2020 0:00,0
11/29/2020 1:00,0
11/29/2020 2:00,0
11/29/2020 3:00,0
11/29/2020 4:00,0
11/29/2020 5:00,0
11/29/2020 6:00,0
11/29/2020 7:00,0.008795925
11/29/2020 8:00,0.124803225
11/29/2020 9:00,0.241210875
11/29/2020 10:00,0.2645607
11/29/2020 11:00,0.349323038
11/29/2020 12:00,0.328551938
11/29/2020 13:00,0.28427205
11/29/2020 14:00,0.220157175
11/29/2020 15:00,0.153110325
11/29/2020 16:00,0.065486663
11/29/2020 17:00,0
11/29/2020 18:00,0
11/29/2020 19:00,0
11/29/2020 20:00,0
11/29/2020 21:00,0
11/29/2020 22:00,0
11/29/2020 23:00,0
11/30/2020 0:00,0
11/30/2020 1:00,0
11/30/2020 2:00,0
11/30/2020 3:00,0
11/30/2020 4:00,0
11/30/2020 5:00,0
11/30/2020 6:00,0
11/30/2020 7:00,0
11/30/2020 8:00,0.086958375
11/30/2020 9:00,0.132557063
11/30/2020 10:00,0.151149788
11/30/2020 11:00,0.236336025
11/30/2020 12:00,0.298814175
11/30/2020 13:00,0.28201125
11/30/2020 14:00,0.17000745
11/30/2020 15:00,0.106551975
11/30/2020 16:00,0.077049713
11/30/2020 17:00,0
11/30/2020 18:00,0
11/30/2020 19:00,0
11/30/2020 20:00,0
11/30/2020 21:00,0
11/30/2020 22:00,0
11/30/2020 23:00,0
12/1/2020 0:00,0
12/1/2020 1:00,0
12/1/2020 2:00,0
12/1/2020 3:00,0
12/1/2020 4:00,0
12/1/2020 5:00,0
12/1/2020 6:00,0
12/1/2020 7:00,0.016429069
12/1/2020 8:00,0.239191463
12/1/2020 9:00,0.3633765
12/1/2020 10:00,0.519989888
12/1/2020 11:00,0.6497445
12/1/2020 12:00,0.72522225
12/1/2020 13:00,0.72333825
12/1/2020 14:00,0.5676492
12/1/2020 15:00,0.44153895
12/1/2020 16:00,0.208764863
12/1/2020 17:00,0
12/1/2020 18:00,0
12/1/2020 19:00,0
12/1/2020 20:00,0
12/1/2020 21:00,0
12/1/2020 22:00,0
12/1/2020 23:00,0
12/2/2020 0:00,0
12/2/2020 1:00,0
12/2/2020 2:00,0
12/2/2020 3:00,0
12/2/2020 4:00,0
12/2/2020 5:00,0
12/2/2020 6:00,0
12/2/2020 7:00,0.004938023
12/2/2020 8:00,0.116554838
12/2/2020 9:00,0.335128275
12/2/2020 10:00,0.428904375
12/2/2020 11:00,0.5124009
12/2/2020 12:00,0.496139625
12/2/2020 13:00,0.508038263
12/2/2020 14:00,0.278484638
12/2/2020 15:00,0.34267605
12/2/2020 16:00,0.1195398
12/2/2020 17:00,0
12/2/2020 18:00,0
12/2/2020 19:00,0
12/2/2020 20:00,0
12/2/2020 21:00,0
12/2/2020 22:00,0
12/2/2020 23:00,0
12/3/2020 0:00,0
12/3/2020 1:00,0
12/3/2020 2:00,0
12/3/2020 3:00,0
12/3/2020 4:00,0
12/3/2020 5:00,0
12/3/2020 6:00,0
12/3/2020 7:00,0.020610371
12/3/2020 8:00,0.275187638
12/3/2020 9:00,0.464965313
12/3/2020 10:00,0.467385075
12/3/2020 11:00,0.481703475
12/3/2020 12:00,0.600583875
12/3/2020 13:00,0.6822435
12/3/2020 14:00,0.644740125
12/3/2020 15:00,0.447909225
12/3/2020 16:00,0.19153215
12/3/2020 17:00,0.003577186
12/3/2020 18:00,0
12/3/2020 19:00,0
12/3/2020 20:00,0
12/3/2020 21:00,0
12/3/2020 22:00,0
12/3/2020 23:00,0
12/4/2020 0:00,0
12/4/2020 1:00,0
12/4/2020 2:00,0
12/4/2020 3:00,0
12/4/2020 4:00,0
12/4/2020 5:00,0
12/4/2020 6:00,0
12/4/2020 7:00,0.011729666
12/4/2020 8:00,0.174664463
12/4/2020 9:00,0.340450575
12/4/2020 10:00,0.408598388
12/4/2020 11:00,0.507137475
12/4/2020 12:00,0.500237325
12/4/2020 13:00,0.511770938
12/4/2020 14:00,0.414497663
12/4/2020 15:00,0.26651535
12/4/2020 16:00,0.103767188
12/4/2020 17:00,0
12/4/2020 18:00,0
12/4/2020 19:00,0
12/4/2020 20:00,0
12/4/2020 21:00,0
12/4/2020 22:00,0
12/4/2020 23:00,0
12/5/2020 0:00,0
12/5/2020 1:00,0
12/5/2020 2:00,0
12/5/2020 3:00,0
12/5/2020 4:00,0
12/5/2020 5:00,0
12/5/2020 6:00,0
12/5/2020 7:00,0.005902808
12/5/2020 8:00,0.140681813
12/5/2020 9:00,0.272579475
12/5/2020 10:00,0.432860775
12/5/2020 11:00,0.429822825
12/5/2020 12:00,0.503410688
12/5/2020 13:00,0.50512395
12/5/2020 14:00,0.363411825
12/5/2020 15:00,0.228558638
12/5/2020 16:00,0.097126088
12/5/2020 17:00,0
12/5/2020 18:00,0
12/5/2020 19:00,0
12/5/2020 20:00,0
12/5/2020 21:00,0
12/5/2020 22:00,0
12/5/2020 23:00,0
12/6/2020 0:00,0
12/6/2020 1:00,0
12/6/2020 2:00,0
12/6/2020 3:00,0
12/6/2020 4:00,0
12/6/2020 5:00,0
12/6/2020 6:00,0
12/6/2020 7:00,0.003200092
12/6/2020 8:00,0.162124088
12/6/2020 9:00,0.216583463
12/6/2020 10:00,0.421550888
12/6/2020 11:00,0.61453725
12/6/2020 12:00,0.540808088
12/6/2020 13:00,0.385907963
12/6/2020 14:00,0.323041238
12/6/2020 15:00,0.1529808
12/6/2020 16:00,0.009032603
12/6/2020 17:00,0
12/6/2020 18:00,0
12/6/2020 19:00,0
12/6/2020 20:00,0
12/6/2020 21:00,0
12/6/2020 22:00,0
12/6/2020 23:00,0
12/7/2020 0:00,0
12/7/2020 1:00,0
12/7/2020 2:00,0
12/7/2020 3:00,0
12/7/2020 4:00,0
12/7/2020 5:00,0
12/7/2020 6:00,0
12/7/2020 7:00,0.011190371
12/7/2020 8:00,0.269706375
12/7/2020 9:00,0.559300725
12/7/2020 10:00,0.71226975
12/7/2020 11:00,0.8478
12/7/2020 12:00,0.85027275
12/7/2020 13:00,0.793340625
12/7/2020 14:00,0.648861375
12/7/2020 15:00,0.481379663
12/7/2020 16:00,0.19840875
12/7/2020 17:00,0
12/7/2020 18:00,0
12/7/2020 19:00,0
12/7/2020 20:00,0
12/7/2020 21:00,0
12/7/2020 22:00,0
12/7/2020 23:00,0
12/8/2020 0:00,0
12/8/2020 1:00,0
12/8/2020 2:00,0
12/8/2020 3:00,0
12/8/2020 4:00,0
12/8/2020 5:00,0
12/8/2020 6:00,0
12/8/2020 7:00,0.013711399
12/8/2020 8:00,0.20773455
12/8/2020 9:00,0.492530588
12/8/2020 10:00,0.661696125
12/8/2020 11:00,0.8094135
12/8/2020 12:00,0.826134
12/8/2020 13:00,0.7368795
12/8/2020 14:00,0.58933875
12/8/2020 15:00,0.4871082
12/8/2020 16:00,0.20724
12/8/2020 17:00,0
12/8/2020 18:00,0
12/8/2020 19:00,0
12/8/2020 20:00,0
12/8/2020 21:00,0
12/8/2020 22:00,0
12/8/2020 23:00,0
12/9/2020 0:00,0
12/9/2020 1:00,0
12/9/2020 2:00,0
12/9/2020 3:00,0
12/9/2020 4:00,0
12/9/2020 5:00,0
12/9/2020 6:00,0
12/9/2020 7:00,0
12/9/2020 8:00,0.108218138
12/9/2020 9:00,0.216130125
12/9/2020 10:00,0.292296713
12/9/2020 11:00,0.403281975
12/9/2020 12:00,0.459937388
12/9/2020 13:00,0.4444356
12/9/2020 14:00,0.36330585
12/9/2020 15:00,0.25450485
12/9/2020 16:00,0.091338675
12/9/2020 17:00,0
12/9/2020 18:00,0
12/9/2020 19:00,0
12/9/2020 20:00,0
12/9/2020 21:00,0
12/9/2020 22:00,0
12/9/2020 23:00,0
12/10/2020 0:00,0
12/10/2020 1:00,0
12/10/2020 2:00,0
12/10/2020 3:00,0
12/10/2020 4:00,0
12/10/2020 5:00,0
12/10/2020 6:00,0
12/10/2020 7:00,0.007500086
12/10/2020 8:00,0.205774013
12/10/2020 9:00,0.483522713
12/10/2020 10:00,0.661107375
12/10/2020 11:00,0.785804625
12/10/2020 12:00,0.813946875
12/10/2020 13:00,0.524564475
12/10/2020 14:00,0.591046125
12/10/2020 15:00,0.316035113
12/10/2020 16:00,0.122030213
12/10/2020 17:00,0
12/10/2020 18:00,0
12/10/2020 19:00,0
12/10/2020 20:00,0
12/10/2020 21:00,0
12/10/2020 22:00,0
12/10/2020 23:00,0
12/11/2020 0:00,0
12/11/2020 1:00,0
12/11/2020 2:00,0
12/11/2020 3:00,0
12/11/2020 4:00,0
12/11/2020 5:00,0
12/11/2020 6:00,0
12/11/2020 7:00,0.008985503
12/11/2020 8:00,0.193763513
12/11/2020 9:00,0.347144663
12/11/2020 10:00,0.537946763
12/11/2020 11:00,0.62678325
12/11/2020 12:00,0.68989725
12/11/2020 13:00,0.672588
12/11/2020 14:00,0.571005075
12/11/2020 15:00,0.386967713
12/11/2020 16:00,0.169424588
12/11/2020 17:00,0
12/11/2020 18:00,0
12/11/2020 19:00,0
12/11/2020 20:00,0
12/11/2020 21:00,0
12/11/2020 22:00,0
12/11/2020 23:00,0
12/12/2020 0:00,0
12/12/2020 1:00,0
12/12/2020 2:00,0
12/12/2020 3:00,0
12/12/2020 4:00,0
12/12/2020 5:00,0
12/12/2020 6:00,0
12/12/2020 7:00,0
12/12/2020 8:00,0.106157513
12/12/2020 9:00,0.201617438
12/12/2020 10:00,0.286526963
12/12/2020 11:00,0.343529738
12/12/2020 12:00,0.339914813
12/12/2020 13:00,0.29439855
12/12/2020 14:00,0.22388985
12/12/2020 15:00,0.151067363
12/12/2020 16:00,0.068730675
12/12/2020 17:00,0
12/12/2020 18:00,0
12/12/2020 19:00,0
12/12/2020 20:00,0
12/12/2020 21:00,0
12/12/2020 22:00,0
12/12/2020 23:00,0
12/13/2020 0:00,0
12/13/2020 1:00,0
12/13/2020 2:00,0
12/13/2020 3:00,0
12/13/2020 4:00,0
12/13/2020 5:00,0
12/13/2020 6:00,0
12/13/2020 7:00,0
12/13/2020 8:00,0.102424838
12/13/2020 9:00,0.199739325
12/13/2020 10:00,0.30603225
12/13/2020 11:00,0.393114263
12/13/2020 12:00,0.376246575
12/13/2020 13:00,0.3359172
12/13/2020 14:00,0.249023588
12/13/2020 15:00,0.1660746
12/13/2020 16:00,0.064538775
12/13/2020 17:00,0
12/13/2020 18:00,0
12/13/2020 19:00,0
12/13/2020 20:00,0
12/13/2020 21:00,0
12/13/2020 22:00,0
12/13/2020 23:00,0
12/14/2020 0:00,0
12/14/2020 1:00,0
12/14/2020 2:00,0
12/14/2020 3:00,0
12/14/2020 4:00,0
12/14/2020 5:00,0
12/14/2020 6:00,0
12/14/2020 7:00,0
12/14/2020 8:00,0.066228488
12/14/2020 9:00,0.102271763
12/14/2020 10:00,0.045203636
12/14/2020 11:00,0.110573138
12/14/2020 12:00,0.13901565
12/14/2020 13:00,0.5765511
12/14/2020 14:00,0.52598925
12/14/2020 15:00,0.364636425
12/14/2020 16:00,0.150561038
12/14/2020 17:00,0
12/14/2020 18:00,0
12/14/2020 19:00,0
12/14/2020 20:00,0
12/14/2020 21:00,0
12/14/2020 22:00,0
12/14/2020 23:00,0
12/15/2020 0:00,0
12/15/2020 1:00,0
12/15/2020 2:00,0
12/15/2020 3:00,0
12/15/2020 4:00,0
12/15/2020 5:00,0
12/15/2020 6:00,0
12/15/2020 7:00,0
12/15/2020 8:00,0
12/15/2020 9:00,0
12/15/2020 10:00,0
12/15/2020 11:00,0
12/15/2020 12:00,0
12/15/2020 13:00,0
12/15/2020 14:00,0
12/15/2020 15:00,0
12/15/2020 16:00,0
12/15/2020 17:00,0
12/15/2020 18:00,0
12/15/2020 19:00,0
12/15/2020 20:00,0
12/15/2020 21:00,0
12/15/2020 22:00,0
12/15/2020 23:00,0
12/16/2020 0:00,0
12/16/2020 1:00,0
12/16/2020 2:00,0
12/16/2020 3:00,0
12/16/2020 4:00,0
12/16/2020 5:00,0
12/16/2020 6:00,0
12/16/2020 7:00,0
12/16/2020 8:00,0
12/16/2020 9:00,0
12/16/2020 10:00,0
12/16/2020 11:00,0
12/16/2020 12:00,0
12/16/2020 13:00,0
12/16/2020 14:00,0
12/16/2020 15:00,0
12/16/2020 16:00,0
12/16/2020 17:00,0
12/16/2020 18:00,0
12/16/2020 19:00,0
12/16/2020 20:00,0
12/16/2020 21:00,0
12/16/2020 22:00,0
12/16/2020 23:00,0
12/17/2020 0:00,0
12/17/2020 1:00,0
12/17/2020 2:00,0
12/17/2020 3:00,0
12/17/2020 4:00,0
12/17/2020 5:00,0
12/17/2020 6:00,0
12/17/2020 7:00,0
12/17/2020 8:00,0
12/17/2020 9:00,0
12/17/2020 10:00,0
12/17/2020 11:00,0
12/17/2020 12:00,0
12/17/2020 13:00,0
12/17/2020 14:00,0
12/17/2020 15:00,0
12/17/2020 16:00,0
12/17/2020 17:00,0
12/17/2020 18:00,0
12/17/2020 19:00,0
12/17/2020 20:00,0
12/17/2020 21:00,0
12/17/2020 22:00,0
12/17/2020 23:00,0
12/18/2020 0:00,0
12/18/2020 1:00,0
12/18/2020 2:00,0
12/18/2020 3:00,0
12/18/2020 4:00,0
12/18/2020 5:00,0
12/18/2020 6:00,0
12/18/2020 7:00,0
12/18/2020 8:00,0
12/18/2020 9:00,0
12/18/2020 10:00,0
12/18/2020 11:00,0
12/18/2020 12:00,0
12/18/2020 13:00,0
12/18/2020 14:00,0
12/18/2020 15:00,0
12/18/2020 16:00,0
12/18/2020 17:00,0
12/18/2020 18:00,0
12/18/2020 19:00,0
12/18/2020 20:00,0
12/18/2020 21:00,0
12/18/2020 22:00,0
12/18/2020 23:00,0
12/19/2020 0:00,0
12/19/2020 1:00,0
12/19/2020 2:00,0
12/19/2020 3:00,0
12/19/2020 4:00,0
12/19/2020 5:00,0
12/19/2020 6:00,0
12/19/2020 7:00,0.007113278
12/19/2020 8:00,0.2166129
12/19/2020 9:00,0.4566816
12/19/2020 10:00,0.600112875
12/19/2020 11:00,0.706323375
12/19/2020 12:00,0.71592
12/19/2020 13:00,0.613889625
12/19/2020 14:00,0.471971438
12/19/2020 15:00,0.320026838
12/19/2020 16:00,0.100905863
12/19/2020 17:00,0
12/19/2020 18:00,0
12/19/2020 19:00,0
12/19/2020 20:00,0
12/19/2020 21:00,0
12/19/2020 22:00,0
12/19/2020 23:00,0
12/20/2020 0:00,0
12/20/2020 1:00,0
12/20/2020 2:00,0
12/20/2020 3:00,0
12/20/2020 4:00,0
12/20/2020 5:00,0
12/20/2020 6:00,0
12/20/2020 7:00,0
12/20/2020 8:00,0.168835838
12/20/2020 9:00,0.337807088
12/20/2020 10:00,0.487284825
12/20/2020 11:00,0.622367625
12/20/2020 12:00,0.664993125
12/20/2020 13:00,0.652747125
12/20/2020 14:00,0.604705125
12/20/2020 15:00,0.458241788
12/20/2020 16:00,0.208611788
12/20/2020 17:00,0
12/20/2020 18:00,0
12/20/2020 19:00,0
12/20/2020 20:00,0
12/20/2020 21:00,0
12/20/2020 22:00,0
12/20/2020 23:00,0
12/21/2020 0:00,0
12/21/2020 1:00,0
12/21/2020 2:00,0
12/21/2020 3:00,0
12/21/2020 4:00,0
12/21/2020 5:00,0
12/21/2020 6:00,0
12/21/2020 7:00,0
12/21/2020 8:00,0.15931575
12/21/2020 9:00,0.307521788
12/21/2020 10:00,0.398895788
12/21/2020 11:00,0.668525625
12/21/2020 12:00,0.562226813
12/21/2020 13:00,0.610474875
12/21/2020 14:00,0.639441375
12/21/2020 15:00,0.450246563
12/21/2020 16:00,0.20726355
12/21/2020 17:00,0.02313552
12/21/2020 18:00,0
12/21/2020 19:00,0
12/21/2020 20:00,0
12/21/2020 21:00,0
12/21/2020 22:00,0
12/21/2020 23:00,0
12/22/2020 0:00,0
12/22/2020 1:00,0
12/22/2020 2:00,0
12/22/2020 3:00,0
12/22/2020 4:00,0
12/22/2020 5:00,0
12/22/2020 6:00,0
12/22/2020 7:00,0
12/22/2020 8:00,0.028248814
12/22/2020 9:00,0.029143714
12/22/2020 10:00,0.089319263
12/22/2020 11:00,0.133234125
12/22/2020 12:00,0.117072938
12/22/2020 13:00,0.60605925
12/22/2020 14:00,0.430217288
12/22/2020 15:00,0.262311675
12/22/2020 16:00,0.123184163
12/22/2020 17:00,0
12/22/2020 18:00,0
12/22/2020 19:00,0
12/22/2020 20:00,0
12/22/2020 21:00,0
12/22/2020 22:00,0
12/22/2020 23:00,0
12/23/2020 0:00,0
12/23/2020 1:00,0
12/23/2020 2:00,0
12/23/2020 3:00,0
12/23/2020 4:00,0
12/23/2020 5:00,0
12/23/2020 6:00,0
12/23/2020 7:00,0
12/23/2020 8:00,0.042805069
12/23/2020 9:00,0.096519675
12/23/2020 10:00,0.1708317
12/23/2020 11:00,0.2030952
12/23/2020 12:00,0.187799475
12/23/2020 13:00,0.200045475
12/23/2020 14:00,0.176495475
12/23/2020 15:00,0.108512513
12/23/2020 16:00,0.050653695
12/23/2020 17:00,0
12/23/2020 18:00,0
12/23/2020 19:00,0
12/23/2020 20:00,0
12/23/2020 21:00,0
12/23/2020 22:00,0
12/23/2020 23:00,0
12/24/2020 0:00,0
12/24/2020 1:00,0
12/24/2020 2:00,0
12/24/2020 3:00,0
12/24/2020 4:00,0
12/24/2020 5:00,0
12/24/2020 6:00,0
12/24/2020 7:00,0.005679612
12/24/2020 8:00,0.20250645
12/24/2020 9:00,0.329594025
12/24/2020 10:00,0.4813149
12/24/2020 11:00,0.604234125
12/24/2020 12:00,0.511517775
12/24/2020 13:00,0.509680875
12/24/2020 14:00,0.38473635
12/24/2020 15:00,0.1988091
12/24/2020 16:00,0.086493263
12/24/2020 17:00,0
12/24/2020 18:00,0
12/24/2020 19:00,0
12/24/2020 20:00,0
12/24/2020 21:00,0
12/24/2020 22:00,0
12/24/2020 23:00,0
12/25/2020 0:00,0
12/25/2020 1:00,0
12/25/2020 2:00,0
12/25/2020 3:00,0
12/25/2020 4:00,0
12/25/2020 5:00,0
12/25/2020 6:00,0
12/25/2020 7:00,0
12/25/2020 8:00,0.114140963
12/25/2020 9:00,0.32298825
12/25/2020 10:00,0.581484825
12/25/2020 11:00,0.727636125
12/25/2020 12:00,0.779917125
12/25/2020 13:00,0.77797425
12/25/2020 14:00,0.522745238
12/25/2020 15:00,0.3873504
12/25/2020 16:00,0.127417275
12/25/2020 17:00,0
12/25/2020 18:00,0
12/25/2020 19:00,0
12/25/2020 20:00,0
12/25/2020 21:00,0
12/25/2020 22:00,0
12/25/2020 23:00,0
12/26/2020 0:00,0
12/26/2020 1:00,0
12/26/2020 2:00,0
12/26/2020 3:00,0
12/26/2020 4:00,0
12/26/2020 5:00,0
12/26/2020 6:00,0
12/26/2020 7:00,0
12/26/2020 8:00,0.030995921
12/26/2020 9:00,0.0764904
12/26/2020 10:00,0.119027588
12/26/2020 11:00,0.148076513
12/26/2020 12:00,0.155094413
12/26/2020 13:00,0.165680138
12/26/2020 14:00,0.137443688
12/26/2020 15:00,0.081942225
12/26/2020 16:00,0.03532029
12/26/2020 17:00,0
12/26/2020 18:00,0
12/26/2020 19:00,0
12/26/2020 20:00,0
12/26/2020 21:00,0
12/26/2020 22:00,0
12/26/2020 23:00,0
12/27/2020 0:00,0
12/27/2020 1:00,0
12/27/2020 2:00,0
12/27/2020 3:00,0
12/27/2020 4:00,0
12/27/2020 5:00,0
12/27/2020 6:00,0
12/27/2020 7:00,0
12/27/2020 8:00,0.088848263
12/27/2020 9:00,0.1902369
12/27/2020 10:00,0.306138225
12/27/2020 11:00,0.38327625
12/27/2020 12:00,0.412448813
12/27/2020 13:00,0.4123605
12/27/2020 14:00,0.324271725
12/27/2020 15:00,0.227722613
12/27/2020 16:00,0.087129113
12/27/2020 17:00,0
12/27/2020 18:00,0
12/27/2020 19:00,0
12/27/2020 20:00,0
12/27/2020 21:00,0
12/27/2020 22:00,0
12/27/2020 23:00,0
12/28/2020 0:00,0
12/28/2020 1:00,0
12/28/2020 2:00,0
12/28/2020 3:00,0
12/28/2020 4:00,0
12/28/2020 5:00,0
12/28/2020 6:00,0
12/28/2020 7:00,0
12/28/2020 8:00,0.104909363
12/28/2020 9:00,0.24579135
12/28/2020 10:00,0.360297338
12/28/2020 11:00,0.40437705
12/28/2020 12:00,0.381545325
12/28/2020 13:00,0.369682013
12/28/2020 14:00,0.272179125
12/28/2020 15:00,0.135489038
12/28/2020 16:00,0.01132755
12/28/2020 17:00,0
12/28/2020 18:00,0
12/28/2020 19:00,0
12/28/2020 20:00,0
12/28/2020 21:00,0
12/28/2020 22:00,0
12/28/2020 23:00,0
12/29/2020 0:00,0
12/29/2020 1:00,0
12/29/2020 2:00,0
12/29/2020 3:00,0
12/29/2020 4:00,0
12/29/2020 5:00,0
12/29/2020 6:00,0
12/29/2020 7:00,0
12/29/2020 8:00,0.058237384
12/29/2020 9:00,0.286368
12/29/2020 10:00,0.322782188
12/29/2020 11:00,0.321310313
12/29/2020 12:00,0.265814738
12/29/2020 13:00,0.62277975
12/29/2020 14:00,0.367750913
12/29/2020 15:00,0.216907275
12/29/2020 16:00,0.03416163
12/29/2020 17:00,0
12/29/2020 18:00,0
12/29/2020 19:00,0
12/29/2020 20:00,0
12/29/2020 21:00,0
12/29/2020 22:00,0
12/29/2020 23:00,0
12/30/2020 0:00,0
12/30/2020 1:00,0
12/30/2020 2:00,0
12/30/2020 3:00,0
12/30/2020 4:00,0
12/30/2020 5:00,0
12/30/2020 6:00,0
12/30/2020 7:00,0
12/30/2020 8:00,0.121335488
12/30/2020 9:00,0.2786907
12/30/2020 10:00,0.370853625
12/30/2020 11:00,0.463452225
12/30/2020 12:00,0.5301576
12/30/2020 13:00,0.488085525
12/30/2020 14:00,0.346455825
12/30/2020 15:00,0.18592725
12/30/2020 16:00,0.084091163
12/30/2020 17:00,0
12/30/2020 18:00,0
12/30/2020 19:00,0
12/30/2020 20:00,0
12/30/2020 21:00,0
12/30/2020 22:00,0
12/30/2020 23:00,0
12/31/2020 0:00,0
12/31/2020 1:00,0
12/31/2020 2:00,0
12/31/2020 3:00,0
12/31/2020 4:00,0
12/31/2020 5:00,0
12/31/2020 6:00,0
12/31/2020 7:00,0
12/31/2020 8:00,0.019263311
12/31/2020 9:00,0.047120018
12/31/2020 10:00,0.069737438
12/31/2020 11:00,0.090920663
12/31/2020 12:00,0.0982977
12/31/2020 13:00,0.097173188
12/31/2020 14:00,0.078297863
12/31/2020 15:00,0.05198898
12/31/2020 16:00,0.024776955
12/31/2020 17:00,0
12/31/2020 18:00,0
12/31/2020 19:00,0
12/31/2020 20:00,0
12/31/2020 21:00,0
12/31/2020 22:00,0
12/31/2020 23:00,0
