时间,数值(万千瓦)
1/1/2020 0:00,2.587456523
1/1/2020 1:00,2.941712091
1/1/2020 2:00,2.863793686
1/1/2020 3:00,2.738090612
1/1/2020 4:00,2.761331233
1/1/2020 5:00,2.463634191
1/1/2020 6:00,2.604835809
1/1/2020 7:00,2.88848976
1/1/2020 8:00,2.843837938
1/1/2020 9:00,2.598037019
1/1/2020 10:00,2.579126674
1/1/2020 11:00,2.517773376
1/1/2020 12:00,2.464182735
1/1/2020 13:00,2.768054653
1/1/2020 14:00,2.866102986
1/1/2020 15:00,2.71902425
1/1/2020 16:00,1.782259041
1/1/2020 17:00,1.615773068
1/1/2020 18:00,1.787787655
1/1/2020 19:00,2.050333918
1/1/2020 20:00,1.759897648
1/1/2020 21:00,1.724589946
1/1/2020 22:00,1.912365982
1/1/2020 23:00,1.969922754
1/2/2020 0:00,2.864627866
1/2/2020 1:00,2.553902067
1/2/2020 2:00,2.566366825
1/2/2020 3:00,2.725834196
1/2/2020 4:00,2.838367708
1/2/2020 5:00,2.794814412
1/2/2020 6:00,2.590360084
1/2/2020 7:00,2.574601991
1/2/2020 8:00,2.517353689
1/2/2020 9:00,2.504409092
1/2/2020 10:00,2.448364175
1/2/2020 11:00,2.86037289
1/2/2020 12:00,2.853281024
1/2/2020 13:00,2.881617436
1/2/2020 14:00,2.812967328
1/2/2020 15:00,2.729874986
1/2/2020 16:00,2.575048869
1/2/2020 17:00,2.756647246
1/2/2020 18:00,2.860412657
1/2/2020 19:00,2.436278608
1/2/2020 20:00,2.498211868
1/2/2020 21:00,2.909628096
1/2/2020 22:00,2.736759986
1/2/2020 23:00,2.413899608
1/3/2020 0:00,2.730145244
1/3/2020 1:00,2.777202732
1/3/2020 2:00,2.475847569
1/3/2020 3:00,2.624107932
1/3/2020 4:00,2.525787025
1/3/2020 5:00,2.922557394
1/3/2020 6:00,2.538875133
1/3/2020 7:00,2.649053616
1/3/2020 8:00,2.468231652
1/3/2020 9:00,2.542040579
1/3/2020 10:00,2.444346779
1/3/2020 11:00,2.937147523
1/3/2020 12:00,2.667176185
1/3/2020 13:00,2.502686074
1/3/2020 14:00,2.415158603
1/3/2020 15:00,2.501373313
1/3/2020 16:00,2.477562311
1/3/2020 17:00,2.654966349
1/3/2020 18:00,2.458420639
1/3/2020 19:00,2.574607941
1/3/2020 20:00,2.519225298
1/3/2020 21:00,2.907058054
1/3/2020 22:00,2.601433752
1/3/2020 23:00,2.813337651
1/4/2020 0:00,2.566096452
1/4/2020 1:00,2.567890321
1/4/2020 2:00,2.650843166
1/4/2020 3:00,2.526285697
1/4/2020 4:00,2.46810192
1/4/2020 5:00,2.468218056
1/4/2020 6:00,2.589183884
1/4/2020 7:00,2.801023438
1/4/2020 8:00,2.516139355
1/4/2020 9:00,2.469749877
1/4/2020 10:00,2.552817076
1/4/2020 11:00,2.834756359
1/4/2020 12:00,2.724404764
1/4/2020 13:00,2.482427926
1/4/2020 14:00,2.73445222
1/4/2020 15:00,2.477282196
1/4/2020 16:00,2.461979537
1/4/2020 17:00,2.5664803
1/4/2020 18:00,2.416464591
1/4/2020 19:00,2.653856321
1/4/2020 20:00,2.746241862
1/4/2020 21:00,2.551737363
1/4/2020 22:00,2.915316256
1/4/2020 23:00,2.624542464
1/5/2020 0:00,2.71818585
1/5/2020 1:00,2.655182226
1/5/2020 2:00,2.526624768
1/5/2020 3:00,2.635559821
1/5/2020 4:00,2.494179811
1/5/2020 5:00,2.649425371
1/5/2020 6:00,2.470822074
1/5/2020 7:00,2.416205883
1/5/2020 8:00,1.854846613
1/5/2020 9:00,1.982708378
1/5/2020 10:00,1.642924051
1/5/2020 11:00,1.635475346
1/5/2020 12:00,2.102586796
1/5/2020 13:00,1.781908262
1/5/2020 14:00,1.975136744
1/5/2020 15:00,1.810190485
1/5/2020 16:00,2.59550368
1/5/2020 17:00,2.638655229
1/5/2020 18:00,2.726991369
1/5/2020 19:00,2.605123558
1/5/2020 20:00,2.640724899
1/5/2020 21:00,2.543888203
1/5/2020 22:00,2.844056215
1/5/2020 23:00,2.749496982
1/6/2020 0:00,2.673729037
1/6/2020 1:00,2.9133455
1/6/2020 2:00,2.551503099
1/6/2020 3:00,2.771509308
1/6/2020 4:00,2.492010372
1/6/2020 5:00,2.563348805
1/6/2020 6:00,2.743437353
1/6/2020 7:00,2.695446394
1/6/2020 8:00,2.918087746
1/6/2020 9:00,2.718492761
1/6/2020 10:00,2.670274724
1/6/2020 11:00,2.849815515
1/6/2020 12:00,2.463003132
1/6/2020 13:00,2.532182503
1/6/2020 14:00,2.924852314
1/6/2020 15:00,2.798464066
1/6/2020 16:00,2.463672771
1/6/2020 17:00,2.520061616
1/6/2020 18:00,2.49666829
1/6/2020 19:00,2.449839772
1/6/2020 20:00,2.457395427
1/6/2020 21:00,2.498101468
1/6/2020 22:00,2.690151841
1/6/2020 23:00,2.614790248
1/7/2020 0:00,1.981852595
1/7/2020 1:00,2.073981943
1/7/2020 2:00,1.878388011
1/7/2020 3:00,1.922014702
1/7/2020 4:00,2.090217604
1/7/2020 5:00,1.634083809
1/7/2020 6:00,1.889164658
1/7/2020 7:00,1.819546226
1/7/2020 8:00,2.66804005
1/7/2020 9:00,2.551498717
1/7/2020 10:00,2.59565455
1/7/2020 11:00,2.943356491
1/7/2020 12:00,2.767355978
1/7/2020 13:00,2.870776985
1/7/2020 14:00,2.643009019
1/7/2020 15:00,2.761474589
1/7/2020 16:00,2.830806645
1/7/2020 17:00,2.910282478
1/7/2020 18:00,2.484143616
1/7/2020 19:00,2.715268109
1/7/2020 20:00,2.721727008
1/7/2020 21:00,2.597628888
1/7/2020 22:00,2.627534312
1/7/2020 23:00,2.903388209
1/8/2020 0:00,2.55464423
1/8/2020 1:00,2.807380239
1/8/2020 2:00,2.622217555
1/8/2020 3:00,2.915049609
1/8/2020 4:00,2.560829329
1/8/2020 5:00,2.433121886
1/8/2020 6:00,2.66331479
1/8/2020 7:00,2.808383144
1/8/2020 8:00,2.897441922
1/8/2020 9:00,2.504851025
1/8/2020 10:00,2.737945804
1/8/2020 11:00,2.652389165
1/8/2020 12:00,2.784801496
1/8/2020 13:00,2.522135854
1/8/2020 14:00,2.922057136
1/8/2020 15:00,2.528711617
1/8/2020 16:00,2.602903168
1/8/2020 17:00,2.710156141
1/8/2020 18:00,2.896643835
1/8/2020 19:00,2.646641475
1/8/2020 20:00,2.87324291
1/8/2020 21:00,2.81271626
1/8/2020 22:00,2.854075705
1/8/2020 23:00,2.898070457
1/9/2020 0:00,2.422290367
1/9/2020 1:00,2.817443101
1/9/2020 2:00,2.726121688
1/9/2020 3:00,2.578824132
1/9/2020 4:00,2.832899947
1/9/2020 5:00,2.928341947
1/9/2020 6:00,2.582226922
1/9/2020 7:00,2.48228039
1/9/2020 8:00,1.817842913
1/9/2020 9:00,2.099487357
1/9/2020 10:00,1.913114128
1/9/2020 11:00,2.059399245
1/9/2020 12:00,1.645403152
1/9/2020 13:00,1.830687163
1/9/2020 14:00,1.740801436
1/9/2020 15:00,1.94970535
1/9/2020 16:00,2.695552784
1/9/2020 17:00,2.549436901
1/9/2020 18:00,2.421496297
1/9/2020 19:00,2.540586974
1/9/2020 20:00,2.615917282
1/9/2020 21:00,2.782638588
1/9/2020 22:00,2.481446709
1/9/2020 23:00,2.694755013
1/10/2020 0:00,2.502319434
1/10/2020 1:00,2.917277954
1/10/2020 2:00,2.50725268
1/10/2020 3:00,2.507147533
1/10/2020 4:00,2.448969648
1/10/2020 5:00,2.543102399
1/10/2020 6:00,2.883647837
1/10/2020 7:00,2.60766352
1/10/2020 8:00,1.771768211
1/10/2020 9:00,1.784010885
1/10/2020 10:00,1.801417017
1/10/2020 11:00,1.728755771
1/10/2020 12:00,1.98801164
1/10/2020 13:00,1.883056722
1/10/2020 14:00,1.799882276
1/10/2020 15:00,1.976956257
1/10/2020 16:00,2.813233188
1/10/2020 17:00,2.580065644
1/10/2020 18:00,2.751341075
1/10/2020 19:00,2.579166898
1/10/2020 20:00,2.677131318
1/10/2020 21:00,2.847878739
1/10/2020 22:00,2.906013933
1/10/2020 23:00,2.886908993
1/11/2020 0:00,2.540672775
1/11/2020 1:00,2.632325094
1/11/2020 2:00,2.514973732
1/11/2020 3:00,2.488342875
1/11/2020 4:00,2.635320271
1/11/2020 5:00,2.469803234
1/11/2020 6:00,2.665322309
1/11/2020 7:00,2.661227897
1/11/2020 8:00,2.448248264
1/11/2020 9:00,2.45172326
1/11/2020 10:00,2.415889094
1/11/2020 11:00,2.564490257
1/11/2020 12:00,2.637497347
1/11/2020 13:00,2.708315043
1/11/2020 14:00,2.544791279
1/11/2020 15:00,2.429939374
1/11/2020 16:00,2.636230612
1/11/2020 17:00,2.759480502
1/11/2020 18:00,2.730105955
1/11/2020 19:00,2.616181533
1/11/2020 20:00,2.624787453
1/11/2020 21:00,2.918745299
1/11/2020 22:00,2.921034518
1/11/2020 23:00,2.66330021
1/12/2020 0:00,2.538936172
1/12/2020 1:00,2.419676467
1/12/2020 2:00,2.521059858
1/12/2020 3:00,2.863512372
1/12/2020 4:00,2.494486086
1/12/2020 5:00,2.777533071
1/12/2020 6:00,2.443139318
1/12/2020 7:00,2.857717758
1/12/2020 8:00,2.788037596
1/12/2020 9:00,2.805402391
1/12/2020 10:00,2.519718181
1/12/2020 11:00,2.54056531
1/12/2020 12:00,2.821939733
1/12/2020 13:00,2.562041678
1/12/2020 14:00,2.603849188
1/12/2020 15:00,2.782030553
1/12/2020 16:00,2.681819915
1/12/2020 17:00,2.79232529
1/12/2020 18:00,2.426650338
1/12/2020 19:00,2.812710444
1/12/2020 20:00,2.864480926
1/12/2020 21:00,2.537195461
1/12/2020 22:00,2.918890257
1/12/2020 23:00,2.900136159
1/13/2020 0:00,2.584542084
1/13/2020 1:00,2.609733995
1/13/2020 2:00,2.86578222
1/13/2020 3:00,2.859824301
1/13/2020 4:00,2.677109565
1/13/2020 5:00,2.516047961
1/13/2020 6:00,2.675968775
1/13/2020 7:00,2.436220428
1/13/2020 8:00,2.471620174
1/13/2020 9:00,2.456305015
1/13/2020 10:00,2.62005305
1/13/2020 11:00,2.755449975
1/13/2020 12:00,2.801345472
1/13/2020 13:00,2.837169272
1/13/2020 14:00,2.500734023
1/13/2020 15:00,2.622972669
1/13/2020 16:00,2.767621297
1/13/2020 17:00,2.721857934
1/13/2020 18:00,2.652358564
1/13/2020 19:00,2.58278318
1/13/2020 20:00,2.435438895
1/13/2020 21:00,2.74641572
1/13/2020 22:00,2.482258391
1/13/2020 23:00,2.589340843
1/14/2020 0:00,2.880623713
1/14/2020 1:00,2.694762367
1/14/2020 2:00,2.567794629
1/14/2020 3:00,2.94218686
1/14/2020 4:00,2.690316162
1/14/2020 5:00,2.929724181
1/14/2020 6:00,2.894288543
1/14/2020 7:00,2.517382993
1/14/2020 8:00,2.817599068
1/14/2020 9:00,2.636339206
1/14/2020 10:00,2.809695591
1/14/2020 11:00,2.543737866
1/14/2020 12:00,2.593766416
1/14/2020 13:00,2.933786855
1/14/2020 14:00,2.651042552
1/14/2020 15:00,2.576307993
1/14/2020 16:00,2.929603048
1/14/2020 17:00,2.646820216
1/14/2020 18:00,2.489667006
1/14/2020 19:00,2.872485722
1/14/2020 20:00,2.69873438
1/14/2020 21:00,2.720873902
1/14/2020 22:00,2.658340798
1/14/2020 23:00,2.594923442
1/15/2020 0:00,1.778416424
1/15/2020 1:00,1.67510353
1/15/2020 2:00,1.787434773
1/15/2020 3:00,2.099009467
1/15/2020 4:00,1.758518142
1/15/2020 5:00,1.652501083
1/15/2020 6:00,1.997311982
1/15/2020 7:00,2.143164116
1/15/2020 8:00,2.899948919
1/15/2020 9:00,2.662610139
1/15/2020 10:00,2.676009382
1/15/2020 11:00,2.919721105
1/15/2020 12:00,2.444861013
1/15/2020 13:00,2.756223295
1/15/2020 14:00,2.475101006
1/15/2020 15:00,2.590504934
1/15/2020 16:00,2.919035666
1/15/2020 17:00,2.600100671
1/15/2020 18:00,2.927325898
1/15/2020 19:00,2.762651005
1/15/2020 20:00,2.54592295
1/15/2020 21:00,2.842798839
1/15/2020 22:00,2.72502886
1/15/2020 23:00,2.889756908
1/16/2020 0:00,2.839451982
1/16/2020 1:00,2.658140157
1/16/2020 2:00,2.470056082
1/16/2020 3:00,2.824703104
1/16/2020 4:00,2.707387505
1/16/2020 5:00,2.8174321
1/16/2020 6:00,2.841273099
1/16/2020 7:00,2.438836783
1/16/2020 8:00,2.67876944
1/16/2020 9:00,2.676227754
1/16/2020 10:00,2.536957067
1/16/2020 11:00,2.4541184
1/16/2020 12:00,2.816507062
1/16/2020 13:00,2.44132674
1/16/2020 14:00,2.734363415
1/16/2020 15:00,2.507306401
1/16/2020 16:00,2.859786466
1/16/2020 17:00,2.544913828
1/16/2020 18:00,2.57673334
1/16/2020 19:00,2.648908748
1/16/2020 20:00,2.895374894
1/16/2020 21:00,2.844935587
1/16/2020 22:00,2.526520449
1/16/2020 23:00,2.517210713
1/17/2020 0:00,2.416478188
1/17/2020 1:00,2.934279937
1/17/2020 2:00,2.894992314
1/17/2020 3:00,2.782801798
1/17/2020 4:00,2.871896431
1/17/2020 5:00,2.602341876
1/17/2020 6:00,2.442401011
1/17/2020 7:00,2.933113835
1/17/2020 8:00,2.841668489
1/17/2020 9:00,2.869433811
1/17/2020 10:00,2.84033236
1/17/2020 11:00,2.487967195
1/17/2020 12:00,2.757028938
1/17/2020 13:00,2.662224183
1/17/2020 14:00,2.47737427
1/17/2020 15:00,2.735634254
1/17/2020 16:00,2.836208121
1/17/2020 17:00,2.671092702
1/17/2020 18:00,2.795490071
1/17/2020 19:00,2.692752655
1/17/2020 20:00,2.877726429
1/17/2020 21:00,2.466099271
1/17/2020 22:00,2.76888506
1/17/2020 23:00,2.593251187
1/18/2020 0:00,2.70615888
1/18/2020 1:00,2.714003256
1/18/2020 2:00,2.644442699
1/18/2020 3:00,2.939117139
1/18/2020 4:00,2.790719824
1/18/2020 5:00,2.725915436
1/18/2020 6:00,2.936698611
1/18/2020 7:00,2.435620172
1/18/2020 8:00,2.863667559
1/18/2020 9:00,2.907920344
1/18/2020 10:00,2.71804006
1/18/2020 11:00,2.75062996
1/18/2020 12:00,2.534531404
1/18/2020 13:00,2.881081778
1/18/2020 14:00,2.692917911
1/18/2020 15:00,2.719252003
1/18/2020 16:00,2.533688391
1/18/2020 17:00,2.683350436
1/18/2020 18:00,2.708020307
1/18/2020 19:00,2.671086637
1/18/2020 20:00,2.80557664
1/18/2020 21:00,2.738935122
1/18/2020 22:00,2.570646782
1/18/2020 23:00,2.651322251
1/19/2020 0:00,2.567542104
1/19/2020 1:00,2.725839565
1/19/2020 2:00,2.443532209
1/19/2020 3:00,2.676184209
1/19/2020 4:00,2.914612842
1/19/2020 5:00,2.771282532
1/19/2020 6:00,2.55001209
1/19/2020 7:00,2.866819013
1/19/2020 8:00,2.693186541
1/19/2020 9:00,2.616372829
1/19/2020 10:00,2.671793884
1/19/2020 11:00,2.829416368
1/19/2020 12:00,2.741435227
1/19/2020 13:00,2.697609378
1/19/2020 14:00,2.60832174
1/19/2020 15:00,2.631076982
1/19/2020 16:00,2.56940298
1/19/2020 17:00,2.67000304
1/19/2020 18:00,2.899630718
1/19/2020 19:00,2.874808409
1/19/2020 20:00,2.747532742
1/19/2020 21:00,2.4271442
1/19/2020 22:00,2.471328848
1/19/2020 23:00,2.869316487
1/20/2020 0:00,2.461347565
1/20/2020 1:00,2.686762938
1/20/2020 2:00,2.656757676
1/20/2020 3:00,2.588305937
1/20/2020 4:00,2.928695062
1/20/2020 5:00,2.42945002
1/20/2020 6:00,2.498974266
1/20/2020 7:00,2.617020755
1/20/2020 8:00,2.441580809
1/20/2020 9:00,2.741676354
1/20/2020 10:00,2.86675205
1/20/2020 11:00,2.7867741
1/20/2020 12:00,2.445916828
1/20/2020 13:00,2.545952309
1/20/2020 14:00,2.441385175
1/20/2020 15:00,2.452331308
1/20/2020 16:00,1.664329566
1/20/2020 17:00,1.820631674
1/20/2020 18:00,2.036307652
1/20/2020 19:00,1.894079803
1/20/2020 20:00,2.085105654
1/20/2020 21:00,1.89000048
1/20/2020 22:00,1.705011532
1/20/2020 23:00,2.124173877
1/21/2020 0:00,2.641656047
1/21/2020 1:00,2.542257433
1/21/2020 2:00,2.664136452
1/21/2020 3:00,2.706669141
1/21/2020 4:00,2.847932232
1/21/2020 5:00,2.505777403
1/21/2020 6:00,2.648557683
1/21/2020 7:00,2.479224179
1/21/2020 8:00,2.634500285
1/21/2020 9:00,2.482257558
1/21/2020 10:00,2.60189157
1/21/2020 11:00,2.803273508
1/21/2020 12:00,2.539887991
1/21/2020 13:00,2.627851883
1/21/2020 14:00,2.529594139
1/21/2020 15:00,2.80517859
1/21/2020 16:00,2.935750554
1/21/2020 17:00,2.938126821
1/21/2020 18:00,2.787211022
1/21/2020 19:00,2.896265338
1/21/2020 20:00,2.5676302
1/21/2020 21:00,2.627815442
1/21/2020 22:00,2.631264663
1/21/2020 23:00,2.91002848
1/22/2020 0:00,2.775708425
1/22/2020 1:00,2.842194648
1/22/2020 2:00,2.429221401
1/22/2020 3:00,2.8871439
1/22/2020 4:00,2.699251912
1/22/2020 5:00,2.699806288
1/22/2020 6:00,2.595779351
1/22/2020 7:00,2.940479257
1/22/2020 8:00,2.477492864
1/22/2020 9:00,2.421926841
1/22/2020 10:00,2.800807918
1/22/2020 11:00,2.879190169
1/22/2020 12:00,2.741080434
1/22/2020 13:00,2.659420661
1/22/2020 14:00,2.516897903
1/22/2020 15:00,2.740818341
1/22/2020 16:00,2.735918446
1/22/2020 17:00,2.414053576
1/22/2020 18:00,2.895293795
1/22/2020 19:00,2.924747971
1/22/2020 20:00,2.470782651
1/22/2020 21:00,2.516766968
1/22/2020 22:00,2.558221578
1/22/2020 23:00,2.616652001
1/23/2020 0:00,2.620898602
1/23/2020 1:00,2.584320263
1/23/2020 2:00,2.593056046
1/23/2020 3:00,2.90850247
1/23/2020 4:00,2.5167944
1/23/2020 5:00,2.42158689
1/23/2020 6:00,2.833575548
1/23/2020 7:00,2.703577784
1/23/2020 8:00,2.777981731
1/23/2020 9:00,2.925188573
1/23/2020 10:00,2.803579321
1/23/2020 11:00,2.752838656
1/23/2020 12:00,2.567160927
1/23/2020 13:00,2.874980463
1/23/2020 14:00,2.529445002
1/23/2020 15:00,2.890141711
1/23/2020 16:00,2.52523989
1/23/2020 17:00,2.586721513
1/23/2020 18:00,2.895436086
1/23/2020 19:00,2.516899082
1/23/2020 20:00,2.604963593
1/23/2020 21:00,2.471703047
1/23/2020 22:00,2.893438914
1/23/2020 23:00,2.876553064
1/24/2020 0:00,2.596085217
1/24/2020 1:00,2.847282385
1/24/2020 2:00,2.890710518
1/24/2020 3:00,2.645271975
1/24/2020 4:00,2.809498295
1/24/2020 5:00,2.543070787
1/24/2020 6:00,2.610212285
1/24/2020 7:00,2.613442908
1/24/2020 8:00,2.663539179
1/24/2020 9:00,2.626750516
1/24/2020 10:00,2.691104618
1/24/2020 11:00,2.689512635
1/24/2020 12:00,2.466228252
1/24/2020 13:00,2.688145051
1/24/2020 14:00,2.769138987
1/24/2020 15:00,2.651370302
1/24/2020 16:00,2.469408238
1/24/2020 17:00,2.922036189
1/24/2020 18:00,2.800944621
1/24/2020 19:00,2.465903232
1/24/2020 20:00,2.664083029
1/24/2020 21:00,2.575183865
1/24/2020 22:00,2.479865713
1/24/2020 23:00,2.661315018
1/25/2020 0:00,2.796378911
1/25/2020 1:00,2.458411909
1/25/2020 2:00,2.51046407
1/25/2020 3:00,2.868733947
1/25/2020 4:00,2.653837821
1/25/2020 5:00,2.495021563
1/25/2020 6:00,2.831432465
1/25/2020 7:00,2.787970523
1/25/2020 8:00,2.540478443
1/25/2020 9:00,2.683789424
1/25/2020 10:00,2.602869537
1/25/2020 11:00,2.544480516
1/25/2020 12:00,2.443929358
1/25/2020 13:00,2.791143615
1/25/2020 14:00,2.800425383
1/25/2020 15:00,2.802135937
1/25/2020 16:00,2.904482778
1/25/2020 17:00,2.875907006
1/25/2020 18:00,2.652232888
1/25/2020 19:00,2.564525689
1/25/2020 20:00,2.775739462
1/25/2020 21:00,2.42610404
1/25/2020 22:00,2.644884391
1/25/2020 23:00,2.919680254
1/26/2020 0:00,2.417411834
1/26/2020 1:00,2.880820838
1/26/2020 2:00,2.650163138
1/26/2020 3:00,2.812002015
1/26/2020 4:00,2.738917381
1/26/2020 5:00,2.47365261
1/26/2020 6:00,2.781457165
1/26/2020 7:00,2.93911804
1/26/2020 8:00,2.537283331
1/26/2020 9:00,2.547859114
1/26/2020 10:00,2.759408777
1/26/2020 11:00,2.668833117
1/26/2020 12:00,2.761814214
1/26/2020 13:00,2.847804467
1/26/2020 14:00,2.492898876
1/26/2020 15:00,2.448104774
1/26/2020 16:00,2.585288161
1/26/2020 17:00,2.604657709
1/26/2020 18:00,2.541218237
1/26/2020 19:00,2.583246468
1/26/2020 20:00,2.727958403
1/26/2020 21:00,2.443904599
1/26/2020 22:00,2.697162903
1/26/2020 23:00,2.795647994
1/27/2020 0:00,2.644523632
1/27/2020 1:00,2.738783429
1/27/2020 2:00,2.679107698
1/27/2020 3:00,2.785052908
1/27/2020 4:00,2.837498164
1/27/2020 5:00,2.425882573
1/27/2020 6:00,2.581392641
1/27/2020 7:00,2.788791873
1/27/2020 8:00,2.898089093
1/27/2020 9:00,2.864002954
1/27/2020 10:00,2.490975955
1/27/2020 11:00,2.788005756
1/27/2020 12:00,2.718771203
1/27/2020 13:00,2.767773386
1/27/2020 14:00,2.841010246
1/27/2020 15:00,2.781086613
1/27/2020 16:00,2.686416202
1/27/2020 17:00,2.528440902
1/27/2020 18:00,2.643474491
1/27/2020 19:00,2.735639077
1/27/2020 20:00,2.93620159
1/27/2020 21:00,2.773117163
1/27/2020 22:00,2.570038904
1/27/2020 23:00,2.794442306
1/28/2020 0:00,2.806457212
1/28/2020 1:00,2.482720368
1/28/2020 2:00,2.842832581
1/28/2020 3:00,2.683303467
1/28/2020 4:00,2.426653034
1/28/2020 5:00,2.697907184
1/28/2020 6:00,2.686279662
1/28/2020 7:00,2.492529579
1/28/2020 8:00,2.83979814
1/28/2020 9:00,2.85237578
1/28/2020 10:00,2.917959999
1/28/2020 11:00,2.735202167
1/28/2020 12:00,2.673530229
1/28/2020 13:00,2.621926172
1/28/2020 14:00,2.645253389
1/28/2020 15:00,2.824532308
1/28/2020 16:00,2.889754952
1/28/2020 17:00,2.939908788
1/28/2020 18:00,2.726102193
1/28/2020 19:00,2.607997445
1/28/2020 20:00,2.902795156
1/28/2020 21:00,2.482770135
1/28/2020 22:00,2.746370389
1/28/2020 23:00,2.551180795
1/29/2020 0:00,2.496815117
1/29/2020 1:00,2.561866558
1/29/2020 2:00,2.570491356
1/29/2020 3:00,2.681014991
1/29/2020 4:00,2.507607197
1/29/2020 5:00,2.594094806
1/29/2020 6:00,2.918413125
1/29/2020 7:00,2.799137052
1/29/2020 8:00,2.609897741
1/29/2020 9:00,2.685664887
1/29/2020 10:00,2.576934966
1/29/2020 11:00,2.457791574
1/29/2020 12:00,2.8814973
1/29/2020 13:00,2.601489921
1/29/2020 14:00,2.51327017
1/29/2020 15:00,2.540749265
1/29/2020 16:00,2.763289649
1/29/2020 17:00,2.785252146
1/29/2020 18:00,2.698389223
1/29/2020 19:00,2.850120974
1/29/2020 20:00,2.858388274
1/29/2020 21:00,2.544413373
1/29/2020 22:00,2.766297899
1/29/2020 23:00,2.539030294
1/30/2020 0:00,2.581127456
1/30/2020 1:00,2.504313382
1/30/2020 2:00,2.447578032
1/30/2020 3:00,2.523834254
1/30/2020 4:00,2.707473674
1/30/2020 5:00,2.660315083
1/30/2020 6:00,2.679752081
1/30/2020 7:00,2.678803431
1/30/2020 8:00,2.488180822
1/30/2020 9:00,2.42229868
1/30/2020 10:00,2.652606462
1/30/2020 11:00,2.828758616
1/30/2020 12:00,2.663642222
1/30/2020 13:00,2.557507485
1/30/2020 14:00,2.916289834
1/30/2020 15:00,2.542865215
1/30/2020 16:00,2.430108469
1/30/2020 17:00,2.859534201
1/30/2020 18:00,2.599806449
1/30/2020 19:00,2.52868988
1/30/2020 20:00,2.64414492
1/30/2020 21:00,2.85218734
1/30/2020 22:00,2.676771825
1/30/2020 23:00,2.43754743
1/31/2020 0:00,2.878579974
1/31/2020 1:00,2.692008802
1/31/2020 2:00,2.415578358
1/31/2020 3:00,2.644501845
1/31/2020 4:00,2.580811516
1/31/2020 5:00,2.770822193
1/31/2020 6:00,2.84111749
1/31/2020 7:00,2.446081352
1/31/2020 8:00,2.606801246
1/31/2020 9:00,2.539047147
1/31/2020 10:00,2.546110069
1/31/2020 11:00,2.718365282
1/31/2020 12:00,2.574215814
1/31/2020 13:00,2.458341775
1/31/2020 14:00,2.588573412
1/31/2020 15:00,2.517600823
1/31/2020 16:00,2.593825738
1/31/2020 17:00,2.773198306
1/31/2020 18:00,2.651348641
1/31/2020 19:00,2.824786193
1/31/2020 20:00,2.731280879
1/31/2020 21:00,2.51624594
1/31/2020 22:00,2.66835681
1/31/2020 23:00,2.727110782
2/1/2020 0:00,2.450303876
2/1/2020 1:00,2.927010286
2/1/2020 2:00,2.604088611
2/1/2020 3:00,2.450863357
2/1/2020 4:00,2.442562937
2/1/2020 5:00,2.415695739
2/1/2020 6:00,2.456864949
2/1/2020 7:00,2.582544808
2/1/2020 8:00,2.484337738
2/1/2020 9:00,2.750160272
2/1/2020 10:00,2.860253792
2/1/2020 11:00,2.894984676
2/1/2020 12:00,2.456022566
2/1/2020 13:00,2.471482216
2/1/2020 14:00,2.448518349
2/1/2020 15:00,2.744901456
2/1/2020 16:00,2.566755016
2/1/2020 17:00,2.817924261
2/1/2020 18:00,2.941433132
2/1/2020 19:00,2.691380721
2/1/2020 20:00,2.885077629
2/1/2020 21:00,2.837368807
2/1/2020 22:00,2.750254834
2/1/2020 23:00,2.511893754
2/2/2020 0:00,1.771309936
2/2/2020 1:00,1.811965993
2/2/2020 2:00,2.076102617
2/2/2020 3:00,1.744272028
2/2/2020 4:00,1.966142468
2/2/2020 5:00,1.976839138
2/2/2020 6:00,1.997901309
2/2/2020 7:00,2.117778585
2/2/2020 8:00,2.655390308
2/2/2020 9:00,2.454459464
2/2/2020 10:00,2.57393575
2/2/2020 11:00,2.708925061
2/2/2020 12:00,2.841255731
2/2/2020 13:00,2.627690746
2/2/2020 14:00,2.914067811
2/2/2020 15:00,2.747193038
2/2/2020 16:00,2.704300803
2/2/2020 17:00,2.731258509
2/2/2020 18:00,2.782005938
2/2/2020 19:00,2.6629756
2/2/2020 20:00,2.90647534
2/2/2020 21:00,2.814487415
2/2/2020 22:00,2.845093349
2/2/2020 23:00,2.812595709
2/3/2020 0:00,2.664101476
2/3/2020 1:00,2.761314933
2/3/2020 2:00,2.555521433
2/3/2020 3:00,2.678787614
2/3/2020 4:00,2.440478371
2/3/2020 5:00,2.894466242
2/3/2020 6:00,2.569966903
2/3/2020 7:00,2.438225245
2/3/2020 8:00,2.734046511
2/3/2020 9:00,2.745589061
2/3/2020 10:00,2.502285958
2/3/2020 11:00,2.683755738
2/3/2020 12:00,2.899546519
2/3/2020 13:00,2.832767258
2/3/2020 14:00,2.424112156
2/3/2020 15:00,2.617717636
2/3/2020 16:00,2.838322793
2/3/2020 17:00,2.738329224
2/3/2020 18:00,2.472199367
2/3/2020 19:00,2.774468725
2/3/2020 20:00,2.913131414
2/3/2020 21:00,2.935249114
2/3/2020 22:00,2.720383064
2/3/2020 23:00,2.90594436
2/4/2020 0:00,2.940676075
2/4/2020 1:00,2.490941663
2/4/2020 2:00,2.795562857
2/4/2020 3:00,2.92802426
2/4/2020 4:00,2.944486996
2/4/2020 5:00,2.853352355
2/4/2020 6:00,2.595843381
2/4/2020 7:00,2.842395371
2/4/2020 8:00,2.856072032
2/4/2020 9:00,2.872060335
2/4/2020 10:00,2.610345653
2/4/2020 11:00,2.52236876
2/4/2020 12:00,2.690233504
2/4/2020 13:00,2.460435928
2/4/2020 14:00,2.671087164
2/4/2020 15:00,2.865072691
2/4/2020 16:00,2.78740858
2/4/2020 17:00,2.911532218
2/4/2020 18:00,2.465165665
2/4/2020 19:00,2.661161601
2/4/2020 20:00,2.775479911
2/4/2020 21:00,2.689842848
2/4/2020 22:00,2.743139075
2/4/2020 23:00,2.592003854
2/5/2020 0:00,2.72648377
2/5/2020 1:00,2.430053563
2/5/2020 2:00,2.794859338
2/5/2020 3:00,2.751293389
2/5/2020 4:00,2.69841635
2/5/2020 5:00,2.528382068
2/5/2020 6:00,2.879140501
2/5/2020 7:00,2.511949075
2/5/2020 8:00,2.725999008
2/5/2020 9:00,2.583861358
2/5/2020 10:00,2.940890463
2/5/2020 11:00,2.881440596
2/5/2020 12:00,2.66356482
2/5/2020 13:00,2.69560319
2/5/2020 14:00,2.708684054
2/5/2020 15:00,2.603593095
2/5/2020 16:00,2.641778538
2/5/2020 17:00,2.445667811
2/5/2020 18:00,2.603367474
2/5/2020 19:00,2.440161635
2/5/2020 20:00,2.682135866
2/5/2020 21:00,2.462195559
2/5/2020 22:00,2.648458995
2/5/2020 23:00,2.599849154
2/6/2020 0:00,2.622441109
2/6/2020 1:00,2.741191222
2/6/2020 2:00,2.822485935
2/6/2020 3:00,2.455962509
2/6/2020 4:00,2.469212334
2/6/2020 5:00,2.586251854
2/6/2020 6:00,2.811167551
2/6/2020 7:00,2.753015596
2/6/2020 8:00,2.894583907
2/6/2020 9:00,2.657882778
2/6/2020 10:00,2.495266379
2/6/2020 11:00,2.948054212
2/6/2020 12:00,2.736903571
2/6/2020 13:00,2.914037209
2/6/2020 14:00,2.776435396
2/6/2020 15:00,2.554918749
2/6/2020 16:00,2.539775449
2/6/2020 17:00,2.737470912
2/6/2020 18:00,2.463986826
2/6/2020 19:00,2.876330802
2/6/2020 20:00,2.501179524
2/6/2020 21:00,2.767635378
2/6/2020 22:00,2.832380968
2/6/2020 23:00,2.429286944
2/7/2020 0:00,2.892740701
2/7/2020 1:00,2.933989426
2/7/2020 2:00,2.4322019
2/7/2020 3:00,2.94032062
2/7/2020 4:00,2.752835723
2/7/2020 5:00,2.53020616
2/7/2020 6:00,2.451421093
2/7/2020 7:00,2.921276252
2/7/2020 8:00,2.718626227
2/7/2020 9:00,2.475430662
2/7/2020 10:00,2.416186561
2/7/2020 11:00,2.514870836
2/7/2020 12:00,2.86096373
2/7/2020 13:00,2.608207438
2/7/2020 14:00,2.558415048
2/7/2020 15:00,2.794630092
2/7/2020 16:00,2.814881145
2/7/2020 17:00,2.466718036
2/7/2020 18:00,2.455071803
2/7/2020 19:00,2.508523902
2/7/2020 20:00,2.531184295
2/7/2020 21:00,2.63837349
2/7/2020 22:00,2.560138877
2/7/2020 23:00,2.652293591
2/8/2020 0:00,2.569314459
2/8/2020 1:00,2.773952779
2/8/2020 2:00,2.599052798
2/8/2020 3:00,2.571413246
2/8/2020 4:00,2.58736734
2/8/2020 5:00,2.871087637
2/8/2020 6:00,2.731392994
2/8/2020 7:00,2.792831731
2/8/2020 8:00,2.586796347
2/8/2020 9:00,2.667753404
2/8/2020 10:00,2.746366816
2/8/2020 11:00,2.594024822
2/8/2020 12:00,2.712171111
2/8/2020 13:00,2.811138281
2/8/2020 14:00,2.608019316
2/8/2020 15:00,2.929637613
2/8/2020 16:00,2.785420073
2/8/2020 17:00,2.76272534
2/8/2020 18:00,2.67610587
2/8/2020 19:00,2.842493591
2/8/2020 20:00,2.810126163
2/8/2020 21:00,2.813218476
2/8/2020 22:00,2.813034385
2/8/2020 23:00,2.816367644
2/9/2020 0:00,2.468054142
2/9/2020 1:00,2.551931151
2/9/2020 2:00,2.607485629
2/9/2020 3:00,2.501246697
2/9/2020 4:00,2.912452509
2/9/2020 5:00,2.920817657
2/9/2020 6:00,2.737671534
2/9/2020 7:00,2.807860768
2/9/2020 8:00,2.881296489
2/9/2020 9:00,2.428907557
2/9/2020 10:00,2.939261147
2/9/2020 11:00,2.692703736
2/9/2020 12:00,2.548917069
2/9/2020 13:00,2.489975657
2/9/2020 14:00,2.517005307
2/9/2020 15:00,2.824806331
2/9/2020 16:00,1.691901496
2/9/2020 17:00,1.663920895
2/9/2020 18:00,1.757893358
2/9/2020 19:00,1.828243999
2/9/2020 20:00,1.630803064
2/9/2020 21:00,1.71153872
2/9/2020 22:00,1.952243287
2/9/2020 23:00,1.779004126
2/10/2020 0:00,2.876192169
2/10/2020 1:00,2.92539388
2/10/2020 2:00,2.668823862
2/10/2020 3:00,2.422415736
2/10/2020 4:00,2.824240675
2/10/2020 5:00,2.877988653
2/10/2020 6:00,2.457756577
2/10/2020 7:00,2.92209119
2/10/2020 8:00,2.43169968
2/10/2020 9:00,2.553512724
2/10/2020 10:00,2.945636747
2/10/2020 11:00,2.609669805
2/10/2020 12:00,2.899594457
2/10/2020 13:00,2.834051346
2/10/2020 14:00,2.712777786
2/10/2020 15:00,2.875602529
2/10/2020 16:00,1.936561464
2/10/2020 17:00,1.608281441
2/10/2020 18:00,1.614097056
2/10/2020 19:00,1.844325121
2/10/2020 20:00,1.732616174
2/10/2020 21:00,1.698037764
2/10/2020 22:00,2.136956836
2/10/2020 23:00,1.719098423
2/11/2020 0:00,2.851994329
2/11/2020 1:00,2.592359611
2/11/2020 2:00,2.759912324
2/11/2020 3:00,2.92410829
2/11/2020 4:00,2.583369736
2/11/2020 5:00,2.753924067
2/11/2020 6:00,2.570514763
2/11/2020 7:00,2.428554759
2/11/2020 8:00,2.739961878
2/11/2020 9:00,2.850768108
2/11/2020 10:00,2.768270482
2/11/2020 11:00,2.413998571
2/11/2020 12:00,2.662092749
2/11/2020 13:00,2.856550936
2/11/2020 14:00,2.603357599
2/11/2020 15:00,2.565824716
2/11/2020 16:00,2.654498858
2/11/2020 17:00,2.418011183
2/11/2020 18:00,2.74966803
2/11/2020 19:00,2.426038661
2/11/2020 20:00,2.630773292
2/11/2020 21:00,2.505962293
2/11/2020 22:00,2.498051711
2/11/2020 23:00,2.934750613
2/12/2020 0:00,2.649634379
2/12/2020 1:00,2.75365781
2/12/2020 2:00,2.702559346
2/12/2020 3:00,2.801110195
2/12/2020 4:00,2.765879388
2/12/2020 5:00,2.785680947
2/12/2020 6:00,2.454273007
2/12/2020 7:00,2.417550432
2/12/2020 8:00,2.704405518
2/12/2020 9:00,2.860231905
2/12/2020 10:00,2.521416712
2/12/2020 11:00,2.441598174
2/12/2020 12:00,2.560819619
2/12/2020 13:00,2.733930747
2/12/2020 14:00,2.580227137
2/12/2020 15:00,2.518938714
2/12/2020 16:00,2.947517987
2/12/2020 17:00,2.463547513
2/12/2020 18:00,2.878747601
2/12/2020 19:00,2.839910003
2/12/2020 20:00,2.499393446
2/12/2020 21:00,2.58087982
2/12/2020 22:00,2.666229633
2/12/2020 23:00,2.668150889
2/13/2020 0:00,2.902629102
2/13/2020 1:00,2.812300839
2/13/2020 2:00,2.926711937
2/13/2020 3:00,2.859952678
2/13/2020 4:00,2.54125395
2/13/2020 5:00,2.425789662
2/13/2020 6:00,2.907952546
2/13/2020 7:00,2.518736391
2/13/2020 8:00,2.557626702
2/13/2020 9:00,2.909450324
2/13/2020 10:00,2.945307511
2/13/2020 11:00,2.940343242
2/13/2020 12:00,2.876681368
2/13/2020 13:00,2.702358135
2/13/2020 14:00,2.71736024
2/13/2020 15:00,2.834308681
2/13/2020 16:00,2.894048873
2/13/2020 17:00,2.844307608
2/13/2020 18:00,2.766759818
2/13/2020 19:00,2.67792931
2/13/2020 20:00,2.638127043
2/13/2020 21:00,2.798657909
2/13/2020 22:00,2.904784115
2/13/2020 23:00,2.45291456
2/14/2020 0:00,2.557562134
2/14/2020 1:00,2.938491272
2/14/2020 2:00,2.770267854
2/14/2020 3:00,2.617840282
2/14/2020 4:00,2.541354864
2/14/2020 5:00,2.885925011
2/14/2020 6:00,2.818685724
2/14/2020 7:00,2.528656826
2/14/2020 8:00,2.740790668
2/14/2020 9:00,2.74379117
2/14/2020 10:00,2.493751504
2/14/2020 11:00,2.790549897
2/14/2020 12:00,2.662810336
2/14/2020 13:00,2.58685245
2/14/2020 14:00,2.730239368
2/14/2020 15:00,2.454570216
2/14/2020 16:00,2.925617733
2/14/2020 17:00,2.471798847
2/14/2020 18:00,2.803047968
2/14/2020 19:00,2.467228387
2/14/2020 20:00,2.423793186
2/14/2020 21:00,2.694302763
2/14/2020 22:00,2.517958153
2/14/2020 23:00,2.474448473
2/15/2020 0:00,2.457271516
2/15/2020 1:00,2.878417225
2/15/2020 2:00,2.598483487
2/15/2020 3:00,2.712259052
2/15/2020 4:00,2.844898761
2/15/2020 5:00,2.821751534
2/15/2020 6:00,2.842551014
2/15/2020 7:00,2.544372204
2/15/2020 8:00,1.786528812
2/15/2020 9:00,1.94899339
2/15/2020 10:00,1.957451758
2/15/2020 11:00,1.780602568
2/15/2020 12:00,1.642951564
2/15/2020 13:00,2.016355837
2/15/2020 14:00,1.697283078
2/15/2020 15:00,1.934688072
2/15/2020 16:00,2.90670101
2/15/2020 17:00,2.685393288
2/15/2020 18:00,2.678849987
2/15/2020 19:00,2.444448612
2/15/2020 20:00,2.918209641
2/15/2020 21:00,2.697551768
2/15/2020 22:00,2.857119656
2/15/2020 23:00,2.947995615
2/16/2020 0:00,2.777566056
2/16/2020 1:00,2.881630624
2/16/2020 2:00,2.620753337
2/16/2020 3:00,2.685827631
2/16/2020 4:00,2.72256812
2/16/2020 5:00,2.544371981
2/16/2020 6:00,2.89807135
2/16/2020 7:00,2.530014375
2/16/2020 8:00,2.477827543
2/16/2020 9:00,2.727928498
2/16/2020 10:00,2.85195881
2/16/2020 11:00,2.631262263
2/16/2020 12:00,2.453876131
2/16/2020 13:00,2.925906866
2/16/2020 14:00,2.77950044
2/16/2020 15:00,2.52544197
2/16/2020 16:00,2.74497065
2/16/2020 17:00,2.838970356
2/16/2020 18:00,2.437508183
2/16/2020 19:00,2.743648675
2/16/2020 20:00,2.835881372
2/16/2020 21:00,2.498882536
2/16/2020 22:00,2.833576753
2/16/2020 23:00,2.428932339
2/17/2020 0:00,2.701814487
2/17/2020 1:00,2.840332323
2/17/2020 2:00,2.931404725
2/17/2020 3:00,2.708640173
2/17/2020 4:00,2.678027598
2/17/2020 5:00,2.867669514
2/17/2020 6:00,2.696840506
2/17/2020 7:00,2.517564654
2/17/2020 8:00,2.717063547
2/17/2020 9:00,2.457844245
2/17/2020 10:00,2.589911348
2/17/2020 11:00,2.519189357
2/17/2020 12:00,2.784943035
2/17/2020 13:00,2.862581497
2/17/2020 14:00,2.545395208
2/17/2020 15:00,2.755932248
2/17/2020 16:00,2.8880983
2/17/2020 17:00,2.789054186
2/17/2020 18:00,2.70432755
2/17/2020 19:00,2.684105939
2/17/2020 20:00,2.682517104
2/17/2020 21:00,2.545680318
2/17/2020 22:00,2.601511442
2/17/2020 23:00,2.921157259
2/18/2020 0:00,2.920325803
2/18/2020 1:00,2.924954519
2/18/2020 2:00,2.594586397
2/18/2020 3:00,2.495858251
2/18/2020 4:00,2.583888002
2/18/2020 5:00,2.944183512
2/18/2020 6:00,2.793926055
2/18/2020 7:00,2.798562291
2/18/2020 8:00,2.743279074
2/18/2020 9:00,2.898765212
2/18/2020 10:00,2.455990246
2/18/2020 11:00,2.762354189
2/18/2020 12:00,2.541643566
2/18/2020 13:00,2.677858832
2/18/2020 14:00,2.678625569
2/18/2020 15:00,2.822967071
2/18/2020 16:00,2.928983082
2/18/2020 17:00,2.7885499
2/18/2020 18:00,2.514997512
2/18/2020 19:00,2.749761618
2/18/2020 20:00,2.557931856
2/18/2020 21:00,2.713412886
2/18/2020 22:00,2.479143385
2/18/2020 23:00,2.74901237
2/19/2020 0:00,2.703647621
2/19/2020 1:00,2.424781619
2/19/2020 2:00,2.592380857
2/19/2020 3:00,2.778736937
2/19/2020 4:00,2.516917211
2/19/2020 5:00,2.727814908
2/19/2020 6:00,2.701853206
2/19/2020 7:00,2.75674272
2/19/2020 8:00,2.656617074
2/19/2020 9:00,2.923248211
2/19/2020 10:00,2.507190737
2/19/2020 11:00,2.883219362
2/19/2020 12:00,2.502087071
2/19/2020 13:00,2.65389374
2/19/2020 14:00,2.791116254
2/19/2020 15:00,2.470439565
2/19/2020 16:00,2.598903576
2/19/2020 17:00,2.828375369
2/19/2020 18:00,2.429971805
2/19/2020 19:00,2.619189513
2/19/2020 20:00,2.817313233
2/19/2020 21:00,2.702409972
2/19/2020 22:00,2.564778904
2/19/2020 23:00,2.453518294
2/20/2020 0:00,2.937858115
2/20/2020 1:00,2.869688247
2/20/2020 2:00,2.588567722
2/20/2020 3:00,2.897807199
2/20/2020 4:00,2.530707591
2/20/2020 5:00,2.426618623
2/20/2020 6:00,2.687672144
2/20/2020 7:00,2.597013094
2/20/2020 8:00,2.879473476
2/20/2020 9:00,2.792920533
2/20/2020 10:00,2.674618883
2/20/2020 11:00,2.564980128
2/20/2020 12:00,2.503305386
2/20/2020 13:00,2.452526359
2/20/2020 14:00,2.79770123
2/20/2020 15:00,2.703083449
2/20/2020 16:00,2.475129147
2/20/2020 17:00,2.680028393
2/20/2020 18:00,2.874644471
2/20/2020 19:00,2.845728648
2/20/2020 20:00,2.647303489
2/20/2020 21:00,2.757283007
2/20/2020 22:00,2.72854907
2/20/2020 23:00,2.520674639
2/21/2020 0:00,2.695102334
2/21/2020 1:00,2.723376669
2/21/2020 2:00,2.706322836
2/21/2020 3:00,2.501225102
2/21/2020 4:00,2.528592169
2/21/2020 5:00,2.735552163
2/21/2020 6:00,2.413680425
2/21/2020 7:00,2.475703582
2/21/2020 8:00,2.579185862
2/21/2020 9:00,2.822258193
2/21/2020 10:00,2.744597856
2/21/2020 11:00,2.694897282
2/21/2020 12:00,2.549784285
2/21/2020 13:00,2.635599934
2/21/2020 14:00,2.501034724
2/21/2020 15:00,2.810210885
2/21/2020 16:00,2.764080539
2/21/2020 17:00,2.516234279
2/21/2020 18:00,2.471558452
2/21/2020 19:00,2.457134868
2/21/2020 20:00,2.829231134
2/21/2020 21:00,2.532728028
2/21/2020 22:00,2.637602058
2/21/2020 23:00,2.795996549
2/22/2020 0:00,2.786959807
2/22/2020 1:00,2.940081233
2/22/2020 2:00,2.534596852
2/22/2020 3:00,2.647801867
2/22/2020 4:00,2.412586809
2/22/2020 5:00,2.464557709
2/22/2020 6:00,2.543710712
2/22/2020 7:00,2.531289171
2/22/2020 8:00,2.60731084
2/22/2020 9:00,2.764434282
2/22/2020 10:00,2.803376068
2/22/2020 11:00,2.665423291
2/22/2020 12:00,2.861701841
2/22/2020 13:00,2.699747583
2/22/2020 14:00,2.710168203
2/22/2020 15:00,2.563685753
2/22/2020 16:00,2.858920508
2/22/2020 17:00,2.556365157
2/22/2020 18:00,2.697624748
2/22/2020 19:00,2.801919658
2/22/2020 20:00,2.572683316
2/22/2020 21:00,2.580741642
2/22/2020 22:00,2.585447326
2/22/2020 23:00,2.627734113
2/23/2020 0:00,2.92507393
2/23/2020 1:00,2.664562763
2/23/2020 2:00,2.651299739
2/23/2020 3:00,2.59026518
2/23/2020 4:00,2.483241638
2/23/2020 5:00,2.885546931
2/23/2020 6:00,2.808949172
2/23/2020 7:00,2.867010343
2/23/2020 8:00,2.631249114
2/23/2020 9:00,2.560093486
2/23/2020 10:00,2.424004755
2/23/2020 11:00,2.756239172
2/23/2020 12:00,2.650483565
2/23/2020 13:00,2.608486416
2/23/2020 14:00,2.654933099
2/23/2020 15:00,2.916427285
2/23/2020 16:00,2.673561531
2/23/2020 17:00,2.800745968
2/23/2020 18:00,2.942105238
2/23/2020 19:00,2.804695251
2/23/2020 20:00,2.661656905
2/23/2020 21:00,2.484478862
2/23/2020 22:00,2.489945547
2/23/2020 23:00,2.536799307
2/24/2020 0:00,2.74648092
2/24/2020 1:00,2.489272217
2/24/2020 2:00,2.835082649
2/24/2020 3:00,2.595892963
2/24/2020 4:00,2.730641227
2/24/2020 5:00,2.946319771
2/24/2020 6:00,2.781022567
2/24/2020 7:00,2.925403736
2/24/2020 8:00,2.860324488
2/24/2020 9:00,2.602358806
2/24/2020 10:00,2.68046307
2/24/2020 11:00,2.762250561
2/24/2020 12:00,2.924509222
2/24/2020 13:00,2.912982904
2/24/2020 14:00,2.941315422
2/24/2020 15:00,2.658320061
2/24/2020 16:00,2.934776372
2/24/2020 17:00,2.56034176
2/24/2020 18:00,2.72951078
2/24/2020 19:00,2.530368911
2/24/2020 20:00,2.593582809
2/24/2020 21:00,2.55371677
2/24/2020 22:00,2.415564792
2/24/2020 23:00,2.689293875
2/25/2020 0:00,2.821894116
2/25/2020 1:00,2.630962785
2/25/2020 2:00,2.802729831
2/25/2020 3:00,2.921150897
2/25/2020 4:00,2.864098727
2/25/2020 5:00,2.772970992
2/25/2020 6:00,2.444522766
2/25/2020 7:00,2.856728333
2/25/2020 8:00,2.454059057
2/25/2020 9:00,2.600635087
2/25/2020 10:00,2.61090627
2/25/2020 11:00,2.667610478
2/25/2020 12:00,2.903014263
2/25/2020 13:00,2.617951315
2/25/2020 14:00,2.926661545
2/25/2020 15:00,2.772230717
2/25/2020 16:00,2.513094556
2/25/2020 17:00,2.888187764
2/25/2020 18:00,2.926447584
2/25/2020 19:00,2.900137146
2/25/2020 20:00,2.454552373
2/25/2020 21:00,2.527068479
2/25/2020 22:00,2.933434842
2/25/2020 23:00,2.945151179
2/26/2020 0:00,2.744749091
2/26/2020 1:00,2.819096423
2/26/2020 2:00,2.849490193
2/26/2020 3:00,2.689656509
2/26/2020 4:00,2.64753752
2/26/2020 5:00,2.660400503
2/26/2020 6:00,2.881955494
2/26/2020 7:00,2.593226015
2/26/2020 8:00,2.031946896
2/26/2020 9:00,1.974645408
2/26/2020 10:00,1.925265183
2/26/2020 11:00,1.650422035
2/26/2020 12:00,1.998519896
2/26/2020 13:00,1.866590494
2/26/2020 14:00,1.70650424
2/26/2020 15:00,1.765765105
2/26/2020 16:00,2.809423996
2/26/2020 17:00,2.497281613
2/26/2020 18:00,2.484835787
2/26/2020 19:00,2.814886166
2/26/2020 20:00,2.769330704
2/26/2020 21:00,2.816597988
2/26/2020 22:00,2.781621297
2/26/2020 23:00,2.673936526
2/27/2020 0:00,2.05651839
2/27/2020 1:00,1.771818663
2/27/2020 2:00,2.079865585
2/27/2020 3:00,1.909680908
2/27/2020 4:00,2.09015965
2/27/2020 5:00,1.777887964
2/27/2020 6:00,1.634234163
2/27/2020 7:00,1.774903265
2/27/2020 8:00,2.618339269
2/27/2020 9:00,2.661714118
2/27/2020 10:00,2.56424715
2/27/2020 11:00,2.58852208
2/27/2020 12:00,2.941928895
2/27/2020 13:00,2.517684479
2/27/2020 14:00,2.719754752
2/27/2020 15:00,2.544771314
2/27/2020 16:00,2.489806463
2/27/2020 17:00,2.468201358
2/27/2020 18:00,2.473386981
2/27/2020 19:00,2.63400673
2/27/2020 20:00,2.734679098
2/27/2020 21:00,2.467267524
2/27/2020 22:00,2.760711577
2/27/2020 23:00,2.432509601
2/28/2020 0:00,2.886164891
2/28/2020 1:00,2.908972693
2/28/2020 2:00,2.757676464
2/28/2020 3:00,2.558138048
2/28/2020 4:00,2.867316131
2/28/2020 5:00,2.88999491
2/28/2020 6:00,2.598820889
2/28/2020 7:00,2.447337685
2/28/2020 8:00,2.726285996
2/28/2020 9:00,2.640752016
2/28/2020 10:00,2.888615349
2/28/2020 11:00,2.495275679
2/28/2020 12:00,2.756281664
2/28/2020 13:00,2.640840038
2/28/2020 14:00,2.781148159
2/28/2020 15:00,2.874905443
2/28/2020 16:00,2.889314391
2/28/2020 17:00,2.647057445
2/28/2020 18:00,2.813397212
2/28/2020 19:00,2.638616739
2/28/2020 20:00,2.84969331
2/28/2020 21:00,2.475422302
2/28/2020 22:00,2.625727707
2/28/2020 23:00,2.624944819
2/29/2020 0:00,2.729024044
2/29/2020 1:00,2.718830788
2/29/2020 2:00,2.740299466
2/29/2020 3:00,2.500399389
2/29/2020 4:00,2.593636996
2/29/2020 5:00,2.621009787
2/29/2020 6:00,2.821206455
2/29/2020 7:00,2.543887093
2/29/2020 8:00,2.498116037
2/29/2020 9:00,2.429455789
2/29/2020 10:00,2.599490556
2/29/2020 11:00,2.808248163
2/29/2020 12:00,2.451066539
2/29/2020 13:00,2.804674919
2/29/2020 14:00,2.583089595
2/29/2020 15:00,2.940289134
2/29/2020 16:00,2.555690417
2/29/2020 17:00,2.762016685
2/29/2020 18:00,2.723508174
2/29/2020 19:00,2.591114912
2/29/2020 20:00,2.864168363
2/29/2020 21:00,2.615273259
2/29/2020 22:00,2.815271085
2/29/2020 23:00,2.599493208
3/1/2020 0:00,2.597920397
3/1/2020 1:00,2.915543576
3/1/2020 2:00,2.76995157
3/1/2020 3:00,2.414366891
3/1/2020 4:00,2.779861204
3/1/2020 5:00,2.896299363
3/1/2020 6:00,2.441061586
3/1/2020 7:00,2.603745627
3/1/2020 8:00,2.785633345
3/1/2020 9:00,2.691803036
3/1/2020 10:00,2.724557142
3/1/2020 11:00,2.452108373
3/1/2020 12:00,2.486325883
3/1/2020 13:00,2.843289603
3/1/2020 14:00,2.654091267
3/1/2020 15:00,2.466080703
3/1/2020 16:00,2.488112151
3/1/2020 17:00,2.576097364
3/1/2020 18:00,2.795377059
3/1/2020 19:00,2.779731813
3/1/2020 20:00,2.427308195
3/1/2020 21:00,2.848293841
3/1/2020 22:00,2.814748166
3/1/2020 23:00,2.871050693
3/2/2020 0:00,2.702784355
3/2/2020 1:00,2.761123106
3/2/2020 2:00,2.504345167
3/2/2020 3:00,2.670487384
3/2/2020 4:00,2.610454
3/2/2020 5:00,2.91993713
3/2/2020 6:00,2.679928522
3/2/2020 7:00,2.77382938
3/2/2020 8:00,2.470254176
3/2/2020 9:00,2.708895988
3/2/2020 10:00,2.612774781
3/2/2020 11:00,2.846998448
3/2/2020 12:00,2.863590241
3/2/2020 13:00,2.87013216
3/2/2020 14:00,2.89455386
3/2/2020 15:00,2.898792597
3/2/2020 16:00,2.676620106
3/2/2020 17:00,2.538718268
3/2/2020 18:00,2.430815698
3/2/2020 19:00,2.569028395
3/2/2020 20:00,2.916970967
3/2/2020 21:00,2.593026879
3/2/2020 22:00,2.471563535
3/2/2020 23:00,2.940108345
3/3/2020 0:00,2.56919853
3/3/2020 1:00,2.510488609
3/3/2020 2:00,2.564882354
3/3/2020 3:00,2.698908797
3/3/2020 4:00,2.621997949
3/3/2020 5:00,2.714668775
3/3/2020 6:00,2.834278004
3/3/2020 7:00,2.596918077
3/3/2020 8:00,2.607579517
3/3/2020 9:00,2.659407764
3/3/2020 10:00,2.787917607
3/3/2020 11:00,2.652988774
3/3/2020 12:00,2.540802047
3/3/2020 13:00,2.541961856
3/3/2020 14:00,2.874456454
3/3/2020 15:00,2.824352036
3/3/2020 16:00,2.589936824
3/3/2020 17:00,2.680136971
3/3/2020 18:00,2.49504648
3/3/2020 19:00,2.653659424
3/3/2020 20:00,2.89082212
3/3/2020 21:00,2.651674723
3/3/2020 22:00,2.90694314
3/3/2020 23:00,2.937564716
3/4/2020 0:00,2.688761753
3/4/2020 1:00,2.522286614
3/4/2020 2:00,2.525922536
3/4/2020 3:00,2.908123332
3/4/2020 4:00,2.607723002
3/4/2020 5:00,2.846402078
3/4/2020 6:00,2.87379486
3/4/2020 7:00,2.580301549
3/4/2020 8:00,2.515266652
3/4/2020 9:00,2.625659907
3/4/2020 10:00,2.52686797
3/4/2020 11:00,2.86399294
3/4/2020 12:00,2.670161659
3/4/2020 13:00,2.936659122
3/4/2020 14:00,2.570126685
3/4/2020 15:00,2.895007222
3/4/2020 16:00,2.448097701
3/4/2020 17:00,2.816971223
3/4/2020 18:00,2.685216708
3/4/2020 19:00,2.711917589
3/4/2020 20:00,2.838922063
3/4/2020 21:00,2.671136956
3/4/2020 22:00,2.872432483
3/4/2020 23:00,2.780480363
3/5/2020 0:00,2.60382253
3/5/2020 1:00,2.672943792
3/5/2020 2:00,2.675567123
3/5/2020 3:00,2.792316573
3/5/2020 4:00,2.896985755
3/5/2020 5:00,2.626636209
3/5/2020 6:00,2.539336033
3/5/2020 7:00,2.748740599
3/5/2020 8:00,2.778362772
3/5/2020 9:00,2.920290424
3/5/2020 10:00,2.715499225
3/5/2020 11:00,2.849143172
3/5/2020 12:00,2.789275007
3/5/2020 13:00,2.686265615
3/5/2020 14:00,2.770065887
3/5/2020 15:00,2.412175419
3/5/2020 16:00,2.669689101
3/5/2020 17:00,2.55526242
3/5/2020 18:00,2.428586531
3/5/2020 19:00,2.692365074
3/5/2020 20:00,2.845674288
3/5/2020 21:00,2.697572927
3/5/2020 22:00,2.459735034
3/5/2020 23:00,2.673655968
3/6/2020 0:00,2.478958623
3/6/2020 1:00,2.671231106
3/6/2020 2:00,2.918682138
3/6/2020 3:00,2.739440452
3/6/2020 4:00,2.477283908
3/6/2020 5:00,2.469116314
3/6/2020 6:00,2.503746842
3/6/2020 7:00,2.789716722
3/6/2020 8:00,2.493934632
3/6/2020 9:00,2.564399766
3/6/2020 10:00,2.900932048
3/6/2020 11:00,2.875844481
3/6/2020 12:00,2.658111649
3/6/2020 13:00,2.831618568
3/6/2020 14:00,2.905044627
3/6/2020 15:00,2.784291418
3/6/2020 16:00,2.715065761
3/6/2020 17:00,2.852465225
3/6/2020 18:00,2.854311324
3/6/2020 19:00,2.418756312
3/6/2020 20:00,2.561635833
3/6/2020 21:00,2.885566736
3/6/2020 22:00,2.521965034
3/6/2020 23:00,2.516771702
3/7/2020 0:00,2.467579053
3/7/2020 1:00,2.896939254
3/7/2020 2:00,2.605265024
3/7/2020 3:00,2.730709925
3/7/2020 4:00,2.466299234
3/7/2020 5:00,2.491990321
3/7/2020 6:00,2.883329361
3/7/2020 7:00,2.819032273
3/7/2020 8:00,2.68086531
3/7/2020 9:00,2.939238199
3/7/2020 10:00,2.705220207
3/7/2020 11:00,2.564924988
3/7/2020 12:00,2.804215024
3/7/2020 13:00,2.640333904
3/7/2020 14:00,2.445341075
3/7/2020 15:00,2.82930125
3/7/2020 16:00,2.860461679
3/7/2020 17:00,2.614020407
3/7/2020 18:00,2.714832154
3/7/2020 19:00,2.865269467
3/7/2020 20:00,2.899502121
3/7/2020 21:00,2.706608737
3/7/2020 22:00,2.903390299
3/7/2020 23:00,2.50822909
3/8/2020 0:00,2.615628509
3/8/2020 1:00,2.564060871
3/8/2020 2:00,2.506083631
3/8/2020 3:00,2.542738151
3/8/2020 4:00,2.855178319
3/8/2020 5:00,2.66467932
3/8/2020 6:00,2.524421177
3/8/2020 7:00,2.693381487
3/8/2020 8:00,2.538514466
3/8/2020 9:00,2.597441217
3/8/2020 10:00,2.441516277
3/8/2020 11:00,2.517575004
3/8/2020 12:00,2.768887617
3/8/2020 13:00,2.760576447
3/8/2020 14:00,2.93206248
3/8/2020 15:00,2.476621091
3/8/2020 16:00,2.499491458
3/8/2020 17:00,2.592115454
3/8/2020 18:00,2.897823076
3/8/2020 19:00,2.668194479
3/8/2020 20:00,2.872814848
3/8/2020 21:00,2.584901675
3/8/2020 22:00,2.428097237
3/8/2020 23:00,2.491950024
3/9/2020 0:00,1.832123682
3/9/2020 1:00,2.106638291
3/9/2020 2:00,2.055373851
3/9/2020 3:00,2.131545844
3/9/2020 4:00,2.094387556
3/9/2020 5:00,2.126403002
3/9/2020 6:00,1.92140039
3/9/2020 7:00,1.839653976
3/9/2020 8:00,2.925621099
3/9/2020 9:00,2.572726073
3/9/2020 10:00,2.810714674
3/9/2020 11:00,2.530973759
3/9/2020 12:00,2.464667132
3/9/2020 13:00,2.694867006
3/9/2020 14:00,2.684951121
3/9/2020 15:00,2.694817443
3/9/2020 16:00,2.936111499
3/9/2020 17:00,2.527193916
3/9/2020 18:00,2.5841718
3/9/2020 19:00,2.884858118
3/9/2020 20:00,2.602139726
3/9/2020 21:00,2.41382361
3/9/2020 22:00,2.884703986
3/9/2020 23:00,2.603827325
3/10/2020 0:00,2.71210663
3/10/2020 1:00,2.619036668
3/10/2020 2:00,2.438590877
3/10/2020 3:00,2.811852051
3/10/2020 4:00,2.488667328
3/10/2020 5:00,2.877428839
3/10/2020 6:00,2.844917581
3/10/2020 7:00,2.666642806
3/10/2020 8:00,2.876376844
3/10/2020 9:00,2.930708786
3/10/2020 10:00,2.735864325
3/10/2020 11:00,2.729175395
3/10/2020 12:00,2.664479774
3/10/2020 13:00,2.715280599
3/10/2020 14:00,2.742681186
3/10/2020 15:00,2.944053659
3/10/2020 16:00,2.083310231
3/10/2020 17:00,1.837705149
3/10/2020 18:00,1.971140303
3/10/2020 19:00,1.647428672
3/10/2020 20:00,2.014511056
3/10/2020 21:00,1.770384569
3/10/2020 22:00,2.012931639
3/10/2020 23:00,1.706551172
3/11/2020 0:00,2.633470869
3/11/2020 1:00,2.854990559
3/11/2020 2:00,2.794641726
3/11/2020 3:00,2.827575376
3/11/2020 4:00,2.711055732
3/11/2020 5:00,2.442814622
3/11/2020 6:00,2.52299974
3/11/2020 7:00,2.500951901
3/11/2020 8:00,2.86975647
3/11/2020 9:00,2.932246787
3/11/2020 10:00,2.574263337
3/11/2020 11:00,2.943933828
3/11/2020 12:00,2.828762908
3/11/2020 13:00,2.941497054
3/11/2020 14:00,2.905857477
3/11/2020 15:00,2.638442264
3/11/2020 16:00,2.689557136
3/11/2020 17:00,2.493000612
3/11/2020 18:00,2.480962275
3/11/2020 19:00,2.828817273
3/11/2020 20:00,2.522367936
3/11/2020 21:00,2.87755933
3/11/2020 22:00,2.749150763
3/11/2020 23:00,2.900139937
3/12/2020 0:00,2.866988239
3/12/2020 1:00,2.819451844
3/12/2020 2:00,2.548578082
3/12/2020 3:00,2.891728194
3/12/2020 4:00,2.738838903
3/12/2020 5:00,2.589351248
3/12/2020 6:00,2.717251336
3/12/2020 7:00,2.507961064
3/12/2020 8:00,2.552696416
3/12/2020 9:00,2.597665454
3/12/2020 10:00,2.839195813
3/12/2020 11:00,2.548864343
3/12/2020 12:00,2.519737303
3/12/2020 13:00,2.806296823
3/12/2020 14:00,2.435668181
3/12/2020 15:00,2.424194518
3/12/2020 16:00,2.416418105
3/12/2020 17:00,2.924878953
3/12/2020 18:00,2.764311731
3/12/2020 19:00,2.521358884
3/12/2020 20:00,2.638296986
3/12/2020 21:00,2.858678961
3/12/2020 22:00,2.421240131
3/12/2020 23:00,2.827549475
3/13/2020 0:00,2.456734269
3/13/2020 1:00,2.434520914
3/13/2020 2:00,2.600099807
3/13/2020 3:00,2.72052452
3/13/2020 4:00,2.605601431
3/13/2020 5:00,2.741244374
3/13/2020 6:00,2.415538027
3/13/2020 7:00,2.762792116
3/13/2020 8:00,2.783500836
3/13/2020 9:00,2.606810123
3/13/2020 10:00,2.463925576
3/13/2020 11:00,2.941552598
3/13/2020 12:00,2.934276419
3/13/2020 13:00,2.509012314
3/13/2020 14:00,2.518994584
3/13/2020 15:00,2.784640748
3/13/2020 16:00,2.638234715
3/13/2020 17:00,2.436898757
3/13/2020 18:00,2.667558006
3/13/2020 19:00,2.528362361
3/13/2020 20:00,2.591179029
3/13/2020 21:00,2.81908209
3/13/2020 22:00,2.79176331
3/13/2020 23:00,2.414622485
3/14/2020 0:00,2.550652002
3/14/2020 1:00,2.765525737
3/14/2020 2:00,2.462165851
3/14/2020 3:00,2.703322746
3/14/2020 4:00,2.569826278
3/14/2020 5:00,2.495872009
3/14/2020 6:00,2.518918907
3/14/2020 7:00,2.525962329
3/14/2020 8:00,2.855726362
3/14/2020 9:00,2.651349841
3/14/2020 10:00,2.847184286
3/14/2020 11:00,2.598905346
3/14/2020 12:00,2.774761229
3/14/2020 13:00,2.549379107
3/14/2020 14:00,2.50889813
3/14/2020 15:00,2.637785071
3/14/2020 16:00,2.443632537
3/14/2020 17:00,2.931111488
3/14/2020 18:00,2.605465757
3/14/2020 19:00,2.41825085
3/14/2020 20:00,2.78622032
3/14/2020 21:00,2.935466535
3/14/2020 22:00,2.57373172
3/14/2020 23:00,2.561020118
3/15/2020 0:00,2.714617497
3/15/2020 1:00,2.655205399
3/15/2020 2:00,2.794513524
3/15/2020 3:00,2.514146638
3/15/2020 4:00,2.783990696
3/15/2020 5:00,2.759144907
3/15/2020 6:00,2.908854921
3/15/2020 7:00,2.929167224
3/15/2020 8:00,2.667662386
3/15/2020 9:00,2.647973716
3/15/2020 10:00,2.589391301
3/15/2020 11:00,2.678643709
3/15/2020 12:00,2.910044648
3/15/2020 13:00,2.803684231
3/15/2020 14:00,2.853719988
3/15/2020 15:00,2.579060134
3/15/2020 16:00,2.685685435
3/15/2020 17:00,2.474357688
3/15/2020 18:00,2.735701028
3/15/2020 19:00,2.780507223
3/15/2020 20:00,2.604864782
3/15/2020 21:00,2.444025554
3/15/2020 22:00,2.788131807
3/15/2020 23:00,2.612797114
3/16/2020 0:00,1.65994367
3/16/2020 1:00,1.614016162
3/16/2020 2:00,1.704807948
3/16/2020 3:00,1.880543709
3/16/2020 4:00,1.951231203
3/16/2020 5:00,2.123485788
3/16/2020 6:00,1.993303575
3/16/2020 7:00,1.853533767
3/16/2020 8:00,2.877328679
3/16/2020 9:00,2.54343325
3/16/2020 10:00,2.719625682
3/16/2020 11:00,2.918565657
3/16/2020 12:00,2.776611424
3/16/2020 13:00,2.877046262
3/16/2020 14:00,2.524509349
3/16/2020 15:00,2.53875881
3/16/2020 16:00,2.92580438
3/16/2020 17:00,2.756156401
3/16/2020 18:00,2.632937508
3/16/2020 19:00,2.941571804
3/16/2020 20:00,2.932055669
3/16/2020 21:00,2.938715831
3/16/2020 22:00,2.663492601
3/16/2020 23:00,2.577837411
3/17/2020 0:00,2.690440617
3/17/2020 1:00,2.624816143
3/17/2020 2:00,2.429016145
3/17/2020 3:00,2.889157616
3/17/2020 4:00,2.688687746
3/17/2020 5:00,2.621767608
3/17/2020 6:00,2.636184977
3/17/2020 7:00,2.767962227
3/17/2020 8:00,2.753570324
3/17/2020 9:00,2.693119878
3/17/2020 10:00,2.924917976
3/17/2020 11:00,2.469492073
3/17/2020 12:00,2.48522397
3/17/2020 13:00,2.717277917
3/17/2020 14:00,2.417934569
3/17/2020 15:00,2.46407828
3/17/2020 16:00,2.426343238
3/17/2020 17:00,2.648729959
3/17/2020 18:00,2.934903844
3/17/2020 19:00,2.440736735
3/17/2020 20:00,2.637624538
3/17/2020 21:00,2.860923722
3/17/2020 22:00,2.513424822
3/17/2020 23:00,2.642982304
3/18/2020 0:00,2.666216683
3/18/2020 1:00,2.823185379
3/18/2020 2:00,2.783914481
3/18/2020 3:00,2.755774616
3/18/2020 4:00,2.689002783
3/18/2020 5:00,2.787916872
3/18/2020 6:00,2.726543662
3/18/2020 7:00,2.867472021
3/18/2020 8:00,2.893766897
3/18/2020 9:00,2.87409234
3/18/2020 10:00,2.817213713
3/18/2020 11:00,2.46364307
3/18/2020 12:00,2.889902955
3/18/2020 13:00,2.433770114
3/18/2020 14:00,2.781677337
3/18/2020 15:00,2.894739663
3/18/2020 16:00,2.645079203
3/18/2020 17:00,2.804250041
3/18/2020 18:00,2.780117451
3/18/2020 19:00,2.521624421
3/18/2020 20:00,2.533622692
3/18/2020 21:00,2.600474213
3/18/2020 22:00,2.671446852
3/18/2020 23:00,2.586160371
3/19/2020 0:00,2.526437271
3/19/2020 1:00,2.838722583
3/19/2020 2:00,2.491247707
3/19/2020 3:00,2.592617127
3/19/2020 4:00,2.511961447
3/19/2020 5:00,2.665936585
3/19/2020 6:00,2.886298905
3/19/2020 7:00,2.750060765
3/19/2020 8:00,2.597649194
3/19/2020 9:00,2.683514141
3/19/2020 10:00,2.572841612
3/19/2020 11:00,2.687272811
3/19/2020 12:00,2.4754004
3/19/2020 13:00,2.453605237
3/19/2020 14:00,2.859675323
3/19/2020 15:00,2.547864507
3/19/2020 16:00,2.704174804
3/19/2020 17:00,2.66033013
3/19/2020 18:00,2.5470731
3/19/2020 19:00,2.849320726
3/19/2020 20:00,2.579178923
3/19/2020 21:00,2.476857271
3/19/2020 22:00,2.687845511
3/19/2020 23:00,2.750437225
3/20/2020 0:00,2.917910446
3/20/2020 1:00,2.500178757
3/20/2020 2:00,2.861404009
3/20/2020 3:00,2.623584781
3/20/2020 4:00,2.685872599
3/20/2020 5:00,2.502328443
3/20/2020 6:00,2.530111689
3/20/2020 7:00,2.731953467
3/20/2020 8:00,2.600201099
3/20/2020 9:00,2.905757257
3/20/2020 10:00,2.757399698
3/20/2020 11:00,2.603022705
3/20/2020 12:00,2.685757074
3/20/2020 13:00,2.574327955
3/20/2020 14:00,2.700974937
3/20/2020 15:00,2.415168155
3/20/2020 16:00,2.47660759
3/20/2020 17:00,2.50943303
3/20/2020 18:00,2.624972768
3/20/2020 19:00,2.581885227
3/20/2020 20:00,2.812848864
3/20/2020 21:00,2.813831799
3/20/2020 22:00,2.771532875
3/20/2020 23:00,2.788464417
3/21/2020 0:00,2.702385746
3/21/2020 1:00,2.770009159
3/21/2020 2:00,2.747002847
3/21/2020 3:00,2.659290207
3/21/2020 4:00,2.552738863
3/21/2020 5:00,2.643063576
3/21/2020 6:00,2.652493413
3/21/2020 7:00,2.850944452
3/21/2020 8:00,2.758259913
3/21/2020 9:00,2.669888011
3/21/2020 10:00,2.749228394
3/21/2020 11:00,2.505016904
3/21/2020 12:00,2.560822904
3/21/2020 13:00,2.892519785
3/21/2020 14:00,2.736403809
3/21/2020 15:00,2.72196097
3/21/2020 16:00,2.719927977
3/21/2020 17:00,2.515687279
3/21/2020 18:00,2.430565618
3/21/2020 19:00,2.557064005
3/21/2020 20:00,2.717193235
3/21/2020 21:00,2.856097518
3/21/2020 22:00,2.687045126
3/21/2020 23:00,2.620096692
3/22/2020 0:00,2.692222993
3/22/2020 1:00,2.42468153
3/22/2020 2:00,2.618979617
3/22/2020 3:00,2.848011333
3/22/2020 4:00,2.793442903
3/22/2020 5:00,2.548714378
3/22/2020 6:00,2.886797257
3/22/2020 7:00,2.546120713
3/22/2020 8:00,2.945158583
3/22/2020 9:00,2.627987882
3/22/2020 10:00,2.44930167
3/22/2020 11:00,2.891060322
3/22/2020 12:00,2.926581575
3/22/2020 13:00,2.703491242
3/22/2020 14:00,2.575741179
3/22/2020 15:00,2.499134234
3/22/2020 16:00,2.519316224
3/22/2020 17:00,2.588858565
3/22/2020 18:00,2.93464762
3/22/2020 19:00,2.534881986
3/22/2020 20:00,2.916816058
3/22/2020 21:00,2.702118912
3/22/2020 22:00,2.785659879
3/22/2020 23:00,2.915564769
3/23/2020 0:00,2.662035751
3/23/2020 1:00,2.497902694
3/23/2020 2:00,2.430392424
3/23/2020 3:00,2.728101182
3/23/2020 4:00,2.586116975
3/23/2020 5:00,2.648005722
3/23/2020 6:00,2.619063879
3/23/2020 7:00,2.823487383
3/23/2020 8:00,2.904717357
3/23/2020 9:00,2.812537443
3/23/2020 10:00,2.931203748
3/23/2020 11:00,2.947217548
3/23/2020 12:00,2.488838935
3/23/2020 13:00,2.666399113
3/23/2020 14:00,2.89295924
3/23/2020 15:00,2.595710499
3/23/2020 16:00,2.906850712
3/23/2020 17:00,2.916597186
3/23/2020 18:00,2.700849986
3/23/2020 19:00,2.860135481
3/23/2020 20:00,2.838665067
3/23/2020 21:00,2.537121141
3/23/2020 22:00,2.506863717
3/23/2020 23:00,2.626178675
3/24/2020 0:00,2.576508626
3/24/2020 1:00,2.803240013
3/24/2020 2:00,2.643412627
3/24/2020 3:00,2.608413186
3/24/2020 4:00,2.532632274
3/24/2020 5:00,2.81783334
3/24/2020 6:00,2.725268719
3/24/2020 7:00,2.651899614
3/24/2020 8:00,2.857959481
3/24/2020 9:00,2.447644475
3/24/2020 10:00,2.776162867
3/24/2020 11:00,2.629261139
3/24/2020 12:00,2.555625909
3/24/2020 13:00,2.524005391
3/24/2020 14:00,2.445661284
3/24/2020 15:00,2.535606384
3/24/2020 16:00,2.583771283
3/24/2020 17:00,2.844082526
3/24/2020 18:00,2.477067099
3/24/2020 19:00,2.514347345
3/24/2020 20:00,2.764979794
3/24/2020 21:00,2.768262083
3/24/2020 22:00,2.933555703
3/24/2020 23:00,2.855462345
3/25/2020 0:00,2.646671472
3/25/2020 1:00,2.450300495
3/25/2020 2:00,2.793855005
3/25/2020 3:00,2.927877554
3/25/2020 4:00,2.480351229
3/25/2020 5:00,2.67217858
3/25/2020 6:00,2.927246824
3/25/2020 7:00,2.766109026
3/25/2020 8:00,2.580869394
3/25/2020 9:00,2.453956749
3/25/2020 10:00,2.911978557
3/25/2020 11:00,2.728687464
3/25/2020 12:00,2.779866242
3/25/2020 13:00,2.435209732
3/25/2020 14:00,2.477608867
3/25/2020 15:00,2.797922555
3/25/2020 16:00,2.699778294
3/25/2020 17:00,2.419033381
3/25/2020 18:00,2.903702041
3/25/2020 19:00,2.528484418
3/25/2020 20:00,2.907331242
3/25/2020 21:00,2.942199882
3/25/2020 22:00,2.814918717
3/25/2020 23:00,2.74633659
3/26/2020 0:00,2.793979601
3/26/2020 1:00,2.513708252
3/26/2020 2:00,2.535232726
3/26/2020 3:00,2.947826764
3/26/2020 4:00,2.488179733
3/26/2020 5:00,2.787694759
3/26/2020 6:00,2.732265854
3/26/2020 7:00,2.482208518
3/26/2020 8:00,2.54739234
3/26/2020 9:00,2.648976191
3/26/2020 10:00,2.476943568
3/26/2020 11:00,2.621678068
3/26/2020 12:00,2.826966015
3/26/2020 13:00,2.789852924
3/26/2020 14:00,2.680979688
3/26/2020 15:00,2.582832943
3/26/2020 16:00,2.619918631
3/26/2020 17:00,2.486234397
3/26/2020 18:00,2.537400155
3/26/2020 19:00,2.44505065
3/26/2020 20:00,2.521738009
3/26/2020 21:00,2.793297444
3/26/2020 22:00,2.589038451
3/26/2020 23:00,2.522479252
3/27/2020 0:00,2.568881111
3/27/2020 1:00,2.649612227
3/27/2020 2:00,2.420634207
3/27/2020 3:00,2.528657325
3/27/2020 4:00,2.612014799
3/27/2020 5:00,2.550526607
3/27/2020 6:00,2.86643642
3/27/2020 7:00,2.505619055
3/27/2020 8:00,2.413062576
3/27/2020 9:00,2.878596147
3/27/2020 10:00,2.457294372
3/27/2020 11:00,2.556826037
3/27/2020 12:00,2.451386851
3/27/2020 13:00,2.860046605
3/27/2020 14:00,2.712664089
3/27/2020 15:00,2.623479646
3/27/2020 16:00,2.765748435
3/27/2020 17:00,2.521484153
3/27/2020 18:00,2.844380365
3/27/2020 19:00,2.506288
3/27/2020 20:00,2.785474393
3/27/2020 21:00,2.748926277
3/27/2020 22:00,2.737587618
3/27/2020 23:00,2.695465306
3/28/2020 0:00,2.721183751
3/28/2020 1:00,2.72313748
3/28/2020 2:00,2.719901493
3/28/2020 3:00,2.413004186
3/28/2020 4:00,2.783576376
3/28/2020 5:00,2.571573007
3/28/2020 6:00,2.74073698
3/28/2020 7:00,2.725837984
3/28/2020 8:00,2.793007221
3/28/2020 9:00,2.760749824
3/28/2020 10:00,2.437787972
3/28/2020 11:00,2.698553743
3/28/2020 12:00,2.659498625
3/28/2020 13:00,2.606678022
3/28/2020 14:00,2.43535176
3/28/2020 15:00,2.718243773
3/28/2020 16:00,1.626876862
3/28/2020 17:00,2.071920033
3/28/2020 18:00,2.103432971
3/28/2020 19:00,1.827354238
3/28/2020 20:00,1.626031137
3/28/2020 21:00,1.893479253
3/28/2020 22:00,2.08479647
3/28/2020 23:00,1.935109954
3/29/2020 0:00,2.452734233
3/29/2020 1:00,2.842998743
3/29/2020 2:00,2.509068797
3/29/2020 3:00,2.6666857
3/29/2020 4:00,2.708407999
3/29/2020 5:00,2.59591398
3/29/2020 6:00,2.658205054
3/29/2020 7:00,2.79078649
3/29/2020 8:00,2.657065451
3/29/2020 9:00,2.480284783
3/29/2020 10:00,2.718079793
3/29/2020 11:00,2.851225667
3/29/2020 12:00,2.746482811
3/29/2020 13:00,2.444764586
3/29/2020 14:00,2.690851999
3/29/2020 15:00,2.45070683
3/29/2020 16:00,2.680414765
3/29/2020 17:00,2.708119885
3/29/2020 18:00,2.435791026
3/29/2020 19:00,2.548708216
3/29/2020 20:00,2.832483962
3/29/2020 21:00,2.735853198
3/29/2020 22:00,2.460129836
3/29/2020 23:00,2.889014995
3/30/2020 0:00,2.612361149
3/30/2020 1:00,2.639611276
3/30/2020 2:00,2.700418146
3/30/2020 3:00,2.419522939
3/30/2020 4:00,2.663861334
3/30/2020 5:00,2.770505633
3/30/2020 6:00,2.840340224
3/30/2020 7:00,2.595204877
3/30/2020 8:00,2.941206679
3/30/2020 9:00,2.462922012
3/30/2020 10:00,2.783644339
3/30/2020 11:00,2.703297055
3/30/2020 12:00,2.471607666
3/30/2020 13:00,2.774086182
3/30/2020 14:00,2.750887445
3/30/2020 15:00,2.734541597
3/30/2020 16:00,2.79632521
3/30/2020 17:00,2.644590789
3/30/2020 18:00,2.502193263
3/30/2020 19:00,2.690991517
3/30/2020 20:00,2.881299411
3/30/2020 21:00,2.548458682
3/30/2020 22:00,2.80005513
3/30/2020 23:00,2.640486447
3/31/2020 0:00,2.41950334
3/31/2020 1:00,2.820293208
3/31/2020 2:00,2.577341228
3/31/2020 3:00,2.6028835
3/31/2020 4:00,2.524723551
3/31/2020 5:00,2.891183971
3/31/2020 6:00,2.689741288
3/31/2020 7:00,2.723378744
3/31/2020 8:00,2.567800324
3/31/2020 9:00,2.820885776
3/31/2020 10:00,2.528226605
3/31/2020 11:00,2.691194673
3/31/2020 12:00,2.511707289
3/31/2020 13:00,2.670706591
3/31/2020 14:00,2.43673459
3/31/2020 15:00,2.870869313
3/31/2020 16:00,2.933459964
3/31/2020 17:00,2.621431708
3/31/2020 18:00,2.545361262
3/31/2020 19:00,2.822338525
3/31/2020 20:00,2.938992052
3/31/2020 21:00,2.677972046
3/31/2020 22:00,2.686820947
3/31/2020 23:00,2.727109971
4/1/2020 0:00,2.547209291
4/1/2020 1:00,2.792828317
4/1/2020 2:00,2.416801622
4/1/2020 3:00,2.558220344
4/1/2020 4:00,2.727921217
4/1/2020 5:00,2.762591614
4/1/2020 6:00,2.872772747
4/1/2020 7:00,2.826306157
4/1/2020 8:00,2.588953852
4/1/2020 9:00,2.450686608
4/1/2020 10:00,2.836384082
4/1/2020 11:00,2.616603651
4/1/2020 12:00,2.416314022
4/1/2020 13:00,2.486122816
4/1/2020 14:00,2.939335033
4/1/2020 15:00,2.414870305
4/1/2020 16:00,2.557243093
4/1/2020 17:00,2.922072543
4/1/2020 18:00,2.830126002
4/1/2020 19:00,2.53572946
4/1/2020 20:00,2.943008997
4/1/2020 21:00,2.493134776
4/1/2020 22:00,2.636023578
4/1/2020 23:00,2.476581452
4/2/2020 0:00,2.616685136
4/2/2020 1:00,2.487110025
4/2/2020 2:00,2.595357514
4/2/2020 3:00,2.463552871
4/2/2020 4:00,2.655867663
4/2/2020 5:00,2.616581208
4/2/2020 6:00,2.687858305
4/2/2020 7:00,2.660951343
4/2/2020 8:00,2.73008191
4/2/2020 9:00,2.841724396
4/2/2020 10:00,2.704635474
4/2/2020 11:00,2.464144728
4/2/2020 12:00,2.581179085
4/2/2020 13:00,2.655841313
4/2/2020 14:00,2.480227464
4/2/2020 15:00,2.919624477
4/2/2020 16:00,2.454078704
4/2/2020 17:00,2.719058301
4/2/2020 18:00,2.893402576
4/2/2020 19:00,2.665563436
4/2/2020 20:00,2.746956319
4/2/2020 21:00,2.836212409
4/2/2020 22:00,2.562371781
4/2/2020 23:00,2.685387231
4/3/2020 0:00,2.60258989
4/3/2020 1:00,2.662900456
4/3/2020 2:00,2.881504634
4/3/2020 3:00,2.484400216
4/3/2020 4:00,2.678665628
4/3/2020 5:00,2.846251197
4/3/2020 6:00,2.573452642
4/3/2020 7:00,2.531114586
4/3/2020 8:00,2.741717224
4/3/2020 9:00,2.651782981
4/3/2020 10:00,2.743006395
4/3/2020 11:00,2.64097243
4/3/2020 12:00,2.436470374
4/3/2020 13:00,2.693703805
4/3/2020 14:00,2.622125799
4/3/2020 15:00,2.845924739
4/3/2020 16:00,2.508096052
4/3/2020 17:00,2.875293274
4/3/2020 18:00,2.54345207
4/3/2020 19:00,2.47641203
4/3/2020 20:00,2.939284567
4/3/2020 21:00,2.812701738
4/3/2020 22:00,2.412161291
4/3/2020 23:00,2.5232612
4/4/2020 0:00,2.429690405
4/4/2020 1:00,2.45130419
4/4/2020 2:00,2.806227325
4/4/2020 3:00,2.847663636
4/4/2020 4:00,2.417634495
4/4/2020 5:00,2.740335856
4/4/2020 6:00,2.799943948
4/4/2020 7:00,2.448842812
4/4/2020 8:00,2.688804264
4/4/2020 9:00,2.450888457
4/4/2020 10:00,2.784879961
4/4/2020 11:00,2.612428839
4/4/2020 12:00,2.657441299
4/4/2020 13:00,2.586104543
4/4/2020 14:00,2.730705808
4/4/2020 15:00,2.832687084
4/4/2020 16:00,2.941370656
4/4/2020 17:00,2.589026299
4/4/2020 18:00,2.794707838
4/4/2020 19:00,2.640830053
4/4/2020 20:00,2.529301614
4/4/2020 21:00,2.755653013
4/4/2020 22:00,2.429080298
4/4/2020 23:00,2.715944282
4/5/2020 0:00,2.500839361
4/5/2020 1:00,2.747101697
4/5/2020 2:00,2.748477402
4/5/2020 3:00,2.790144803
4/5/2020 4:00,2.634921726
4/5/2020 5:00,2.775109984
4/5/2020 6:00,2.632225934
4/5/2020 7:00,2.846386981
4/5/2020 8:00,2.74626707
4/5/2020 9:00,2.607919048
4/5/2020 10:00,2.610518497
4/5/2020 11:00,2.632375914
4/5/2020 12:00,2.546041586
4/5/2020 13:00,2.787397697
4/5/2020 14:00,2.885652266
4/5/2020 15:00,2.864429071
4/5/2020 16:00,1.854696892
4/5/2020 17:00,1.957404847
4/5/2020 18:00,1.675904659
4/5/2020 19:00,1.620371186
4/5/2020 20:00,1.692024215
4/5/2020 21:00,1.928077116
4/5/2020 22:00,1.886240087
4/5/2020 23:00,1.857535581
4/6/2020 0:00,2.078509055
4/6/2020 1:00,1.635902513
4/6/2020 2:00,1.718770185
4/6/2020 3:00,1.850039027
4/6/2020 4:00,1.89434962
4/6/2020 5:00,1.792686493
4/6/2020 6:00,1.63389287
4/6/2020 7:00,1.62325046
4/6/2020 8:00,2.652914085
4/6/2020 9:00,2.663797086
4/6/2020 10:00,2.500945578
4/6/2020 11:00,2.55993737
4/6/2020 12:00,2.777694525
4/6/2020 13:00,2.488851328
4/6/2020 14:00,2.445041371
4/6/2020 15:00,2.448464162
4/6/2020 16:00,2.457716803
4/6/2020 17:00,2.622780543
4/6/2020 18:00,2.606067693
4/6/2020 19:00,2.864328402
4/6/2020 20:00,2.850028509
4/6/2020 21:00,2.628529839
4/6/2020 22:00,2.83286463
4/6/2020 23:00,2.632580467
4/7/2020 0:00,1.993327203
4/7/2020 1:00,1.614991641
4/7/2020 2:00,1.78433367
4/7/2020 3:00,2.016907013
4/7/2020 4:00,1.722175162
4/7/2020 5:00,1.992274963
4/7/2020 6:00,1.954128799
4/7/2020 7:00,1.71139545
4/7/2020 8:00,2.865760958
4/7/2020 9:00,2.656827188
4/7/2020 10:00,2.863675887
4/7/2020 11:00,2.775035662
4/7/2020 12:00,2.818198129
4/7/2020 13:00,2.79189714
4/7/2020 14:00,2.618842084
4/7/2020 15:00,2.927182844
4/7/2020 16:00,2.520200934
4/7/2020 17:00,2.912147523
4/7/2020 18:00,2.550345834
4/7/2020 19:00,2.720214298
4/7/2020 20:00,2.489432014
4/7/2020 21:00,2.42585444
4/7/2020 22:00,2.572033117
4/7/2020 23:00,2.482543803
4/8/2020 0:00,2.633920031
4/8/2020 1:00,2.446539889
4/8/2020 2:00,2.592424161
4/8/2020 3:00,2.813876384
4/8/2020 4:00,2.57514362
4/8/2020 5:00,2.823518034
4/8/2020 6:00,2.814780137
4/8/2020 7:00,2.780151678
4/8/2020 8:00,2.739435416
4/8/2020 9:00,2.892503404
4/8/2020 10:00,2.705552615
4/8/2020 11:00,2.892597744
4/8/2020 12:00,2.673228971
4/8/2020 13:00,2.451092516
4/8/2020 14:00,2.929296066
4/8/2020 15:00,2.43761925
4/8/2020 16:00,2.771733266
4/8/2020 17:00,2.869629757
4/8/2020 18:00,2.450433341
4/8/2020 19:00,2.439789684
4/8/2020 20:00,2.846298717
4/8/2020 21:00,2.674153064
4/8/2020 22:00,2.502047008
4/8/2020 23:00,2.877192706
4/9/2020 0:00,2.413965643
4/9/2020 1:00,2.652874124
4/9/2020 2:00,2.944813066
4/9/2020 3:00,2.697970168
4/9/2020 4:00,2.519336197
4/9/2020 5:00,2.621593727
4/9/2020 6:00,2.467574366
4/9/2020 7:00,2.936558678
4/9/2020 8:00,2.559669966
4/9/2020 9:00,2.844631275
4/9/2020 10:00,2.414310396
4/9/2020 11:00,2.574079437
4/9/2020 12:00,2.610398784
4/9/2020 13:00,2.62736068
4/9/2020 14:00,2.771165697
4/9/2020 15:00,2.580202751
4/9/2020 16:00,1.842509182
4/9/2020 17:00,1.751963281
4/9/2020 18:00,2.077855571
4/9/2020 19:00,1.705051441
4/9/2020 20:00,1.780673054
4/9/2020 21:00,1.691151987
4/9/2020 22:00,1.84411481
4/9/2020 23:00,2.143504009
4/10/2020 0:00,2.721494991
4/10/2020 1:00,2.432578005
4/10/2020 2:00,2.764971424
4/10/2020 3:00,2.552421561
4/10/2020 4:00,2.846079028
4/10/2020 5:00,2.478129555
4/10/2020 6:00,2.942488682
4/10/2020 7:00,2.468133776
4/10/2020 8:00,2.630519799
4/10/2020 9:00,2.942549091
4/10/2020 10:00,2.877934296
4/10/2020 11:00,2.453607553
4/10/2020 12:00,2.777023148
4/10/2020 13:00,2.622185793
4/10/2020 14:00,2.733852728
4/10/2020 15:00,2.679848203
4/10/2020 16:00,1.923790205
4/10/2020 17:00,1.766067571
4/10/2020 18:00,2.050667452
4/10/2020 19:00,1.837087496
4/10/2020 20:00,1.749309632
4/10/2020 21:00,1.868221307
4/10/2020 22:00,1.955431179
4/10/2020 23:00,1.789378129
4/11/2020 0:00,1.963048335
4/11/2020 1:00,1.759200472
4/11/2020 2:00,2.014340428
4/11/2020 3:00,2.053586909
4/11/2020 4:00,1.818289686
4/11/2020 5:00,1.956445117
4/11/2020 6:00,1.935629334
4/11/2020 7:00,2.014128064
4/11/2020 8:00,2.4315851
4/11/2020 9:00,2.941582616
4/11/2020 10:00,2.719813442
4/11/2020 11:00,2.457929854
4/11/2020 12:00,2.930994366
4/11/2020 13:00,2.543812204
4/11/2020 14:00,2.935240534
4/11/2020 15:00,2.609058252
4/11/2020 16:00,2.700628982
4/11/2020 17:00,2.605802565
4/11/2020 18:00,2.859081117
4/11/2020 19:00,2.868016433
4/11/2020 20:00,2.616331855
4/11/2020 21:00,2.901308789
4/11/2020 22:00,2.7277931
4/11/2020 23:00,2.829304385
4/12/2020 0:00,2.779710651
4/12/2020 1:00,2.615153971
4/12/2020 2:00,2.764231688
4/12/2020 3:00,2.841236754
4/12/2020 4:00,2.472671405
4/12/2020 5:00,2.680536284
4/12/2020 6:00,2.724596754
4/12/2020 7:00,2.624532492
4/12/2020 8:00,2.555002785
4/12/2020 9:00,2.784324262
4/12/2020 10:00,2.490656095
4/12/2020 11:00,2.784574426
4/12/2020 12:00,2.930342645
4/12/2020 13:00,2.767353142
4/12/2020 14:00,2.520038065
4/12/2020 15:00,2.799597472
4/12/2020 16:00,2.481037844
4/12/2020 17:00,2.809731963
4/12/2020 18:00,2.653324656
4/12/2020 19:00,2.606506903
4/12/2020 20:00,2.786025172
4/12/2020 21:00,2.523751433
4/12/2020 22:00,2.900581999
4/12/2020 23:00,2.695375474
4/13/2020 0:00,2.069555696
4/13/2020 1:00,1.739867912
4/13/2020 2:00,1.895804409
4/13/2020 3:00,1.668943379
4/13/2020 4:00,1.977250284
4/13/2020 5:00,1.834790684
4/13/2020 6:00,1.98460273
4/13/2020 7:00,2.143231793
4/13/2020 8:00,2.885439936
4/13/2020 9:00,2.566497345
4/13/2020 10:00,2.415486019
4/13/2020 11:00,2.916636047
4/13/2020 12:00,2.466326758
4/13/2020 13:00,2.812896876
4/13/2020 14:00,2.800945653
4/13/2020 15:00,2.898815996
4/13/2020 16:00,2.722343948
4/13/2020 17:00,2.878439595
4/13/2020 18:00,2.626074836
4/13/2020 19:00,2.524833536
4/13/2020 20:00,2.520231183
4/13/2020 21:00,2.713345162
4/13/2020 22:00,2.819290692
4/13/2020 23:00,2.828934363
4/14/2020 0:00,2.486515838
4/14/2020 1:00,2.478397951
4/14/2020 2:00,2.819628164
4/14/2020 3:00,2.519866954
4/14/2020 4:00,2.899697723
4/14/2020 5:00,2.880431321
4/14/2020 6:00,2.657300313
4/14/2020 7:00,2.517959694
4/14/2020 8:00,2.472594998
4/14/2020 9:00,2.688908323
4/14/2020 10:00,2.600395627
4/14/2020 11:00,2.91073227
4/14/2020 12:00,2.690002047
4/14/2020 13:00,2.428358025
4/14/2020 14:00,2.914321556
4/14/2020 15:00,2.454107514
4/14/2020 16:00,2.655063705
4/14/2020 17:00,2.525836073
4/14/2020 18:00,2.683795014
4/14/2020 19:00,2.418630259
4/14/2020 20:00,2.430853199
4/14/2020 21:00,2.765454316
4/14/2020 22:00,2.538887536
4/14/2020 23:00,2.534559629
4/15/2020 0:00,2.910949956
4/15/2020 1:00,2.458786415
4/15/2020 2:00,2.652511178
4/15/2020 3:00,2.60788448
4/15/2020 4:00,2.426195707
4/15/2020 5:00,2.720064845
4/15/2020 6:00,2.470034555
4/15/2020 7:00,2.881305912
4/15/2020 8:00,2.567159732
4/15/2020 9:00,2.581827911
4/15/2020 10:00,2.484441351
4/15/2020 11:00,2.503949481
4/15/2020 12:00,2.427158443
4/15/2020 13:00,2.673505678
4/15/2020 14:00,2.52055348
4/15/2020 15:00,2.563762317
4/15/2020 16:00,2.513799966
4/15/2020 17:00,2.818382444
4/15/2020 18:00,2.806958764
4/15/2020 19:00,2.863964947
4/15/2020 20:00,2.706476661
4/15/2020 21:00,2.418966413
4/15/2020 22:00,2.684822334
4/15/2020 23:00,2.912727118
4/16/2020 0:00,2.60038731
4/16/2020 1:00,2.845561691
4/16/2020 2:00,2.539469612
4/16/2020 3:00,2.851402872
4/16/2020 4:00,2.558041939
4/16/2020 5:00,2.702986151
4/16/2020 6:00,2.808611282
4/16/2020 7:00,2.863190078
4/16/2020 8:00,2.755304792
4/16/2020 9:00,2.495261446
4/16/2020 10:00,2.490070805
4/16/2020 11:00,2.920860892
4/16/2020 12:00,2.851641407
4/16/2020 13:00,2.742946112
4/16/2020 14:00,2.413642924
4/16/2020 15:00,2.711732691
4/16/2020 16:00,2.742363093
4/16/2020 17:00,2.68544252
4/16/2020 18:00,2.456725442
4/16/2020 19:00,2.616946989
4/16/2020 20:00,2.817390758
4/16/2020 21:00,2.655216062
4/16/2020 22:00,2.624369801
4/16/2020 23:00,2.606002815
4/17/2020 0:00,2.931341806
4/17/2020 1:00,2.503945319
4/17/2020 2:00,2.793887226
4/17/2020 3:00,2.721164571
4/17/2020 4:00,2.806719766
4/17/2020 5:00,2.812992775
4/17/2020 6:00,2.559632194
4/17/2020 7:00,2.714838584
4/17/2020 8:00,2.528985007
4/17/2020 9:00,2.937887579
4/17/2020 10:00,2.882802942
4/17/2020 11:00,2.717575631
4/17/2020 12:00,2.710624487
4/17/2020 13:00,2.607724415
4/17/2020 14:00,2.520352001
4/17/2020 15:00,2.68843048
4/17/2020 16:00,2.799098028
4/17/2020 17:00,2.650698358
4/17/2020 18:00,2.521996591
4/17/2020 19:00,2.453923533
4/17/2020 20:00,2.523749354
4/17/2020 21:00,2.632272782
4/17/2020 22:00,2.511498081
4/17/2020 23:00,2.754322613
4/18/2020 0:00,2.893431659
4/18/2020 1:00,2.609481541
4/18/2020 2:00,2.708529403
4/18/2020 3:00,2.86053958
4/18/2020 4:00,2.523001473
4/18/2020 5:00,2.944972157
4/18/2020 6:00,2.455915131
4/18/2020 7:00,2.864265097
4/18/2020 8:00,2.762654124
4/18/2020 9:00,2.495909917
4/18/2020 10:00,2.835613164
4/18/2020 11:00,2.931919983
4/18/2020 12:00,2.420633645
4/18/2020 13:00,2.881631042
4/18/2020 14:00,2.629229992
4/18/2020 15:00,2.652045921
4/18/2020 16:00,2.416101989
4/18/2020 17:00,2.700724513
4/18/2020 18:00,2.50459979
4/18/2020 19:00,2.723271366
4/18/2020 20:00,2.845506635
4/18/2020 21:00,2.715691022
4/18/2020 22:00,2.426774656
4/18/2020 23:00,2.582863549
4/19/2020 0:00,2.79515189
4/19/2020 1:00,2.800341858
4/19/2020 2:00,2.806037301
4/19/2020 3:00,2.793859959
4/19/2020 4:00,2.937948495
4/19/2020 5:00,2.794726621
4/19/2020 6:00,2.493022519
4/19/2020 7:00,2.720316561
4/19/2020 8:00,2.923801321
4/19/2020 9:00,2.672597508
4/19/2020 10:00,2.556795197
4/19/2020 11:00,2.813980782
4/19/2020 12:00,2.487829004
4/19/2020 13:00,2.743542431
4/19/2020 14:00,2.885548932
4/19/2020 15:00,2.783559937
4/19/2020 16:00,1.644314346
4/19/2020 17:00,1.800812936
4/19/2020 18:00,2.028406813
4/19/2020 19:00,1.826794117
4/19/2020 20:00,1.808161707
4/19/2020 21:00,1.976316936
4/19/2020 22:00,2.002180331
4/19/2020 23:00,2.10726209
4/20/2020 0:00,2.90607111
4/20/2020 1:00,2.46043394
4/20/2020 2:00,2.845632243
4/20/2020 3:00,2.757280239
4/20/2020 4:00,2.447300714
4/20/2020 5:00,2.760417676
4/20/2020 6:00,2.554233918
4/20/2020 7:00,2.75029244
4/20/2020 8:00,2.505820528
4/20/2020 9:00,2.512991505
4/20/2020 10:00,2.696656477
4/20/2020 11:00,2.440154995
4/20/2020 12:00,2.920558174
4/20/2020 13:00,2.591696704
4/20/2020 14:00,2.519530978
4/20/2020 15:00,2.685708538
4/20/2020 16:00,2.888343198
4/20/2020 17:00,2.601285853
4/20/2020 18:00,2.713884081
4/20/2020 19:00,2.771607522
4/20/2020 20:00,2.935069013
4/20/2020 21:00,2.757142208
4/20/2020 22:00,2.469682689
4/20/2020 23:00,2.699496581
4/21/2020 0:00,2.704876958
4/21/2020 1:00,2.677258731
4/21/2020 2:00,2.572152903
4/21/2020 3:00,2.901678351
4/21/2020 4:00,2.924959048
4/21/2020 5:00,2.755706294
4/21/2020 6:00,2.884143826
4/21/2020 7:00,2.857200744
4/21/2020 8:00,2.814743135
4/21/2020 9:00,2.517494414
4/21/2020 10:00,2.774943263
4/21/2020 11:00,2.60986317
4/21/2020 12:00,2.597169641
4/21/2020 13:00,2.859260693
4/21/2020 14:00,2.585964687
4/21/2020 15:00,2.461172198
4/21/2020 16:00,2.7700132
4/21/2020 17:00,2.474915601
4/21/2020 18:00,2.434367893
4/21/2020 19:00,2.721969891
4/21/2020 20:00,2.495855017
4/21/2020 21:00,2.74087388
4/21/2020 22:00,2.693443049
4/21/2020 23:00,2.695919233
4/22/2020 0:00,2.642093078
4/22/2020 1:00,2.589577409
4/22/2020 2:00,2.482172894
4/22/2020 3:00,2.551925963
4/22/2020 4:00,2.556939154
4/22/2020 5:00,2.528156453
4/22/2020 6:00,2.828899892
4/22/2020 7:00,2.867978108
4/22/2020 8:00,2.78283555
4/22/2020 9:00,2.7677027
4/22/2020 10:00,2.470313335
4/22/2020 11:00,2.476272559
4/22/2020 12:00,2.560058892
4/22/2020 13:00,2.776029564
4/22/2020 14:00,2.773327783
4/22/2020 15:00,2.449545015
4/22/2020 16:00,2.61553648
4/22/2020 17:00,2.523332618
4/22/2020 18:00,2.751657845
4/22/2020 19:00,2.766420597
4/22/2020 20:00,2.463913793
4/22/2020 21:00,2.663707817
4/22/2020 22:00,2.559259006
4/22/2020 23:00,2.698466165
4/23/2020 0:00,2.75618973
4/23/2020 1:00,2.559762819
4/23/2020 2:00,2.494204391
4/23/2020 3:00,2.737439473
4/23/2020 4:00,2.86480038
4/23/2020 5:00,2.769597653
4/23/2020 6:00,2.518918256
4/23/2020 7:00,2.764449754
4/23/2020 8:00,1.663079261
4/23/2020 9:00,1.695689656
4/23/2020 10:00,1.994346759
4/23/2020 11:00,1.819264697
4/23/2020 12:00,2.12431189
4/23/2020 13:00,1.857630343
4/23/2020 14:00,1.767807004
4/23/2020 15:00,1.901026706
4/23/2020 16:00,2.818148038
4/23/2020 17:00,2.627492586
4/23/2020 18:00,2.650372627
4/23/2020 19:00,2.450225078
4/23/2020 20:00,2.481605023
4/23/2020 21:00,2.434947805
4/23/2020 22:00,2.651543566
4/23/2020 23:00,2.818245709
4/24/2020 0:00,2.71202806
4/24/2020 1:00,2.545583149
4/24/2020 2:00,2.643101334
4/24/2020 3:00,2.925323916
4/24/2020 4:00,2.924700705
4/24/2020 5:00,2.808390622
4/24/2020 6:00,2.558142926
4/24/2020 7:00,2.588443105
4/24/2020 8:00,2.878755593
4/24/2020 9:00,2.48250149
4/24/2020 10:00,2.724912896
4/24/2020 11:00,2.859728499
4/24/2020 12:00,2.472436634
4/24/2020 13:00,2.858145267
4/24/2020 14:00,2.654005057
4/24/2020 15:00,2.746622811
4/24/2020 16:00,2.476981936
4/24/2020 17:00,2.462505634
4/24/2020 18:00,2.44835271
4/24/2020 19:00,2.497770919
4/24/2020 20:00,2.476031884
4/24/2020 21:00,2.859016938
4/24/2020 22:00,2.728731069
4/24/2020 23:00,2.90422479
4/25/2020 0:00,2.576649125
4/25/2020 1:00,2.634410393
4/25/2020 2:00,2.596227053
4/25/2020 3:00,2.433193276
4/25/2020 4:00,2.661793353
4/25/2020 5:00,2.756063343
4/25/2020 6:00,2.833555814
4/25/2020 7:00,2.656384147
4/25/2020 8:00,2.93432907
4/25/2020 9:00,2.790550808
4/25/2020 10:00,2.669487675
4/25/2020 11:00,2.669500711
4/25/2020 12:00,2.465658818
4/25/2020 13:00,2.549967253
4/25/2020 14:00,2.558158719
4/25/2020 15:00,2.837452881
4/25/2020 16:00,2.90306888
4/25/2020 17:00,2.477474698
4/25/2020 18:00,2.613189075
4/25/2020 19:00,2.437411048
4/25/2020 20:00,2.872639034
4/25/2020 21:00,2.703310535
4/25/2020 22:00,2.691863689
4/25/2020 23:00,2.794454428
4/26/2020 0:00,2.688359681
4/26/2020 1:00,2.943525341
4/26/2020 2:00,2.485084888
4/26/2020 3:00,2.686140972
4/26/2020 4:00,2.668748435
4/26/2020 5:00,2.47182124
4/26/2020 6:00,2.809597119
4/26/2020 7:00,2.764517176
4/26/2020 8:00,2.426653935
4/26/2020 9:00,2.57125687
4/26/2020 10:00,2.932491837
4/26/2020 11:00,2.548808513
4/26/2020 12:00,2.861062885
4/26/2020 13:00,2.435786633
4/26/2020 14:00,2.947812292
4/26/2020 15:00,2.820060675
4/26/2020 16:00,2.475448729
4/26/2020 17:00,2.67680033
4/26/2020 18:00,2.689440038
4/26/2020 19:00,2.500172568
4/26/2020 20:00,2.702451965
4/26/2020 21:00,2.815558837
4/26/2020 22:00,2.49956467
4/26/2020 23:00,2.559726024
4/27/2020 0:00,2.627955333
4/27/2020 1:00,2.723433468
4/27/2020 2:00,2.438803385
4/27/2020 3:00,2.814413221
4/27/2020 4:00,2.915523826
4/27/2020 5:00,2.911320439
4/27/2020 6:00,2.620836922
4/27/2020 7:00,2.643751111
4/27/2020 8:00,2.54211749
4/27/2020 9:00,2.645228629
4/27/2020 10:00,2.539570163
4/27/2020 11:00,2.478212397
4/27/2020 12:00,2.689343312
4/27/2020 13:00,2.755527469
4/27/2020 14:00,2.893752801
4/27/2020 15:00,2.777219759
4/27/2020 16:00,1.626691977
4/27/2020 17:00,1.987734364
4/27/2020 18:00,1.621847854
4/27/2020 19:00,1.69363636
4/27/2020 20:00,1.983219795
4/27/2020 21:00,2.124915154
4/27/2020 22:00,1.910931378
4/27/2020 23:00,1.867544524
4/28/2020 0:00,2.588268155
4/28/2020 1:00,2.51493118
4/28/2020 2:00,2.52700457
4/28/2020 3:00,2.774107292
4/28/2020 4:00,2.89516143
4/28/2020 5:00,2.5791832
4/28/2020 6:00,2.57809232
4/28/2020 7:00,2.696383988
4/28/2020 8:00,2.601968896
4/28/2020 9:00,2.881511479
4/28/2020 10:00,2.754482024
4/28/2020 11:00,2.886759362
4/28/2020 12:00,2.495555016
4/28/2020 13:00,2.932003568
4/28/2020 14:00,2.600388163
4/28/2020 15:00,2.889353037
4/28/2020 16:00,2.608637092
4/28/2020 17:00,2.724179254
4/28/2020 18:00,2.719948687
4/28/2020 19:00,2.827249136
4/28/2020 20:00,2.715580352
4/28/2020 21:00,2.758952592
4/28/2020 22:00,2.505934591
4/28/2020 23:00,2.578229979
4/29/2020 0:00,2.816987163
4/29/2020 1:00,2.46916762
4/29/2020 2:00,2.641426572
4/29/2020 3:00,2.719530219
4/29/2020 4:00,2.638873559
4/29/2020 5:00,2.551747335
4/29/2020 6:00,2.730278155
4/29/2020 7:00,2.911258954
4/29/2020 8:00,2.551569437
4/29/2020 9:00,2.506524121
4/29/2020 10:00,2.572795995
4/29/2020 11:00,2.788565249
4/29/2020 12:00,2.861721404
4/29/2020 13:00,2.869083704
4/29/2020 14:00,2.652259761
4/29/2020 15:00,2.700538294
4/29/2020 16:00,2.876225748
4/29/2020 17:00,2.53395255
4/29/2020 18:00,2.778877027
4/29/2020 19:00,2.505124817
4/29/2020 20:00,2.708194963
4/29/2020 21:00,2.890146285
4/29/2020 22:00,2.818169515
4/29/2020 23:00,2.610149681
4/30/2020 0:00,2.92369388
4/30/2020 1:00,2.539493292
4/30/2020 2:00,2.527307734
4/30/2020 3:00,2.464562847
4/30/2020 4:00,2.527631228
4/30/2020 5:00,2.50888066
4/30/2020 6:00,2.804444355
4/30/2020 7:00,2.931350352
4/30/2020 8:00,2.513893607
4/30/2020 9:00,2.895426395
4/30/2020 10:00,2.421719376
4/30/2020 11:00,2.417868867
4/30/2020 12:00,2.882529412
4/30/2020 13:00,2.523196078
4/30/2020 14:00,2.828980405
4/30/2020 15:00,2.453276078
4/30/2020 16:00,2.528130452
4/30/2020 17:00,2.518154218
4/30/2020 18:00,2.415101121
4/30/2020 19:00,2.874492078
4/30/2020 20:00,2.648078949
4/30/2020 21:00,2.777900771
4/30/2020 22:00,2.750011045
4/30/2020 23:00,2.641452528
5/1/2020 0:00,2.658250765
5/1/2020 1:00,2.545908835
5/1/2020 2:00,2.429679115
5/1/2020 3:00,2.494884217
5/1/2020 4:00,2.482215772
5/1/2020 5:00,2.523851231
5/1/2020 6:00,2.940747624
5/1/2020 7:00,2.636350246
5/1/2020 8:00,2.847909702
5/1/2020 9:00,2.636481149
5/1/2020 10:00,2.737044293
5/1/2020 11:00,2.558202474
5/1/2020 12:00,2.633856004
5/1/2020 13:00,2.898616537
5/1/2020 14:00,2.837000899
5/1/2020 15:00,2.551527404
5/1/2020 16:00,2.516807182
5/1/2020 17:00,2.657236494
5/1/2020 18:00,2.834783844
5/1/2020 19:00,2.626471778
5/1/2020 20:00,2.605109645
5/1/2020 21:00,2.781418314
5/1/2020 22:00,2.715046159
5/1/2020 23:00,2.914266214
5/2/2020 0:00,2.546262142
5/2/2020 1:00,2.751664456
5/2/2020 2:00,2.849176692
5/2/2020 3:00,2.649765679
5/2/2020 4:00,2.565073007
5/2/2020 5:00,2.74400407
5/2/2020 6:00,2.524660392
5/2/2020 7:00,2.671864357
5/2/2020 8:00,2.432083266
5/2/2020 9:00,2.777856176
5/2/2020 10:00,2.7555217
5/2/2020 11:00,2.849984412
5/2/2020 12:00,2.554602142
5/2/2020 13:00,2.599346153
5/2/2020 14:00,2.60667023
5/2/2020 15:00,2.420081275
5/2/2020 16:00,2.912991253
5/2/2020 17:00,2.60222518
5/2/2020 18:00,2.643031738
5/2/2020 19:00,2.604975345
5/2/2020 20:00,2.902149772
5/2/2020 21:00,2.856773855
5/2/2020 22:00,2.740064994
5/2/2020 23:00,2.506955097
5/3/2020 0:00,2.779549475
5/3/2020 1:00,2.753750569
5/3/2020 2:00,2.417796627
5/3/2020 3:00,2.617495397
5/3/2020 4:00,2.685810969
5/3/2020 5:00,2.825440732
5/3/2020 6:00,2.693817789
5/3/2020 7:00,2.723489921
5/3/2020 8:00,2.813485526
5/3/2020 9:00,2.929071228
5/3/2020 10:00,2.479109166
5/3/2020 11:00,2.560137572
5/3/2020 12:00,2.908273953
5/3/2020 13:00,2.690812038
5/3/2020 14:00,2.789512728
5/3/2020 15:00,2.847501463
5/3/2020 16:00,2.921274338
5/3/2020 17:00,2.617361806
5/3/2020 18:00,2.796429776
5/3/2020 19:00,2.801989301
5/3/2020 20:00,2.713143092
5/3/2020 21:00,2.779348792
5/3/2020 22:00,2.512345888
5/3/2020 23:00,2.434855868
5/4/2020 0:00,2.449082012
5/4/2020 1:00,2.814598408
5/4/2020 2:00,2.630248861
5/4/2020 3:00,2.861609589
5/4/2020 4:00,2.729097129
5/4/2020 5:00,2.795825228
5/4/2020 6:00,2.693360992
5/4/2020 7:00,2.939706564
5/4/2020 8:00,2.766866406
5/4/2020 9:00,2.418592994
5/4/2020 10:00,2.884134274
5/4/2020 11:00,2.698057083
5/4/2020 12:00,2.474347488
5/4/2020 13:00,2.530686862
5/4/2020 14:00,2.554099095
5/4/2020 15:00,2.735072897
5/4/2020 16:00,2.758370085
5/4/2020 17:00,2.661310287
5/4/2020 18:00,2.831267154
5/4/2020 19:00,2.561043898
5/4/2020 20:00,2.749242081
5/4/2020 21:00,2.715498894
5/4/2020 22:00,2.709991985
5/4/2020 23:00,2.578978432
5/5/2020 0:00,2.433338092
5/5/2020 1:00,2.537963524
5/5/2020 2:00,2.704074124
5/5/2020 3:00,2.928772267
5/5/2020 4:00,2.640806436
5/5/2020 5:00,2.729287113
5/5/2020 6:00,2.422473091
5/5/2020 7:00,2.495150584
5/5/2020 8:00,2.78428371
5/5/2020 9:00,2.808911419
5/5/2020 10:00,2.726639267
5/5/2020 11:00,2.466762054
5/5/2020 12:00,2.440368992
5/5/2020 13:00,2.835831927
5/5/2020 14:00,2.817639772
5/5/2020 15:00,2.583756083
5/5/2020 16:00,2.450394755
5/5/2020 17:00,2.843734409
5/5/2020 18:00,2.807324579
5/5/2020 19:00,2.860353645
5/5/2020 20:00,2.439546414
5/5/2020 21:00,2.807420943
5/5/2020 22:00,2.773569275
5/5/2020 23:00,2.681297353
5/6/2020 0:00,2.472736448
5/6/2020 1:00,2.840959777
5/6/2020 2:00,2.892106379
5/6/2020 3:00,2.501086865
5/6/2020 4:00,2.463265156
5/6/2020 5:00,2.847911196
5/6/2020 6:00,2.603811744
5/6/2020 7:00,2.463345239
5/6/2020 8:00,2.523770214
5/6/2020 9:00,2.562583809
5/6/2020 10:00,2.627162539
5/6/2020 11:00,2.929545422
5/6/2020 12:00,2.784521555
5/6/2020 13:00,2.434649992
5/6/2020 14:00,2.653155078
5/6/2020 15:00,2.683087131
5/6/2020 16:00,2.915531146
5/6/2020 17:00,2.71250792
5/6/2020 18:00,2.627601545
5/6/2020 19:00,2.759326848
5/6/2020 20:00,2.727068734
5/6/2020 21:00,2.738072963
5/6/2020 22:00,2.519196601
5/6/2020 23:00,2.617821365
5/7/2020 0:00,2.925031118
5/7/2020 1:00,2.934304445
5/7/2020 2:00,2.706750403
5/7/2020 3:00,2.636564138
5/7/2020 4:00,2.823059336
5/7/2020 5:00,2.791637529
5/7/2020 6:00,2.61512243
5/7/2020 7:00,2.657258491
5/7/2020 8:00,2.783087565
5/7/2020 9:00,2.674578223
5/7/2020 10:00,2.820138444
5/7/2020 11:00,2.60203543
5/7/2020 12:00,2.843411768
5/7/2020 13:00,2.581834895
5/7/2020 14:00,2.944864603
5/7/2020 15:00,2.541639331
5/7/2020 16:00,2.630991763
5/7/2020 17:00,2.645481729
5/7/2020 18:00,2.544827919
5/7/2020 19:00,2.806047389
5/7/2020 20:00,2.488766178
5/7/2020 21:00,2.793668269
5/7/2020 22:00,2.870977943
5/7/2020 23:00,2.838942609
5/8/2020 0:00,2.683574004
5/8/2020 1:00,2.875182482
5/8/2020 2:00,2.576778364
5/8/2020 3:00,2.770605329
5/8/2020 4:00,2.843790486
5/8/2020 5:00,2.925640927
5/8/2020 6:00,2.491582026
5/8/2020 7:00,2.505654681
5/8/2020 8:00,2.583852699
5/8/2020 9:00,2.914521572
5/8/2020 10:00,2.510663559
5/8/2020 11:00,2.73217628
5/8/2020 12:00,2.468663398
5/8/2020 13:00,2.703930456
5/8/2020 14:00,2.685838453
5/8/2020 15:00,2.89171775
5/8/2020 16:00,2.529410347
5/8/2020 17:00,2.934858973
5/8/2020 18:00,2.550453535
5/8/2020 19:00,2.586249026
5/8/2020 20:00,2.471778992
5/8/2020 21:00,2.779652103
5/8/2020 22:00,2.473572806
5/8/2020 23:00,2.413587359
5/9/2020 0:00,2.68830173
5/9/2020 1:00,2.716562344
5/9/2020 2:00,2.52400829
5/9/2020 3:00,2.545080226
5/9/2020 4:00,2.867409199
5/9/2020 5:00,2.767598082
5/9/2020 6:00,2.890617055
5/9/2020 7:00,2.947866836
5/9/2020 8:00,2.556350714
5/9/2020 9:00,2.776901949
5/9/2020 10:00,2.833822656
5/9/2020 11:00,2.443779567
5/9/2020 12:00,2.801876507
5/9/2020 13:00,2.845794085
5/9/2020 14:00,2.643912276
5/9/2020 15:00,2.922703313
5/9/2020 16:00,2.568680699
5/9/2020 17:00,2.861759252
5/9/2020 18:00,2.573587996
5/9/2020 19:00,2.509652002
5/9/2020 20:00,2.756408723
5/9/2020 21:00,2.643353426
5/9/2020 22:00,2.573231942
5/9/2020 23:00,2.426866716
5/10/2020 0:00,2.709232512
5/10/2020 1:00,2.602443284
5/10/2020 2:00,2.666889491
5/10/2020 3:00,2.639168022
5/10/2020 4:00,2.780164237
5/10/2020 5:00,2.465329057
5/10/2020 6:00,2.647124814
5/10/2020 7:00,2.562805719
5/10/2020 8:00,2.886024522
5/10/2020 9:00,2.942464138
5/10/2020 10:00,2.554304221
5/10/2020 11:00,2.845504501
5/10/2020 12:00,2.760148996
5/10/2020 13:00,2.552873802
5/10/2020 14:00,2.69504251
5/10/2020 15:00,2.488728519
5/10/2020 16:00,2.631490695
5/10/2020 17:00,2.907616247
5/10/2020 18:00,2.562696811
5/10/2020 19:00,2.544855994
5/10/2020 20:00,2.613757761
5/10/2020 21:00,2.648052145
5/10/2020 22:00,2.709704298
5/10/2020 23:00,2.757975514
5/11/2020 0:00,2.729927831
5/11/2020 1:00,2.425413237
5/11/2020 2:00,2.924841864
5/11/2020 3:00,2.494822414
5/11/2020 4:00,2.424592074
5/11/2020 5:00,2.595189829
5/11/2020 6:00,2.895383821
5/11/2020 7:00,2.423370377
5/11/2020 8:00,2.7271777
5/11/2020 9:00,2.716115323
5/11/2020 10:00,2.624643383
5/11/2020 11:00,2.803248801
5/11/2020 12:00,2.834656606
5/11/2020 13:00,2.712322594
5/11/2020 14:00,2.811124594
5/11/2020 15:00,2.829191625
5/11/2020 16:00,2.582961344
5/11/2020 17:00,2.597941958
5/11/2020 18:00,2.692248997
5/11/2020 19:00,2.799089122
5/11/2020 20:00,2.901644718
5/11/2020 21:00,2.700157432
5/11/2020 22:00,2.781429675
5/11/2020 23:00,2.812216645
5/12/2020 0:00,2.695702161
5/12/2020 1:00,2.851558295
5/12/2020 2:00,2.477746297
5/12/2020 3:00,2.666668836
5/12/2020 4:00,2.73591623
5/12/2020 5:00,2.574252189
5/12/2020 6:00,2.562611482
5/12/2020 7:00,2.871403325
5/12/2020 8:00,2.930574593
5/12/2020 9:00,2.912537927
5/12/2020 10:00,2.538555357
5/12/2020 11:00,2.483096247
5/12/2020 12:00,2.776668155
5/12/2020 13:00,2.810525426
5/12/2020 14:00,2.825917756
5/12/2020 15:00,2.576809844
5/12/2020 16:00,2.492322778
5/12/2020 17:00,2.648022444
5/12/2020 18:00,2.876544642
5/12/2020 19:00,2.480149162
5/12/2020 20:00,2.536170953
5/12/2020 21:00,2.486461016
5/12/2020 22:00,2.792084829
5/12/2020 23:00,2.884400242
5/13/2020 0:00,2.590369394
5/13/2020 1:00,2.588006722
5/13/2020 2:00,2.591983763
5/13/2020 3:00,2.742959681
5/13/2020 4:00,2.781343189
5/13/2020 5:00,2.769422625
5/13/2020 6:00,2.472876
5/13/2020 7:00,2.516940823
5/13/2020 8:00,2.871493099
5/13/2020 9:00,2.680886813
5/13/2020 10:00,2.611116728
5/13/2020 11:00,2.906228998
5/13/2020 12:00,2.758889428
5/13/2020 13:00,2.6999883
5/13/2020 14:00,2.806950063
5/13/2020 15:00,2.817012689
5/13/2020 16:00,2.880297525
5/13/2020 17:00,2.772709427
5/13/2020 18:00,2.521725044
5/13/2020 19:00,2.502029167
5/13/2020 20:00,2.579111622
5/13/2020 21:00,2.565487419
5/13/2020 22:00,2.926357695
5/13/2020 23:00,2.792734606
5/14/2020 0:00,1.890422698
5/14/2020 1:00,1.819192535
5/14/2020 2:00,1.835683433
5/14/2020 3:00,1.690878124
5/14/2020 4:00,1.830686583
5/14/2020 5:00,1.749376277
5/14/2020 6:00,1.796131283
5/14/2020 7:00,1.61523265
5/14/2020 8:00,2.483311171
5/14/2020 9:00,2.854142172
5/14/2020 10:00,2.665164662
5/14/2020 11:00,2.856330472
5/14/2020 12:00,2.420952489
5/14/2020 13:00,2.52500121
5/14/2020 14:00,2.842347643
5/14/2020 15:00,2.698723652
5/14/2020 16:00,1.933102784
5/14/2020 17:00,2.016339052
5/14/2020 18:00,1.999632952
5/14/2020 19:00,2.052199139
5/14/2020 20:00,1.61627791
5/14/2020 21:00,1.615627402
5/14/2020 22:00,1.98783287
5/14/2020 23:00,1.85606618
5/15/2020 0:00,2.446139319
5/15/2020 1:00,2.610294665
5/15/2020 2:00,2.74472659
5/15/2020 3:00,2.509956561
5/15/2020 4:00,2.68029471
5/15/2020 5:00,2.525719086
5/15/2020 6:00,2.555589545
5/15/2020 7:00,2.538251032
5/15/2020 8:00,2.930742595
5/15/2020 9:00,2.724286406
5/15/2020 10:00,2.467005339
5/15/2020 11:00,2.541897112
5/15/2020 12:00,2.830058607
5/15/2020 13:00,2.904467697
5/15/2020 14:00,2.737285105
5/15/2020 15:00,2.583729617
5/15/2020 16:00,2.925402914
5/15/2020 17:00,2.424580784
5/15/2020 18:00,2.681840303
5/15/2020 19:00,2.798892102
5/15/2020 20:00,2.519024628
5/15/2020 21:00,2.848590455
5/15/2020 22:00,2.854336656
5/15/2020 23:00,2.76293726
5/16/2020 0:00,2.423124616
5/16/2020 1:00,2.791627413
5/16/2020 2:00,2.51215645
5/16/2020 3:00,2.793212179
5/16/2020 4:00,2.537287119
5/16/2020 5:00,2.936224608
5/16/2020 6:00,2.440199945
5/16/2020 7:00,2.488378788
5/16/2020 8:00,2.877526487
5/16/2020 9:00,2.719635966
5/16/2020 10:00,2.469430521
5/16/2020 11:00,2.567274144
5/16/2020 12:00,2.848704347
5/16/2020 13:00,2.861402523
5/16/2020 14:00,2.688805453
5/16/2020 15:00,2.470565319
5/16/2020 16:00,2.473220564
5/16/2020 17:00,2.765023032
5/16/2020 18:00,2.443923611
5/16/2020 19:00,2.552960246
5/16/2020 20:00,2.701321539
5/16/2020 21:00,2.920812584
5/16/2020 22:00,2.822751194
5/16/2020 23:00,2.743327486
5/17/2020 0:00,2.742977141
5/17/2020 1:00,2.830985827
5/17/2020 2:00,2.662876065
5/17/2020 3:00,2.518974756
5/17/2020 4:00,2.84587578
5/17/2020 5:00,2.544693878
5/17/2020 6:00,2.623159499
5/17/2020 7:00,2.519977225
5/17/2020 8:00,2.453499587
5/17/2020 9:00,2.564588043
5/17/2020 10:00,2.707299071
5/17/2020 11:00,2.795601361
5/17/2020 12:00,2.673768523
5/17/2020 13:00,2.471449669
5/17/2020 14:00,2.499041569
5/17/2020 15:00,2.522234998
5/17/2020 16:00,2.477985791
5/17/2020 17:00,2.552441594
5/17/2020 18:00,2.804945379
5/17/2020 19:00,2.632025183
5/17/2020 20:00,2.500966257
5/17/2020 21:00,2.719366693
5/17/2020 22:00,2.506910633
5/17/2020 23:00,2.456352464
5/18/2020 0:00,2.626469341
5/18/2020 1:00,2.88339379
5/18/2020 2:00,2.754759634
5/18/2020 3:00,2.589282749
5/18/2020 4:00,2.592977497
5/18/2020 5:00,2.564894673
5/18/2020 6:00,2.581699077
5/18/2020 7:00,2.730230798
5/18/2020 8:00,2.611482523
5/18/2020 9:00,2.51715456
5/18/2020 10:00,2.659925286
5/18/2020 11:00,2.848077662
5/18/2020 12:00,2.541036505
5/18/2020 13:00,2.49451476
5/18/2020 14:00,2.516145546
5/18/2020 15:00,2.822427734
5/18/2020 16:00,2.094722359
5/18/2020 17:00,1.641447569
5/18/2020 18:00,1.920891092
5/18/2020 19:00,1.909144732
5/18/2020 20:00,1.654001817
5/18/2020 21:00,1.741296275
5/18/2020 22:00,2.117828805
5/18/2020 23:00,1.919364191
5/19/2020 0:00,2.772752308
5/19/2020 1:00,2.676801386
5/19/2020 2:00,2.454624153
5/19/2020 3:00,2.611540834
5/19/2020 4:00,2.827628021
5/19/2020 5:00,2.685962239
5/19/2020 6:00,2.800362713
5/19/2020 7:00,2.702021734
5/19/2020 8:00,2.526140912
5/19/2020 9:00,2.836012359
5/19/2020 10:00,2.592170129
5/19/2020 11:00,2.610883885
5/19/2020 12:00,2.557221569
5/19/2020 13:00,2.754351701
5/19/2020 14:00,2.723295185
5/19/2020 15:00,2.846169308
5/19/2020 16:00,2.518594759
5/19/2020 17:00,2.839592185
5/19/2020 18:00,2.818551279
5/19/2020 19:00,2.69932093
5/19/2020 20:00,2.533060696
5/19/2020 21:00,2.501990561
5/19/2020 22:00,2.463678862
5/19/2020 23:00,2.774019046
5/20/2020 0:00,2.602624947
5/20/2020 1:00,2.745763853
5/20/2020 2:00,2.818971722
5/20/2020 3:00,2.518960969
5/20/2020 4:00,2.910524043
5/20/2020 5:00,2.880782014
5/20/2020 6:00,2.920835064
5/20/2020 7:00,2.81570009
5/20/2020 8:00,2.777871811
5/20/2020 9:00,2.781405641
5/20/2020 10:00,2.922839835
5/20/2020 11:00,2.872847379
5/20/2020 12:00,2.460864184
5/20/2020 13:00,2.504175519
5/20/2020 14:00,2.627986139
5/20/2020 15:00,2.820608324
5/20/2020 16:00,2.877574509
5/20/2020 17:00,2.605284451
5/20/2020 18:00,2.906612363
5/20/2020 19:00,2.916406758
5/20/2020 20:00,2.664969564
5/20/2020 21:00,2.485471372
5/20/2020 22:00,2.513215348
5/20/2020 23:00,2.588098486
5/21/2020 0:00,1.829283693
5/21/2020 1:00,1.859148109
5/21/2020 2:00,1.68599466
5/21/2020 3:00,1.706014621
5/21/2020 4:00,1.7605522
5/21/2020 5:00,2.079792723
5/21/2020 6:00,1.881254218
5/21/2020 7:00,1.977282542
5/21/2020 8:00,2.472083637
5/21/2020 9:00,2.793730369
5/21/2020 10:00,2.923541185
5/21/2020 11:00,2.595538781
5/21/2020 12:00,2.880577384
5/21/2020 13:00,2.646523824
5/21/2020 14:00,2.563939556
5/21/2020 15:00,2.584841988
5/21/2020 16:00,2.445133308
5/21/2020 17:00,2.584746417
5/21/2020 18:00,2.873954889
5/21/2020 19:00,2.833572342
5/21/2020 20:00,2.887894005
5/21/2020 21:00,2.932388482
5/21/2020 22:00,2.922821484
5/21/2020 23:00,2.795996738
5/22/2020 0:00,2.806173871
5/22/2020 1:00,2.884943976
5/22/2020 2:00,2.576911215
5/22/2020 3:00,2.826576065
5/22/2020 4:00,2.827825645
5/22/2020 5:00,2.450023843
5/22/2020 6:00,2.748413747
5/22/2020 7:00,2.421424766
5/22/2020 8:00,2.848653563
5/22/2020 9:00,2.498930749
5/22/2020 10:00,2.54065089
5/22/2020 11:00,2.671579136
5/22/2020 12:00,2.923039819
5/22/2020 13:00,2.691887645
5/22/2020 14:00,2.852173787
5/22/2020 15:00,2.753251096
5/22/2020 16:00,2.489380475
5/22/2020 17:00,2.880550052
5/22/2020 18:00,2.555823998
5/22/2020 19:00,2.60536343
5/22/2020 20:00,2.830607574
5/22/2020 21:00,2.621191954
5/22/2020 22:00,2.439951322
5/22/2020 23:00,2.413280537
5/23/2020 0:00,2.452342467
5/23/2020 1:00,2.6912552
5/23/2020 2:00,2.898359485
5/23/2020 3:00,2.42406023
5/23/2020 4:00,2.578373739
5/23/2020 5:00,2.522808927
5/23/2020 6:00,2.835443019
5/23/2020 7:00,2.804506893
5/23/2020 8:00,2.866265629
5/23/2020 9:00,2.789312946
5/23/2020 10:00,2.755311124
5/23/2020 11:00,2.600816152
5/23/2020 12:00,2.912971225
5/23/2020 13:00,2.685703843
5/23/2020 14:00,2.563526837
5/23/2020 15:00,2.780098156
5/23/2020 16:00,2.52450499
5/23/2020 17:00,2.465167295
5/23/2020 18:00,2.746870264
5/23/2020 19:00,2.555853678
5/23/2020 20:00,2.503416311
5/23/2020 21:00,2.561311856
5/23/2020 22:00,2.579867248
5/23/2020 23:00,2.588900674
5/24/2020 0:00,2.829724256
5/24/2020 1:00,2.871857187
5/24/2020 2:00,2.437224081
5/24/2020 3:00,2.499270585
5/24/2020 4:00,2.440711167
5/24/2020 5:00,2.549938445
5/24/2020 6:00,2.520334657
5/24/2020 7:00,2.589114831
5/24/2020 8:00,2.918395098
5/24/2020 9:00,2.457230279
5/24/2020 10:00,2.53560427
5/24/2020 11:00,2.489980895
5/24/2020 12:00,2.889280774
5/24/2020 13:00,2.501398185
5/24/2020 14:00,2.588204393
5/24/2020 15:00,2.726817989
5/24/2020 16:00,2.576894112
5/24/2020 17:00,2.581163492
5/24/2020 18:00,2.61689734
5/24/2020 19:00,2.707730998
5/24/2020 20:00,2.659116702
5/24/2020 21:00,2.488142794
5/24/2020 22:00,2.468086413
5/24/2020 23:00,2.482600119
5/25/2020 0:00,2.591358111
5/25/2020 1:00,2.663326458
5/25/2020 2:00,2.889209841
5/25/2020 3:00,2.515516209
5/25/2020 4:00,2.593406999
5/25/2020 5:00,2.848827331
5/25/2020 6:00,2.920149515
5/25/2020 7:00,2.789127082
5/25/2020 8:00,2.825016043
5/25/2020 9:00,2.640256725
5/25/2020 10:00,2.79943251
5/25/2020 11:00,2.599453373
5/25/2020 12:00,2.515322004
5/25/2020 13:00,2.644535237
5/25/2020 14:00,2.927836186
5/25/2020 15:00,2.885692036
5/25/2020 16:00,2.722157599
5/25/2020 17:00,2.494466021
5/25/2020 18:00,2.863648077
5/25/2020 19:00,2.454775412
5/25/2020 20:00,2.468907206
5/25/2020 21:00,2.897595591
5/25/2020 22:00,2.67682296
5/25/2020 23:00,2.874723588
5/26/2020 0:00,2.636020593
5/26/2020 1:00,2.703713896
5/26/2020 2:00,2.608974853
5/26/2020 3:00,2.80866623
5/26/2020 4:00,2.472403376
5/26/2020 5:00,2.466111007
5/26/2020 6:00,2.686370846
5/26/2020 7:00,2.879206046
5/26/2020 8:00,2.767986128
5/26/2020 9:00,2.656786702
5/26/2020 10:00,2.808854148
5/26/2020 11:00,2.883318029
5/26/2020 12:00,2.880124334
5/26/2020 13:00,2.704057155
5/26/2020 14:00,2.473092872
5/26/2020 15:00,2.715921855
5/26/2020 16:00,2.435009386
5/26/2020 17:00,2.816355209
5/26/2020 18:00,2.538932628
5/26/2020 19:00,2.588368746
5/26/2020 20:00,2.418437741
5/26/2020 21:00,2.722029211
5/26/2020 22:00,2.764162869
5/26/2020 23:00,2.903197787
5/27/2020 0:00,2.934055128
5/27/2020 1:00,2.570503207
5/27/2020 2:00,2.532103429
5/27/2020 3:00,2.665315535
5/27/2020 4:00,2.710534606
5/27/2020 5:00,2.64550438
5/27/2020 6:00,2.507742637
5/27/2020 7:00,2.650487144
5/27/2020 8:00,2.79001625
5/27/2020 9:00,2.513737372
5/27/2020 10:00,2.477422733
5/27/2020 11:00,2.732004258
5/27/2020 12:00,2.615924209
5/27/2020 13:00,2.487090885
5/27/2020 14:00,2.840834033
5/27/2020 15:00,2.576786996
5/27/2020 16:00,2.741093459
5/27/2020 17:00,2.75900698
5/27/2020 18:00,2.781261331
5/27/2020 19:00,2.580735353
5/27/2020 20:00,2.59927219
5/27/2020 21:00,2.90754991
5/27/2020 22:00,2.781943914
5/27/2020 23:00,2.569923337
5/28/2020 0:00,2.443933275
5/28/2020 1:00,2.534711731
5/28/2020 2:00,2.765118813
5/28/2020 3:00,2.520971232
5/28/2020 4:00,2.617435285
5/28/2020 5:00,2.777289005
5/28/2020 6:00,2.431856498
5/28/2020 7:00,2.886007088
5/28/2020 8:00,2.677645575
5/28/2020 9:00,2.764049565
5/28/2020 10:00,2.439957851
5/28/2020 11:00,2.482636864
5/28/2020 12:00,2.538246918
5/28/2020 13:00,2.609048406
5/28/2020 14:00,2.823404709
5/28/2020 15:00,2.939462218
5/28/2020 16:00,2.928670933
5/28/2020 17:00,2.780071858
5/28/2020 18:00,2.587254207
5/28/2020 19:00,2.830905889
5/28/2020 20:00,2.566269207
5/28/2020 21:00,2.645696212
5/28/2020 22:00,2.77137162
5/28/2020 23:00,2.721476533
5/29/2020 0:00,2.678133595
5/29/2020 1:00,2.618136081
5/29/2020 2:00,2.613963656
5/29/2020 3:00,2.608512656
5/29/2020 4:00,2.495489563
5/29/2020 5:00,2.54509104
5/29/2020 6:00,2.832411892
5/29/2020 7:00,2.608126933
5/29/2020 8:00,2.520358618
5/29/2020 9:00,2.663377071
5/29/2020 10:00,2.498484056
5/29/2020 11:00,2.520791871
5/29/2020 12:00,2.443828111
5/29/2020 13:00,2.851957468
5/29/2020 14:00,2.731743844
5/29/2020 15:00,2.893045404
5/29/2020 16:00,2.917241312
5/29/2020 17:00,2.648493377
5/29/2020 18:00,2.454385954
5/29/2020 19:00,2.679965621
5/29/2020 20:00,2.628455197
5/29/2020 21:00,2.633280242
5/29/2020 22:00,2.671904064
5/29/2020 23:00,2.678585506
5/30/2020 0:00,2.426383054
5/30/2020 1:00,2.613922718
5/30/2020 2:00,2.946018751
5/30/2020 3:00,2.733022042
5/30/2020 4:00,2.606016875
5/30/2020 5:00,2.913806632
5/30/2020 6:00,2.525637551
5/30/2020 7:00,2.749178742
5/30/2020 8:00,2.709479479
5/30/2020 9:00,2.819040688
5/30/2020 10:00,2.749633525
5/30/2020 11:00,2.426467369
5/30/2020 12:00,2.867579134
5/30/2020 13:00,2.909640662
5/30/2020 14:00,2.485819623
5/30/2020 15:00,2.63766681
5/30/2020 16:00,2.481499081
5/30/2020 17:00,2.830320079
5/30/2020 18:00,2.73386824
5/30/2020 19:00,2.769921462
5/30/2020 20:00,2.69507052
5/30/2020 21:00,2.693440226
5/30/2020 22:00,2.817936512
5/30/2020 23:00,2.56864831
5/31/2020 0:00,2.778749456
5/31/2020 1:00,2.446082927
5/31/2020 2:00,2.901015938
5/31/2020 3:00,2.799965837
5/31/2020 4:00,2.619892328
5/31/2020 5:00,2.943768876
5/31/2020 6:00,2.6723389
5/31/2020 7:00,2.489934058
5/31/2020 8:00,2.562823836
5/31/2020 9:00,2.83986578
5/31/2020 10:00,2.601076178
5/31/2020 11:00,2.506998391
5/31/2020 12:00,2.743617449
5/31/2020 13:00,2.926845909
5/31/2020 14:00,2.602241125
5/31/2020 15:00,2.526703572
5/31/2020 16:00,2.482565346
5/31/2020 17:00,2.424731891
5/31/2020 18:00,2.500401983
5/31/2020 19:00,2.509069879
5/31/2020 20:00,2.501049118
5/31/2020 21:00,2.853201619
5/31/2020 22:00,2.761865053
5/31/2020 23:00,2.727766931
6/1/2020 0:00,2.893269525
6/1/2020 1:00,2.930453433
6/1/2020 2:00,2.482389821
6/1/2020 3:00,2.93484172
6/1/2020 4:00,2.634874814
6/1/2020 5:00,2.673969259
6/1/2020 6:00,2.844545837
6/1/2020 7:00,2.558273711
6/1/2020 8:00,2.887853865
6/1/2020 9:00,2.8107896
6/1/2020 10:00,2.581996932
6/1/2020 11:00,2.793379041
6/1/2020 12:00,2.809216382
6/1/2020 13:00,2.909406784
6/1/2020 14:00,2.437322096
6/1/2020 15:00,2.432620872
6/1/2020 16:00,1.986155383
6/1/2020 17:00,1.969778976
6/1/2020 18:00,1.876645561
6/1/2020 19:00,1.865801917
6/1/2020 20:00,2.014912317
6/1/2020 21:00,1.812395067
6/1/2020 22:00,1.875091168
6/1/2020 23:00,1.610716786
6/2/2020 0:00,2.683266486
6/2/2020 1:00,2.575028867
6/2/2020 2:00,2.936839486
6/2/2020 3:00,2.901141477
6/2/2020 4:00,2.533382213
6/2/2020 5:00,2.789372229
6/2/2020 6:00,2.581103721
6/2/2020 7:00,2.892294401
6/2/2020 8:00,2.647213172
6/2/2020 9:00,2.694607041
6/2/2020 10:00,2.719887554
6/2/2020 11:00,2.903701894
6/2/2020 12:00,2.586984884
6/2/2020 13:00,2.600421909
6/2/2020 14:00,2.605759319
6/2/2020 15:00,2.787620726
6/2/2020 16:00,2.492752716
6/2/2020 17:00,2.420378041
6/2/2020 18:00,2.851927148
6/2/2020 19:00,2.482338171
6/2/2020 20:00,2.745946233
6/2/2020 21:00,2.865233234
6/2/2020 22:00,2.716938836
6/2/2020 23:00,2.646176111
6/3/2020 0:00,2.504978801
6/3/2020 1:00,2.685919886
6/3/2020 2:00,2.882694167
6/3/2020 3:00,2.67247298
6/3/2020 4:00,2.880855698
6/3/2020 5:00,2.67449765
6/3/2020 6:00,2.497649237
6/3/2020 7:00,2.921280582
6/3/2020 8:00,2.535694553
6/3/2020 9:00,2.946072686
6/3/2020 10:00,2.630008322
6/3/2020 11:00,2.809807387
6/3/2020 12:00,2.639645196
6/3/2020 13:00,2.778697635
6/3/2020 14:00,2.946430927
6/3/2020 15:00,2.598577724
6/3/2020 16:00,2.809733625
6/3/2020 17:00,2.710321785
6/3/2020 18:00,2.806133116
6/3/2020 19:00,2.871625945
6/3/2020 20:00,2.873157309
6/3/2020 21:00,2.554169238
6/3/2020 22:00,2.622236874
6/3/2020 23:00,2.846618032
6/4/2020 0:00,2.912863558
6/4/2020 1:00,2.694717945
6/4/2020 2:00,2.678938228
6/4/2020 3:00,2.915801307
6/4/2020 4:00,2.82690266
6/4/2020 5:00,2.628137702
6/4/2020 6:00,2.586814183
6/4/2020 7:00,2.437003433
6/4/2020 8:00,2.763360329
6/4/2020 9:00,2.740850502
6/4/2020 10:00,2.623236218
6/4/2020 11:00,2.550224094
6/4/2020 12:00,2.494519026
6/4/2020 13:00,2.636697286
6/4/2020 14:00,2.763750082
6/4/2020 15:00,2.753029645
6/4/2020 16:00,2.922889295
6/4/2020 17:00,2.908647307
6/4/2020 18:00,2.499969386
6/4/2020 19:00,2.701537836
6/4/2020 20:00,2.491212081
6/4/2020 21:00,2.736551526
6/4/2020 22:00,2.723984607
6/4/2020 23:00,2.724737781
6/5/2020 0:00,2.910317574
6/5/2020 1:00,2.440644903
6/5/2020 2:00,2.867083166
6/5/2020 3:00,2.441670306
6/5/2020 4:00,2.658797335
6/5/2020 5:00,2.765501416
6/5/2020 6:00,2.443331211
6/5/2020 7:00,2.705156513
6/5/2020 8:00,2.501981321
6/5/2020 9:00,2.816907831
6/5/2020 10:00,2.588964622
6/5/2020 11:00,2.897529372
6/5/2020 12:00,2.488723313
6/5/2020 13:00,2.539244128
6/5/2020 14:00,2.568917203
6/5/2020 15:00,2.658493654
6/5/2020 16:00,2.464628933
6/5/2020 17:00,2.818451452
6/5/2020 18:00,2.495060834
6/5/2020 19:00,2.581540256
6/5/2020 20:00,2.419439814
6/5/2020 21:00,2.90978692
6/5/2020 22:00,2.869573066
6/5/2020 23:00,2.728173115
6/6/2020 0:00,2.448578787
6/6/2020 1:00,2.470335792
6/6/2020 2:00,2.900861279
6/6/2020 3:00,2.445355447
6/6/2020 4:00,2.451063976
6/6/2020 5:00,2.634472083
6/6/2020 6:00,2.868321496
6/6/2020 7:00,2.554788985
6/6/2020 8:00,2.447417597
6/6/2020 9:00,2.617496975
6/6/2020 10:00,2.81731977
6/6/2020 11:00,2.427606668
6/6/2020 12:00,2.783120881
6/6/2020 13:00,2.711427623
6/6/2020 14:00,2.58570594
6/6/2020 15:00,2.509542605
6/6/2020 16:00,2.660819006
6/6/2020 17:00,2.794901943
6/6/2020 18:00,2.883469238
6/6/2020 19:00,2.664725472
6/6/2020 20:00,2.885503336
6/6/2020 21:00,2.590936056
6/6/2020 22:00,2.420382719
6/6/2020 23:00,2.69507498
6/7/2020 0:00,1.830220907
6/7/2020 1:00,1.848144261
6/7/2020 2:00,1.77231885
6/7/2020 3:00,1.705078663
6/7/2020 4:00,2.111014264
6/7/2020 5:00,1.814775005
6/7/2020 6:00,2.025227911
6/7/2020 7:00,2.038618112
6/7/2020 8:00,2.703210209
6/7/2020 9:00,2.855207279
6/7/2020 10:00,2.519359376
6/7/2020 11:00,2.91672058
6/7/2020 12:00,2.418015473
6/7/2020 13:00,2.746182101
6/7/2020 14:00,2.883660306
6/7/2020 15:00,2.477748487
6/7/2020 16:00,2.577911135
6/7/2020 17:00,2.430827568
6/7/2020 18:00,2.431653192
6/7/2020 19:00,2.623706379
6/7/2020 20:00,2.905961996
6/7/2020 21:00,2.905109473
6/7/2020 22:00,2.552337143
6/7/2020 23:00,2.882490189
6/8/2020 0:00,2.909779432
6/8/2020 1:00,2.443538529
6/8/2020 2:00,2.502919543
6/8/2020 3:00,2.74744582
6/8/2020 4:00,2.922781641
6/8/2020 5:00,2.643596191
6/8/2020 6:00,2.534202255
6/8/2020 7:00,2.645425592
6/8/2020 8:00,2.560804759
6/8/2020 9:00,2.561963502
6/8/2020 10:00,2.923737672
6/8/2020 11:00,2.509714643
6/8/2020 12:00,2.53547212
6/8/2020 13:00,2.412514183
6/8/2020 14:00,2.614157667
6/8/2020 15:00,2.618868028
6/8/2020 16:00,2.740394818
6/8/2020 17:00,2.879777066
6/8/2020 18:00,2.931211869
6/8/2020 19:00,2.624579503
6/8/2020 20:00,2.829399738
6/8/2020 21:00,2.614287105
6/8/2020 22:00,2.764038992
6/8/2020 23:00,2.705598507
6/9/2020 0:00,2.780341295
6/9/2020 1:00,2.650425479
6/9/2020 2:00,2.591134496
6/9/2020 3:00,2.670698312
6/9/2020 4:00,2.842241202
6/9/2020 5:00,2.883542045
6/9/2020 6:00,2.804513168
6/9/2020 7:00,2.833353467
6/9/2020 8:00,2.462812424
6/9/2020 9:00,2.798317853
6/9/2020 10:00,2.901066457
6/9/2020 11:00,2.873821988
6/9/2020 12:00,2.61524851
6/9/2020 13:00,2.631335999
6/9/2020 14:00,2.612778956
6/9/2020 15:00,2.740300526
6/9/2020 16:00,2.833272959
6/9/2020 17:00,2.523263463
6/9/2020 18:00,2.753859491
6/9/2020 19:00,2.422904774
6/9/2020 20:00,2.499418741
6/9/2020 21:00,2.507627251
6/9/2020 22:00,2.609501207
6/9/2020 23:00,2.656203179
6/10/2020 0:00,2.806456196
6/10/2020 1:00,2.894015087
6/10/2020 2:00,2.456656025
6/10/2020 3:00,2.595079311
6/10/2020 4:00,2.646610811
6/10/2020 5:00,2.828687736
6/10/2020 6:00,2.766932969
6/10/2020 7:00,2.551826934
6/10/2020 8:00,2.607025527
6/10/2020 9:00,2.468573674
6/10/2020 10:00,2.701417396
6/10/2020 11:00,2.876106649
6/10/2020 12:00,2.854217854
6/10/2020 13:00,2.856578161
6/10/2020 14:00,2.633157237
6/10/2020 15:00,2.511495746
6/10/2020 16:00,2.807828679
6/10/2020 17:00,2.55992943
6/10/2020 18:00,2.633525473
6/10/2020 19:00,2.727176839
6/10/2020 20:00,2.891460042
6/10/2020 21:00,2.859954374
6/10/2020 22:00,2.689851153
6/10/2020 23:00,2.93432474
6/11/2020 0:00,2.413713281
6/11/2020 1:00,2.585599134
6/11/2020 2:00,2.427111503
6/11/2020 3:00,2.882172185
6/11/2020 4:00,2.529809082
6/11/2020 5:00,2.424429399
6/11/2020 6:00,2.802207284
6/11/2020 7:00,2.524293984
6/11/2020 8:00,2.730490672
6/11/2020 9:00,2.515965122
6/11/2020 10:00,2.83915403
6/11/2020 11:00,2.736549594
6/11/2020 12:00,2.930634994
6/11/2020 13:00,2.763609398
6/11/2020 14:00,2.423205339
6/11/2020 15:00,2.556360492
6/11/2020 16:00,2.589034292
6/11/2020 17:00,2.421920708
6/11/2020 18:00,2.758811942
6/11/2020 19:00,2.469176482
6/11/2020 20:00,2.494037741
6/11/2020 21:00,2.780787164
6/11/2020 22:00,2.891166787
6/11/2020 23:00,2.55982143
6/12/2020 0:00,2.739763143
6/12/2020 1:00,2.501334299
6/12/2020 2:00,2.83384777
6/12/2020 3:00,2.823570698
6/12/2020 4:00,2.894476686
6/12/2020 5:00,2.545601801
6/12/2020 6:00,2.848625209
6/12/2020 7:00,2.836384714
6/12/2020 8:00,2.527449531
6/12/2020 9:00,2.665346055
6/12/2020 10:00,2.43697252
6/12/2020 11:00,2.938016474
6/12/2020 12:00,2.648819641
6/12/2020 13:00,2.734399729
6/12/2020 14:00,2.642962652
6/12/2020 15:00,2.766414495
6/12/2020 16:00,2.924468266
6/12/2020 17:00,2.449041507
6/12/2020 18:00,2.415705879
6/12/2020 19:00,2.906581452
6/12/2020 20:00,2.768850119
6/12/2020 21:00,2.449986043
6/12/2020 22:00,2.427921804
6/12/2020 23:00,2.681036177
6/13/2020 0:00,2.692410317
6/13/2020 1:00,2.90519544
6/13/2020 2:00,2.454669061
6/13/2020 3:00,2.501213494
6/13/2020 4:00,2.945481649
6/13/2020 5:00,2.470577636
6/13/2020 6:00,2.814777036
6/13/2020 7:00,2.777595588
6/13/2020 8:00,2.880205155
6/13/2020 9:00,2.738201669
6/13/2020 10:00,2.514587227
6/13/2020 11:00,2.631620593
6/13/2020 12:00,2.528931839
6/13/2020 13:00,2.574409487
6/13/2020 14:00,2.911892058
6/13/2020 15:00,2.765264545
6/13/2020 16:00,2.067014369
6/13/2020 17:00,1.810439639
6/13/2020 18:00,1.967427927
6/13/2020 19:00,1.693914936
6/13/2020 20:00,1.717291466
6/13/2020 21:00,1.702493644
6/13/2020 22:00,1.86441293
6/13/2020 23:00,1.878765901
6/14/2020 0:00,2.476775493
6/14/2020 1:00,2.527567892
6/14/2020 2:00,2.858485349
6/14/2020 3:00,2.611727326
6/14/2020 4:00,2.613471692
6/14/2020 5:00,2.576809983
6/14/2020 6:00,2.623484104
6/14/2020 7:00,2.5685883
6/14/2020 8:00,1.649756477
6/14/2020 9:00,2.114160181
6/14/2020 10:00,2.115262842
6/14/2020 11:00,1.874892137
6/14/2020 12:00,2.05695676
6/14/2020 13:00,1.879662353
6/14/2020 14:00,2.025898889
6/14/2020 15:00,1.72239369
6/14/2020 16:00,2.726795299
6/14/2020 17:00,2.503242997
6/14/2020 18:00,2.790769001
6/14/2020 19:00,2.81828837
6/14/2020 20:00,2.719423699
6/14/2020 21:00,2.819603127
6/14/2020 22:00,2.478537495
6/14/2020 23:00,2.898801012
6/15/2020 0:00,2.780499451
6/15/2020 1:00,2.739707512
6/15/2020 2:00,2.434707041
6/15/2020 3:00,2.630507319
6/15/2020 4:00,2.830616564
6/15/2020 5:00,2.81964103
6/15/2020 6:00,2.606938636
6/15/2020 7:00,2.714374454
6/15/2020 8:00,1.844830927
6/15/2020 9:00,1.707054169
6/15/2020 10:00,1.703938375
6/15/2020 11:00,2.117301858
6/15/2020 12:00,1.898053649
6/15/2020 13:00,1.748740894
6/15/2020 14:00,1.980852263
6/15/2020 15:00,1.880762464
6/15/2020 16:00,2.817129902
6/15/2020 17:00,2.523216268
6/15/2020 18:00,2.939939686
6/15/2020 19:00,2.823994247
6/15/2020 20:00,2.420461547
6/15/2020 21:00,2.648155857
6/15/2020 22:00,2.83167354
6/15/2020 23:00,2.84058693
6/16/2020 0:00,2.465150607
6/16/2020 1:00,2.469156512
6/16/2020 2:00,2.488394266
6/16/2020 3:00,2.45511404
6/16/2020 4:00,2.634291302
6/16/2020 5:00,2.941801961
6/16/2020 6:00,2.641038363
6/16/2020 7:00,2.883425507
6/16/2020 8:00,2.697206915
6/16/2020 9:00,2.866594936
6/16/2020 10:00,2.813209917
6/16/2020 11:00,2.643917498
6/16/2020 12:00,2.456348003
6/16/2020 13:00,2.434895446
6/16/2020 14:00,2.710629594
6/16/2020 15:00,2.660277708
6/16/2020 16:00,2.520270674
6/16/2020 17:00,2.449256707
6/16/2020 18:00,2.592561959
6/16/2020 19:00,2.454177943
6/16/2020 20:00,2.619810744
6/16/2020 21:00,2.481108456
6/16/2020 22:00,2.521242472
6/16/2020 23:00,2.879776105
6/17/2020 0:00,2.605700945
6/17/2020 1:00,2.526677303
6/17/2020 2:00,2.891945972
6/17/2020 3:00,2.49017304
6/17/2020 4:00,2.903522058
6/17/2020 5:00,2.932966758
6/17/2020 6:00,2.758661048
6/17/2020 7:00,2.907439985
6/17/2020 8:00,2.801795524
6/17/2020 9:00,2.429851749
6/17/2020 10:00,2.903520622
6/17/2020 11:00,2.87935421
6/17/2020 12:00,2.454798034
6/17/2020 13:00,2.748324129
6/17/2020 14:00,2.598890233
6/17/2020 15:00,2.831742821
6/17/2020 16:00,2.78359256
6/17/2020 17:00,2.746509576
6/17/2020 18:00,2.430077393
6/17/2020 19:00,2.441536749
6/17/2020 20:00,2.616570091
6/17/2020 21:00,2.821466374
6/17/2020 22:00,2.82787289
6/17/2020 23:00,2.678015689
6/18/2020 0:00,1.696471643
6/18/2020 1:00,1.816181523
6/18/2020 2:00,2.126637936
6/18/2020 3:00,1.83408654
6/18/2020 4:00,1.620271747
6/18/2020 5:00,2.12402669
6/18/2020 6:00,1.672354636
6/18/2020 7:00,2.092510914
6/18/2020 8:00,2.725384968
6/18/2020 9:00,2.753902897
6/18/2020 10:00,2.63135792
6/18/2020 11:00,2.760250057
6/18/2020 12:00,2.416739443
6/18/2020 13:00,2.576244769
6/18/2020 14:00,2.753252659
6/18/2020 15:00,2.750263995
6/18/2020 16:00,2.670422724
6/18/2020 17:00,2.520896348
6/18/2020 18:00,2.440048329
6/18/2020 19:00,2.848319869
6/18/2020 20:00,2.548413362
6/18/2020 21:00,2.683560193
6/18/2020 22:00,2.882853922
6/18/2020 23:00,2.755565529
6/19/2020 0:00,2.796797821
6/19/2020 1:00,2.601598714
6/19/2020 2:00,2.947292243
6/19/2020 3:00,2.678647356
6/19/2020 4:00,2.705493524
6/19/2020 5:00,2.488544225
6/19/2020 6:00,2.502994104
6/19/2020 7:00,2.706114245
6/19/2020 8:00,2.620393358
6/19/2020 9:00,2.859998116
6/19/2020 10:00,2.606356324
6/19/2020 11:00,2.90436713
6/19/2020 12:00,2.630226478
6/19/2020 13:00,2.844364289
6/19/2020 14:00,2.522439477
6/19/2020 15:00,2.593941762
6/19/2020 16:00,2.836418745
6/19/2020 17:00,2.558982458
6/19/2020 18:00,2.694037187
6/19/2020 19:00,2.920791761
6/19/2020 20:00,2.934600953
6/19/2020 21:00,2.635119893
6/19/2020 22:00,2.798128943
6/19/2020 23:00,2.636732422
6/20/2020 0:00,2.429466821
6/20/2020 1:00,2.883492251
6/20/2020 2:00,2.907658643
6/20/2020 3:00,2.781361444
6/20/2020 4:00,2.84290737
6/20/2020 5:00,2.651857702
6/20/2020 6:00,2.513398403
6/20/2020 7:00,2.844302241
6/20/2020 8:00,2.438140731
6/20/2020 9:00,2.498357627
6/20/2020 10:00,2.684330893
6/20/2020 11:00,2.838363381
6/20/2020 12:00,2.454375869
6/20/2020 13:00,2.652306522
6/20/2020 14:00,2.501582783
6/20/2020 15:00,2.871910339
6/20/2020 16:00,2.735680136
6/20/2020 17:00,2.431277531
6/20/2020 18:00,2.776268625
6/20/2020 19:00,2.679599501
6/20/2020 20:00,2.942754634
6/20/2020 21:00,2.502150781
6/20/2020 22:00,2.642290894
6/20/2020 23:00,2.798566972
6/21/2020 0:00,2.514710354
6/21/2020 1:00,2.705906576
6/21/2020 2:00,2.641727139
6/21/2020 3:00,2.573953315
6/21/2020 4:00,2.79145188
6/21/2020 5:00,2.469147012
6/21/2020 6:00,2.906161345
6/21/2020 7:00,2.772457533
6/21/2020 8:00,2.734101446
6/21/2020 9:00,2.881135473
6/21/2020 10:00,2.619170871
6/21/2020 11:00,2.647816295
6/21/2020 12:00,2.444637057
6/21/2020 13:00,2.585871408
6/21/2020 14:00,2.529445724
6/21/2020 15:00,2.785619787
6/21/2020 16:00,2.424222858
6/21/2020 17:00,2.768204607
6/21/2020 18:00,2.667875228
6/21/2020 19:00,2.643181199
6/21/2020 20:00,2.63286709
6/21/2020 21:00,2.561183565
6/21/2020 22:00,2.611298339
6/21/2020 23:00,2.45202901
6/22/2020 0:00,2.601102528
6/22/2020 1:00,2.587444524
6/22/2020 2:00,2.840038419
6/22/2020 3:00,2.614651345
6/22/2020 4:00,2.881903991
6/22/2020 5:00,2.499898803
6/22/2020 6:00,2.530658556
6/22/2020 7:00,2.42998884
6/22/2020 8:00,2.798734219
6/22/2020 9:00,2.826980193
6/22/2020 10:00,2.849926117
6/22/2020 11:00,2.763457651
6/22/2020 12:00,2.877484656
6/22/2020 13:00,2.447442676
6/22/2020 14:00,2.729814233
6/22/2020 15:00,2.702131291
6/22/2020 16:00,2.801819138
6/22/2020 17:00,2.583559472
6/22/2020 18:00,2.806306808
6/22/2020 19:00,2.774982507
6/22/2020 20:00,2.60066568
6/22/2020 21:00,2.944160546
6/22/2020 22:00,2.545131104
6/22/2020 23:00,2.945076954
6/23/2020 0:00,2.476674138
6/23/2020 1:00,2.649364772
6/23/2020 2:00,2.897984661
6/23/2020 3:00,2.745570979
6/23/2020 4:00,2.824748886
6/23/2020 5:00,2.58200342
6/23/2020 6:00,2.902113681
6/23/2020 7:00,2.904542316
6/23/2020 8:00,2.681705075
6/23/2020 9:00,2.565552326
6/23/2020 10:00,2.846304969
6/23/2020 11:00,2.831641432
6/23/2020 12:00,2.532098104
6/23/2020 13:00,2.583392912
6/23/2020 14:00,2.72552656
6/23/2020 15:00,2.431719433
6/23/2020 16:00,2.498261402
6/23/2020 17:00,2.514127976
6/23/2020 18:00,2.508589822
6/23/2020 19:00,2.638922016
6/23/2020 20:00,2.58210912
6/23/2020 21:00,2.495577244
6/23/2020 22:00,2.593468962
6/23/2020 23:00,2.772745421
6/24/2020 0:00,2.672112211
6/24/2020 1:00,2.777993609
6/24/2020 2:00,2.83135305
6/24/2020 3:00,2.644269036
6/24/2020 4:00,2.880613749
6/24/2020 5:00,2.906555168
6/24/2020 6:00,2.439034709
6/24/2020 7:00,2.436143585
6/24/2020 8:00,2.940878879
6/24/2020 9:00,2.937760113
6/24/2020 10:00,2.780586066
6/24/2020 11:00,2.713190972
6/24/2020 12:00,2.726480312
6/24/2020 13:00,2.525967241
6/24/2020 14:00,2.413222825
6/24/2020 15:00,2.936822653
6/24/2020 16:00,2.494830109
6/24/2020 17:00,2.683939646
6/24/2020 18:00,2.703680483
6/24/2020 19:00,2.737352359
6/24/2020 20:00,2.678624115
6/24/2020 21:00,2.804709844
6/24/2020 22:00,2.544633012
6/24/2020 23:00,2.858185417
6/25/2020 0:00,2.62121905
6/25/2020 1:00,2.726590295
6/25/2020 2:00,2.46420013
6/25/2020 3:00,2.593880699
6/25/2020 4:00,2.486372852
6/25/2020 5:00,2.738216647
6/25/2020 6:00,2.752945469
6/25/2020 7:00,2.516782533
6/25/2020 8:00,2.836216421
6/25/2020 9:00,2.869115151
6/25/2020 10:00,2.749794225
6/25/2020 11:00,2.500257295
6/25/2020 12:00,2.603963366
6/25/2020 13:00,2.914039675
6/25/2020 14:00,2.674839838
6/25/2020 15:00,2.946196258
6/25/2020 16:00,2.543523183
6/25/2020 17:00,2.436881636
6/25/2020 18:00,2.861787301
6/25/2020 19:00,2.617567677
6/25/2020 20:00,2.486676835
6/25/2020 21:00,2.799234146
6/25/2020 22:00,2.814250066
6/25/2020 23:00,2.842250804
6/26/2020 0:00,2.793456333
6/26/2020 1:00,2.591304184
6/26/2020 2:00,2.637714986
6/26/2020 3:00,2.947153733
6/26/2020 4:00,2.509773067
6/26/2020 5:00,2.592262625
6/26/2020 6:00,2.733400419
6/26/2020 7:00,2.719078269
6/26/2020 8:00,2.75056398
6/26/2020 9:00,2.688781611
6/26/2020 10:00,2.939492496
6/26/2020 11:00,2.583962109
6/26/2020 12:00,2.712691408
6/26/2020 13:00,2.930042471
6/26/2020 14:00,2.89502526
6/26/2020 15:00,2.778110544
6/26/2020 16:00,2.89473589
6/26/2020 17:00,2.599370045
6/26/2020 18:00,2.852513199
6/26/2020 19:00,2.426221921
6/26/2020 20:00,2.729826486
6/26/2020 21:00,2.702040509
6/26/2020 22:00,2.56134237
6/26/2020 23:00,2.857387527
6/27/2020 0:00,2.507509723
6/27/2020 1:00,2.912589047
6/27/2020 2:00,2.640581514
6/27/2020 3:00,2.643040699
6/27/2020 4:00,2.615297608
6/27/2020 5:00,2.477901332
6/27/2020 6:00,2.577371834
6/27/2020 7:00,2.545762966
6/27/2020 8:00,2.440697603
6/27/2020 9:00,2.642622217
6/27/2020 10:00,2.613441894
6/27/2020 11:00,2.822096637
6/27/2020 12:00,2.603519949
6/27/2020 13:00,2.922759728
6/27/2020 14:00,2.436777944
6/27/2020 15:00,2.5730491
6/27/2020 16:00,2.797873315
6/27/2020 17:00,2.790187279
6/27/2020 18:00,2.54012994
6/27/2020 19:00,2.742064865
6/27/2020 20:00,2.754196207
6/27/2020 21:00,2.685342719
6/27/2020 22:00,2.532928
6/27/2020 23:00,2.849322377
6/28/2020 0:00,2.919609936
6/28/2020 1:00,2.923407276
6/28/2020 2:00,2.745612702
6/28/2020 3:00,2.914116956
6/28/2020 4:00,2.562561433
6/28/2020 5:00,2.733382756
6/28/2020 6:00,2.856096715
6/28/2020 7:00,2.55138147
6/28/2020 8:00,2.91611925
6/28/2020 9:00,2.865658936
6/28/2020 10:00,2.420000074
6/28/2020 11:00,2.944827246
6/28/2020 12:00,2.652739634
6/28/2020 13:00,2.661151944
6/28/2020 14:00,2.768148995
6/28/2020 15:00,2.683307359
6/28/2020 16:00,2.917257551
6/28/2020 17:00,2.785593108
6/28/2020 18:00,2.791996757
6/28/2020 19:00,2.884937302
6/28/2020 20:00,2.666095112
6/28/2020 21:00,2.495913173
6/28/2020 22:00,2.77191986
6/28/2020 23:00,2.496987176
6/29/2020 0:00,2.489987346
6/29/2020 1:00,2.580397595
6/29/2020 2:00,2.913009532
6/29/2020 3:00,2.648908635
6/29/2020 4:00,2.474257883
6/29/2020 5:00,2.415433038
6/29/2020 6:00,2.581227454
6/29/2020 7:00,2.70982054
6/29/2020 8:00,2.441231642
6/29/2020 9:00,2.932666784
6/29/2020 10:00,2.424904422
6/29/2020 11:00,2.650513153
6/29/2020 12:00,2.869045121
6/29/2020 13:00,2.821860372
6/29/2020 14:00,2.448738676
6/29/2020 15:00,2.643928659
6/29/2020 16:00,2.572501495
6/29/2020 17:00,2.649297768
6/29/2020 18:00,2.440384785
6/29/2020 19:00,2.866795441
6/29/2020 20:00,2.80592975
6/29/2020 21:00,2.780075348
6/29/2020 22:00,2.851849946
6/29/2020 23:00,2.898361977
6/30/2020 0:00,2.641147694
6/30/2020 1:00,2.740308574
6/30/2020 2:00,2.934516795
6/30/2020 3:00,2.856879676
6/30/2020 4:00,2.896865856
6/30/2020 5:00,2.510092781
6/30/2020 6:00,2.654499599
6/30/2020 7:00,2.558999518
6/30/2020 8:00,2.611358155
6/30/2020 9:00,2.797078822
6/30/2020 10:00,2.848040524
6/30/2020 11:00,2.884511443
6/30/2020 12:00,2.413240237
6/30/2020 13:00,2.80809295
6/30/2020 14:00,2.67436075
6/30/2020 15:00,2.749010127
6/30/2020 16:00,2.641972604
6/30/2020 17:00,2.786717157
6/30/2020 18:00,2.821366106
6/30/2020 19:00,2.482855117
6/30/2020 20:00,2.917401495
6/30/2020 21:00,2.630323322
6/30/2020 22:00,2.918050308
6/30/2020 23:00,2.425596536
7/1/2020 0:00,2.494502758
7/1/2020 1:00,2.937634267
7/1/2020 2:00,2.855250454
7/1/2020 3:00,2.602125456
7/1/2020 4:00,2.927942127
7/1/2020 5:00,2.610962079
7/1/2020 6:00,2.796258339
7/1/2020 7:00,2.804219028
7/1/2020 8:00,2.427624753
7/1/2020 9:00,2.815570654
7/1/2020 10:00,2.724528683
7/1/2020 11:00,2.693374506
7/1/2020 12:00,2.45604277
7/1/2020 13:00,2.823418874
7/1/2020 14:00,2.45275738
7/1/2020 15:00,2.536069262
7/1/2020 16:00,2.924465446
7/1/2020 17:00,2.932334571
7/1/2020 18:00,2.414766235
7/1/2020 19:00,2.742823545
7/1/2020 20:00,2.569116701
7/1/2020 21:00,2.823049076
7/1/2020 22:00,2.89470315
7/1/2020 23:00,2.801891591
7/2/2020 0:00,2.796540399
7/2/2020 1:00,2.614100844
7/2/2020 2:00,2.784661944
7/2/2020 3:00,2.705519984
7/2/2020 4:00,2.660448423
7/2/2020 5:00,2.531104764
7/2/2020 6:00,2.82325073
7/2/2020 7:00,2.643593597
7/2/2020 8:00,2.513631756
7/2/2020 9:00,2.429505764
7/2/2020 10:00,2.492762653
7/2/2020 11:00,2.550256688
7/2/2020 12:00,2.940314901
7/2/2020 13:00,2.413569489
7/2/2020 14:00,2.875179726
7/2/2020 15:00,2.752918605
7/2/2020 16:00,2.928733128
7/2/2020 17:00,2.557888041
7/2/2020 18:00,2.632519171
7/2/2020 19:00,2.68382436
7/2/2020 20:00,2.623887084
7/2/2020 21:00,2.751131812
7/2/2020 22:00,2.704850356
7/2/2020 23:00,2.728006643
7/3/2020 0:00,2.578137217
7/3/2020 1:00,2.467490823
7/3/2020 2:00,2.887717734
7/3/2020 3:00,2.461661544
7/3/2020 4:00,2.421530325
7/3/2020 5:00,2.908903539
7/3/2020 6:00,2.512854343
7/3/2020 7:00,2.544024754
7/3/2020 8:00,2.70417622
7/3/2020 9:00,2.495895568
7/3/2020 10:00,2.572541538
7/3/2020 11:00,2.76894659
7/3/2020 12:00,2.794970804
7/3/2020 13:00,2.447630239
7/3/2020 14:00,2.761011478
7/3/2020 15:00,2.78815054
7/3/2020 16:00,2.57957038
7/3/2020 17:00,2.611499213
7/3/2020 18:00,2.441634071
7/3/2020 19:00,2.67346376
7/3/2020 20:00,2.791802919
7/3/2020 21:00,2.70292429
7/3/2020 22:00,2.730650138
7/3/2020 23:00,2.490018278
7/4/2020 0:00,2.518093441
7/4/2020 1:00,2.717940633
7/4/2020 2:00,2.683600609
7/4/2020 3:00,2.734932746
7/4/2020 4:00,2.476666303
7/4/2020 5:00,2.690920022
7/4/2020 6:00,2.800414434
7/4/2020 7:00,2.835240047
7/4/2020 8:00,2.93547965
7/4/2020 9:00,2.470388684
7/4/2020 10:00,2.777710373
7/4/2020 11:00,2.46535468
7/4/2020 12:00,2.486147901
7/4/2020 13:00,2.595474237
7/4/2020 14:00,2.524428872
7/4/2020 15:00,2.843434317
7/4/2020 16:00,2.529534899
7/4/2020 17:00,2.891198766
7/4/2020 18:00,2.418239792
7/4/2020 19:00,2.49278224
7/4/2020 20:00,2.626796319
7/4/2020 21:00,2.433995057
7/4/2020 22:00,2.669703076
7/4/2020 23:00,2.807835245
7/5/2020 0:00,2.742958982
7/5/2020 1:00,2.696388627
7/5/2020 2:00,2.855153389
7/5/2020 3:00,2.413199974
7/5/2020 4:00,2.647400131
7/5/2020 5:00,2.842724812
7/5/2020 6:00,2.58182052
7/5/2020 7:00,2.800542896
7/5/2020 8:00,2.649981937
7/5/2020 9:00,2.631558488
7/5/2020 10:00,2.885981783
7/5/2020 11:00,2.562680561
7/5/2020 12:00,2.699225892
7/5/2020 13:00,2.706598826
7/5/2020 14:00,2.538108563
7/5/2020 15:00,2.660839984
7/5/2020 16:00,2.785446039
7/5/2020 17:00,2.845700339
7/5/2020 18:00,2.790304317
7/5/2020 19:00,2.562016756
7/5/2020 20:00,2.698397021
7/5/2020 21:00,2.723553882
7/5/2020 22:00,2.470314688
7/5/2020 23:00,2.609438395
7/6/2020 0:00,2.699239254
7/6/2020 1:00,2.922959385
7/6/2020 2:00,2.642740229
7/6/2020 3:00,2.517088656
7/6/2020 4:00,2.803031136
7/6/2020 5:00,2.502422874
7/6/2020 6:00,2.447205561
7/6/2020 7:00,2.577640315
7/6/2020 8:00,2.736589119
7/6/2020 9:00,2.540555388
7/6/2020 10:00,2.56039795
7/6/2020 11:00,2.916644438
7/6/2020 12:00,2.532850627
7/6/2020 13:00,2.443604391
7/6/2020 14:00,2.659305659
7/6/2020 15:00,2.744747041
7/6/2020 16:00,2.743309283
7/6/2020 17:00,2.880073128
7/6/2020 18:00,2.80355317
7/6/2020 19:00,2.836129488
7/6/2020 20:00,2.760111335
7/6/2020 21:00,2.610071969
7/6/2020 22:00,2.925266692
7/6/2020 23:00,2.801930581
7/7/2020 0:00,2.763022628
7/7/2020 1:00,2.840702815
7/7/2020 2:00,2.791309695
7/7/2020 3:00,2.605071779
7/7/2020 4:00,2.608191236
7/7/2020 5:00,2.473219651
7/7/2020 6:00,2.791447249
7/7/2020 7:00,2.614017409
7/7/2020 8:00,2.854753531
7/7/2020 9:00,2.539762975
7/7/2020 10:00,2.466652657
7/7/2020 11:00,2.893674178
7/7/2020 12:00,2.730788968
7/7/2020 13:00,2.591331104
7/7/2020 14:00,2.554792976
7/7/2020 15:00,2.804985611
7/7/2020 16:00,2.643460541
7/7/2020 17:00,2.645106244
7/7/2020 18:00,2.941779476
7/7/2020 19:00,2.43251471
7/7/2020 20:00,2.872749282
7/7/2020 21:00,2.647703222
7/7/2020 22:00,2.652009723
7/7/2020 23:00,2.691341293
7/8/2020 0:00,1.680273439
7/8/2020 1:00,2.047764275
7/8/2020 2:00,2.103458294
7/8/2020 3:00,1.742375009
7/8/2020 4:00,1.625399745
7/8/2020 5:00,1.770067232
7/8/2020 6:00,1.821766104
7/8/2020 7:00,1.866632044
7/8/2020 8:00,2.818384733
7/8/2020 9:00,2.672106576
7/8/2020 10:00,2.472408853
7/8/2020 11:00,2.724500338
7/8/2020 12:00,2.812709875
7/8/2020 13:00,2.588368247
7/8/2020 14:00,2.938745259
7/8/2020 15:00,2.900692586
7/8/2020 16:00,2.825199948
7/8/2020 17:00,2.491610913
7/8/2020 18:00,2.421788014
7/8/2020 19:00,2.735535719
7/8/2020 20:00,2.486573369
7/8/2020 21:00,2.442903364
7/8/2020 22:00,2.90037287
7/8/2020 23:00,2.865759333
7/9/2020 0:00,2.565395842
7/9/2020 1:00,2.915754299
7/9/2020 2:00,2.412938846
7/9/2020 3:00,2.442391895
7/9/2020 4:00,2.873443969
7/9/2020 5:00,2.550742345
7/9/2020 6:00,2.779916209
7/9/2020 7:00,2.919743809
7/9/2020 8:00,2.429278867
7/9/2020 9:00,2.80364214
7/9/2020 10:00,2.735791515
7/9/2020 11:00,2.531686761
7/9/2020 12:00,2.440609229
7/9/2020 13:00,2.498844239
7/9/2020 14:00,2.533523568
7/9/2020 15:00,2.701924937
7/9/2020 16:00,2.542105879
7/9/2020 17:00,2.694722631
7/9/2020 18:00,2.569223593
7/9/2020 19:00,2.531052996
7/9/2020 20:00,2.546311469
7/9/2020 21:00,2.920346611
7/9/2020 22:00,2.670984066
7/9/2020 23:00,2.525862037
7/10/2020 0:00,1.644370509
7/10/2020 1:00,1.91439721
7/10/2020 2:00,1.993354057
7/10/2020 3:00,1.624949023
7/10/2020 4:00,1.805576507
7/10/2020 5:00,1.80479004
7/10/2020 6:00,1.810477478
7/10/2020 7:00,1.833380855
7/10/2020 8:00,2.766087517
7/10/2020 9:00,2.856821139
7/10/2020 10:00,2.608425334
7/10/2020 11:00,2.631126379
7/10/2020 12:00,2.479891042
7/10/2020 13:00,2.562902534
7/10/2020 14:00,2.42777572
7/10/2020 15:00,2.428854029
7/10/2020 16:00,2.43406528
7/10/2020 17:00,2.851889834
7/10/2020 18:00,2.65059486
7/10/2020 19:00,2.850832004
7/10/2020 20:00,2.686239885
7/10/2020 21:00,2.847513133
7/10/2020 22:00,2.475707279
7/10/2020 23:00,2.445825199
7/11/2020 0:00,2.477450845
7/11/2020 1:00,2.807922577
7/11/2020 2:00,2.755788398
7/11/2020 3:00,2.800361715
7/11/2020 4:00,2.704858374
7/11/2020 5:00,2.461053094
7/11/2020 6:00,2.583495758
7/11/2020 7:00,2.786177594
7/11/2020 8:00,2.765584384
7/11/2020 9:00,2.773685226
7/11/2020 10:00,2.929635479
7/11/2020 11:00,2.449274463
7/11/2020 12:00,2.85196048
7/11/2020 13:00,2.825977545
7/11/2020 14:00,2.939989659
7/11/2020 15:00,2.621545952
7/11/2020 16:00,2.770055285
7/11/2020 17:00,2.933974203
7/11/2020 18:00,2.444493202
7/11/2020 19:00,2.680332001
7/11/2020 20:00,2.703133259
7/11/2020 21:00,2.806710611
7/11/2020 22:00,2.662588699
7/11/2020 23:00,2.476031495
7/12/2020 0:00,2.871642126
7/12/2020 1:00,2.550758204
7/12/2020 2:00,2.582756988
7/12/2020 3:00,2.505767762
7/12/2020 4:00,2.477263481
7/12/2020 5:00,2.655137229
7/12/2020 6:00,2.473217705
7/12/2020 7:00,2.443603837
7/12/2020 8:00,2.41772936
7/12/2020 9:00,2.432427465
7/12/2020 10:00,2.564644028
7/12/2020 11:00,2.479960452
7/12/2020 12:00,2.446640323
7/12/2020 13:00,2.550202832
7/12/2020 14:00,2.873892561
7/12/2020 15:00,2.711123115
7/12/2020 16:00,2.684607308
7/12/2020 17:00,2.556170101
7/12/2020 18:00,2.869130681
7/12/2020 19:00,2.878360925
7/12/2020 20:00,2.515829304
7/12/2020 21:00,2.80486637
7/12/2020 22:00,2.833134888
7/12/2020 23:00,2.528613468
7/13/2020 0:00,2.532343466
7/13/2020 1:00,2.634890744
7/13/2020 2:00,2.4933724
7/13/2020 3:00,2.916394331
7/13/2020 4:00,2.593861012
7/13/2020 5:00,2.64547066
7/13/2020 6:00,2.448269048
7/13/2020 7:00,2.428586021
7/13/2020 8:00,2.591072289
7/13/2020 9:00,2.854763508
7/13/2020 10:00,2.707279342
7/13/2020 11:00,2.873179406
7/13/2020 12:00,2.815417662
7/13/2020 13:00,2.871261077
7/13/2020 14:00,2.736603854
7/13/2020 15:00,2.620504871
7/13/2020 16:00,2.869530566
7/13/2020 17:00,2.538840166
7/13/2020 18:00,2.553706496
7/13/2020 19:00,2.789879416
7/13/2020 20:00,2.524496323
7/13/2020 21:00,2.654424426
7/13/2020 22:00,2.536378438
7/13/2020 23:00,2.448022166
7/14/2020 0:00,2.433418476
7/14/2020 1:00,2.534053658
7/14/2020 2:00,2.602633882
7/14/2020 3:00,2.710772798
7/14/2020 4:00,2.702790963
7/14/2020 5:00,2.589024924
7/14/2020 6:00,2.812759151
7/14/2020 7:00,2.642260406
7/14/2020 8:00,2.731833281
7/14/2020 9:00,2.729899125
7/14/2020 10:00,2.412413437
7/14/2020 11:00,2.841468996
7/14/2020 12:00,2.683172378
7/14/2020 13:00,2.649432305
7/14/2020 14:00,2.884665233
7/14/2020 15:00,2.538656355
7/14/2020 16:00,2.689824957
7/14/2020 17:00,2.528420777
7/14/2020 18:00,2.743924888
7/14/2020 19:00,2.816603147
7/14/2020 20:00,2.802758224
7/14/2020 21:00,2.545028694
7/14/2020 22:00,2.730886666
7/14/2020 23:00,2.899896844
7/15/2020 0:00,2.429516429
7/15/2020 1:00,2.806186822
7/15/2020 2:00,2.487534081
7/15/2020 3:00,2.736205694
7/15/2020 4:00,2.819901612
7/15/2020 5:00,2.870759729
7/15/2020 6:00,2.887227118
7/15/2020 7:00,2.941691958
7/15/2020 8:00,2.668082488
7/15/2020 9:00,2.443332169
7/15/2020 10:00,2.715777745
7/15/2020 11:00,2.497868015
7/15/2020 12:00,2.672072602
7/15/2020 13:00,2.918485738
7/15/2020 14:00,2.930700859
7/15/2020 15:00,2.834815983
7/15/2020 16:00,1.765108789
7/15/2020 17:00,1.827470887
7/15/2020 18:00,1.690704787
7/15/2020 19:00,2.029462319
7/15/2020 20:00,1.624186886
7/15/2020 21:00,1.95051281
7/15/2020 22:00,1.795428497
7/15/2020 23:00,1.919937172
7/16/2020 0:00,2.461108538
7/16/2020 1:00,2.559157594
7/16/2020 2:00,2.696656973
7/16/2020 3:00,2.716253391
7/16/2020 4:00,2.922765515
7/16/2020 5:00,2.703672414
7/16/2020 6:00,2.518464662
7/16/2020 7:00,2.643161407
7/16/2020 8:00,2.449105589
7/16/2020 9:00,2.784858001
7/16/2020 10:00,2.502732494
7/16/2020 11:00,2.938639459
7/16/2020 12:00,2.893757941
7/16/2020 13:00,2.556134089
7/16/2020 14:00,2.7747337
7/16/2020 15:00,2.651857416
7/16/2020 16:00,2.913195971
7/16/2020 17:00,2.89820898
7/16/2020 18:00,2.568750673
7/16/2020 19:00,2.652376242
7/16/2020 20:00,2.844460768
7/16/2020 21:00,2.62834052
7/16/2020 22:00,2.431405677
7/16/2020 23:00,2.687112842
7/17/2020 0:00,2.472097602
7/17/2020 1:00,2.563607876
7/17/2020 2:00,2.811403146
7/17/2020 3:00,2.907345317
7/17/2020 4:00,2.823087131
7/17/2020 5:00,2.943329508
7/17/2020 6:00,2.668806302
7/17/2020 7:00,2.742185599
7/17/2020 8:00,2.893108
7/17/2020 9:00,2.907476838
7/17/2020 10:00,2.584323566
7/17/2020 11:00,2.698656099
7/17/2020 12:00,2.927793142
7/17/2020 13:00,2.82400231
7/17/2020 14:00,2.593675358
7/17/2020 15:00,2.413956094
7/17/2020 16:00,2.887905778
7/17/2020 17:00,2.579833748
7/17/2020 18:00,2.747203449
7/17/2020 19:00,2.725335823
7/17/2020 20:00,2.752099865
7/17/2020 21:00,2.642176608
7/17/2020 22:00,2.885235819
7/17/2020 23:00,2.697060051
7/18/2020 0:00,2.465718038
7/18/2020 1:00,2.925985426
7/18/2020 2:00,2.655255889
7/18/2020 3:00,2.755174369
7/18/2020 4:00,2.892743786
7/18/2020 5:00,2.602727087
7/18/2020 6:00,2.605344001
7/18/2020 7:00,2.659239405
7/18/2020 8:00,2.652620383
7/18/2020 9:00,2.762572392
7/18/2020 10:00,2.448845579
7/18/2020 11:00,2.582827403
7/18/2020 12:00,2.714430037
7/18/2020 13:00,2.501075478
7/18/2020 14:00,2.514483509
7/18/2020 15:00,2.705407898
7/18/2020 16:00,2.859645027
7/18/2020 17:00,2.596357967
7/18/2020 18:00,2.714922988
7/18/2020 19:00,2.427343325
7/18/2020 20:00,2.928975237
7/18/2020 21:00,2.592592801
7/18/2020 22:00,2.713935592
7/18/2020 23:00,2.665402468
7/19/2020 0:00,2.655031631
7/19/2020 1:00,2.501842749
7/19/2020 2:00,2.697903602
7/19/2020 3:00,2.474135166
7/19/2020 4:00,2.569309786
7/19/2020 5:00,2.81996545
7/19/2020 6:00,2.619960149
7/19/2020 7:00,2.748331276
7/19/2020 8:00,2.592308594
7/19/2020 9:00,2.493605635
7/19/2020 10:00,2.52877085
7/19/2020 11:00,2.942218655
7/19/2020 12:00,2.735662739
7/19/2020 13:00,2.881075497
7/19/2020 14:00,2.711702518
7/19/2020 15:00,2.455103094
7/19/2020 16:00,2.836832364
7/19/2020 17:00,2.573442466
7/19/2020 18:00,2.91394987
7/19/2020 19:00,2.595426934
7/19/2020 20:00,2.717013055
7/19/2020 21:00,2.426510809
7/19/2020 22:00,2.623528631
7/19/2020 23:00,2.695452679
7/20/2020 0:00,2.639427567
7/20/2020 1:00,2.51626022
7/20/2020 2:00,2.750145597
7/20/2020 3:00,2.57224833
7/20/2020 4:00,2.765722534
7/20/2020 5:00,2.424052398
7/20/2020 6:00,2.538409194
7/20/2020 7:00,2.53175244
7/20/2020 8:00,2.420039943
7/20/2020 9:00,2.664848989
7/20/2020 10:00,2.706600186
7/20/2020 11:00,2.71700422
7/20/2020 12:00,2.451081557
7/20/2020 13:00,2.707531484
7/20/2020 14:00,2.697810757
7/20/2020 15:00,2.435155864
7/20/2020 16:00,2.461035639
7/20/2020 17:00,2.840642779
7/20/2020 18:00,2.864988554
7/20/2020 19:00,2.783145239
7/20/2020 20:00,2.871278138
7/20/2020 21:00,2.53096124
7/20/2020 22:00,2.755548487
7/20/2020 23:00,2.458903269
7/21/2020 0:00,2.525759638
7/21/2020 1:00,2.742663774
7/21/2020 2:00,2.541957149
7/21/2020 3:00,2.709748928
7/21/2020 4:00,2.940400571
7/21/2020 5:00,2.715467263
7/21/2020 6:00,2.448098759
7/21/2020 7:00,2.552125
7/21/2020 8:00,2.832861251
7/21/2020 9:00,2.494253891
7/21/2020 10:00,2.587030301
7/21/2020 11:00,2.574577881
7/21/2020 12:00,2.508790259
7/21/2020 13:00,2.916259009
7/21/2020 14:00,2.85944875
7/21/2020 15:00,2.615112072
7/21/2020 16:00,2.519457126
7/21/2020 17:00,2.905803133
7/21/2020 18:00,2.666667465
7/21/2020 19:00,2.926622857
7/21/2020 20:00,2.824163998
7/21/2020 21:00,2.735166443
7/21/2020 22:00,2.629442251
7/21/2020 23:00,2.413059638
7/22/2020 0:00,2.128800007
7/22/2020 1:00,1.613268061
7/22/2020 2:00,1.910252374
7/22/2020 3:00,1.679268557
7/22/2020 4:00,2.058614693
7/22/2020 5:00,1.610460457
7/22/2020 6:00,1.959111557
7/22/2020 7:00,1.769428858
7/22/2020 8:00,2.728037735
7/22/2020 9:00,2.658976541
7/22/2020 10:00,2.590534682
7/22/2020 11:00,2.808531145
7/22/2020 12:00,2.413859421
7/22/2020 13:00,2.525504009
7/22/2020 14:00,2.648574523
7/22/2020 15:00,2.47411716
7/22/2020 16:00,2.829596816
7/22/2020 17:00,2.522527875
7/22/2020 18:00,2.938597347
7/22/2020 19:00,2.42163414
7/22/2020 20:00,2.840746402
7/22/2020 21:00,2.926132854
7/22/2020 22:00,2.785570497
7/22/2020 23:00,2.932509452
7/23/2020 0:00,2.433599499
7/23/2020 1:00,2.455199059
7/23/2020 2:00,2.524777115
7/23/2020 3:00,2.498121627
7/23/2020 4:00,2.866840477
7/23/2020 5:00,2.495808463
7/23/2020 6:00,2.72884227
7/23/2020 7:00,2.529892625
7/23/2020 8:00,2.621125593
7/23/2020 9:00,2.45288686
7/23/2020 10:00,2.727769662
7/23/2020 11:00,2.83118276
7/23/2020 12:00,2.830671814
7/23/2020 13:00,2.58572701
7/23/2020 14:00,2.462465426
7/23/2020 15:00,2.869636618
7/23/2020 16:00,2.766361359
7/23/2020 17:00,2.465324751
7/23/2020 18:00,2.808170851
7/23/2020 19:00,2.579858405
7/23/2020 20:00,2.852460494
7/23/2020 21:00,2.752556423
7/23/2020 22:00,2.508107355
7/23/2020 23:00,2.698985981
7/24/2020 0:00,2.897560716
7/24/2020 1:00,2.843235328
7/24/2020 2:00,2.460258331
7/24/2020 3:00,2.488689524
7/24/2020 4:00,2.945211239
7/24/2020 5:00,2.866807308
7/24/2020 6:00,2.538123498
7/24/2020 7:00,2.458679759
7/24/2020 8:00,2.66587291
7/24/2020 9:00,2.690985383
7/24/2020 10:00,2.911085233
7/24/2020 11:00,2.632249396
7/24/2020 12:00,2.621747929
7/24/2020 13:00,2.607417947
7/24/2020 14:00,2.903364981
7/24/2020 15:00,2.440295442
7/24/2020 16:00,2.433051379
7/24/2020 17:00,2.709087205
7/24/2020 18:00,2.548412243
7/24/2020 19:00,2.72691095
7/24/2020 20:00,2.458977263
7/24/2020 21:00,2.603493754
7/24/2020 22:00,2.86879832
7/24/2020 23:00,2.529802145
7/25/2020 0:00,2.654633455
7/25/2020 1:00,2.757260663
7/25/2020 2:00,2.655717013
7/25/2020 3:00,2.503273625
7/25/2020 4:00,2.785244855
7/25/2020 5:00,2.776673217
7/25/2020 6:00,2.570893593
7/25/2020 7:00,2.460153739
7/25/2020 8:00,2.586679848
7/25/2020 9:00,2.736599414
7/25/2020 10:00,2.509716395
7/25/2020 11:00,2.582609268
7/25/2020 12:00,2.611102632
7/25/2020 13:00,2.518611122
7/25/2020 14:00,2.468335446
7/25/2020 15:00,2.428995944
7/25/2020 16:00,2.8187156
7/25/2020 17:00,2.477278271
7/25/2020 18:00,2.518452317
7/25/2020 19:00,2.863301972
7/25/2020 20:00,2.684891891
7/25/2020 21:00,2.498941055
7/25/2020 22:00,2.57304371
7/25/2020 23:00,2.815914848
7/26/2020 0:00,2.847643818
7/26/2020 1:00,2.591132262
7/26/2020 2:00,2.86494973
7/26/2020 3:00,2.705476901
7/26/2020 4:00,2.715342189
7/26/2020 5:00,2.711129062
7/26/2020 6:00,2.598171869
7/26/2020 7:00,2.764051387
7/26/2020 8:00,2.462408808
7/26/2020 9:00,2.780682905
7/26/2020 10:00,2.664181126
7/26/2020 11:00,2.542413588
7/26/2020 12:00,2.513354417
7/26/2020 13:00,2.578742382
7/26/2020 14:00,2.877987558
7/26/2020 15:00,2.829371132
7/26/2020 16:00,2.903412378
7/26/2020 17:00,2.687587606
7/26/2020 18:00,2.486917967
7/26/2020 19:00,2.481392435
7/26/2020 20:00,2.72512756
7/26/2020 21:00,2.486634674
7/26/2020 22:00,2.515882941
7/26/2020 23:00,2.747701803
7/27/2020 0:00,1.758639438
7/27/2020 1:00,1.885645645
7/27/2020 2:00,1.967755774
7/27/2020 3:00,1.96867418
7/27/2020 4:00,2.141077538
7/27/2020 5:00,1.826208811
7/27/2020 6:00,1.815899059
7/27/2020 7:00,1.722346099
7/27/2020 8:00,2.896304651
7/27/2020 9:00,2.866828328
7/27/2020 10:00,2.518826143
7/27/2020 11:00,2.803650889
7/27/2020 12:00,2.60940944
7/27/2020 13:00,2.865837351
7/27/2020 14:00,2.54724828
7/27/2020 15:00,2.700915767
7/27/2020 16:00,2.478026971
7/27/2020 17:00,2.806944053
7/27/2020 18:00,2.494743998
7/27/2020 19:00,2.501972856
7/27/2020 20:00,2.670969912
7/27/2020 21:00,2.862383628
7/27/2020 22:00,2.510554878
7/27/2020 23:00,2.559107873
7/28/2020 0:00,2.518032667
7/28/2020 1:00,2.943468262
7/28/2020 2:00,2.811314468
7/28/2020 3:00,2.532490333
7/28/2020 4:00,2.442264358
7/28/2020 5:00,2.884131759
7/28/2020 6:00,2.852532132
7/28/2020 7:00,2.848995271
7/28/2020 8:00,2.513803172
7/28/2020 9:00,2.763023531
7/28/2020 10:00,2.71802767
7/28/2020 11:00,2.730972637
7/28/2020 12:00,2.744960219
7/28/2020 13:00,2.605395651
7/28/2020 14:00,2.935833826
7/28/2020 15:00,2.676652264
7/28/2020 16:00,2.873665976
7/28/2020 17:00,2.925281253
7/28/2020 18:00,2.803386927
7/28/2020 19:00,2.587949364
7/28/2020 20:00,2.567837423
7/28/2020 21:00,2.757397319
7/28/2020 22:00,2.753760882
7/28/2020 23:00,2.682547694
7/29/2020 0:00,2.642616488
7/29/2020 1:00,2.691766903
7/29/2020 2:00,2.544963944
7/29/2020 3:00,2.659921904
7/29/2020 4:00,2.72261262
7/29/2020 5:00,2.794949884
7/29/2020 6:00,2.83175989
7/29/2020 7:00,2.860561117
7/29/2020 8:00,2.571473395
7/29/2020 9:00,2.835376306
7/29/2020 10:00,2.929783059
7/29/2020 11:00,2.50596495
7/29/2020 12:00,2.536074274
7/29/2020 13:00,2.487490822
7/29/2020 14:00,2.553936481
7/29/2020 15:00,2.887127866
7/29/2020 16:00,2.622800962
7/29/2020 17:00,2.785987125
7/29/2020 18:00,2.783102526
7/29/2020 19:00,2.800336652
7/29/2020 20:00,2.891094006
7/29/2020 21:00,2.528676038
7/29/2020 22:00,2.762291196
7/29/2020 23:00,2.521506565
7/30/2020 0:00,2.589383577
7/30/2020 1:00,2.694546996
7/30/2020 2:00,2.940382074
7/30/2020 3:00,2.585706284
7/30/2020 4:00,2.736771415
7/30/2020 5:00,2.812325683
7/30/2020 6:00,2.775223666
7/30/2020 7:00,2.839774639
7/30/2020 8:00,2.697861131
7/30/2020 9:00,2.80055763
7/30/2020 10:00,2.687297698
7/30/2020 11:00,2.823941709
7/30/2020 12:00,2.52522441
7/30/2020 13:00,2.875117303
7/30/2020 14:00,2.844457363
7/30/2020 15:00,2.5195233
7/30/2020 16:00,2.412237398
7/30/2020 17:00,2.783342818
7/30/2020 18:00,2.880643074
7/30/2020 19:00,2.54130648
7/30/2020 20:00,2.761186212
7/30/2020 21:00,2.90423289
7/30/2020 22:00,2.841823162
7/30/2020 23:00,2.815596569
7/31/2020 0:00,2.645731382
7/31/2020 1:00,2.489060436
7/31/2020 2:00,2.606448547
7/31/2020 3:00,2.426496164
7/31/2020 4:00,2.575628469
7/31/2020 5:00,2.524622702
7/31/2020 6:00,2.553524411
7/31/2020 7:00,2.46329001
7/31/2020 8:00,2.61416004
7/31/2020 9:00,2.740740362
7/31/2020 10:00,2.493568362
7/31/2020 11:00,2.54517064
7/31/2020 12:00,2.421024243
7/31/2020 13:00,2.927017386
7/31/2020 14:00,2.622367451
7/31/2020 15:00,2.638777185
7/31/2020 16:00,2.597021181
7/31/2020 17:00,2.821130398
7/31/2020 18:00,2.625033372
7/31/2020 19:00,2.63967101
7/31/2020 20:00,2.611157278
7/31/2020 21:00,2.420080603
7/31/2020 22:00,2.792346591
7/31/2020 23:00,2.537647873
8/1/2020 0:00,2.70343788
8/1/2020 1:00,2.783121632
8/1/2020 2:00,2.591556378
8/1/2020 3:00,2.648224416
8/1/2020 4:00,2.653822446
8/1/2020 5:00,2.542326509
8/1/2020 6:00,2.798915414
8/1/2020 7:00,2.693884478
8/1/2020 8:00,2.839623493
8/1/2020 9:00,2.831725776
8/1/2020 10:00,2.91942498
8/1/2020 11:00,2.444779573
8/1/2020 12:00,2.60135692
8/1/2020 13:00,2.859486689
8/1/2020 14:00,2.931622167
8/1/2020 15:00,2.859403884
8/1/2020 16:00,2.801923158
8/1/2020 17:00,2.64907915
8/1/2020 18:00,2.419582634
8/1/2020 19:00,2.901224414
8/1/2020 20:00,2.455053101
8/1/2020 21:00,2.428953346
8/1/2020 22:00,2.938288588
8/1/2020 23:00,2.655970874
8/2/2020 0:00,2.449690598
8/2/2020 1:00,2.729610783
8/2/2020 2:00,2.732779542
8/2/2020 3:00,2.874621078
8/2/2020 4:00,2.657158635
8/2/2020 5:00,2.881726038
8/2/2020 6:00,2.536101259
8/2/2020 7:00,2.862159486
8/2/2020 8:00,2.794744013
8/2/2020 9:00,2.458256909
8/2/2020 10:00,2.579009345
8/2/2020 11:00,2.683213064
8/2/2020 12:00,2.498505192
8/2/2020 13:00,2.759571712
8/2/2020 14:00,2.90911773
8/2/2020 15:00,2.440439097
8/2/2020 16:00,2.641388141
8/2/2020 17:00,2.883442019
8/2/2020 18:00,2.578154929
8/2/2020 19:00,2.519746495
8/2/2020 20:00,2.716449319
8/2/2020 21:00,2.798799493
8/2/2020 22:00,2.715048663
8/2/2020 23:00,2.490003452
8/3/2020 0:00,2.73230313
8/3/2020 1:00,2.713254196
8/3/2020 2:00,2.689508875
8/3/2020 3:00,2.515762309
8/3/2020 4:00,2.485927261
8/3/2020 5:00,2.433003686
8/3/2020 6:00,2.661387868
8/3/2020 7:00,2.787177081
8/3/2020 8:00,2.483440402
8/3/2020 9:00,2.754987097
8/3/2020 10:00,2.533497628
8/3/2020 11:00,2.860709914
8/3/2020 12:00,2.442901345
8/3/2020 13:00,2.654702836
8/3/2020 14:00,2.475205086
8/3/2020 15:00,2.922439986
8/3/2020 16:00,2.539117783
8/3/2020 17:00,2.922902108
8/3/2020 18:00,2.897983816
8/3/2020 19:00,2.747151565
8/3/2020 20:00,2.855335425
8/3/2020 21:00,2.887153203
8/3/2020 22:00,2.889826666
8/3/2020 23:00,2.598623611
8/4/2020 0:00,2.675890877
8/4/2020 1:00,2.939984644
8/4/2020 2:00,2.586952303
8/4/2020 3:00,2.888435482
8/4/2020 4:00,2.426634652
8/4/2020 5:00,2.556534761
8/4/2020 6:00,2.584147863
8/4/2020 7:00,2.720724717
8/4/2020 8:00,1.886030071
8/4/2020 9:00,1.87690831
8/4/2020 10:00,1.878432044
8/4/2020 11:00,1.869539672
8/4/2020 12:00,1.901838792
8/4/2020 13:00,1.986009073
8/4/2020 14:00,1.718295321
8/4/2020 15:00,1.652791752
8/4/2020 16:00,2.820290512
8/4/2020 17:00,2.412783007
8/4/2020 18:00,2.827349453
8/4/2020 19:00,2.666617275
8/4/2020 20:00,2.825396134
8/4/2020 21:00,2.762437128
8/4/2020 22:00,2.570742176
8/4/2020 23:00,2.437185939
8/5/2020 0:00,2.720124795
8/5/2020 1:00,2.836207399
8/5/2020 2:00,2.697939202
8/5/2020 3:00,2.928679521
8/5/2020 4:00,2.808222832
8/5/2020 5:00,2.944721187
8/5/2020 6:00,2.765563007
8/5/2020 7:00,2.87503444
8/5/2020 8:00,2.65679706
8/5/2020 9:00,2.819761462
8/5/2020 10:00,2.865036439
8/5/2020 11:00,2.412775664
8/5/2020 12:00,2.82060297
8/5/2020 13:00,2.742695128
8/5/2020 14:00,2.770010582
8/5/2020 15:00,2.841312407
8/5/2020 16:00,2.849209407
8/5/2020 17:00,2.710064808
8/5/2020 18:00,2.687384232
8/5/2020 19:00,2.662775944
8/5/2020 20:00,2.869612925
8/5/2020 21:00,2.812963833
8/5/2020 22:00,2.773695804
8/5/2020 23:00,2.518839744
8/6/2020 0:00,2.652125303
8/6/2020 1:00,2.61716729
8/6/2020 2:00,2.484228488
8/6/2020 3:00,2.813656506
8/6/2020 4:00,2.80599033
8/6/2020 5:00,2.615288926
8/6/2020 6:00,2.941594016
8/6/2020 7:00,2.725588513
8/6/2020 8:00,2.700893888
8/6/2020 9:00,2.568163388
8/6/2020 10:00,2.41639705
8/6/2020 11:00,2.568857452
8/6/2020 12:00,2.450130365
8/6/2020 13:00,2.61628246
8/6/2020 14:00,2.775693945
8/6/2020 15:00,2.456993621
8/6/2020 16:00,2.609712492
8/6/2020 17:00,2.476710292
8/6/2020 18:00,2.743974243
8/6/2020 19:00,2.614124558
8/6/2020 20:00,2.621851752
8/6/2020 21:00,2.738045917
8/6/2020 22:00,2.786733254
8/6/2020 23:00,2.709697264
8/7/2020 0:00,2.914497262
8/7/2020 1:00,2.449279912
8/7/2020 2:00,2.78679097
8/7/2020 3:00,2.700119466
8/7/2020 4:00,2.919292022
8/7/2020 5:00,2.75536712
8/7/2020 6:00,2.721531011
8/7/2020 7:00,2.702026379
8/7/2020 8:00,2.700742186
8/7/2020 9:00,2.472302237
8/7/2020 10:00,2.506844091
8/7/2020 11:00,2.490529742
8/7/2020 12:00,2.434233692
8/7/2020 13:00,2.563361781
8/7/2020 14:00,2.827969847
8/7/2020 15:00,2.473402792
8/7/2020 16:00,2.085014219
8/7/2020 17:00,1.999997032
8/7/2020 18:00,1.664684776
8/7/2020 19:00,1.762617653
8/7/2020 20:00,2.058809017
8/7/2020 21:00,1.858889257
8/7/2020 22:00,1.870826842
8/7/2020 23:00,1.767636095
8/8/2020 0:00,2.421593365
8/8/2020 1:00,2.546018098
8/8/2020 2:00,2.59213465
8/8/2020 3:00,2.648017277
8/8/2020 4:00,2.581468851
8/8/2020 5:00,2.57359901
8/8/2020 6:00,2.750754344
8/8/2020 7:00,2.589350907
8/8/2020 8:00,2.708138608
8/8/2020 9:00,2.651938809
8/8/2020 10:00,2.703542864
8/8/2020 11:00,2.809843872
8/8/2020 12:00,2.895025396
8/8/2020 13:00,2.800118034
8/8/2020 14:00,2.582861774
8/8/2020 15:00,2.627949564
8/8/2020 16:00,2.532557277
8/8/2020 17:00,2.729045563
8/8/2020 18:00,2.933382819
8/8/2020 19:00,2.911894618
8/8/2020 20:00,2.531504896
8/8/2020 21:00,2.690010349
8/8/2020 22:00,2.867662296
8/8/2020 23:00,2.914823807
8/9/2020 0:00,2.448250646
8/9/2020 1:00,2.641973686
8/9/2020 2:00,2.526141204
8/9/2020 3:00,2.730652265
8/9/2020 4:00,2.676973117
8/9/2020 5:00,2.514656863
8/9/2020 6:00,2.568785963
8/9/2020 7:00,2.526853878
8/9/2020 8:00,1.692643198
8/9/2020 9:00,1.761781316
8/9/2020 10:00,1.833320766
8/9/2020 11:00,1.884779241
8/9/2020 12:00,1.896081378
8/9/2020 13:00,1.927552876
8/9/2020 14:00,2.039871599
8/9/2020 15:00,1.730105443
8/9/2020 16:00,2.768352117
8/9/2020 17:00,2.618477734
8/9/2020 18:00,2.735660429
8/9/2020 19:00,2.571094775
8/9/2020 20:00,2.425845973
8/9/2020 21:00,2.541880332
8/9/2020 22:00,2.549898025
8/9/2020 23:00,2.526465507
8/10/2020 0:00,2.488518964
8/10/2020 1:00,2.718465508
8/10/2020 2:00,2.827155618
8/10/2020 3:00,2.50243423
8/10/2020 4:00,2.75151771
8/10/2020 5:00,2.780594242
8/10/2020 6:00,2.67401633
8/10/2020 7:00,2.698997586
8/10/2020 8:00,2.908104845
8/10/2020 9:00,2.466398531
8/10/2020 10:00,2.463468128
8/10/2020 11:00,2.7364363
8/10/2020 12:00,2.834102172
8/10/2020 13:00,2.87116115
8/10/2020 14:00,2.472642288
8/10/2020 15:00,2.510059835
8/10/2020 16:00,2.46571421
8/10/2020 17:00,2.716078743
8/10/2020 18:00,2.623545663
8/10/2020 19:00,2.572720363
8/10/2020 20:00,2.605776821
8/10/2020 21:00,2.665560207
8/10/2020 22:00,2.496878535
8/10/2020 23:00,2.491794921
8/11/2020 0:00,2.806381627
8/11/2020 1:00,2.74434154
8/11/2020 2:00,2.892252053
8/11/2020 3:00,2.869954758
8/11/2020 4:00,2.895595754
8/11/2020 5:00,2.658015104
8/11/2020 6:00,2.839434853
8/11/2020 7:00,2.633812477
8/11/2020 8:00,2.947173504
8/11/2020 9:00,2.886549852
8/11/2020 10:00,2.700692329
8/11/2020 11:00,2.547109755
8/11/2020 12:00,2.687733703
8/11/2020 13:00,2.944964333
8/11/2020 14:00,2.589468535
8/11/2020 15:00,2.585025337
8/11/2020 16:00,2.884108176
8/11/2020 17:00,2.432706865
8/11/2020 18:00,2.687956417
8/11/2020 19:00,2.790597832
8/11/2020 20:00,2.433303266
8/11/2020 21:00,2.444034798
8/11/2020 22:00,2.579145998
8/11/2020 23:00,2.575896579
8/12/2020 0:00,2.881124832
8/12/2020 1:00,2.913535613
8/12/2020 2:00,2.699073118
8/12/2020 3:00,2.916483097
8/12/2020 4:00,2.419519799
8/12/2020 5:00,2.569612595
8/12/2020 6:00,2.643067044
8/12/2020 7:00,2.80201311
8/12/2020 8:00,2.884806394
8/12/2020 9:00,2.585204899
8/12/2020 10:00,2.515591952
8/12/2020 11:00,2.809884464
8/12/2020 12:00,2.486738846
8/12/2020 13:00,2.438482147
8/12/2020 14:00,2.919171285
8/12/2020 15:00,2.688410011
8/12/2020 16:00,2.698554216
8/12/2020 17:00,2.650027684
8/12/2020 18:00,2.937436617
8/12/2020 19:00,2.524135102
8/12/2020 20:00,2.922956315
8/12/2020 21:00,2.590021961
8/12/2020 22:00,2.87066163
8/12/2020 23:00,2.794640263
8/13/2020 0:00,2.67343193
8/13/2020 1:00,2.929498067
8/13/2020 2:00,2.591392537
8/13/2020 3:00,2.714570371
8/13/2020 4:00,2.643513097
8/13/2020 5:00,2.56311968
8/13/2020 6:00,2.721065936
8/13/2020 7:00,2.502740174
8/13/2020 8:00,2.79291144
8/13/2020 9:00,2.770490854
8/13/2020 10:00,2.64641977
8/13/2020 11:00,2.629155959
8/13/2020 12:00,2.569935425
8/13/2020 13:00,2.592385069
8/13/2020 14:00,2.601804194
8/13/2020 15:00,2.573685801
8/13/2020 16:00,2.594948303
8/13/2020 17:00,2.562581585
8/13/2020 18:00,2.67410776
8/13/2020 19:00,2.722430086
8/13/2020 20:00,2.506798837
8/13/2020 21:00,2.753007932
8/13/2020 22:00,2.687810472
8/13/2020 23:00,2.824903277
8/14/2020 0:00,2.565981358
8/14/2020 1:00,2.74301632
8/14/2020 2:00,2.512474906
8/14/2020 3:00,2.453053526
8/14/2020 4:00,2.489544799
8/14/2020 5:00,2.589518208
8/14/2020 6:00,2.435920088
8/14/2020 7:00,2.888630514
8/14/2020 8:00,2.809070805
8/14/2020 9:00,2.861821872
8/14/2020 10:00,2.943299104
8/14/2020 11:00,2.811902042
8/14/2020 12:00,2.900606562
8/14/2020 13:00,2.879071412
8/14/2020 14:00,2.414590595
8/14/2020 15:00,2.904202441
8/14/2020 16:00,2.695931289
8/14/2020 17:00,2.872862399
8/14/2020 18:00,2.771826826
8/14/2020 19:00,2.540018067
8/14/2020 20:00,2.889535585
8/14/2020 21:00,2.701647217
8/14/2020 22:00,2.928053315
8/14/2020 23:00,2.896740246
8/15/2020 0:00,2.431066747
8/15/2020 1:00,2.707538095
8/15/2020 2:00,2.904997044
8/15/2020 3:00,2.490584679
8/15/2020 4:00,2.820430972
8/15/2020 5:00,2.650929221
8/15/2020 6:00,2.441606875
8/15/2020 7:00,2.803466256
8/15/2020 8:00,2.832302761
8/15/2020 9:00,2.668767599
8/15/2020 10:00,2.528804354
8/15/2020 11:00,2.632777267
8/15/2020 12:00,2.805069101
8/15/2020 13:00,2.546864524
8/15/2020 14:00,2.693451464
8/15/2020 15:00,2.640467467
8/15/2020 16:00,2.747789836
8/15/2020 17:00,2.472173676
8/15/2020 18:00,2.462528993
8/15/2020 19:00,2.930513013
8/15/2020 20:00,2.559012733
8/15/2020 21:00,2.908933473
8/15/2020 22:00,2.532667349
8/15/2020 23:00,2.511065303
8/16/2020 0:00,2.531896221
8/16/2020 1:00,2.587659716
8/16/2020 2:00,2.52828593
8/16/2020 3:00,2.648708101
8/16/2020 4:00,2.440402353
8/16/2020 5:00,2.458351715
8/16/2020 6:00,2.676865676
8/16/2020 7:00,2.416062794
8/16/2020 8:00,2.517084505
8/16/2020 9:00,2.894283793
8/16/2020 10:00,2.782655898
8/16/2020 11:00,2.667526767
8/16/2020 12:00,2.646032947
8/16/2020 13:00,2.744401681
8/16/2020 14:00,2.844267794
8/16/2020 15:00,2.700349127
8/16/2020 16:00,2.674850692
8/16/2020 17:00,2.860464851
8/16/2020 18:00,2.467516165
8/16/2020 19:00,2.56985529
8/16/2020 20:00,2.855701624
8/16/2020 21:00,2.877593148
8/16/2020 22:00,2.458958199
8/16/2020 23:00,2.831593786
8/17/2020 0:00,2.446489696
8/17/2020 1:00,2.607233653
8/17/2020 2:00,2.514203138
8/17/2020 3:00,2.806465537
8/17/2020 4:00,2.469994985
8/17/2020 5:00,2.631648579
8/17/2020 6:00,2.553324014
8/17/2020 7:00,2.525529196
8/17/2020 8:00,2.82899389
8/17/2020 9:00,2.913786097
8/17/2020 10:00,2.615242122
8/17/2020 11:00,2.831874653
8/17/2020 12:00,2.941727198
8/17/2020 13:00,2.730104364
8/17/2020 14:00,2.659267756
8/17/2020 15:00,2.918063304
8/17/2020 16:00,2.685220536
8/17/2020 17:00,2.921265248
8/17/2020 18:00,2.50081315
8/17/2020 19:00,2.563451956
8/17/2020 20:00,2.775744745
8/17/2020 21:00,2.485626412
8/17/2020 22:00,2.59221976
8/17/2020 23:00,2.530753709
8/18/2020 0:00,2.674221453
8/18/2020 1:00,2.906599663
8/18/2020 2:00,2.59468787
8/18/2020 3:00,2.436141529
8/18/2020 4:00,2.715456585
8/18/2020 5:00,2.596896317
8/18/2020 6:00,2.684293431
8/18/2020 7:00,2.547053825
8/18/2020 8:00,2.846483106
8/18/2020 9:00,2.883886113
8/18/2020 10:00,2.910423602
8/18/2020 11:00,2.638614362
8/18/2020 12:00,2.456511518
8/18/2020 13:00,2.522063222
8/18/2020 14:00,2.50202218
8/18/2020 15:00,2.683708604
8/18/2020 16:00,2.575976674
8/18/2020 17:00,2.725516373
8/18/2020 18:00,2.938485545
8/18/2020 19:00,2.857876744
8/18/2020 20:00,2.692970732
8/18/2020 21:00,2.920294738
8/18/2020 22:00,2.701812959
8/18/2020 23:00,2.539512537
8/19/2020 0:00,2.683660464
8/19/2020 1:00,2.583497853
8/19/2020 2:00,2.587420275
8/19/2020 3:00,2.925660837
8/19/2020 4:00,2.602717322
8/19/2020 5:00,2.6519642
8/19/2020 6:00,2.782443497
8/19/2020 7:00,2.722300096
8/19/2020 8:00,2.945307988
8/19/2020 9:00,2.579133259
8/19/2020 10:00,2.413029908
8/19/2020 11:00,2.462148506
8/19/2020 12:00,2.835912411
8/19/2020 13:00,2.71428385
8/19/2020 14:00,2.420855705
8/19/2020 15:00,2.881113993
8/19/2020 16:00,2.503334769
8/19/2020 17:00,2.690023653
8/19/2020 18:00,2.735372632
8/19/2020 19:00,2.425659641
8/19/2020 20:00,2.827386395
8/19/2020 21:00,2.422003991
8/19/2020 22:00,2.503624243
8/19/2020 23:00,2.704608446
8/20/2020 0:00,2.438854718
8/20/2020 1:00,2.734595455
8/20/2020 2:00,2.852620084
8/20/2020 3:00,2.472220886
8/20/2020 4:00,2.804764511
8/20/2020 5:00,2.419092905
8/20/2020 6:00,2.447878545
8/20/2020 7:00,2.42990206
8/20/2020 8:00,2.716150521
8/20/2020 9:00,2.837067704
8/20/2020 10:00,2.493426054
8/20/2020 11:00,2.458722919
8/20/2020 12:00,2.725313009
8/20/2020 13:00,2.6074628
8/20/2020 14:00,2.565674757
8/20/2020 15:00,2.569217576
8/20/2020 16:00,2.441904226
8/20/2020 17:00,2.800831532
8/20/2020 18:00,2.750011284
8/20/2020 19:00,2.426113175
8/20/2020 20:00,2.917703202
8/20/2020 21:00,2.868859394
8/20/2020 22:00,2.555586804
8/20/2020 23:00,2.597591037
8/21/2020 0:00,2.660902828
8/21/2020 1:00,2.473421588
8/21/2020 2:00,2.482329068
8/21/2020 3:00,2.837689754
8/21/2020 4:00,2.541806005
8/21/2020 5:00,2.721951208
8/21/2020 6:00,2.846945338
8/21/2020 7:00,2.820556157
8/21/2020 8:00,2.907936541
8/21/2020 9:00,2.746974809
8/21/2020 10:00,2.577667952
8/21/2020 11:00,2.884471277
8/21/2020 12:00,2.56936528
8/21/2020 13:00,2.448599395
8/21/2020 14:00,2.456857133
8/21/2020 15:00,2.94152488
8/21/2020 16:00,2.481281988
8/21/2020 17:00,2.787859719
8/21/2020 18:00,2.812881624
8/21/2020 19:00,2.459896712
8/21/2020 20:00,2.740120157
8/21/2020 21:00,2.832784545
8/21/2020 22:00,2.717646682
8/21/2020 23:00,2.701807671
8/22/2020 0:00,2.544575024
8/22/2020 1:00,2.796114403
8/22/2020 2:00,2.628210971
8/22/2020 3:00,2.920418357
8/22/2020 4:00,2.6505765
8/22/2020 5:00,2.762577686
8/22/2020 6:00,2.71704568
8/22/2020 7:00,2.928593054
8/22/2020 8:00,2.827864674
8/22/2020 9:00,2.62180006
8/22/2020 10:00,2.797488191
8/22/2020 11:00,2.511981868
8/22/2020 12:00,2.622841354
8/22/2020 13:00,2.528861243
8/22/2020 14:00,2.87955322
8/22/2020 15:00,2.85586688
8/22/2020 16:00,2.690912001
8/22/2020 17:00,2.745799782
8/22/2020 18:00,2.864345883
8/22/2020 19:00,2.696921043
8/22/2020 20:00,2.720268453
8/22/2020 21:00,2.894498242
8/22/2020 22:00,2.705008951
8/22/2020 23:00,2.459181839
8/23/2020 0:00,1.743710104
8/23/2020 1:00,1.909325694
8/23/2020 2:00,1.673402031
8/23/2020 3:00,1.673085098
8/23/2020 4:00,1.667783625
8/23/2020 5:00,1.844858726
8/23/2020 6:00,1.709478445
8/23/2020 7:00,2.127457447
8/23/2020 8:00,1.789343261
8/23/2020 9:00,1.818086918
8/23/2020 10:00,1.804018545
8/23/2020 11:00,1.621099162
8/23/2020 12:00,2.041809654
8/23/2020 13:00,1.965353405
8/23/2020 14:00,1.856479085
8/23/2020 15:00,2.051822407
8/23/2020 16:00,2.675448715
8/23/2020 17:00,2.464858985
8/23/2020 18:00,2.759210704
8/23/2020 19:00,2.653149971
8/23/2020 20:00,2.689201959
8/23/2020 21:00,2.526215872
8/23/2020 22:00,2.50791581
8/23/2020 23:00,2.860928737
8/24/2020 0:00,2.918734791
8/24/2020 1:00,2.563417595
8/24/2020 2:00,2.705813239
8/24/2020 3:00,2.678364955
8/24/2020 4:00,2.415918243
8/24/2020 5:00,2.882662949
8/24/2020 6:00,2.94030119
8/24/2020 7:00,2.456651766
8/24/2020 8:00,2.453386162
8/24/2020 9:00,2.670476391
8/24/2020 10:00,2.516943168
8/24/2020 11:00,2.764284207
8/24/2020 12:00,2.901159864
8/24/2020 13:00,2.664042317
8/24/2020 14:00,2.580115272
8/24/2020 15:00,2.874028912
8/24/2020 16:00,2.741817872
8/24/2020 17:00,2.892222253
8/24/2020 18:00,2.577922191
8/24/2020 19:00,2.416535069
8/24/2020 20:00,2.799781498
8/24/2020 21:00,2.89479625
8/24/2020 22:00,2.927423357
8/24/2020 23:00,2.61942683
8/25/2020 0:00,2.890444172
8/25/2020 1:00,2.697690409
8/25/2020 2:00,2.610335918
8/25/2020 3:00,2.729595943
8/25/2020 4:00,2.481434794
8/25/2020 5:00,2.901065469
8/25/2020 6:00,2.550455651
8/25/2020 7:00,2.861380009
8/25/2020 8:00,2.5155525
8/25/2020 9:00,2.432106707
8/25/2020 10:00,2.433425822
8/25/2020 11:00,2.445716463
8/25/2020 12:00,2.507866113
8/25/2020 13:00,2.70217827
8/25/2020 14:00,2.876800338
8/25/2020 15:00,2.940668429
8/25/2020 16:00,2.670971477
8/25/2020 17:00,2.64683952
8/25/2020 18:00,2.609577524
8/25/2020 19:00,2.510666229
8/25/2020 20:00,2.639687586
8/25/2020 21:00,2.797213354
8/25/2020 22:00,2.835578641
8/25/2020 23:00,2.548364069
8/26/2020 0:00,2.585452732
8/26/2020 1:00,2.711126082
8/26/2020 2:00,2.592176394
8/26/2020 3:00,2.422826808
8/26/2020 4:00,2.73617477
8/26/2020 5:00,2.420512953
8/26/2020 6:00,2.790836777
8/26/2020 7:00,2.876714464
8/26/2020 8:00,2.452231625
8/26/2020 9:00,2.547507088
8/26/2020 10:00,2.769486539
8/26/2020 11:00,2.931124172
8/26/2020 12:00,2.466611464
8/26/2020 13:00,2.821621989
8/26/2020 14:00,2.827217849
8/26/2020 15:00,2.699352978
8/26/2020 16:00,2.511021411
8/26/2020 17:00,2.762680695
8/26/2020 18:00,2.558296905
8/26/2020 19:00,2.484692775
8/26/2020 20:00,2.526889927
8/26/2020 21:00,2.9029184
8/26/2020 22:00,2.548650729
8/26/2020 23:00,2.765029919
8/27/2020 0:00,2.503309962
8/27/2020 1:00,2.685216897
8/27/2020 2:00,2.88893832
8/27/2020 3:00,2.738324642
8/27/2020 4:00,2.548144516
8/27/2020 5:00,2.857569132
8/27/2020 6:00,2.626032388
8/27/2020 7:00,2.810864012
8/27/2020 8:00,2.528057647
8/27/2020 9:00,2.909767829
8/27/2020 10:00,2.607451437
8/27/2020 11:00,2.908481496
8/27/2020 12:00,2.860278908
8/27/2020 13:00,2.80083785
8/27/2020 14:00,2.798121169
8/27/2020 15:00,2.435636692
8/27/2020 16:00,2.704836002
8/27/2020 17:00,2.898575228
8/27/2020 18:00,2.912024376
8/27/2020 19:00,2.655645479
8/27/2020 20:00,2.878399589
8/27/2020 21:00,2.866004981
8/27/2020 22:00,2.693986035
8/27/2020 23:00,2.929978449
8/28/2020 0:00,2.551543858
8/28/2020 1:00,2.646188488
8/28/2020 2:00,2.941233229
8/28/2020 3:00,2.587283524
8/28/2020 4:00,2.711120689
8/28/2020 5:00,2.646641436
8/28/2020 6:00,2.897972497
8/28/2020 7:00,2.917954141
8/28/2020 8:00,1.666739643
8/28/2020 9:00,2.018073879
8/28/2020 10:00,2.058751506
8/28/2020 11:00,1.758792826
8/28/2020 12:00,2.012417436
8/28/2020 13:00,1.612263804
8/28/2020 14:00,1.633379854
8/28/2020 15:00,2.026170307
8/28/2020 16:00,2.571259855
8/28/2020 17:00,2.797933146
8/28/2020 18:00,2.759984438
8/28/2020 19:00,2.881439937
8/28/2020 20:00,2.599047922
8/28/2020 21:00,2.720107225
8/28/2020 22:00,2.874500018
8/28/2020 23:00,2.731987825
8/29/2020 0:00,2.53114947
8/29/2020 1:00,2.717423463
8/29/2020 2:00,2.521735743
8/29/2020 3:00,2.4669568
8/29/2020 4:00,2.815577457
8/29/2020 5:00,2.944142322
8/29/2020 6:00,2.903442417
8/29/2020 7:00,2.493638696
8/29/2020 8:00,2.601908135
8/29/2020 9:00,2.752356798
8/29/2020 10:00,2.478447711
8/29/2020 11:00,2.635837147
8/29/2020 12:00,2.878051294
8/29/2020 13:00,2.818481428
8/29/2020 14:00,2.683700228
8/29/2020 15:00,2.793897206
8/29/2020 16:00,2.745136111
8/29/2020 17:00,2.590465874
8/29/2020 18:00,2.888735356
8/29/2020 19:00,2.944765551
8/29/2020 20:00,2.69579226
8/29/2020 21:00,2.537500289
8/29/2020 22:00,2.932995248
8/29/2020 23:00,2.927202252
8/30/2020 0:00,2.699237841
8/30/2020 1:00,2.533718129
8/30/2020 2:00,2.43275401
8/30/2020 3:00,2.547308351
8/30/2020 4:00,2.522394168
8/30/2020 5:00,2.416662472
8/30/2020 6:00,2.529416496
8/30/2020 7:00,2.509346488
8/30/2020 8:00,2.700826963
8/30/2020 9:00,2.767897743
8/30/2020 10:00,2.584081265
8/30/2020 11:00,2.847122026
8/30/2020 12:00,2.652141387
8/30/2020 13:00,2.560429354
8/30/2020 14:00,2.541029789
8/30/2020 15:00,2.89064104
8/30/2020 16:00,2.609163918
8/30/2020 17:00,2.53313715
8/30/2020 18:00,2.418826061
8/30/2020 19:00,2.736753296
8/30/2020 20:00,2.767643341
8/30/2020 21:00,2.819430259
8/30/2020 22:00,2.519363235
8/30/2020 23:00,2.630526909
8/31/2020 0:00,2.606058705
8/31/2020 1:00,2.590468176
8/31/2020 2:00,2.851881117
8/31/2020 3:00,2.447925164
8/31/2020 4:00,2.794702182
8/31/2020 5:00,2.892605279
8/31/2020 6:00,2.904099146
8/31/2020 7:00,2.593539705
8/31/2020 8:00,2.583416145
8/31/2020 9:00,2.868083257
8/31/2020 10:00,2.591222096
8/31/2020 11:00,2.628841841
8/31/2020 12:00,2.512918945
8/31/2020 13:00,2.554107264
8/31/2020 14:00,2.800167195
8/31/2020 15:00,2.721932529
8/31/2020 16:00,2.761121071
8/31/2020 17:00,2.757845803
8/31/2020 18:00,2.935630169
8/31/2020 19:00,2.46199929
8/31/2020 20:00,2.928043684
8/31/2020 21:00,2.908357717
8/31/2020 22:00,2.800395362
8/31/2020 23:00,2.448772032
9/1/2020 0:00,2.928466787
9/1/2020 1:00,2.501409002
9/1/2020 2:00,2.928801713
9/1/2020 3:00,2.492724864
9/1/2020 4:00,2.819171087
9/1/2020 5:00,2.904862032
9/1/2020 6:00,2.539873632
9/1/2020 7:00,2.712045924
9/1/2020 8:00,2.903334243
9/1/2020 9:00,2.821891929
9/1/2020 10:00,2.880924133
9/1/2020 11:00,2.553422649
9/1/2020 12:00,2.894194091
9/1/2020 13:00,2.726251092
9/1/2020 14:00,2.755929727
9/1/2020 15:00,2.906397959
9/1/2020 16:00,2.91598077
9/1/2020 17:00,2.632425706
9/1/2020 18:00,2.503709354
9/1/2020 19:00,2.614004473
9/1/2020 20:00,2.848323303
9/1/2020 21:00,2.944040408
9/1/2020 22:00,2.553897449
9/1/2020 23:00,2.760792087
9/2/2020 0:00,2.81844985
9/2/2020 1:00,2.425533412
9/2/2020 2:00,2.801000341
9/2/2020 3:00,2.496472658
9/2/2020 4:00,2.797663986
9/2/2020 5:00,2.943764492
9/2/2020 6:00,2.81991448
9/2/2020 7:00,2.542633496
9/2/2020 8:00,2.822339583
9/2/2020 9:00,2.555795064
9/2/2020 10:00,2.553475806
9/2/2020 11:00,2.445119059
9/2/2020 12:00,2.600684758
9/2/2020 13:00,2.77797268
9/2/2020 14:00,2.555068824
9/2/2020 15:00,2.824832208
9/2/2020 16:00,2.912498016
9/2/2020 17:00,2.527540856
9/2/2020 18:00,2.683746987
9/2/2020 19:00,2.591628778
9/2/2020 20:00,2.678051549
9/2/2020 21:00,2.649661874
9/2/2020 22:00,2.522861677
9/2/2020 23:00,2.686763382
9/3/2020 0:00,2.485972463
9/3/2020 1:00,2.606767394
9/3/2020 2:00,2.855487853
9/3/2020 3:00,2.47854885
9/3/2020 4:00,2.496331038
9/3/2020 5:00,2.491571818
9/3/2020 6:00,2.820425831
9/3/2020 7:00,2.520718082
9/3/2020 8:00,2.687228391
9/3/2020 9:00,2.719726711
9/3/2020 10:00,2.510927998
9/3/2020 11:00,2.771887138
9/3/2020 12:00,2.94694253
9/3/2020 13:00,2.485300983
9/3/2020 14:00,2.421157289
9/3/2020 15:00,2.563906301
9/3/2020 16:00,1.727387555
9/3/2020 17:00,2.142527515
9/3/2020 18:00,1.805889015
9/3/2020 19:00,1.845171203
9/3/2020 20:00,2.010096545
9/3/2020 21:00,2.048820132
9/3/2020 22:00,1.61900742
9/3/2020 23:00,1.724959774
9/4/2020 0:00,2.448534953
9/4/2020 1:00,2.87952436
9/4/2020 2:00,2.469678672
9/4/2020 3:00,2.693615917
9/4/2020 4:00,2.647630948
9/4/2020 5:00,2.730428089
9/4/2020 6:00,2.912448211
9/4/2020 7:00,2.605763841
9/4/2020 8:00,2.44321322
9/4/2020 9:00,2.567279568
9/4/2020 10:00,2.82483626
9/4/2020 11:00,2.504543204
9/4/2020 12:00,2.490644626
9/4/2020 13:00,2.640234106
9/4/2020 14:00,2.47193984
9/4/2020 15:00,2.455015817
9/4/2020 16:00,2.45561496
9/4/2020 17:00,2.513023542
9/4/2020 18:00,2.423559694
9/4/2020 19:00,2.63714022
9/4/2020 20:00,2.689943917
9/4/2020 21:00,2.557505285
9/4/2020 22:00,2.763466654
9/4/2020 23:00,2.850101274
9/5/2020 0:00,2.453387654
9/5/2020 1:00,2.774147636
9/5/2020 2:00,2.924341955
9/5/2020 3:00,2.908082914
9/5/2020 4:00,2.647583667
9/5/2020 5:00,2.881965726
9/5/2020 6:00,2.857589089
9/5/2020 7:00,2.461828845
9/5/2020 8:00,2.837728805
9/5/2020 9:00,2.62765711
9/5/2020 10:00,2.687241299
9/5/2020 11:00,2.502963408
9/5/2020 12:00,2.67724239
9/5/2020 13:00,2.670143183
9/5/2020 14:00,2.443552308
9/5/2020 15:00,2.574460959
9/5/2020 16:00,2.702722073
9/5/2020 17:00,2.420098609
9/5/2020 18:00,2.518846347
9/5/2020 19:00,2.609085319
9/5/2020 20:00,2.890108099
9/5/2020 21:00,2.607394961
9/5/2020 22:00,2.78637791
9/5/2020 23:00,2.663920924
9/6/2020 0:00,2.558296745
9/6/2020 1:00,2.848748829
9/6/2020 2:00,2.80786144
9/6/2020 3:00,2.705443178
9/6/2020 4:00,2.501215713
9/6/2020 5:00,2.571005668
9/6/2020 6:00,2.947068988
9/6/2020 7:00,2.529614613
9/6/2020 8:00,2.696624282
9/6/2020 9:00,2.4268716
9/6/2020 10:00,2.470120028
9/6/2020 11:00,2.541539901
9/6/2020 12:00,2.827878372
9/6/2020 13:00,2.788543953
9/6/2020 14:00,2.618639112
9/6/2020 15:00,2.749170978
9/6/2020 16:00,1.631553896
9/6/2020 17:00,1.825637395
9/6/2020 18:00,1.85287535
9/6/2020 19:00,1.625108419
9/6/2020 20:00,2.121479645
9/6/2020 21:00,1.923406741
9/6/2020 22:00,2.03563637
9/6/2020 23:00,1.704153588
9/7/2020 0:00,2.577461324
9/7/2020 1:00,2.489583071
9/7/2020 2:00,2.443379196
9/7/2020 3:00,2.704942566
9/7/2020 4:00,2.938262574
9/7/2020 5:00,2.716863025
9/7/2020 6:00,2.714812564
9/7/2020 7:00,2.911393499
9/7/2020 8:00,2.522414311
9/7/2020 9:00,2.448829083
9/7/2020 10:00,2.94525992
9/7/2020 11:00,2.813763915
9/7/2020 12:00,2.698664262
9/7/2020 13:00,2.563192035
9/7/2020 14:00,2.564674201
9/7/2020 15:00,2.570797311
9/7/2020 16:00,2.50245949
9/7/2020 17:00,2.825017117
9/7/2020 18:00,2.580546307
9/7/2020 19:00,2.469386572
9/7/2020 20:00,2.858566366
9/7/2020 21:00,2.537608571
9/7/2020 22:00,2.65029466
9/7/2020 23:00,2.416950799
9/8/2020 0:00,2.547420565
9/8/2020 1:00,2.437474938
9/8/2020 2:00,2.453686722
9/8/2020 3:00,2.940684946
9/8/2020 4:00,2.473210238
9/8/2020 5:00,2.657847839
9/8/2020 6:00,2.816056136
9/8/2020 7:00,2.426885024
9/8/2020 8:00,2.633230217
9/8/2020 9:00,2.520731971
9/8/2020 10:00,2.719687714
9/8/2020 11:00,2.65878186
9/8/2020 12:00,2.680830555
9/8/2020 13:00,2.929345852
9/8/2020 14:00,2.936819479
9/8/2020 15:00,2.830716651
9/8/2020 16:00,2.420798988
9/8/2020 17:00,2.88299062
9/8/2020 18:00,2.646359032
9/8/2020 19:00,2.631494778
9/8/2020 20:00,2.816717176
9/8/2020 21:00,2.579371015
9/8/2020 22:00,2.93601738
9/8/2020 23:00,2.584643193
9/9/2020 0:00,2.832546639
9/9/2020 1:00,2.733389785
9/9/2020 2:00,2.585877872
9/9/2020 3:00,2.562563177
9/9/2020 4:00,2.913821658
9/9/2020 5:00,2.836945938
9/9/2020 6:00,2.697236235
9/9/2020 7:00,2.91149091
9/9/2020 8:00,1.67645563
9/9/2020 9:00,1.628926521
9/9/2020 10:00,1.764429512
9/9/2020 11:00,1.819591969
9/9/2020 12:00,1.799720384
9/9/2020 13:00,1.918155263
9/9/2020 14:00,2.114922187
9/9/2020 15:00,2.136793554
9/9/2020 16:00,2.460080165
9/9/2020 17:00,2.829529247
9/9/2020 18:00,2.837227221
9/9/2020 19:00,2.746658073
9/9/2020 20:00,2.583299877
9/9/2020 21:00,2.934718515
9/9/2020 22:00,2.686713674
9/9/2020 23:00,2.936836716
9/10/2020 0:00,2.790918351
9/10/2020 1:00,2.665240861
9/10/2020 2:00,2.661656445
9/10/2020 3:00,2.662954312
9/10/2020 4:00,2.736250455
9/10/2020 5:00,2.554364058
9/10/2020 6:00,2.437687032
9/10/2020 7:00,2.541035337
9/10/2020 8:00,2.931549572
9/10/2020 9:00,2.465880786
9/10/2020 10:00,2.422366246
9/10/2020 11:00,2.553438137
9/10/2020 12:00,2.930627018
9/10/2020 13:00,2.497793538
9/10/2020 14:00,2.626482466
9/10/2020 15:00,2.423871255
9/10/2020 16:00,2.47695443
9/10/2020 17:00,2.499064879
9/10/2020 18:00,2.439494504
9/10/2020 19:00,2.461167091
9/10/2020 20:00,2.806911078
9/10/2020 21:00,2.704201464
9/10/2020 22:00,2.456201877
9/10/2020 23:00,2.649583404
9/11/2020 0:00,2.52819638
9/11/2020 1:00,2.809057627
9/11/2020 2:00,2.863320025
9/11/2020 3:00,2.917192232
9/11/2020 4:00,2.436405039
9/11/2020 5:00,2.774173369
9/11/2020 6:00,2.538184883
9/11/2020 7:00,2.659766352
9/11/2020 8:00,2.774128102
9/11/2020 9:00,2.884718072
9/11/2020 10:00,2.674507023
9/11/2020 11:00,2.942472939
9/11/2020 12:00,2.701861818
9/11/2020 13:00,2.912863249
9/11/2020 14:00,2.518925426
9/11/2020 15:00,2.599177964
9/11/2020 16:00,2.664899634
9/11/2020 17:00,2.518316801
9/11/2020 18:00,2.827798394
9/11/2020 19:00,2.656652317
9/11/2020 20:00,2.641842977
9/11/2020 21:00,2.846257609
9/11/2020 22:00,2.848253332
9/11/2020 23:00,2.427595414
9/12/2020 0:00,2.788575867
9/12/2020 1:00,2.831000512
9/12/2020 2:00,2.527266397
9/12/2020 3:00,2.782757951
9/12/2020 4:00,2.414671567
9/12/2020 5:00,2.517899162
9/12/2020 6:00,2.534096276
9/12/2020 7:00,2.677649576
9/12/2020 8:00,2.893564027
9/12/2020 9:00,2.689726892
9/12/2020 10:00,2.755541474
9/12/2020 11:00,2.56160686
9/12/2020 12:00,2.780168267
9/12/2020 13:00,2.869986152
9/12/2020 14:00,2.617669021
9/12/2020 15:00,2.792089645
9/12/2020 16:00,2.477412695
9/12/2020 17:00,2.615308985
9/12/2020 18:00,2.573976137
9/12/2020 19:00,2.635158565
9/12/2020 20:00,2.415014238
9/12/2020 21:00,2.486351453
9/12/2020 22:00,2.561667361
9/12/2020 23:00,2.463588448
9/13/2020 0:00,2.480659733
9/13/2020 1:00,2.701528226
9/13/2020 2:00,2.868549671
9/13/2020 3:00,2.721594687
9/13/2020 4:00,2.658176889
9/13/2020 5:00,2.835327116
9/13/2020 6:00,2.850273566
9/13/2020 7:00,2.916107052
9/13/2020 8:00,2.938471666
9/13/2020 9:00,2.867463236
9/13/2020 10:00,2.459866798
9/13/2020 11:00,2.592407055
9/13/2020 12:00,2.513765117
9/13/2020 13:00,2.528616566
9/13/2020 14:00,2.809862477
9/13/2020 15:00,2.537321352
9/13/2020 16:00,2.5233437
9/13/2020 17:00,2.662364711
9/13/2020 18:00,2.588788375
9/13/2020 19:00,2.604397977
9/13/2020 20:00,2.531669367
9/13/2020 21:00,2.446461506
9/13/2020 22:00,2.746836063
9/13/2020 23:00,2.512867838
9/14/2020 0:00,2.898119574
9/14/2020 1:00,2.903427428
9/14/2020 2:00,2.469146222
9/14/2020 3:00,2.916931074
9/14/2020 4:00,2.739676982
9/14/2020 5:00,2.661666299
9/14/2020 6:00,2.875649661
9/14/2020 7:00,2.659436304
9/14/2020 8:00,2.770165304
9/14/2020 9:00,2.73759194
9/14/2020 10:00,2.566532554
9/14/2020 11:00,2.929016219
9/14/2020 12:00,2.618939839
9/14/2020 13:00,2.50043492
9/14/2020 14:00,2.669472383
9/14/2020 15:00,2.555068538
9/14/2020 16:00,2.682699526
9/14/2020 17:00,2.89244012
9/14/2020 18:00,2.613469909
9/14/2020 19:00,2.681080431
9/14/2020 20:00,2.497356132
9/14/2020 21:00,2.929336355
9/14/2020 22:00,2.83221791
9/14/2020 23:00,2.743246527
9/15/2020 0:00,2.704569664
9/15/2020 1:00,2.78084726
9/15/2020 2:00,2.450231014
9/15/2020 3:00,2.855231298
9/15/2020 4:00,2.516994766
9/15/2020 5:00,2.565658491
9/15/2020 6:00,2.554117661
9/15/2020 7:00,2.647953452
9/15/2020 8:00,2.426787576
9/15/2020 9:00,2.913763326
9/15/2020 10:00,2.935402763
9/15/2020 11:00,2.852976718
9/15/2020 12:00,2.51846373
9/15/2020 13:00,2.881232709
9/15/2020 14:00,2.559044153
9/15/2020 15:00,2.431158083
9/15/2020 16:00,2.41819962
9/15/2020 17:00,2.596201254
9/15/2020 18:00,2.825709498
9/15/2020 19:00,2.930830935
9/15/2020 20:00,2.445483956
9/15/2020 21:00,2.600768062
9/15/2020 22:00,2.794250647
9/15/2020 23:00,2.898617676
9/16/2020 0:00,2.640349668
9/16/2020 1:00,2.771780884
9/16/2020 2:00,2.692838212
9/16/2020 3:00,2.744749692
9/16/2020 4:00,2.669186684
9/16/2020 5:00,2.918215813
9/16/2020 6:00,2.552818263
9/16/2020 7:00,2.704033289
9/16/2020 8:00,2.426568517
9/16/2020 9:00,2.479203245
9/16/2020 10:00,2.452373569
9/16/2020 11:00,2.445796462
9/16/2020 12:00,2.597024329
9/16/2020 13:00,2.474571239
9/16/2020 14:00,2.686767664
9/16/2020 15:00,2.860448273
9/16/2020 16:00,2.54564947
9/16/2020 17:00,2.713935282
9/16/2020 18:00,2.843534456
9/16/2020 19:00,2.699037502
9/16/2020 20:00,2.420874289
9/16/2020 21:00,2.740905316
9/16/2020 22:00,2.430752301
9/16/2020 23:00,2.909799312
9/17/2020 0:00,2.814250426
9/17/2020 1:00,2.813338137
9/17/2020 2:00,2.523113845
9/17/2020 3:00,2.534382566
9/17/2020 4:00,2.940656913
9/17/2020 5:00,2.552074573
9/17/2020 6:00,2.944790972
9/17/2020 7:00,2.93855198
9/17/2020 8:00,2.523347864
9/17/2020 9:00,2.465518132
9/17/2020 10:00,2.647016869
9/17/2020 11:00,2.701307925
9/17/2020 12:00,2.69968464
9/17/2020 13:00,2.634951886
9/17/2020 14:00,2.754732709
9/17/2020 15:00,2.894429426
9/17/2020 16:00,2.627372509
9/17/2020 17:00,2.44985844
9/17/2020 18:00,2.907158458
9/17/2020 19:00,2.526107155
9/17/2020 20:00,2.686374963
9/17/2020 21:00,2.601622546
9/17/2020 22:00,2.598620132
9/17/2020 23:00,2.744916621
9/18/2020 0:00,2.666063529
9/18/2020 1:00,2.721424993
9/18/2020 2:00,2.598762291
9/18/2020 3:00,2.721662833
9/18/2020 4:00,2.47305377
9/18/2020 5:00,2.453102593
9/18/2020 6:00,2.418790602
9/18/2020 7:00,2.907126466
9/18/2020 8:00,2.078553241
9/18/2020 9:00,1.738707254
9/18/2020 10:00,2.074270433
9/18/2020 11:00,2.038313081
9/18/2020 12:00,1.609701226
9/18/2020 13:00,2.012926408
9/18/2020 14:00,1.730418472
9/18/2020 15:00,1.922022393
9/18/2020 16:00,2.525746439
9/18/2020 17:00,2.513435928
9/18/2020 18:00,2.881321169
9/18/2020 19:00,2.874164858
9/18/2020 20:00,2.680317141
9/18/2020 21:00,2.756416135
9/18/2020 22:00,2.926561468
9/18/2020 23:00,2.774226311
9/19/2020 0:00,2.836756283
9/19/2020 1:00,2.844597138
9/19/2020 2:00,2.934954436
9/19/2020 3:00,2.514376397
9/19/2020 4:00,2.741821233
9/19/2020 5:00,2.483224091
9/19/2020 6:00,2.527566177
9/19/2020 7:00,2.598596389
9/19/2020 8:00,2.785783987
9/19/2020 9:00,2.843774173
9/19/2020 10:00,2.439781342
9/19/2020 11:00,2.541543548
9/19/2020 12:00,2.469914965
9/19/2020 13:00,2.89995412
9/19/2020 14:00,2.797521927
9/19/2020 15:00,2.775780886
9/19/2020 16:00,2.906571399
9/19/2020 17:00,2.568393005
9/19/2020 18:00,2.801579925
9/19/2020 19:00,2.783874278
9/19/2020 20:00,2.586671
9/19/2020 21:00,2.790434364
9/19/2020 22:00,2.495926204
9/19/2020 23:00,2.432706046
9/20/2020 0:00,2.827632332
9/20/2020 1:00,2.533785853
9/20/2020 2:00,2.860298426
9/20/2020 3:00,2.756040511
9/20/2020 4:00,2.47951636
9/20/2020 5:00,2.477720354
9/20/2020 6:00,2.740918231
9/20/2020 7:00,2.636907413
9/20/2020 8:00,2.540993433
9/20/2020 9:00,2.878935035
9/20/2020 10:00,2.602730681
9/20/2020 11:00,2.624729675
9/20/2020 12:00,2.9294329
9/20/2020 13:00,2.871442627
9/20/2020 14:00,2.780152807
9/20/2020 15:00,2.538394404
9/20/2020 16:00,2.639359946
9/20/2020 17:00,2.686971534
9/20/2020 18:00,2.640504629
9/20/2020 19:00,2.499763654
9/20/2020 20:00,2.652962385
9/20/2020 21:00,2.792231362
9/20/2020 22:00,2.509837294
9/20/2020 23:00,2.882941343
9/21/2020 0:00,2.682119243
9/21/2020 1:00,2.428435069
9/21/2020 2:00,2.907214375
9/21/2020 3:00,2.846515269
9/21/2020 4:00,2.88267379
9/21/2020 5:00,2.760876184
9/21/2020 6:00,2.626612645
9/21/2020 7:00,2.83110601
9/21/2020 8:00,2.562291375
9/21/2020 9:00,2.568521621
9/21/2020 10:00,2.512850502
9/21/2020 11:00,2.450254242
9/21/2020 12:00,2.878157052
9/21/2020 13:00,2.694726654
9/21/2020 14:00,2.576264088
9/21/2020 15:00,2.795656711
9/21/2020 16:00,2.847820139
9/21/2020 17:00,2.678432396
9/21/2020 18:00,2.66553519
9/21/2020 19:00,2.620930818
9/21/2020 20:00,2.694637064
9/21/2020 21:00,2.670241303
9/21/2020 22:00,2.886625305
9/21/2020 23:00,2.451489749
9/22/2020 0:00,2.661608762
9/22/2020 1:00,2.712519325
9/22/2020 2:00,2.862023224
9/22/2020 3:00,2.735216366
9/22/2020 4:00,2.462255257
9/22/2020 5:00,2.799667241
9/22/2020 6:00,2.434426102
9/22/2020 7:00,2.599278339
9/22/2020 8:00,2.450964239
9/22/2020 9:00,2.423109839
9/22/2020 10:00,2.684631985
9/22/2020 11:00,2.598035602
9/22/2020 12:00,2.489855023
9/22/2020 13:00,2.682904649
9/22/2020 14:00,2.894142808
9/22/2020 15:00,2.85538246
9/22/2020 16:00,2.929740607
9/22/2020 17:00,2.883178409
9/22/2020 18:00,2.74722685
9/22/2020 19:00,2.734606832
9/22/2020 20:00,2.628176046
9/22/2020 21:00,2.634206024
9/22/2020 22:00,2.466871506
9/22/2020 23:00,2.549968566
9/23/2020 0:00,2.895289891
9/23/2020 1:00,2.784021226
9/23/2020 2:00,2.583804549
9/23/2020 3:00,2.458027431
9/23/2020 4:00,2.46905366
9/23/2020 5:00,2.516838562
9/23/2020 6:00,2.737764217
9/23/2020 7:00,2.622718619
9/23/2020 8:00,2.568289541
9/23/2020 9:00,2.748155515
9/23/2020 10:00,2.844166786
9/23/2020 11:00,2.448054584
9/23/2020 12:00,2.671660938
9/23/2020 13:00,2.936919508
9/23/2020 14:00,2.660622913
9/23/2020 15:00,2.426047987
9/23/2020 16:00,2.473978514
9/23/2020 17:00,2.940164855
9/23/2020 18:00,2.772011708
9/23/2020 19:00,2.828387538
9/23/2020 20:00,2.798722049
9/23/2020 21:00,2.584185419
9/23/2020 22:00,2.652356991
9/23/2020 23:00,2.73562167
9/24/2020 0:00,2.523228853
9/24/2020 1:00,2.455877742
9/24/2020 2:00,2.581161237
9/24/2020 3:00,2.659137003
9/24/2020 4:00,2.764612584
9/24/2020 5:00,2.576805265
9/24/2020 6:00,2.887358958
9/24/2020 7:00,2.448220066
9/24/2020 8:00,2.456503542
9/24/2020 9:00,2.645811498
9/24/2020 10:00,2.863316869
9/24/2020 11:00,2.818998783
9/24/2020 12:00,2.886652475
9/24/2020 13:00,2.43068976
9/24/2020 14:00,2.509943071
9/24/2020 15:00,2.484267296
9/24/2020 16:00,2.836936515
9/24/2020 17:00,2.457341608
9/24/2020 18:00,2.82347588
9/24/2020 19:00,2.845132544
9/24/2020 20:00,2.622514347
9/24/2020 21:00,2.70941198
9/24/2020 22:00,2.634219813
9/24/2020 23:00,2.813651572
9/25/2020 0:00,2.946571316
9/25/2020 1:00,2.582306143
9/25/2020 2:00,2.570610144
9/25/2020 3:00,2.903026758
9/25/2020 4:00,2.777005026
9/25/2020 5:00,2.433248098
9/25/2020 6:00,2.71023087
9/25/2020 7:00,2.930383265
9/25/2020 8:00,2.726579795
9/25/2020 9:00,2.663405842
9/25/2020 10:00,2.663407089
9/25/2020 11:00,2.53885907
9/25/2020 12:00,2.597938949
9/25/2020 13:00,2.429066645
9/25/2020 14:00,2.58693435
9/25/2020 15:00,2.829339297
9/25/2020 16:00,2.510110306
9/25/2020 17:00,2.681580431
9/25/2020 18:00,2.913154831
9/25/2020 19:00,2.810615318
9/25/2020 20:00,2.842029802
9/25/2020 21:00,2.799995401
9/25/2020 22:00,2.763509159
9/25/2020 23:00,2.500133421
9/26/2020 0:00,2.796086123
9/26/2020 1:00,2.735784744
9/26/2020 2:00,2.586986919
9/26/2020 3:00,2.752209645
9/26/2020 4:00,2.428674403
9/26/2020 5:00,2.486706052
9/26/2020 6:00,2.493289839
9/26/2020 7:00,2.913250171
9/26/2020 8:00,2.534762599
9/26/2020 9:00,2.622094408
9/26/2020 10:00,2.872890756
9/26/2020 11:00,2.766412216
9/26/2020 12:00,2.611993561
9/26/2020 13:00,2.489520045
9/26/2020 14:00,2.731195034
9/26/2020 15:00,2.528022901
9/26/2020 16:00,2.764904537
9/26/2020 17:00,2.77410219
9/26/2020 18:00,2.753448035
9/26/2020 19:00,2.625140256
9/26/2020 20:00,2.686962269
9/26/2020 21:00,2.558935161
9/26/2020 22:00,2.931113943
9/26/2020 23:00,2.678959256
9/27/2020 0:00,2.796308194
9/27/2020 1:00,2.670094959
9/27/2020 2:00,2.64767632
9/27/2020 3:00,2.688043922
9/27/2020 4:00,2.627736872
9/27/2020 5:00,2.82984849
9/27/2020 6:00,2.417748085
9/27/2020 7:00,2.566054926
9/27/2020 8:00,2.710354161
9/27/2020 9:00,2.743158284
9/27/2020 10:00,2.806757007
9/27/2020 11:00,2.81276241
9/27/2020 12:00,2.640347859
9/27/2020 13:00,2.768809575
9/27/2020 14:00,2.733504609
9/27/2020 15:00,2.496797224
9/27/2020 16:00,2.415105477
9/27/2020 17:00,2.858411421
9/27/2020 18:00,2.745797658
9/27/2020 19:00,2.877219098
9/27/2020 20:00,2.789289571
9/27/2020 21:00,2.448829253
9/27/2020 22:00,2.473064868
9/27/2020 23:00,2.823998264
9/28/2020 0:00,2.921367916
9/28/2020 1:00,2.789262049
9/28/2020 2:00,2.493594348
9/28/2020 3:00,2.735081779
9/28/2020 4:00,2.893018846
9/28/2020 5:00,2.67725875
9/28/2020 6:00,2.936476285
9/28/2020 7:00,2.917786926
9/28/2020 8:00,2.928673196
9/28/2020 9:00,2.475719483
9/28/2020 10:00,2.466482097
9/28/2020 11:00,2.838785786
9/28/2020 12:00,2.86313122
9/28/2020 13:00,2.851769165
9/28/2020 14:00,2.413435094
9/28/2020 15:00,2.672847534
9/28/2020 16:00,2.461149408
9/28/2020 17:00,2.786686433
9/28/2020 18:00,2.57743321
9/28/2020 19:00,2.681154404
9/28/2020 20:00,2.487624233
9/28/2020 21:00,2.866081634
9/28/2020 22:00,2.737896504
9/28/2020 23:00,2.814751164
9/29/2020 0:00,2.627116718
9/29/2020 1:00,2.536433974
9/29/2020 2:00,2.570115749
9/29/2020 3:00,2.850010757
9/29/2020 4:00,2.518674719
9/29/2020 5:00,2.697314592
9/29/2020 6:00,2.824729654
9/29/2020 7:00,2.583976106
9/29/2020 8:00,2.673924275
9/29/2020 9:00,2.851024981
9/29/2020 10:00,2.823912539
9/29/2020 11:00,2.490677065
9/29/2020 12:00,2.8137303
9/29/2020 13:00,2.520557085
9/29/2020 14:00,2.754104423
9/29/2020 15:00,2.842583942
9/29/2020 16:00,2.700918763
9/29/2020 17:00,2.809172908
9/29/2020 18:00,2.493336929
9/29/2020 19:00,2.610859349
9/29/2020 20:00,2.503161699
9/29/2020 21:00,2.631915639
9/29/2020 22:00,2.601607596
9/29/2020 23:00,2.738302932
9/30/2020 0:00,2.881389597
9/30/2020 1:00,2.454291029
9/30/2020 2:00,2.572487152
9/30/2020 3:00,2.626913771
9/30/2020 4:00,2.586368284
9/30/2020 5:00,2.704202756
9/30/2020 6:00,2.53568231
9/30/2020 7:00,2.858415882
9/30/2020 8:00,2.798231789
9/30/2020 9:00,2.716085312
9/30/2020 10:00,2.513483837
9/30/2020 11:00,2.845880154
9/30/2020 12:00,2.799261958
9/30/2020 13:00,2.72987156
9/30/2020 14:00,2.765726105
9/30/2020 15:00,2.553666877
9/30/2020 16:00,2.919308245
9/30/2020 17:00,2.717663086
9/30/2020 18:00,2.569797386
9/30/2020 19:00,2.631990927
9/30/2020 20:00,2.889398948
9/30/2020 21:00,2.555459545
9/30/2020 22:00,2.50728415
9/30/2020 23:00,2.516316027
10/1/2020 0:00,2.807420883
10/1/2020 1:00,2.519415581
10/1/2020 2:00,2.707406685
10/1/2020 3:00,2.767970427
10/1/2020 4:00,2.565957853
10/1/2020 5:00,2.597991836
10/1/2020 6:00,2.447589826
10/1/2020 7:00,2.832057616
10/1/2020 8:00,2.535972956
10/1/2020 9:00,2.871328134
10/1/2020 10:00,2.709384315
10/1/2020 11:00,2.779760468
10/1/2020 12:00,2.488424126
10/1/2020 13:00,2.829570592
10/1/2020 14:00,2.701102049
10/1/2020 15:00,2.432490024
10/1/2020 16:00,2.821713668
10/1/2020 17:00,2.733804315
10/1/2020 18:00,2.819219783
10/1/2020 19:00,2.947259365
10/1/2020 20:00,2.906088328
10/1/2020 21:00,2.913342436
10/1/2020 22:00,2.78004951
10/1/2020 23:00,2.508978785
10/2/2020 0:00,2.749636562
10/2/2020 1:00,2.815382771
10/2/2020 2:00,2.749518798
10/2/2020 3:00,2.425676314
10/2/2020 4:00,2.723181232
10/2/2020 5:00,2.841043493
10/2/2020 6:00,2.717970606
10/2/2020 7:00,2.784328494
10/2/2020 8:00,2.473000576
10/2/2020 9:00,2.74092599
10/2/2020 10:00,2.42003799
10/2/2020 11:00,2.417231184
10/2/2020 12:00,2.556891448
10/2/2020 13:00,2.708340614
10/2/2020 14:00,2.427374089
10/2/2020 15:00,2.783475861
10/2/2020 16:00,2.934150203
10/2/2020 17:00,2.889180784
10/2/2020 18:00,2.779548102
10/2/2020 19:00,2.870099863
10/2/2020 20:00,2.916695046
10/2/2020 21:00,2.438002481
10/2/2020 22:00,2.459029454
10/2/2020 23:00,2.787082167
10/3/2020 0:00,2.875642191
10/3/2020 1:00,2.669705631
10/3/2020 2:00,2.531560988
10/3/2020 3:00,2.831982399
10/3/2020 4:00,2.885095832
10/3/2020 5:00,2.637159736
10/3/2020 6:00,2.419575616
10/3/2020 7:00,2.619121757
10/3/2020 8:00,2.57080168
10/3/2020 9:00,2.859185804
10/3/2020 10:00,2.433731011
10/3/2020 11:00,2.664531529
10/3/2020 12:00,2.453861853
10/3/2020 13:00,2.510193957
10/3/2020 14:00,2.694858565
10/3/2020 15:00,2.785991061
10/3/2020 16:00,2.687047201
10/3/2020 17:00,2.616857063
10/3/2020 18:00,2.88210225
10/3/2020 19:00,2.712168313
10/3/2020 20:00,2.875820662
10/3/2020 21:00,2.801261527
10/3/2020 22:00,2.487560326
10/3/2020 23:00,2.76175945
10/4/2020 0:00,1.881228521
10/4/2020 1:00,1.629353305
10/4/2020 2:00,2.091558223
10/4/2020 3:00,1.69169223
10/4/2020 4:00,1.742670585
10/4/2020 5:00,1.788129019
10/4/2020 6:00,1.638247925
10/4/2020 7:00,1.85690834
10/4/2020 8:00,2.741009257
10/4/2020 9:00,2.545512287
10/4/2020 10:00,2.525684746
10/4/2020 11:00,2.63642111
10/4/2020 12:00,2.547991309
10/4/2020 13:00,2.500183464
10/4/2020 14:00,2.725030112
10/4/2020 15:00,2.672772647
10/4/2020 16:00,1.659902244
10/4/2020 17:00,1.953843079
10/4/2020 18:00,1.802178687
10/4/2020 19:00,2.025984475
10/4/2020 20:00,1.657466297
10/4/2020 21:00,2.057276471
10/4/2020 22:00,1.991196547
10/4/2020 23:00,1.653892192
10/5/2020 0:00,2.548777959
10/5/2020 1:00,2.861231181
10/5/2020 2:00,2.434443819
10/5/2020 3:00,2.576732427
10/5/2020 4:00,2.777318727
10/5/2020 5:00,2.763896092
10/5/2020 6:00,2.446593249
10/5/2020 7:00,2.613372844
10/5/2020 8:00,2.512152824
10/5/2020 9:00,2.4465113
10/5/2020 10:00,2.692502184
10/5/2020 11:00,2.745548578
10/5/2020 12:00,2.47778461
10/5/2020 13:00,2.626347349
10/5/2020 14:00,2.685803444
10/5/2020 15:00,2.450617398
10/5/2020 16:00,2.92265098
10/5/2020 17:00,2.689180017
10/5/2020 18:00,2.471158304
10/5/2020 19:00,2.777320883
10/5/2020 20:00,2.911650479
10/5/2020 21:00,2.493328314
10/5/2020 22:00,2.492163837
10/5/2020 23:00,2.906256325
10/6/2020 0:00,2.593993013
10/6/2020 1:00,2.657400854
10/6/2020 2:00,2.71753217
10/6/2020 3:00,2.856440641
10/6/2020 4:00,2.47279733
10/6/2020 5:00,2.794711348
10/6/2020 6:00,2.810730593
10/6/2020 7:00,2.676208338
10/6/2020 8:00,2.540441955
10/6/2020 9:00,2.675138937
10/6/2020 10:00,2.63858468
10/6/2020 11:00,2.456004006
10/6/2020 12:00,2.595873867
10/6/2020 13:00,2.890284752
10/6/2020 14:00,2.711696188
10/6/2020 15:00,2.942479343
10/6/2020 16:00,2.766535111
10/6/2020 17:00,2.42678484
10/6/2020 18:00,2.793144276
10/6/2020 19:00,2.743661449
10/6/2020 20:00,2.745761598
10/6/2020 21:00,2.679487437
10/6/2020 22:00,2.72170417
10/6/2020 23:00,2.774587359
10/7/2020 0:00,2.840359886
10/7/2020 1:00,2.437006602
10/7/2020 2:00,2.503182509
10/7/2020 3:00,2.850014003
10/7/2020 4:00,2.836152462
10/7/2020 5:00,2.64221794
10/7/2020 6:00,2.697371089
10/7/2020 7:00,2.415339686
10/7/2020 8:00,2.523344974
10/7/2020 9:00,2.733934336
10/7/2020 10:00,2.729287094
10/7/2020 11:00,2.715045182
10/7/2020 12:00,2.541628467
10/7/2020 13:00,2.669126
10/7/2020 14:00,2.428546084
10/7/2020 15:00,2.685552358
10/7/2020 16:00,2.887619612
10/7/2020 17:00,2.834828631
10/7/2020 18:00,2.784320344
10/7/2020 19:00,2.747890658
10/7/2020 20:00,2.635282891
10/7/2020 21:00,2.545312171
10/7/2020 22:00,2.768243465
10/7/2020 23:00,2.580925033
10/8/2020 0:00,2.710763456
10/8/2020 1:00,2.691286999
10/8/2020 2:00,2.940214998
10/8/2020 3:00,2.473983763
10/8/2020 4:00,2.598512206
10/8/2020 5:00,2.505930907
10/8/2020 6:00,2.465454512
10/8/2020 7:00,2.732346767
10/8/2020 8:00,2.742532973
10/8/2020 9:00,2.855830411
10/8/2020 10:00,2.469894531
10/8/2020 11:00,2.773007162
10/8/2020 12:00,2.827594259
10/8/2020 13:00,2.431367892
10/8/2020 14:00,2.756477324
10/8/2020 15:00,2.443914621
10/8/2020 16:00,2.821468952
10/8/2020 17:00,2.89938638
10/8/2020 18:00,2.443431991
10/8/2020 19:00,2.778673304
10/8/2020 20:00,2.728198814
10/8/2020 21:00,2.485674728
10/8/2020 22:00,2.844103627
10/8/2020 23:00,2.561328127
10/9/2020 0:00,2.787880298
10/9/2020 1:00,2.795215988
10/9/2020 2:00,2.668624182
10/9/2020 3:00,2.445112511
10/9/2020 4:00,2.829541684
10/9/2020 5:00,2.878589704
10/9/2020 6:00,2.79864893
10/9/2020 7:00,2.452212469
10/9/2020 8:00,2.647365287
10/9/2020 9:00,2.851021605
10/9/2020 10:00,2.520463772
10/9/2020 11:00,2.545496938
10/9/2020 12:00,2.835193829
10/9/2020 13:00,2.464146266
10/9/2020 14:00,2.44089282
10/9/2020 15:00,2.417197692
10/9/2020 16:00,2.473003112
10/9/2020 17:00,2.620381196
10/9/2020 18:00,2.854962665
10/9/2020 19:00,2.647667779
10/9/2020 20:00,2.592632313
10/9/2020 21:00,2.604718393
10/9/2020 22:00,2.421160962
10/9/2020 23:00,2.519368849
10/10/2020 0:00,2.590962663
10/10/2020 1:00,2.475409865
10/10/2020 2:00,2.885327184
10/10/2020 3:00,2.927671533
10/10/2020 4:00,2.799400544
10/10/2020 5:00,2.435023314
10/10/2020 6:00,2.623176886
10/10/2020 7:00,2.858407183
10/10/2020 8:00,2.56540311
10/10/2020 9:00,2.615120364
10/10/2020 10:00,2.834627297
10/10/2020 11:00,2.766138668
10/10/2020 12:00,2.782818521
10/10/2020 13:00,2.499026535
10/10/2020 14:00,2.540208949
10/10/2020 15:00,2.774021672
10/10/2020 16:00,2.675387576
10/10/2020 17:00,2.663292252
10/10/2020 18:00,2.724463892
10/10/2020 19:00,2.904463688
10/10/2020 20:00,2.631908017
10/10/2020 21:00,2.935200276
10/10/2020 22:00,2.641769773
10/10/2020 23:00,2.701967849
10/11/2020 0:00,2.464789809
10/11/2020 1:00,2.89450562
10/11/2020 2:00,2.434523369
10/11/2020 3:00,2.938461826
10/11/2020 4:00,2.57601386
10/11/2020 5:00,2.581468279
10/11/2020 6:00,2.452173957
10/11/2020 7:00,2.476152618
10/11/2020 8:00,2.893026836
10/11/2020 9:00,2.881957526
10/11/2020 10:00,2.421485383
10/11/2020 11:00,2.6469253
10/11/2020 12:00,2.666090672
10/11/2020 13:00,2.542198373
10/11/2020 14:00,2.947454849
10/11/2020 15:00,2.718300853
10/11/2020 16:00,2.896403939
10/11/2020 17:00,2.843865328
10/11/2020 18:00,2.637035875
10/11/2020 19:00,2.604947679
10/11/2020 20:00,2.72271544
10/11/2020 21:00,2.427880974
10/11/2020 22:00,2.468230407
10/11/2020 23:00,2.684918406
10/12/2020 0:00,2.745039521
10/12/2020 1:00,2.419052905
10/12/2020 2:00,2.592761946
10/12/2020 3:00,2.844409008
10/12/2020 4:00,2.785969458
10/12/2020 5:00,2.538544503
10/12/2020 6:00,2.867586774
10/12/2020 7:00,2.649416866
10/12/2020 8:00,2.502552918
10/12/2020 9:00,2.428513332
10/12/2020 10:00,2.812675288
10/12/2020 11:00,2.560535821
10/12/2020 12:00,2.491228564
10/12/2020 13:00,2.482767757
10/12/2020 14:00,2.460456255
10/12/2020 15:00,2.802544751
10/12/2020 16:00,2.620845434
10/12/2020 17:00,2.897655016
10/12/2020 18:00,2.477055413
10/12/2020 19:00,2.88235879
10/12/2020 20:00,2.568297174
10/12/2020 21:00,2.710227073
10/12/2020 22:00,2.93293967
10/12/2020 23:00,2.759900751
10/13/2020 0:00,2.641210642
10/13/2020 1:00,2.686066198
10/13/2020 2:00,2.520906383
10/13/2020 3:00,2.868094019
10/13/2020 4:00,2.5921185
10/13/2020 5:00,2.541232701
10/13/2020 6:00,2.72714153
10/13/2020 7:00,2.903967951
10/13/2020 8:00,2.618307048
10/13/2020 9:00,2.578280004
10/13/2020 10:00,2.770752148
10/13/2020 11:00,2.731230552
10/13/2020 12:00,2.692487979
10/13/2020 13:00,2.57006667
10/13/2020 14:00,2.871246206
10/13/2020 15:00,2.915814592
10/13/2020 16:00,2.6801534
10/13/2020 17:00,2.570996964
10/13/2020 18:00,2.788150587
10/13/2020 19:00,2.575554036
10/13/2020 20:00,2.810904133
10/13/2020 21:00,2.481736146
10/13/2020 22:00,2.734389728
10/13/2020 23:00,2.563045255
10/14/2020 0:00,2.12779832
10/14/2020 1:00,1.619542472
10/14/2020 2:00,2.118501544
10/14/2020 3:00,1.756797482
10/14/2020 4:00,1.772751636
10/14/2020 5:00,1.907008938
10/14/2020 6:00,2.024197406
10/14/2020 7:00,1.802050809
10/14/2020 8:00,2.938170808
10/14/2020 9:00,2.709488558
10/14/2020 10:00,2.784609404
10/14/2020 11:00,2.412937491
10/14/2020 12:00,2.72579127
10/14/2020 13:00,2.724451764
10/14/2020 14:00,2.874987006
10/14/2020 15:00,2.814763517
10/14/2020 16:00,2.598281783
10/14/2020 17:00,2.609198224
10/14/2020 18:00,2.82834409
10/14/2020 19:00,2.485124787
10/14/2020 20:00,2.876530482
10/14/2020 21:00,2.417868171
10/14/2020 22:00,2.856487962
10/14/2020 23:00,2.445763338
10/15/2020 0:00,2.721788094
10/15/2020 1:00,2.818681286
10/15/2020 2:00,2.837172682
10/15/2020 3:00,2.464798978
10/15/2020 4:00,2.857628712
10/15/2020 5:00,2.892823976
10/15/2020 6:00,2.460564376
10/15/2020 7:00,2.481253818
10/15/2020 8:00,2.590469849
10/15/2020 9:00,2.749574867
10/15/2020 10:00,2.781697213
10/15/2020 11:00,2.810341804
10/15/2020 12:00,2.429707733
10/15/2020 13:00,2.881227497
10/15/2020 14:00,2.678185931
10/15/2020 15:00,2.648782539
10/15/2020 16:00,2.944829904
10/15/2020 17:00,2.553529312
10/15/2020 18:00,2.447889089
10/15/2020 19:00,2.89548385
10/15/2020 20:00,2.456447814
10/15/2020 21:00,2.748714635
10/15/2020 22:00,2.942869387
10/15/2020 23:00,2.718886938
10/16/2020 0:00,2.8139233
10/16/2020 1:00,2.82193042
10/16/2020 2:00,2.525098711
10/16/2020 3:00,2.807516125
10/16/2020 4:00,2.818441241
10/16/2020 5:00,2.431578865
10/16/2020 6:00,2.486294499
10/16/2020 7:00,2.842159292
10/16/2020 8:00,2.945387614
10/16/2020 9:00,2.535004834
10/16/2020 10:00,2.482642808
10/16/2020 11:00,2.602143247
10/16/2020 12:00,2.895037185
10/16/2020 13:00,2.492372415
10/16/2020 14:00,2.585030265
10/16/2020 15:00,2.62936962
10/16/2020 16:00,2.760978487
10/16/2020 17:00,2.728579414
10/16/2020 18:00,2.920431393
10/16/2020 19:00,2.944071841
10/16/2020 20:00,2.797959279
10/16/2020 21:00,2.814529453
10/16/2020 22:00,2.426602153
10/16/2020 23:00,2.769276168
10/17/2020 0:00,2.427887265
10/17/2020 1:00,2.854539859
10/17/2020 2:00,2.758096556
10/17/2020 3:00,2.489384843
10/17/2020 4:00,2.741675099
10/17/2020 5:00,2.490887059
10/17/2020 6:00,2.920949967
10/17/2020 7:00,2.751484518
10/17/2020 8:00,2.910580795
10/17/2020 9:00,2.899059016
10/17/2020 10:00,2.690820211
10/17/2020 11:00,2.499596313
10/17/2020 12:00,2.635368831
10/17/2020 13:00,2.868583767
10/17/2020 14:00,2.412269543
10/17/2020 15:00,2.669131012
10/17/2020 16:00,2.740372525
10/17/2020 17:00,2.70697042
10/17/2020 18:00,2.674750266
10/17/2020 19:00,2.441864843
10/17/2020 20:00,2.83175572
10/17/2020 21:00,2.762697228
10/17/2020 22:00,2.564971006
10/17/2020 23:00,2.736043909
10/18/2020 0:00,2.890290182
10/18/2020 1:00,2.810662271
10/18/2020 2:00,2.602865919
10/18/2020 3:00,2.65750192
10/18/2020 4:00,2.44552649
10/18/2020 5:00,2.44972342
10/18/2020 6:00,2.420305819
10/18/2020 7:00,2.575982842
10/18/2020 8:00,2.003837192
10/18/2020 9:00,2.116763141
10/18/2020 10:00,1.976205362
10/18/2020 11:00,1.719549937
10/18/2020 12:00,1.797528518
10/18/2020 13:00,1.950473085
10/18/2020 14:00,2.055092805
10/18/2020 15:00,1.911619028
10/18/2020 16:00,2.80896862
10/18/2020 17:00,2.80983353
10/18/2020 18:00,2.566368679
10/18/2020 19:00,2.935868429
10/18/2020 20:00,2.94089281
10/18/2020 21:00,2.768547771
10/18/2020 22:00,2.922473599
10/18/2020 23:00,2.632953708
10/19/2020 0:00,2.540779895
10/19/2020 1:00,2.490505595
10/19/2020 2:00,2.793155506
10/19/2020 3:00,2.489491885
10/19/2020 4:00,2.830271763
10/19/2020 5:00,2.777214224
10/19/2020 6:00,2.734226804
10/19/2020 7:00,2.617372292
10/19/2020 8:00,2.673149007
10/19/2020 9:00,2.532671195
10/19/2020 10:00,2.640225355
10/19/2020 11:00,2.863561123
10/19/2020 12:00,2.607394653
10/19/2020 13:00,2.699739989
10/19/2020 14:00,2.509070543
10/19/2020 15:00,2.520764471
10/19/2020 16:00,2.448058913
10/19/2020 17:00,2.733215164
10/19/2020 18:00,2.548874971
10/19/2020 19:00,2.738645792
10/19/2020 20:00,2.840817747
10/19/2020 21:00,2.694082712
10/19/2020 22:00,2.45247683
10/19/2020 23:00,2.570430348
10/20/2020 0:00,2.41695192
10/20/2020 1:00,2.838283018
10/20/2020 2:00,2.714556188
10/20/2020 3:00,2.862626893
10/20/2020 4:00,2.684125702
10/20/2020 5:00,2.505118763
10/20/2020 6:00,2.679965745
10/20/2020 7:00,2.814595344
10/20/2020 8:00,2.651156129
10/20/2020 9:00,2.780432612
10/20/2020 10:00,2.909527876
10/20/2020 11:00,2.807308406
10/20/2020 12:00,2.585529407
10/20/2020 13:00,2.429563427
10/20/2020 14:00,2.666009132
10/20/2020 15:00,2.674681728
10/20/2020 16:00,2.821160298
10/20/2020 17:00,2.440912233
10/20/2020 18:00,2.499708982
10/20/2020 19:00,2.476622826
10/20/2020 20:00,2.505797082
10/20/2020 21:00,2.629811564
10/20/2020 22:00,2.613079208
10/20/2020 23:00,2.589171449
10/21/2020 0:00,2.666552006
10/21/2020 1:00,2.521772283
10/21/2020 2:00,2.897441995
10/21/2020 3:00,2.438142842
10/21/2020 4:00,2.489833703
10/21/2020 5:00,2.656292068
10/21/2020 6:00,2.701696665
10/21/2020 7:00,2.529041121
10/21/2020 8:00,2.465790632
10/21/2020 9:00,2.61116136
10/21/2020 10:00,2.582883097
10/21/2020 11:00,2.873119036
10/21/2020 12:00,2.468330273
10/21/2020 13:00,2.417677087
10/21/2020 14:00,2.57291648
10/21/2020 15:00,2.844046054
10/21/2020 16:00,2.511320721
10/21/2020 17:00,2.490626996
10/21/2020 18:00,2.550629054
10/21/2020 19:00,2.801404288
10/21/2020 20:00,2.562792956
10/21/2020 21:00,2.754621166
10/21/2020 22:00,2.855921109
10/21/2020 23:00,2.431561363
10/22/2020 0:00,2.603108929
10/22/2020 1:00,2.479297781
10/22/2020 2:00,2.503321515
10/22/2020 3:00,2.453498172
10/22/2020 4:00,2.737154313
10/22/2020 5:00,2.819558153
10/22/2020 6:00,2.850390898
10/22/2020 7:00,2.678708789
10/22/2020 8:00,2.702985644
10/22/2020 9:00,2.73826579
10/22/2020 10:00,2.608828651
10/22/2020 11:00,2.64761213
10/22/2020 12:00,2.820495637
10/22/2020 13:00,2.878360494
10/22/2020 14:00,2.667753333
10/22/2020 15:00,2.567305383
10/22/2020 16:00,2.830115802
10/22/2020 17:00,2.463713559
10/22/2020 18:00,2.670245937
10/22/2020 19:00,2.675857414
10/22/2020 20:00,2.682100105
10/22/2020 21:00,2.833362942
10/22/2020 22:00,2.582922898
10/22/2020 23:00,2.858786609
10/23/2020 0:00,2.790270702
10/23/2020 1:00,2.585661187
10/23/2020 2:00,2.68735742
10/23/2020 3:00,2.641197895
10/23/2020 4:00,2.622019043
10/23/2020 5:00,2.488146349
10/23/2020 6:00,2.531305239
10/23/2020 7:00,2.901661085
10/23/2020 8:00,2.537396787
10/23/2020 9:00,2.488427608
10/23/2020 10:00,2.649976365
10/23/2020 11:00,2.458814021
10/23/2020 12:00,2.742535199
10/23/2020 13:00,2.803929472
10/23/2020 14:00,2.789763594
10/23/2020 15:00,2.617261535
10/23/2020 16:00,2.755160829
10/23/2020 17:00,2.73451945
10/23/2020 18:00,2.900051059
10/23/2020 19:00,2.83522888
10/23/2020 20:00,2.814754837
10/23/2020 21:00,2.741776018
10/23/2020 22:00,2.700457786
10/23/2020 23:00,2.924324647
10/24/2020 0:00,2.56536679
10/24/2020 1:00,2.592234172
10/24/2020 2:00,2.488319151
10/24/2020 3:00,2.471725801
10/24/2020 4:00,2.720367427
10/24/2020 5:00,2.84449803
10/24/2020 6:00,2.904024112
10/24/2020 7:00,2.626235195
10/24/2020 8:00,2.946317229
10/24/2020 9:00,2.811688202
10/24/2020 10:00,2.415164752
10/24/2020 11:00,2.576978051
10/24/2020 12:00,2.871589011
10/24/2020 13:00,2.681447948
10/24/2020 14:00,2.881414183
10/24/2020 15:00,2.525640891
10/24/2020 16:00,1.640783014
10/24/2020 17:00,1.701424735
10/24/2020 18:00,1.981151181
10/24/2020 19:00,2.087410992
10/24/2020 20:00,1.798565965
10/24/2020 21:00,1.703233433
10/24/2020 22:00,1.927888398
10/24/2020 23:00,1.84083077
10/25/2020 0:00,2.771130309
10/25/2020 1:00,2.433301686
10/25/2020 2:00,2.718170688
10/25/2020 3:00,2.803162165
10/25/2020 4:00,2.907032544
10/25/2020 5:00,2.824830242
10/25/2020 6:00,2.923283343
10/25/2020 7:00,2.56143436
10/25/2020 8:00,2.650932065
10/25/2020 9:00,2.725673857
10/25/2020 10:00,2.57527394
10/25/2020 11:00,2.687773255
10/25/2020 12:00,2.866015678
10/25/2020 13:00,2.787221642
10/25/2020 14:00,2.729179884
10/25/2020 15:00,2.444267988
10/25/2020 16:00,2.778340386
10/25/2020 17:00,2.817977203
10/25/2020 18:00,2.767493216
10/25/2020 19:00,2.809360807
10/25/2020 20:00,2.814837978
10/25/2020 21:00,2.453083663
10/25/2020 22:00,2.700432234
10/25/2020 23:00,2.543346375
10/26/2020 0:00,2.684331058
10/26/2020 1:00,2.499767718
10/26/2020 2:00,2.66942595
10/26/2020 3:00,2.659779585
10/26/2020 4:00,2.866507552
10/26/2020 5:00,2.684947784
10/26/2020 6:00,2.739829638
10/26/2020 7:00,2.67765827
10/26/2020 8:00,2.586326937
10/26/2020 9:00,2.670483218
10/26/2020 10:00,2.586482507
10/26/2020 11:00,2.853284476
10/26/2020 12:00,2.885407379
10/26/2020 13:00,2.928119742
10/26/2020 14:00,2.918065032
10/26/2020 15:00,2.736308763
10/26/2020 16:00,2.690154096
10/26/2020 17:00,2.87800626
10/26/2020 18:00,2.645518915
10/26/2020 19:00,2.667033527
10/26/2020 20:00,2.879203379
10/26/2020 21:00,2.566130443
10/26/2020 22:00,2.50947009
10/26/2020 23:00,2.736636621
10/27/2020 0:00,2.121055418
10/27/2020 1:00,1.614359529
10/27/2020 2:00,1.847070722
10/27/2020 3:00,2.138543739
10/27/2020 4:00,2.049450734
10/27/2020 5:00,1.685043261
10/27/2020 6:00,1.948828785
10/27/2020 7:00,1.924749723
10/27/2020 8:00,1.74771062
10/27/2020 9:00,1.861573827
10/27/2020 10:00,1.653902361
10/27/2020 11:00,1.80628906
10/27/2020 12:00,1.931467639
10/27/2020 13:00,1.632642066
10/27/2020 14:00,1.754493425
10/27/2020 15:00,2.116613916
10/27/2020 16:00,2.780674072
10/27/2020 17:00,2.654784549
10/27/2020 18:00,2.685572249
10/27/2020 19:00,2.44490271
10/27/2020 20:00,2.855537295
10/27/2020 21:00,2.68096253
10/27/2020 22:00,2.706527757
10/27/2020 23:00,2.527004455
10/28/2020 0:00,1.892789306
10/28/2020 1:00,1.66096522
10/28/2020 2:00,1.762466929
10/28/2020 3:00,1.648971565
10/28/2020 4:00,2.005151831
10/28/2020 5:00,1.783293398
10/28/2020 6:00,1.820024348
10/28/2020 7:00,1.739031764
10/28/2020 8:00,2.540138573
10/28/2020 9:00,2.652010347
10/28/2020 10:00,2.68462575
10/28/2020 11:00,2.92690017
10/28/2020 12:00,2.633483351
10/28/2020 13:00,2.510904022
10/28/2020 14:00,2.443632708
10/28/2020 15:00,2.533237977
10/28/2020 16:00,1.85235351
10/28/2020 17:00,1.61602172
10/28/2020 18:00,1.716524445
10/28/2020 19:00,2.135271918
10/28/2020 20:00,1.665642669
10/28/2020 21:00,1.950058699
10/28/2020 22:00,2.070600284
10/28/2020 23:00,2.058399987
10/29/2020 0:00,2.945447656
10/29/2020 1:00,2.530098467
10/29/2020 2:00,2.814546406
10/29/2020 3:00,2.438370473
10/29/2020 4:00,2.903613825
10/29/2020 5:00,2.630458799
10/29/2020 6:00,2.690092471
10/29/2020 7:00,2.535862214
10/29/2020 8:00,2.685576379
10/29/2020 9:00,2.922153818
10/29/2020 10:00,2.572385529
10/29/2020 11:00,2.50094316
10/29/2020 12:00,2.418928074
10/29/2020 13:00,2.837405332
10/29/2020 14:00,2.704359154
10/29/2020 15:00,2.535473617
10/29/2020 16:00,2.425148522
10/29/2020 17:00,2.436648543
10/29/2020 18:00,2.461855999
10/29/2020 19:00,2.746933965
10/29/2020 20:00,2.936996442
10/29/2020 21:00,2.932720293
10/29/2020 22:00,2.584147033
10/29/2020 23:00,2.524498531
10/30/2020 0:00,2.768100758
10/30/2020 1:00,2.741119261
10/30/2020 2:00,2.654106312
10/30/2020 3:00,2.66217086
10/30/2020 4:00,2.920449166
10/30/2020 5:00,2.572129323
10/30/2020 6:00,2.659304422
10/30/2020 7:00,2.506248808
10/30/2020 8:00,2.501855659
10/30/2020 9:00,2.809784217
10/30/2020 10:00,2.52242239
10/30/2020 11:00,2.714773225
10/30/2020 12:00,2.756796294
10/30/2020 13:00,2.426807407
10/30/2020 14:00,2.590975628
10/30/2020 15:00,2.63875273
10/30/2020 16:00,2.623153269
10/30/2020 17:00,2.738662561
10/30/2020 18:00,2.651618006
10/30/2020 19:00,2.526105409
10/30/2020 20:00,2.694268904
10/30/2020 21:00,2.445226106
10/30/2020 22:00,2.822019868
10/30/2020 23:00,2.870972897
10/31/2020 0:00,2.77826509
10/31/2020 1:00,2.686834406
10/31/2020 2:00,2.684643543
10/31/2020 3:00,2.615915408
10/31/2020 4:00,2.51430512
10/31/2020 5:00,2.618089281
10/31/2020 6:00,2.846275841
10/31/2020 7:00,2.467012032
10/31/2020 8:00,2.634423019
10/31/2020 9:00,2.442022464
10/31/2020 10:00,2.425733281
10/31/2020 11:00,2.752764486
10/31/2020 12:00,2.6161682
10/31/2020 13:00,2.784120368
10/31/2020 14:00,2.947745497
10/31/2020 15:00,2.509101042
10/31/2020 16:00,2.941558807
10/31/2020 17:00,2.549430712
10/31/2020 18:00,2.474604896
10/31/2020 19:00,2.76598853
10/31/2020 20:00,2.503014651
10/31/2020 21:00,2.745562188
10/31/2020 22:00,2.647946641
10/31/2020 23:00,2.470108486
11/1/2020 0:00,2.556446668
11/1/2020 1:00,2.902241544
11/1/2020 2:00,2.767468289
11/1/2020 3:00,2.434660747
11/1/2020 4:00,2.815627705
11/1/2020 5:00,2.542122126
11/1/2020 6:00,2.591752453
11/1/2020 7:00,2.484708565
11/1/2020 8:00,2.431047882
11/1/2020 9:00,2.590198383
11/1/2020 10:00,2.478597728
11/1/2020 11:00,2.644199679
11/1/2020 12:00,2.463652302
11/1/2020 13:00,2.704249714
11/1/2020 14:00,2.799895532
11/1/2020 15:00,2.518564762
11/1/2020 16:00,2.620237599
11/1/2020 17:00,2.791791059
11/1/2020 18:00,2.849033147
11/1/2020 19:00,2.455560542
11/1/2020 20:00,2.843412399
11/1/2020 21:00,2.710949654
11/1/2020 22:00,2.511535807
11/1/2020 23:00,2.698576389
11/2/2020 0:00,2.05815667
11/2/2020 1:00,1.913527049
11/2/2020 2:00,1.80488988
11/2/2020 3:00,1.92870268
11/2/2020 4:00,2.007967377
11/2/2020 5:00,2.059658365
11/2/2020 6:00,1.924969501
11/2/2020 7:00,1.956185976
11/2/2020 8:00,2.700925314
11/2/2020 9:00,2.940644977
11/2/2020 10:00,2.643392232
11/2/2020 11:00,2.645052795
11/2/2020 12:00,2.536406999
11/2/2020 13:00,2.536895618
11/2/2020 14:00,2.671278826
11/2/2020 15:00,2.863038598
11/2/2020 16:00,2.932958648
11/2/2020 17:00,2.522211021
11/2/2020 18:00,2.788904662
11/2/2020 19:00,2.90259555
11/2/2020 20:00,2.775634683
11/2/2020 21:00,2.748516024
11/2/2020 22:00,2.561233879
11/2/2020 23:00,2.711461409
11/3/2020 0:00,2.52165147
11/3/2020 1:00,2.793221751
11/3/2020 2:00,2.512121302
11/3/2020 3:00,2.847576215
11/3/2020 4:00,2.499189733
11/3/2020 5:00,2.474392847
11/3/2020 6:00,2.54674321
11/3/2020 7:00,2.654211723
11/3/2020 8:00,2.930218038
11/3/2020 9:00,2.452830208
11/3/2020 10:00,2.79286659
11/3/2020 11:00,2.910855853
11/3/2020 12:00,2.503642843
11/3/2020 13:00,2.923649734
11/3/2020 14:00,2.552668679
11/3/2020 15:00,2.777275954
11/3/2020 16:00,2.447324407
11/3/2020 17:00,2.437662919
11/3/2020 18:00,2.853642253
11/3/2020 19:00,2.793182158
11/3/2020 20:00,2.477739894
11/3/2020 21:00,2.779678204
11/3/2020 22:00,2.479520117
11/3/2020 23:00,2.683805802
11/4/2020 0:00,1.670397895
11/4/2020 1:00,1.632083797
11/4/2020 2:00,1.968719056
11/4/2020 3:00,2.12454132
11/4/2020 4:00,2.067793578
11/4/2020 5:00,1.853048803
11/4/2020 6:00,1.768386969
11/4/2020 7:00,1.695039147
11/4/2020 8:00,2.800637889
11/4/2020 9:00,2.921573325
11/4/2020 10:00,2.609224508
11/4/2020 11:00,2.859828
11/4/2020 12:00,2.796827968
11/4/2020 13:00,2.570395173
11/4/2020 14:00,2.583742908
11/4/2020 15:00,2.724120389
11/4/2020 16:00,2.619979198
11/4/2020 17:00,2.840773955
11/4/2020 18:00,2.713866043
11/4/2020 19:00,2.582588878
11/4/2020 20:00,2.626666771
11/4/2020 21:00,2.570613636
11/4/2020 22:00,2.55453604
11/4/2020 23:00,2.765607531
11/5/2020 0:00,2.516204222
11/5/2020 1:00,2.77709051
11/5/2020 2:00,2.876767497
11/5/2020 3:00,2.611683171
11/5/2020 4:00,2.598862383
11/5/2020 5:00,2.913344783
11/5/2020 6:00,2.52260225
11/5/2020 7:00,2.802529749
11/5/2020 8:00,2.646671081
11/5/2020 9:00,2.434702131
11/5/2020 10:00,2.746219605
11/5/2020 11:00,2.517670832
11/5/2020 12:00,2.486470166
11/5/2020 13:00,2.696064112
11/5/2020 14:00,2.72814318
11/5/2020 15:00,2.79780829
11/5/2020 16:00,2.906980946
11/5/2020 17:00,2.801909865
11/5/2020 18:00,2.883084555
11/5/2020 19:00,2.807649714
11/5/2020 20:00,2.914463048
11/5/2020 21:00,2.821715146
11/5/2020 22:00,2.817431347
11/5/2020 23:00,2.715520163
11/6/2020 0:00,2.825627683
11/6/2020 1:00,2.946379576
11/6/2020 2:00,2.507511595
11/6/2020 3:00,2.773083051
11/6/2020 4:00,2.706764203
11/6/2020 5:00,2.888115438
11/6/2020 6:00,2.943032989
11/6/2020 7:00,2.449710555
11/6/2020 8:00,2.609300185
11/6/2020 9:00,2.459967442
11/6/2020 10:00,2.749521775
11/6/2020 11:00,2.862244835
11/6/2020 12:00,2.865484254
11/6/2020 13:00,2.621083426
11/6/2020 14:00,2.764190453
11/6/2020 15:00,2.632092731
11/6/2020 16:00,2.550205941
11/6/2020 17:00,2.913953018
11/6/2020 18:00,2.441124471
11/6/2020 19:00,2.823598093
11/6/2020 20:00,2.773553711
11/6/2020 21:00,2.802756267
11/6/2020 22:00,2.858810555
11/6/2020 23:00,2.547576424
11/7/2020 0:00,2.917283751
11/7/2020 1:00,2.775267263
11/7/2020 2:00,2.595673528
11/7/2020 3:00,2.904939258
11/7/2020 4:00,2.771379562
11/7/2020 5:00,2.529588016
11/7/2020 6:00,2.566319058
11/7/2020 7:00,2.697886678
11/7/2020 8:00,2.92792221
11/7/2020 9:00,2.474635259
11/7/2020 10:00,2.79782241
11/7/2020 11:00,2.79181068
11/7/2020 12:00,2.848802887
11/7/2020 13:00,2.581074792
11/7/2020 14:00,2.872253553
11/7/2020 15:00,2.781462277
11/7/2020 16:00,2.891180174
11/7/2020 17:00,2.709855799
11/7/2020 18:00,2.444137127
11/7/2020 19:00,2.695049935
11/7/2020 20:00,2.883489431
11/7/2020 21:00,2.431023063
11/7/2020 22:00,2.900196064
11/7/2020 23:00,2.434744883
11/8/2020 0:00,2.765342742
11/8/2020 1:00,2.469964271
11/8/2020 2:00,2.611869469
11/8/2020 3:00,2.734696776
11/8/2020 4:00,2.814514847
11/8/2020 5:00,2.693168202
11/8/2020 6:00,2.823838191
11/8/2020 7:00,2.938900349
11/8/2020 8:00,2.501564131
11/8/2020 9:00,2.896744657
11/8/2020 10:00,2.935711136
11/8/2020 11:00,2.649802232
11/8/2020 12:00,2.944942858
11/8/2020 13:00,2.865143736
11/8/2020 14:00,2.798865455
11/8/2020 15:00,2.596751957
11/8/2020 16:00,2.647908038
11/8/2020 17:00,2.570351195
11/8/2020 18:00,2.947072238
11/8/2020 19:00,2.433847095
11/8/2020 20:00,2.682823109
11/8/2020 21:00,2.706165155
11/8/2020 22:00,2.53935228
11/8/2020 23:00,2.43877275
11/9/2020 0:00,2.677063812
11/9/2020 1:00,2.881845845
11/9/2020 2:00,2.581418558
11/9/2020 3:00,2.735918136
11/9/2020 4:00,2.757398361
11/9/2020 5:00,2.801700255
11/9/2020 6:00,2.665827288
11/9/2020 7:00,2.655999122
11/9/2020 8:00,2.87743805
11/9/2020 9:00,2.613122473
11/9/2020 10:00,2.737934887
11/9/2020 11:00,2.49489379
11/9/2020 12:00,2.730685563
11/9/2020 13:00,2.609135163
11/9/2020 14:00,2.701118246
11/9/2020 15:00,2.776759423
11/9/2020 16:00,2.447070391
11/9/2020 17:00,2.88245879
11/9/2020 18:00,2.575932192
11/9/2020 19:00,2.605370189
11/9/2020 20:00,2.828692798
11/9/2020 21:00,2.47818868
11/9/2020 22:00,2.581491849
11/9/2020 23:00,2.599930148
11/10/2020 0:00,2.034190491
11/10/2020 1:00,1.930863246
11/10/2020 2:00,1.96965748
11/10/2020 3:00,1.966284304
11/10/2020 4:00,1.750614165
11/10/2020 5:00,2.016574138
11/10/2020 6:00,1.928600708
11/10/2020 7:00,2.105448955
11/10/2020 8:00,2.769386584
11/10/2020 9:00,2.577188136
11/10/2020 10:00,2.412559275
11/10/2020 11:00,2.568085592
11/10/2020 12:00,2.502582524
11/10/2020 13:00,2.571093273
11/10/2020 14:00,2.792114795
11/10/2020 15:00,2.860846716
11/10/2020 16:00,2.618293658
11/10/2020 17:00,2.442058922
11/10/2020 18:00,2.605789322
11/10/2020 19:00,2.771161958
11/10/2020 20:00,2.612067269
11/10/2020 21:00,2.732461924
11/10/2020 22:00,2.779754206
11/10/2020 23:00,2.418322122
11/11/2020 0:00,2.910370516
11/11/2020 1:00,2.905309762
11/11/2020 2:00,2.792456471
11/11/2020 3:00,2.492938882
11/11/2020 4:00,2.939170536
11/11/2020 5:00,2.773003998
11/11/2020 6:00,2.49806414
11/11/2020 7:00,2.594914832
11/11/2020 8:00,2.701124899
11/11/2020 9:00,2.742707285
11/11/2020 10:00,2.9451429
11/11/2020 11:00,2.494788515
11/11/2020 12:00,2.907947854
11/11/2020 13:00,2.624620026
11/11/2020 14:00,2.925950291
11/11/2020 15:00,2.574973586
11/11/2020 16:00,2.499865529
11/11/2020 17:00,2.630957116
11/11/2020 18:00,2.911405164
11/11/2020 19:00,2.905242493
11/11/2020 20:00,2.890872557
11/11/2020 21:00,2.922649234
11/11/2020 22:00,2.602430098
11/11/2020 23:00,2.897436865
11/12/2020 0:00,2.568097035
11/12/2020 1:00,2.869202296
11/12/2020 2:00,2.503821686
11/12/2020 3:00,2.895442221
11/12/2020 4:00,2.565872651
11/12/2020 5:00,2.852826448
11/12/2020 6:00,2.464774111
11/12/2020 7:00,2.444788516
11/12/2020 8:00,2.500552711
11/12/2020 9:00,2.62959361
11/12/2020 10:00,2.701266126
11/12/2020 11:00,2.905854083
11/12/2020 12:00,2.930787248
11/12/2020 13:00,2.602994504
11/12/2020 14:00,2.927241885
11/12/2020 15:00,2.505547561
11/12/2020 16:00,2.610202174
11/12/2020 17:00,2.450058892
11/12/2020 18:00,2.549520875
11/12/2020 19:00,2.456641631
11/12/2020 20:00,2.767114226
11/12/2020 21:00,2.474545089
11/12/2020 22:00,2.552651639
11/12/2020 23:00,2.696393894
11/13/2020 0:00,2.843649779
11/13/2020 1:00,2.865031236
11/13/2020 2:00,2.56654998
11/13/2020 3:00,2.434268906
11/13/2020 4:00,2.43540221
11/13/2020 5:00,2.686817122
11/13/2020 6:00,2.584964948
11/13/2020 7:00,2.942502072
11/13/2020 8:00,2.603723215
11/13/2020 9:00,2.71220532
11/13/2020 10:00,2.620533915
11/13/2020 11:00,2.831891436
11/13/2020 12:00,2.779094928
11/13/2020 13:00,2.943862378
11/13/2020 14:00,2.686825923
11/13/2020 15:00,2.940425356
11/13/2020 16:00,2.939034421
11/13/2020 17:00,2.689478965
11/13/2020 18:00,2.784865232
11/13/2020 19:00,2.671472848
11/13/2020 20:00,2.701576978
11/13/2020 21:00,2.485813424
11/13/2020 22:00,2.417048977
11/13/2020 23:00,2.578595865
11/14/2020 0:00,2.542213501
11/14/2020 1:00,2.639114066
11/14/2020 2:00,2.902948644
11/14/2020 3:00,2.856258828
11/14/2020 4:00,2.512205105
11/14/2020 5:00,2.559986397
11/14/2020 6:00,2.870090797
11/14/2020 7:00,2.618487207
11/14/2020 8:00,2.709947978
11/14/2020 9:00,2.676964171
11/14/2020 10:00,2.818753447
11/14/2020 11:00,2.818232834
11/14/2020 12:00,2.563060554
11/14/2020 13:00,2.549250992
11/14/2020 14:00,2.529572465
11/14/2020 15:00,2.837320906
11/14/2020 16:00,2.90806422
11/14/2020 17:00,2.647097855
11/14/2020 18:00,2.552766156
11/14/2020 19:00,2.782928125
11/14/2020 20:00,2.605301743
11/14/2020 21:00,2.908330319
11/14/2020 22:00,2.911053406
11/14/2020 23:00,2.466985976
11/15/2020 0:00,2.757698188
11/15/2020 1:00,2.814787604
11/15/2020 2:00,2.709391903
11/15/2020 3:00,2.692189037
11/15/2020 4:00,2.760871083
11/15/2020 5:00,2.532246289
11/15/2020 6:00,2.76821398
11/15/2020 7:00,2.824980023
11/15/2020 8:00,2.495042702
11/15/2020 9:00,2.759513421
11/15/2020 10:00,2.816733213
11/15/2020 11:00,2.714106871
11/15/2020 12:00,2.672011163
11/15/2020 13:00,2.732756377
11/15/2020 14:00,2.447723205
11/15/2020 15:00,2.458249662
11/15/2020 16:00,2.708971454
11/15/2020 17:00,2.593427628
11/15/2020 18:00,2.821012791
11/15/2020 19:00,2.501017133
11/15/2020 20:00,2.769783105
11/15/2020 21:00,2.549788242
11/15/2020 22:00,2.55714319
11/15/2020 23:00,2.759324892
11/16/2020 0:00,2.845600247
11/16/2020 1:00,2.669324322
11/16/2020 2:00,2.594276359
11/16/2020 3:00,2.892959395
11/16/2020 4:00,2.618058551
11/16/2020 5:00,2.500907163
11/16/2020 6:00,2.753143157
11/16/2020 7:00,2.721149041
11/16/2020 8:00,2.517243798
11/16/2020 9:00,2.542078681
11/16/2020 10:00,2.689492943
11/16/2020 11:00,2.765474034
11/16/2020 12:00,2.510542381
11/16/2020 13:00,2.747493745
11/16/2020 14:00,2.817089468
11/16/2020 15:00,2.815271481
11/16/2020 16:00,1.889042514
11/16/2020 17:00,1.711259916
11/16/2020 18:00,1.64253272
11/16/2020 19:00,1.628102234
11/16/2020 20:00,2.070491334
11/16/2020 21:00,1.933988452
11/16/2020 22:00,1.643947252
11/16/2020 23:00,1.778024384
11/17/2020 0:00,2.433309252
11/17/2020 1:00,2.814030587
11/17/2020 2:00,2.495612955
11/17/2020 3:00,2.495566605
11/17/2020 4:00,2.888926067
11/17/2020 5:00,2.930187153
11/17/2020 6:00,2.555774454
11/17/2020 7:00,2.692107311
11/17/2020 8:00,2.663172662
11/17/2020 9:00,2.723049815
11/17/2020 10:00,2.759670417
11/17/2020 11:00,2.724394341
11/17/2020 12:00,2.427733425
11/17/2020 13:00,2.853804077
11/17/2020 14:00,2.41343558
11/17/2020 15:00,2.901198071
11/17/2020 16:00,2.765597302
11/17/2020 17:00,2.427258785
11/17/2020 18:00,2.771622795
11/17/2020 19:00,2.811639653
11/17/2020 20:00,2.754075423
11/17/2020 21:00,2.671332884
11/17/2020 22:00,2.644914574
11/17/2020 23:00,2.631088418
11/18/2020 0:00,2.565702884
11/18/2020 1:00,2.459258385
11/18/2020 2:00,2.847943194
11/18/2020 3:00,2.826184509
11/18/2020 4:00,2.706608575
11/18/2020 5:00,2.768810224
11/18/2020 6:00,2.853846393
11/18/2020 7:00,2.913006607
11/18/2020 8:00,2.834970175
11/18/2020 9:00,2.436389225
11/18/2020 10:00,2.466121816
11/18/2020 11:00,2.703602966
11/18/2020 12:00,2.417841117
11/18/2020 13:00,2.869917712
11/18/2020 14:00,2.932910865
11/18/2020 15:00,2.564047142
11/18/2020 16:00,2.57754111
11/18/2020 17:00,2.555935939
11/18/2020 18:00,2.921718183
11/18/2020 19:00,2.883670827
11/18/2020 20:00,2.754330849
11/18/2020 21:00,2.923794497
11/18/2020 22:00,2.772694837
11/18/2020 23:00,2.694963147
11/19/2020 0:00,2.537781325
11/19/2020 1:00,2.786275778
11/19/2020 2:00,2.881248357
11/19/2020 3:00,2.561499907
11/19/2020 4:00,2.895125979
11/19/2020 5:00,2.668074829
11/19/2020 6:00,2.450997402
11/19/2020 7:00,2.499763901
11/19/2020 8:00,2.925479182
11/19/2020 9:00,2.811969506
11/19/2020 10:00,2.645336333
11/19/2020 11:00,2.766165562
11/19/2020 12:00,2.584281111
11/19/2020 13:00,2.45883215
11/19/2020 14:00,2.514996924
11/19/2020 15:00,2.857819123
11/19/2020 16:00,2.649517105
11/19/2020 17:00,2.890516057
11/19/2020 18:00,2.741916641
11/19/2020 19:00,2.538193256
11/19/2020 20:00,2.64489472
11/19/2020 21:00,2.459019332
11/19/2020 22:00,2.879664214
11/19/2020 23:00,2.449883675
11/20/2020 0:00,2.641991852
11/20/2020 1:00,2.7793787
11/20/2020 2:00,2.891222073
11/20/2020 3:00,2.477121391
11/20/2020 4:00,2.480822222
11/20/2020 5:00,2.688913367
11/20/2020 6:00,2.767082054
11/20/2020 7:00,2.57415917
11/20/2020 8:00,2.865880899
11/20/2020 9:00,2.689425398
11/20/2020 10:00,2.768461529
11/20/2020 11:00,2.575974028
11/20/2020 12:00,2.651252676
11/20/2020 13:00,2.754149275
11/20/2020 14:00,2.799855327
11/20/2020 15:00,2.839365307
11/20/2020 16:00,2.530100131
11/20/2020 17:00,2.518036463
11/20/2020 18:00,2.887626047
11/20/2020 19:00,2.755139268
11/20/2020 20:00,2.750592795
11/20/2020 21:00,2.594278966
11/20/2020 22:00,2.430706774
11/20/2020 23:00,2.84534447
11/21/2020 0:00,2.486289784
11/21/2020 1:00,2.753626012
11/21/2020 2:00,2.78953734
11/21/2020 3:00,2.767590827
11/21/2020 4:00,2.876015589
11/21/2020 5:00,2.857547106
11/21/2020 6:00,2.545701058
11/21/2020 7:00,2.717030891
11/21/2020 8:00,2.878012593
11/21/2020 9:00,2.863603466
11/21/2020 10:00,2.814679966
11/21/2020 11:00,2.769909484
11/21/2020 12:00,2.560571542
11/21/2020 13:00,2.88930683
11/21/2020 14:00,2.599645087
11/21/2020 15:00,2.814430191
11/21/2020 16:00,2.479495547
11/21/2020 17:00,2.728889439
11/21/2020 18:00,2.648471637
11/21/2020 19:00,2.669140942
11/21/2020 20:00,2.458792793
11/21/2020 21:00,2.744611729
11/21/2020 22:00,2.874232259
11/21/2020 23:00,2.458642295
11/22/2020 0:00,2.488279785
11/22/2020 1:00,2.875590688
11/22/2020 2:00,2.544473569
11/22/2020 3:00,2.925081581
11/22/2020 4:00,2.574997849
11/22/2020 5:00,2.719231445
11/22/2020 6:00,2.582665305
11/22/2020 7:00,2.809511756
11/22/2020 8:00,2.633553567
11/22/2020 9:00,2.636166102
11/22/2020 10:00,2.616728151
11/22/2020 11:00,2.758275496
11/22/2020 12:00,2.665583897
11/22/2020 13:00,2.817707032
11/22/2020 14:00,2.889900765
11/22/2020 15:00,2.686461609
11/22/2020 16:00,2.857779582
11/22/2020 17:00,2.681393591
11/22/2020 18:00,2.607012562
11/22/2020 19:00,2.534499459
11/22/2020 20:00,2.824465067
11/22/2020 21:00,2.580606742
11/22/2020 22:00,2.606326534
11/22/2020 23:00,2.676955546
11/23/2020 0:00,2.500585366
11/23/2020 1:00,2.687163794
11/23/2020 2:00,2.756538891
11/23/2020 3:00,2.494316595
11/23/2020 4:00,2.578778909
11/23/2020 5:00,2.496218829
11/23/2020 6:00,2.849931838
11/23/2020 7:00,2.871225217
11/23/2020 8:00,2.695868669
11/23/2020 9:00,2.757740615
11/23/2020 10:00,2.651559387
11/23/2020 11:00,2.47014741
11/23/2020 12:00,2.835931226
11/23/2020 13:00,2.594763975
11/23/2020 14:00,2.779572646
11/23/2020 15:00,2.805186097
11/23/2020 16:00,2.863707882
11/23/2020 17:00,2.434702575
11/23/2020 18:00,2.598744369
11/23/2020 19:00,2.593044596
11/23/2020 20:00,2.929639362
11/23/2020 21:00,2.945834925
11/23/2020 22:00,2.864595296
11/23/2020 23:00,2.559429555
11/24/2020 0:00,2.860021108
11/24/2020 1:00,2.923471166
11/24/2020 2:00,2.699562606
11/24/2020 3:00,2.538484057
11/24/2020 4:00,2.687062313
11/24/2020 5:00,2.532558086
11/24/2020 6:00,2.858639987
11/24/2020 7:00,2.515016542
11/24/2020 8:00,2.625182488
11/24/2020 9:00,2.873119138
11/24/2020 10:00,2.795129192
11/24/2020 11:00,2.919508285
11/24/2020 12:00,2.476827799
11/24/2020 13:00,2.729564664
11/24/2020 14:00,2.75689093
11/24/2020 15:00,2.863772941
11/24/2020 16:00,2.665937646
11/24/2020 17:00,2.611633643
11/24/2020 18:00,2.52557397
11/24/2020 19:00,2.940354476
11/24/2020 20:00,2.579684637
11/24/2020 21:00,2.582075539
11/24/2020 22:00,2.543273599
11/24/2020 23:00,2.852730725
11/25/2020 0:00,2.929221213
11/25/2020 1:00,2.525947497
11/25/2020 2:00,2.777225498
11/25/2020 3:00,2.901123765
11/25/2020 4:00,2.871147264
11/25/2020 5:00,2.634656674
11/25/2020 6:00,2.60317607
11/25/2020 7:00,2.873292822
11/25/2020 8:00,2.466309266
11/25/2020 9:00,2.726069444
11/25/2020 10:00,2.646645458
11/25/2020 11:00,2.696872425
11/25/2020 12:00,2.739417339
11/25/2020 13:00,2.715969407
11/25/2020 14:00,2.519457824
11/25/2020 15:00,2.602325052
11/25/2020 16:00,2.564471145
11/25/2020 17:00,2.771842734
11/25/2020 18:00,2.766471494
11/25/2020 19:00,2.675959728
11/25/2020 20:00,2.82094561
11/25/2020 21:00,2.641391266
11/25/2020 22:00,2.493721449
11/25/2020 23:00,2.810553596
11/26/2020 0:00,2.501931903
11/26/2020 1:00,2.599475774
11/26/2020 2:00,2.5416232
11/26/2020 3:00,2.613454224
11/26/2020 4:00,2.712084646
11/26/2020 5:00,2.597904391
11/26/2020 6:00,2.890098599
11/26/2020 7:00,2.733190517
11/26/2020 8:00,2.448333845
11/26/2020 9:00,2.519188661
11/26/2020 10:00,2.874470963
11/26/2020 11:00,2.608776641
11/26/2020 12:00,2.477120516
11/26/2020 13:00,2.922187517
11/26/2020 14:00,2.727420967
11/26/2020 15:00,2.531721726
11/26/2020 16:00,2.714707085
11/26/2020 17:00,2.553548049
11/26/2020 18:00,2.833862846
11/26/2020 19:00,2.660529083
11/26/2020 20:00,2.736592753
11/26/2020 21:00,2.854665595
11/26/2020 22:00,2.510595123
11/26/2020 23:00,2.744308534
11/27/2020 0:00,2.55415611
11/27/2020 1:00,2.503617288
11/27/2020 2:00,2.724711231
11/27/2020 3:00,2.516058681
11/27/2020 4:00,2.875390535
11/27/2020 5:00,2.706947825
11/27/2020 6:00,2.906096517
11/27/2020 7:00,2.584623446
11/27/2020 8:00,2.587033625
11/27/2020 9:00,2.660216075
11/27/2020 10:00,2.536584005
11/27/2020 11:00,2.92468951
11/27/2020 12:00,2.809168239
11/27/2020 13:00,2.615304067
11/27/2020 14:00,2.766372662
11/27/2020 15:00,2.556911407
11/27/2020 16:00,2.473304173
11/27/2020 17:00,2.588013401
11/27/2020 18:00,2.500288589
11/27/2020 19:00,2.611896735
11/27/2020 20:00,2.77964112
11/27/2020 21:00,2.906556536
11/27/2020 22:00,2.835210097
11/27/2020 23:00,2.429099822
11/28/2020 0:00,2.701176371
11/28/2020 1:00,2.465407068
11/28/2020 2:00,2.897471583
11/28/2020 3:00,2.587547045
11/28/2020 4:00,2.864386474
11/28/2020 5:00,2.596836299
11/28/2020 6:00,2.531968498
11/28/2020 7:00,2.71373326
11/28/2020 8:00,2.800540005
11/28/2020 9:00,2.895878746
11/28/2020 10:00,2.412478754
11/28/2020 11:00,2.497911364
11/28/2020 12:00,2.764633129
11/28/2020 13:00,2.618343935
11/28/2020 14:00,2.857438786
11/28/2020 15:00,2.630274762
11/28/2020 16:00,2.681706548
11/28/2020 17:00,2.533791925
11/28/2020 18:00,2.906160347
11/28/2020 19:00,2.417329889
11/28/2020 20:00,2.546078888
11/28/2020 21:00,2.531876025
11/28/2020 22:00,2.913273042
11/28/2020 23:00,2.71726438
11/29/2020 0:00,2.63293043
11/29/2020 1:00,2.847042857
11/29/2020 2:00,2.855771856
11/29/2020 3:00,2.544030819
11/29/2020 4:00,2.839065462
11/29/2020 5:00,2.545424441
11/29/2020 6:00,2.663208725
11/29/2020 7:00,2.65893022
11/29/2020 8:00,2.829288687
11/29/2020 9:00,2.550753719
11/29/2020 10:00,2.527530968
11/29/2020 11:00,2.589723283
11/29/2020 12:00,2.64927832
11/29/2020 13:00,2.703299631
11/29/2020 14:00,2.885284306
11/29/2020 15:00,2.559415593
11/29/2020 16:00,2.514449191
11/29/2020 17:00,2.7788577
11/29/2020 18:00,2.943210533
11/29/2020 19:00,2.919100242
11/29/2020 20:00,2.605304318
11/29/2020 21:00,2.871609065
11/29/2020 22:00,2.523492778
11/29/2020 23:00,2.79259696
11/30/2020 0:00,2.904517268
11/30/2020 1:00,2.543429141
11/30/2020 2:00,2.558558181
11/30/2020 3:00,2.432813537
11/30/2020 4:00,2.831573149
11/30/2020 5:00,2.893155289
11/30/2020 6:00,2.556365058
11/30/2020 7:00,2.612755804
11/30/2020 8:00,2.782262637
11/30/2020 9:00,2.90584211
11/30/2020 10:00,2.589289368
11/30/2020 11:00,2.768743665
11/30/2020 12:00,2.42763553
11/30/2020 13:00,2.426443303
11/30/2020 14:00,2.70014772
11/30/2020 15:00,2.466123402
11/30/2020 16:00,2.588564186
11/30/2020 17:00,2.814257236
11/30/2020 18:00,2.900580521
11/30/2020 19:00,2.853127032
11/30/2020 20:00,2.482602157
11/30/2020 21:00,2.576537034
11/30/2020 22:00,2.42510934
11/30/2020 23:00,2.745522408
12/1/2020 0:00,2.434300411
12/1/2020 1:00,2.756477316
12/1/2020 2:00,2.919700466
12/1/2020 3:00,2.617415898
12/1/2020 4:00,2.592995123
12/1/2020 5:00,2.707358183
12/1/2020 6:00,2.649222795
12/1/2020 7:00,2.86752077
12/1/2020 8:00,2.600440567
12/1/2020 9:00,2.483414267
12/1/2020 10:00,2.443482625
12/1/2020 11:00,2.925757671
12/1/2020 12:00,2.620020669
12/1/2020 13:00,2.919379997
12/1/2020 14:00,2.535028939
12/1/2020 15:00,2.517641764
12/1/2020 16:00,2.878923808
12/1/2020 17:00,2.425732821
12/1/2020 18:00,2.879932849
12/1/2020 19:00,2.835870583
12/1/2020 20:00,2.815771482
12/1/2020 21:00,2.822034355
12/1/2020 22:00,2.926305911
12/1/2020 23:00,2.908347847
12/2/2020 0:00,2.690273121
12/2/2020 1:00,2.457622741
12/2/2020 2:00,2.825255671
12/2/2020 3:00,2.473052365
12/2/2020 4:00,2.778051369
12/2/2020 5:00,2.614345303
12/2/2020 6:00,2.66669088
12/2/2020 7:00,2.661279195
12/2/2020 8:00,2.645923253
12/2/2020 9:00,2.943205082
12/2/2020 10:00,2.892879181
12/2/2020 11:00,2.507605509
12/2/2020 12:00,2.922486939
12/2/2020 13:00,2.506071194
12/2/2020 14:00,2.612048832
12/2/2020 15:00,2.931901115
12/2/2020 16:00,2.644464005
12/2/2020 17:00,2.695590291
12/2/2020 18:00,2.754629852
12/2/2020 19:00,2.438518671
12/2/2020 20:00,2.572816456
12/2/2020 21:00,2.536108574
12/2/2020 22:00,2.576635979
12/2/2020 23:00,2.82084728
12/3/2020 0:00,2.850386988
12/3/2020 1:00,2.477575992
12/3/2020 2:00,2.820929578
12/3/2020 3:00,2.509940673
12/3/2020 4:00,2.705164125
12/3/2020 5:00,2.710376011
12/3/2020 6:00,2.521417295
12/3/2020 7:00,2.444590272
12/3/2020 8:00,2.837953748
12/3/2020 9:00,2.787779232
12/3/2020 10:00,2.68787321
12/3/2020 11:00,2.810882753
12/3/2020 12:00,2.424900022
12/3/2020 13:00,2.890144752
12/3/2020 14:00,2.843851336
12/3/2020 15:00,2.797569009
12/3/2020 16:00,2.436563613
12/3/2020 17:00,2.826352684
12/3/2020 18:00,2.727755069
12/3/2020 19:00,2.640788154
12/3/2020 20:00,2.661156859
12/3/2020 21:00,2.791189455
12/3/2020 22:00,2.698899279
12/3/2020 23:00,2.601071507
12/4/2020 0:00,2.59577801
12/4/2020 1:00,2.541769953
12/4/2020 2:00,2.473719307
12/4/2020 3:00,2.468578983
12/4/2020 4:00,2.912636738
12/4/2020 5:00,2.899410296
12/4/2020 6:00,2.505403141
12/4/2020 7:00,2.447542185
12/4/2020 8:00,2.56415119
12/4/2020 9:00,2.828833234
12/4/2020 10:00,2.525306388
12/4/2020 11:00,2.556393185
12/4/2020 12:00,2.514812809
12/4/2020 13:00,2.582138873
12/4/2020 14:00,2.925956387
12/4/2020 15:00,2.466397134
12/4/2020 16:00,2.515415991
12/4/2020 17:00,2.680418104
12/4/2020 18:00,2.524816556
12/4/2020 19:00,2.706783621
12/4/2020 20:00,2.57089495
12/4/2020 21:00,2.415606575
12/4/2020 22:00,2.821910652
12/4/2020 23:00,2.608761197
12/5/2020 0:00,2.438042928
12/5/2020 1:00,2.766482064
12/5/2020 2:00,2.783341687
12/5/2020 3:00,2.706604946
12/5/2020 4:00,2.498398034
12/5/2020 5:00,2.6952401
12/5/2020 6:00,2.424296206
12/5/2020 7:00,2.718292496
12/5/2020 8:00,2.500253094
12/5/2020 9:00,2.776329288
12/5/2020 10:00,2.427135354
12/5/2020 11:00,2.646276172
12/5/2020 12:00,2.887066506
12/5/2020 13:00,2.924557472
12/5/2020 14:00,2.684838759
12/5/2020 15:00,2.830255057
12/5/2020 16:00,2.741827973
12/5/2020 17:00,2.625335982
12/5/2020 18:00,2.736901431
12/5/2020 19:00,2.657624852
12/5/2020 20:00,2.91828908
12/5/2020 21:00,2.744745111
12/5/2020 22:00,2.568471215
12/5/2020 23:00,2.432268295
12/6/2020 0:00,2.446883671
12/6/2020 1:00,2.942804176
12/6/2020 2:00,2.76565612
12/6/2020 3:00,2.584103596
12/6/2020 4:00,2.628732024
12/6/2020 5:00,2.602428552
12/6/2020 6:00,2.552945853
12/6/2020 7:00,2.555671954
12/6/2020 8:00,2.625556556
12/6/2020 9:00,2.447576208
12/6/2020 10:00,2.583756354
12/6/2020 11:00,2.434932577
12/6/2020 12:00,2.80888142
12/6/2020 13:00,2.833201953
12/6/2020 14:00,2.652466787
12/6/2020 15:00,2.816122379
12/6/2020 16:00,2.738309966
12/6/2020 17:00,2.79424392
12/6/2020 18:00,2.780638685
12/6/2020 19:00,2.930836108
12/6/2020 20:00,2.922831378
12/6/2020 21:00,2.663139475
12/6/2020 22:00,2.686441849
12/6/2020 23:00,2.879893962
12/7/2020 0:00,2.809505035
12/7/2020 1:00,2.656783735
12/7/2020 2:00,2.512868174
12/7/2020 3:00,2.482304729
12/7/2020 4:00,2.806531381
12/7/2020 5:00,2.749398294
12/7/2020 6:00,2.817160779
12/7/2020 7:00,2.87033409
12/7/2020 8:00,2.742865076
12/7/2020 9:00,2.721298759
12/7/2020 10:00,2.744584943
12/7/2020 11:00,2.601235051
12/7/2020 12:00,2.913007883
12/7/2020 13:00,2.681220497
12/7/2020 14:00,2.85654737
12/7/2020 15:00,2.452675013
12/7/2020 16:00,2.442406879
12/7/2020 17:00,2.769069567
12/7/2020 18:00,2.627465189
12/7/2020 19:00,2.864129079
12/7/2020 20:00,2.493172946
12/7/2020 21:00,2.774724608
12/7/2020 22:00,2.46138436
12/7/2020 23:00,2.529698634
12/8/2020 0:00,2.802073525
12/8/2020 1:00,2.463856319
12/8/2020 2:00,2.910089887
12/8/2020 3:00,2.738767647
12/8/2020 4:00,2.717630558
12/8/2020 5:00,2.76920142
12/8/2020 6:00,2.445521607
12/8/2020 7:00,2.661185468
12/8/2020 8:00,1.957867236
12/8/2020 9:00,2.002153644
12/8/2020 10:00,2.044503447
12/8/2020 11:00,1.89507262
12/8/2020 12:00,2.132444464
12/8/2020 13:00,1.976511895
12/8/2020 14:00,2.113269674
12/8/2020 15:00,1.837958826
12/8/2020 16:00,2.12260183
12/8/2020 17:00,2.020701393
12/8/2020 18:00,2.074078373
12/8/2020 19:00,1.775545813
12/8/2020 20:00,1.898530891
12/8/2020 21:00,1.791532722
12/8/2020 22:00,1.745310709
12/8/2020 23:00,1.741129905
12/9/2020 0:00,2.759688156
12/9/2020 1:00,2.631793447
12/9/2020 2:00,2.935057542
12/9/2020 3:00,2.625357656
12/9/2020 4:00,2.706973613
12/9/2020 5:00,2.524336715
12/9/2020 6:00,2.86222209
12/9/2020 7:00,2.728744092
12/9/2020 8:00,2.638817653
12/9/2020 9:00,2.931177655
12/9/2020 10:00,2.909525972
12/9/2020 11:00,2.590071466
12/9/2020 12:00,2.414814737
12/9/2020 13:00,2.587223499
12/9/2020 14:00,2.703129394
12/9/2020 15:00,2.934132751
12/9/2020 16:00,2.430266121
12/9/2020 17:00,2.612069577
12/9/2020 18:00,2.588587782
12/9/2020 19:00,2.635926027
12/9/2020 20:00,2.444130122
12/9/2020 21:00,2.783059509
12/9/2020 22:00,2.417804937
12/9/2020 23:00,2.64265797
12/10/2020 0:00,1.84881093
12/10/2020 1:00,1.612625655
12/10/2020 2:00,1.652826037
12/10/2020 3:00,2.047983011
12/10/2020 4:00,1.748709253
12/10/2020 5:00,2.056995879
12/10/2020 6:00,1.631181574
12/10/2020 7:00,1.907214951
12/10/2020 8:00,2.791945601
12/10/2020 9:00,2.637812873
12/10/2020 10:00,2.702761974
12/10/2020 11:00,2.808339746
12/10/2020 12:00,2.612718379
12/10/2020 13:00,2.866681026
12/10/2020 14:00,2.583186802
12/10/2020 15:00,2.422727449
12/10/2020 16:00,2.892358447
12/10/2020 17:00,2.609325183
12/10/2020 18:00,2.826791262
12/10/2020 19:00,2.731205161
12/10/2020 20:00,2.859263516
12/10/2020 21:00,2.555979894
12/10/2020 22:00,2.857903278
12/10/2020 23:00,2.552473114
12/11/2020 0:00,2.463876875
12/11/2020 1:00,2.88611878
12/11/2020 2:00,2.739846331
12/11/2020 3:00,2.567580971
12/11/2020 4:00,2.553111253
12/11/2020 5:00,2.607394428
12/11/2020 6:00,2.435359849
12/11/2020 7:00,2.761204748
12/11/2020 8:00,2.837131246
12/11/2020 9:00,2.702865897
12/11/2020 10:00,2.5385824
12/11/2020 11:00,2.532676121
12/11/2020 12:00,2.454347261
12/11/2020 13:00,2.60529609
12/11/2020 14:00,2.660373415
12/11/2020 15:00,2.501663575
12/11/2020 16:00,2.785593261
12/11/2020 17:00,2.622839416
12/11/2020 18:00,2.866633398
12/11/2020 19:00,2.710576894
12/11/2020 20:00,2.539968807
12/11/2020 21:00,2.713645608
12/11/2020 22:00,2.899401522
12/11/2020 23:00,2.822724734
12/12/2020 0:00,2.839269949
12/12/2020 1:00,2.809232561
12/12/2020 2:00,2.445960108
12/12/2020 3:00,2.916264909
12/12/2020 4:00,2.794079047
12/12/2020 5:00,2.857035769
12/12/2020 6:00,2.819022364
12/12/2020 7:00,2.703547768
12/12/2020 8:00,1.837853341
12/12/2020 9:00,1.933236292
12/12/2020 10:00,1.873747149
12/12/2020 11:00,1.653654685
12/12/2020 12:00,1.749637886
12/12/2020 13:00,2.112501101
12/12/2020 14:00,1.78075273
12/12/2020 15:00,1.94356847
12/12/2020 16:00,2.492034262
12/12/2020 17:00,2.540399584
12/12/2020 18:00,2.891736478
12/12/2020 19:00,2.800624911
12/12/2020 20:00,2.570233546
12/12/2020 21:00,2.884948419
12/12/2020 22:00,2.756104312
12/12/2020 23:00,2.654793001
12/13/2020 0:00,2.585289377
12/13/2020 1:00,2.571058526
12/13/2020 2:00,2.535344418
12/13/2020 3:00,2.928407822
12/13/2020 4:00,2.687552788
12/13/2020 5:00,2.510843521
12/13/2020 6:00,2.834454027
12/13/2020 7:00,2.573144054
12/13/2020 8:00,2.745004895
12/13/2020 9:00,2.694489812
12/13/2020 10:00,2.445906366
12/13/2020 11:00,2.940514878
12/13/2020 12:00,2.842017189
12/13/2020 13:00,2.716667932
12/13/2020 14:00,2.431705837
12/13/2020 15:00,2.603679295
12/13/2020 16:00,2.822424132
12/13/2020 17:00,2.694268615
12/13/2020 18:00,2.420120204
12/13/2020 19:00,2.553819987
12/13/2020 20:00,2.891924673
12/13/2020 21:00,2.419709751
12/13/2020 22:00,2.720113697
12/13/2020 23:00,2.725534812
12/14/2020 0:00,2.523726564
12/14/2020 1:00,2.463494807
12/14/2020 2:00,2.735343808
12/14/2020 3:00,2.723407339
12/14/2020 4:00,2.703360218
12/14/2020 5:00,2.729112061
12/14/2020 6:00,2.576448012
12/14/2020 7:00,2.737438329
12/14/2020 8:00,2.696720265
12/14/2020 9:00,2.716553223
12/14/2020 10:00,2.872654748
12/14/2020 11:00,2.450678112
12/14/2020 12:00,2.749630085
12/14/2020 13:00,2.825705562
12/14/2020 14:00,2.648627759
12/14/2020 15:00,2.461829237
12/14/2020 16:00,2.505058981
12/14/2020 17:00,2.459820512
12/14/2020 18:00,2.565573155
12/14/2020 19:00,2.559997002
12/14/2020 20:00,2.787469475
12/14/2020 21:00,2.722782807
12/14/2020 22:00,2.841741136
12/14/2020 23:00,2.423628051
12/15/2020 0:00,2.71605077
12/15/2020 1:00,2.428304812
12/15/2020 2:00,2.696089947
12/15/2020 3:00,2.765609191
12/15/2020 4:00,2.783957926
12/15/2020 5:00,2.663541524
12/15/2020 6:00,2.604392492
12/15/2020 7:00,2.895489235
12/15/2020 8:00,2.836240573
12/15/2020 9:00,2.635667989
12/15/2020 10:00,2.415096004
12/15/2020 11:00,2.442213603
12/15/2020 12:00,2.555137637
12/15/2020 13:00,2.790033628
12/15/2020 14:00,2.910511
12/15/2020 15:00,2.642635857
12/15/2020 16:00,1.976967807
12/15/2020 17:00,1.875361657
12/15/2020 18:00,1.714961671
12/15/2020 19:00,1.671543227
12/15/2020 20:00,1.846220975
12/15/2020 21:00,1.635074075
12/15/2020 22:00,1.76371778
12/15/2020 23:00,1.666353668
12/16/2020 0:00,2.515986415
12/16/2020 1:00,2.738556365
12/16/2020 2:00,2.802498413
12/16/2020 3:00,2.512651617
12/16/2020 4:00,2.905940414
12/16/2020 5:00,2.75781003
12/16/2020 6:00,2.7938481
12/16/2020 7:00,2.877570883
12/16/2020 8:00,2.92930597
12/16/2020 9:00,2.905133337
12/16/2020 10:00,2.433446407
12/16/2020 11:00,2.783342246
12/16/2020 12:00,2.662523963
12/16/2020 13:00,2.793656189
12/16/2020 14:00,2.883044366
12/16/2020 15:00,2.854256247
12/16/2020 16:00,2.441083423
12/16/2020 17:00,2.816387777
12/16/2020 18:00,2.76695828
12/16/2020 19:00,2.616250596
12/16/2020 20:00,2.626752708
12/16/2020 21:00,2.716943464
12/16/2020 22:00,2.752094325
12/16/2020 23:00,2.730147281
12/17/2020 0:00,2.801557994
12/17/2020 1:00,2.93441256
12/17/2020 2:00,2.804919696
12/17/2020 3:00,2.897506185
12/17/2020 4:00,2.809473226
12/17/2020 5:00,2.505983959
12/17/2020 6:00,2.475062825
12/17/2020 7:00,2.66693002
12/17/2020 8:00,2.426038443
12/17/2020 9:00,2.513176789
12/17/2020 10:00,2.430486774
12/17/2020 11:00,2.541016304
12/17/2020 12:00,2.566228088
12/17/2020 13:00,2.437752879
12/17/2020 14:00,2.530018001
12/17/2020 15:00,2.721681365
12/17/2020 16:00,2.797766992
12/17/2020 17:00,2.922193931
12/17/2020 18:00,2.591839029
12/17/2020 19:00,2.785854392
12/17/2020 20:00,2.500416108
12/17/2020 21:00,2.621334092
12/17/2020 22:00,2.760759691
12/17/2020 23:00,2.51305333
12/18/2020 0:00,2.50567803
12/18/2020 1:00,2.764324247
12/18/2020 2:00,2.685547692
12/18/2020 3:00,2.69894221
12/18/2020 4:00,2.720475784
12/18/2020 5:00,2.523099842
12/18/2020 6:00,2.919863734
12/18/2020 7:00,2.908265365
12/18/2020 8:00,2.815716912
12/18/2020 9:00,2.659127971
12/18/2020 10:00,2.763495275
12/18/2020 11:00,2.513278341
12/18/2020 12:00,2.8035897
12/18/2020 13:00,2.853834208
12/18/2020 14:00,2.661332158
12/18/2020 15:00,2.424964697
12/18/2020 16:00,2.631448684
12/18/2020 17:00,2.513556743
12/18/2020 18:00,2.645161391
12/18/2020 19:00,2.432768351
12/18/2020 20:00,2.94773122
12/18/2020 21:00,2.717529938
12/18/2020 22:00,2.494939052
12/18/2020 23:00,2.523768504
12/19/2020 0:00,2.789856311
12/19/2020 1:00,2.64120343
12/19/2020 2:00,2.639583009
12/19/2020 3:00,2.515902218
12/19/2020 4:00,2.544918462
12/19/2020 5:00,2.530147499
12/19/2020 6:00,2.723161338
12/19/2020 7:00,2.589242775
12/19/2020 8:00,2.612590632
12/19/2020 9:00,2.658332475
12/19/2020 10:00,2.693067524
12/19/2020 11:00,2.694019183
12/19/2020 12:00,2.763397302
12/19/2020 13:00,2.824103754
12/19/2020 14:00,2.472926918
12/19/2020 15:00,2.650200345
12/19/2020 16:00,2.500704514
12/19/2020 17:00,2.883804815
12/19/2020 18:00,2.495776071
12/19/2020 19:00,2.897200642
12/19/2020 20:00,2.501608666
12/19/2020 21:00,2.473997696
12/19/2020 22:00,2.499832672
12/19/2020 23:00,2.570152368
12/20/2020 0:00,2.926742992
12/20/2020 1:00,2.753969741
12/20/2020 2:00,2.50768163
12/20/2020 3:00,2.43944712
12/20/2020 4:00,2.919039124
12/20/2020 5:00,2.663222992
12/20/2020 6:00,2.672252479
12/20/2020 7:00,2.685825617
12/20/2020 8:00,2.848846164
12/20/2020 9:00,2.662743943
12/20/2020 10:00,2.81244752
12/20/2020 11:00,2.66524104
12/20/2020 12:00,2.533420743
12/20/2020 13:00,2.758006275
12/20/2020 14:00,2.569378631
12/20/2020 15:00,2.735821602
12/20/2020 16:00,2.884180944
12/20/2020 17:00,2.630710728
12/20/2020 18:00,2.52779253
12/20/2020 19:00,2.694510491
12/20/2020 20:00,2.4363833
12/20/2020 21:00,2.412217446
12/20/2020 22:00,2.466836581
12/20/2020 23:00,2.714012022
12/21/2020 0:00,2.472248675
12/21/2020 1:00,2.828464111
12/21/2020 2:00,2.764707457
12/21/2020 3:00,2.538236765
12/21/2020 4:00,2.5696027
12/21/2020 5:00,2.695021755
12/21/2020 6:00,2.93437507
12/21/2020 7:00,2.916612314
12/21/2020 8:00,2.858162566
12/21/2020 9:00,2.676511974
12/21/2020 10:00,2.646286627
12/21/2020 11:00,2.851140708
12/21/2020 12:00,2.65691955
12/21/2020 13:00,2.67823405
12/21/2020 14:00,2.635089723
12/21/2020 15:00,2.441251898
12/21/2020 16:00,2.816598471
12/21/2020 17:00,2.686974073
12/21/2020 18:00,2.865818831
12/21/2020 19:00,2.832690571
12/21/2020 20:00,2.442593835
12/21/2020 21:00,2.575069695
12/21/2020 22:00,2.686063888
12/21/2020 23:00,2.65607037
12/22/2020 0:00,2.682419065
12/22/2020 1:00,2.466048534
12/22/2020 2:00,2.758572099
12/22/2020 3:00,2.922739882
12/22/2020 4:00,2.752676789
12/22/2020 5:00,2.424115638
12/22/2020 6:00,2.826058639
12/22/2020 7:00,2.549427879
12/22/2020 8:00,2.803455302
12/22/2020 9:00,2.872547911
12/22/2020 10:00,2.542879351
12/22/2020 11:00,2.502087652
12/22/2020 12:00,2.495631502
12/22/2020 13:00,2.753928948
12/22/2020 14:00,2.41233105
12/22/2020 15:00,2.671935082
12/22/2020 16:00,2.90403546
12/22/2020 17:00,2.489475696
12/22/2020 18:00,2.818421113
12/22/2020 19:00,2.818203732
12/22/2020 20:00,2.850546027
12/22/2020 21:00,2.619310841
12/22/2020 22:00,2.894668101
12/22/2020 23:00,2.865752958
12/23/2020 0:00,2.644141706
12/23/2020 1:00,2.672670712
12/23/2020 2:00,2.424898746
12/23/2020 3:00,2.433965548
12/23/2020 4:00,2.592369223
12/23/2020 5:00,2.773973742
12/23/2020 6:00,2.434115006
12/23/2020 7:00,2.943675616
12/23/2020 8:00,2.806781569
12/23/2020 9:00,2.439645004
12/23/2020 10:00,2.746361838
12/23/2020 11:00,2.941973023
12/23/2020 12:00,2.59449863
12/23/2020 13:00,2.663988372
12/23/2020 14:00,2.573300034
12/23/2020 15:00,2.515475978
12/23/2020 16:00,2.894260352
12/23/2020 17:00,2.822699024
12/23/2020 18:00,2.598790002
12/23/2020 19:00,2.773690595
12/23/2020 20:00,2.797190598
12/23/2020 21:00,2.622488566
12/23/2020 22:00,2.545492732
12/23/2020 23:00,2.63993461
12/24/2020 0:00,2.691330932
12/24/2020 1:00,2.780314325
12/24/2020 2:00,2.421126851
12/24/2020 3:00,2.459851688
12/24/2020 4:00,2.546226321
12/24/2020 5:00,2.573164439
12/24/2020 6:00,2.644189011
12/24/2020 7:00,2.600614805
12/24/2020 8:00,2.534003108
12/24/2020 9:00,2.832074488
12/24/2020 10:00,2.705830628
12/24/2020 11:00,2.855675027
12/24/2020 12:00,2.900645499
12/24/2020 13:00,2.912268118
12/24/2020 14:00,2.763600939
12/24/2020 15:00,2.898963251
12/24/2020 16:00,2.797679915
12/24/2020 17:00,2.636312391
12/24/2020 18:00,2.480912841
12/24/2020 19:00,2.532698701
12/24/2020 20:00,2.561266767
12/24/2020 21:00,2.871183147
12/24/2020 22:00,2.755345572
12/24/2020 23:00,2.878703079
12/25/2020 0:00,2.638680427
12/25/2020 1:00,2.794279035
12/25/2020 2:00,2.476727413
12/25/2020 3:00,2.908717231
12/25/2020 4:00,2.464873457
12/25/2020 5:00,2.571317226
12/25/2020 6:00,2.929756294
12/25/2020 7:00,2.72519681
12/25/2020 8:00,2.870472492
12/25/2020 9:00,2.489104695
12/25/2020 10:00,2.542600505
12/25/2020 11:00,2.740437368
12/25/2020 12:00,2.907247615
12/25/2020 13:00,2.568437114
12/25/2020 14:00,2.82817623
12/25/2020 15:00,2.438153717
12/25/2020 16:00,2.589626683
12/25/2020 17:00,2.633794949
12/25/2020 18:00,2.497038251
12/25/2020 19:00,2.763479425
12/25/2020 20:00,2.437331503
12/25/2020 21:00,2.534393165
12/25/2020 22:00,2.638906877
12/25/2020 23:00,2.580312542
12/26/2020 0:00,2.942902357
12/26/2020 1:00,2.875247457
12/26/2020 2:00,2.571622273
12/26/2020 3:00,2.447265085
12/26/2020 4:00,2.505174249
12/26/2020 5:00,2.711610137
12/26/2020 6:00,2.838828832
12/26/2020 7:00,2.692289258
12/26/2020 8:00,2.703310464
12/26/2020 9:00,2.611713352
12/26/2020 10:00,2.90457565
12/26/2020 11:00,2.449960431
12/26/2020 12:00,2.760269531
12/26/2020 13:00,2.456751207
12/26/2020 14:00,2.739500788
12/26/2020 15:00,2.419044301
12/26/2020 16:00,2.926100174
12/26/2020 17:00,2.652215699
12/26/2020 18:00,2.693631211
12/26/2020 19:00,2.803700937
12/26/2020 20:00,2.844400099
12/26/2020 21:00,2.474309583
12/26/2020 22:00,2.815914168
12/26/2020 23:00,2.671710958
12/27/2020 0:00,2.726329289
12/27/2020 1:00,2.926208208
12/27/2020 2:00,2.698594605
12/27/2020 3:00,2.516156297
12/27/2020 4:00,2.632501007
12/27/2020 5:00,2.784107684
12/27/2020 6:00,2.907165395
12/27/2020 7:00,2.651043825
12/27/2020 8:00,2.915211223
12/27/2020 9:00,2.886189763
12/27/2020 10:00,2.657061232
12/27/2020 11:00,2.79711207
12/27/2020 12:00,2.500399126
12/27/2020 13:00,2.931233309
12/27/2020 14:00,2.598792858
12/27/2020 15:00,2.540935802
12/27/2020 16:00,2.424332492
12/27/2020 17:00,2.936727523
12/27/2020 18:00,2.532063265
12/27/2020 19:00,2.895590713
12/27/2020 20:00,2.842435818
12/27/2020 21:00,2.842420274
12/27/2020 22:00,2.821413744
12/27/2020 23:00,2.774673695
12/28/2020 0:00,2.818678057
12/28/2020 1:00,2.558992159
12/28/2020 2:00,2.531134417
12/28/2020 3:00,2.739688592
12/28/2020 4:00,2.906314744
12/28/2020 5:00,2.680235015
12/28/2020 6:00,2.423015568
12/28/2020 7:00,2.763466959
12/28/2020 8:00,2.781170224
12/28/2020 9:00,2.525805748
12/28/2020 10:00,2.859306969
12/28/2020 11:00,2.675354801
12/28/2020 12:00,2.447150757
12/28/2020 13:00,2.634274073
12/28/2020 14:00,2.428253204
12/28/2020 15:00,2.820262618
12/28/2020 16:00,2.704243815
12/28/2020 17:00,2.577935626
12/28/2020 18:00,2.567894721
12/28/2020 19:00,2.445955406
12/28/2020 20:00,2.836197026
12/28/2020 21:00,2.458349381
12/28/2020 22:00,2.681444282
12/28/2020 23:00,2.545153437
12/29/2020 0:00,2.72045344
12/29/2020 1:00,2.4551694
12/29/2020 2:00,2.438899914
12/29/2020 3:00,2.605144369
12/29/2020 4:00,2.424117071
12/29/2020 5:00,2.578707827
12/29/2020 6:00,2.59775518
12/29/2020 7:00,2.914178494
12/29/2020 8:00,2.530596272
12/29/2020 9:00,2.685916556
12/29/2020 10:00,2.632675547
12/29/2020 11:00,2.500491383
12/29/2020 12:00,2.924570023
12/29/2020 13:00,2.73390033
12/29/2020 14:00,2.818864593
12/29/2020 15:00,2.492955108
12/29/2020 16:00,2.573526739
12/29/2020 17:00,2.833100141
12/29/2020 18:00,2.91033829
12/29/2020 19:00,2.738611108
12/29/2020 20:00,2.655995118
12/29/2020 21:00,2.727992667
12/29/2020 22:00,2.54304957
12/29/2020 23:00,2.57155843
12/30/2020 0:00,2.849066794
12/30/2020 1:00,2.728928909
12/30/2020 2:00,2.529011494
12/30/2020 3:00,2.755525812
12/30/2020 4:00,2.829950191
12/30/2020 5:00,2.484764075
12/30/2020 6:00,2.933319863
12/30/2020 7:00,2.44704831
12/30/2020 8:00,2.639565767
12/30/2020 9:00,2.460762352
12/30/2020 10:00,2.72453452
12/30/2020 11:00,2.793627158
12/30/2020 12:00,2.728036441
12/30/2020 13:00,2.802228801
12/30/2020 14:00,2.434927129
12/30/2020 15:00,2.503276681
12/30/2020 16:00,2.814350607
12/30/2020 17:00,2.479184175
12/30/2020 18:00,2.43019223
12/30/2020 19:00,2.900731224
12/30/2020 20:00,2.462914881
12/30/2020 21:00,2.541560903
12/30/2020 22:00,2.748041011
12/30/2020 23:00,2.707221945
12/31/2020 0:00,0
12/31/2020 1:00,0
12/31/2020 2:00,0
12/31/2020 3:00,0
12/31/2020 4:00,0
12/31/2020 5:00,0
12/31/2020 6:00,0
12/31/2020 7:00,0
12/31/2020 8:00,0
12/31/2020 9:00,0
12/31/2020 10:00,0
12/31/2020 11:00,0
12/31/2020 12:00,0
12/31/2020 13:00,0
12/31/2020 14:00,0
12/31/2020 15:00,0
12/31/2020 16:00,0
12/31/2020 17:00,0
12/31/2020 18:00,0
12/31/2020 19:00,0
12/31/2020 20:00,0
12/31/2020 21:00,0
12/31/2020 22:00,0
12/31/2020 23:00,0
