时间,风电（标幺）
1/1/2020 0:00,0
1/1/2020 1:00,0
1/1/2020 2:00,0
1/1/2020 3:00,0
1/1/2020 4:00,0
1/1/2020 5:00,0
1/1/2020 6:00,0
1/1/2020 7:00,0
1/1/2020 8:00,0
1/1/2020 9:00,0
1/1/2020 10:00,0
1/1/2020 11:00,0
1/1/2020 12:00,0
1/1/2020 13:00,0
1/1/2020 14:00,0
1/1/2020 15:00,0
1/1/2020 16:00,0
1/1/2020 17:00,0
1/1/2020 18:00,0
1/1/2020 19:00,0
1/1/2020 20:00,0
1/1/2020 21:00,0
1/1/2020 22:00,0
1/1/2020 23:00,0
1/2/2020 0:00,0
1/2/2020 1:00,0
1/2/2020 2:00,0
1/2/2020 3:00,0
1/2/2020 4:00,0
1/2/2020 5:00,0
1/2/2020 6:00,0
1/2/2020 7:00,0
1/2/2020 8:00,0
1/2/2020 9:00,0
1/2/2020 10:00,0
1/2/2020 11:00,0
1/2/2020 12:00,0
1/2/2020 13:00,0
1/2/2020 14:00,0
1/2/2020 15:00,0
1/2/2020 16:00,0
1/2/2020 17:00,0
1/2/2020 18:00,0
1/2/2020 19:00,0
1/2/2020 20:00,0
1/2/2020 21:00,0
1/2/2020 22:00,0
1/2/2020 23:00,0
1/3/2020 0:00,0
1/3/2020 1:00,0
1/3/2020 2:00,0
1/3/2020 3:00,0
1/3/2020 4:00,0
1/3/2020 5:00,0
1/3/2020 6:00,0
1/3/2020 7:00,0
1/3/2020 8:00,0
1/3/2020 9:00,0
1/3/2020 10:00,0
1/3/2020 11:00,0
1/3/2020 12:00,0
1/3/2020 13:00,0
1/3/2020 14:00,0
1/3/2020 15:00,0
1/3/2020 16:00,0
1/3/2020 17:00,0
1/3/2020 18:00,0
1/3/2020 19:00,0
1/3/2020 20:00,0
1/3/2020 21:00,0
1/3/2020 22:00,0
1/3/2020 23:00,0
1/4/2020 0:00,0
1/4/2020 1:00,0
1/4/2020 2:00,0
1/4/2020 3:00,0
1/4/2020 4:00,0
1/4/2020 5:00,0
1/4/2020 6:00,0
1/4/2020 7:00,0
1/4/2020 8:00,0
1/4/2020 9:00,0
1/4/2020 10:00,0
1/4/2020 11:00,0
1/4/2020 12:00,0
1/4/2020 13:00,0.066129518
1/4/2020 14:00,0.190349505
1/4/2020 15:00,0.17025967
1/4/2020 16:00,0.302323532
1/4/2020 17:00,0.213912042
1/4/2020 18:00,0.270034676
1/4/2020 19:00,0.398601642
1/4/2020 20:00,0.360118108
1/4/2020 21:00,0.557054326
1/4/2020 22:00,0.104175953
1/4/2020 23:00,0.045258639
1/5/2020 0:00,0.026000168
1/5/2020 1:00,0.143574377
1/5/2020 2:00,0.231180545
1/5/2020 3:00,0.273959336
1/5/2020 4:00,0.366165159
1/5/2020 5:00,0.225947666
1/5/2020 6:00,0.184901414
1/5/2020 7:00,0
1/5/2020 8:00,0
1/5/2020 9:00,0
1/5/2020 10:00,0
1/5/2020 11:00,0
1/5/2020 12:00,0
1/5/2020 13:00,0
1/5/2020 14:00,0
1/5/2020 15:00,0.008925501
1/5/2020 16:00,0.026862487
1/5/2020 17:00,0
1/5/2020 18:00,0
1/5/2020 19:00,0
1/5/2020 20:00,0.009091332
1/5/2020 21:00,0
1/5/2020 22:00,0
1/5/2020 23:00,0
1/6/2020 0:00,0
1/6/2020 1:00,0.023068281
1/6/2020 2:00,0.049282797
1/6/2020 3:00,0.020566816
1/6/2020 4:00,0.022490452
1/6/2020 5:00,0.015956722
1/6/2020 6:00,0.005443056
1/6/2020 7:00,0.012805939
1/6/2020 8:00,0.035428195
1/6/2020 9:00,0
1/6/2020 10:00,0.025252824
1/6/2020 11:00,0
1/6/2020 12:00,0
1/6/2020 13:00,0
1/6/2020 14:00,0
1/6/2020 15:00,0.052789563
1/6/2020 16:00,0.047615646
1/6/2020 17:00,0.012706441
1/6/2020 18:00,0.006935533
1/6/2020 19:00,0.060620991
1/6/2020 20:00,0.065236243
1/6/2020 21:00,0.089577978
1/6/2020 22:00,0.091364527
1/6/2020 23:00,0.110521372
1/7/2020 0:00,0.139407236
1/7/2020 1:00,0.099535273
1/7/2020 2:00,0.111657865
1/7/2020 3:00,0.051007436
1/7/2020 4:00,0.03841757
1/7/2020 5:00,0.031001621
1/7/2020 6:00,0
1/7/2020 7:00,0.026804999
1/7/2020 8:00,0
1/7/2020 9:00,0
1/7/2020 10:00,0
1/7/2020 11:00,0
1/7/2020 12:00,0
1/7/2020 13:00,0
1/7/2020 14:00,0
1/7/2020 15:00,0
1/7/2020 16:00,0
1/7/2020 17:00,0
1/7/2020 18:00,0
1/7/2020 19:00,0
1/7/2020 20:00,0
1/7/2020 21:00,0
1/7/2020 22:00,0
1/7/2020 23:00,0
1/8/2020 0:00,0
1/8/2020 1:00,0
1/8/2020 2:00,0
1/8/2020 3:00,0
1/8/2020 4:00,0
1/8/2020 5:00,0
1/8/2020 6:00,0
1/8/2020 7:00,0
1/8/2020 8:00,0
1/8/2020 9:00,0
1/8/2020 10:00,0
1/8/2020 11:00,0
1/8/2020 12:00,0
1/8/2020 13:00,0
1/8/2020 14:00,0
1/8/2020 15:00,0
1/8/2020 16:00,0
1/8/2020 17:00,0
1/8/2020 18:00,0
1/8/2020 19:00,0
1/8/2020 20:00,0
1/8/2020 21:00,0
1/8/2020 22:00,0
1/8/2020 23:00,0.006968699
1/9/2020 0:00,0
1/9/2020 1:00,0.007499357
1/9/2020 2:00,0
1/9/2020 3:00,0
1/9/2020 4:00,0
1/9/2020 5:00,0
1/9/2020 6:00,0
1/9/2020 7:00,0
1/9/2020 8:00,0
1/9/2020 9:00,0
1/9/2020 10:00,0
1/9/2020 11:00,0
1/9/2020 12:00,0
1/9/2020 13:00,0
1/9/2020 14:00,0
1/9/2020 15:00,0
1/9/2020 16:00,0
1/9/2020 17:00,0
1/9/2020 18:00,0
1/9/2020 19:00,0
1/9/2020 20:00,0
1/9/2020 21:00,0
1/9/2020 22:00,0
1/9/2020 23:00,0
1/10/2020 0:00,0
1/10/2020 1:00,0
1/10/2020 2:00,0
1/10/2020 3:00,0
1/10/2020 4:00,0
1/10/2020 5:00,0
1/10/2020 6:00,0
1/10/2020 7:00,0
1/10/2020 8:00,0
1/10/2020 9:00,0
1/10/2020 10:00,0
1/10/2020 11:00,0
1/10/2020 12:00,0
1/10/2020 13:00,0
1/10/2020 14:00,0.015591895
1/10/2020 15:00,0.100766474
1/10/2020 16:00,0.107396016
1/10/2020 17:00,0.174345738
1/10/2020 18:00,0.46751607
1/10/2020 19:00,0.473867754
1/10/2020 20:00,0.633524223
1/10/2020 21:00,0.680464996
1/10/2020 22:00,0.858663395
1/10/2020 23:00,0.753759889
1/11/2020 0:00,0.879820443
1/11/2020 1:00,0.724874393
1/11/2020 2:00,0.65840067
1/11/2020 3:00,0.769039897
1/11/2020 4:00,0.904607882
1/11/2020 5:00,0.892275802
1/11/2020 6:00,0.626602082
1/11/2020 7:00,0.703942875
1/11/2020 8:00,0.751248106
1/11/2020 9:00,0.453203056
1/11/2020 10:00,0.431758936
1/11/2020 11:00,0.514231682
1/11/2020 12:00,0.336969618
1/11/2020 13:00,0.290825938
1/11/2020 14:00,0.224116158
1/11/2020 15:00,0.147105283
1/11/2020 16:00,0.174005232
1/11/2020 17:00,0.103323583
1/11/2020 18:00,0.053306955
1/11/2020 19:00,0
1/11/2020 20:00,0.019803994
1/11/2020 21:00,0.02479292
1/11/2020 22:00,0.014630077
1/11/2020 23:00,0
1/12/2020 0:00,0
1/12/2020 1:00,0
1/12/2020 2:00,0
1/12/2020 3:00,0
1/12/2020 4:00,0
1/12/2020 5:00,0
1/12/2020 6:00,0
1/12/2020 7:00,0
1/12/2020 8:00,0
1/12/2020 9:00,0
1/12/2020 10:00,0
1/12/2020 11:00,0
1/12/2020 12:00,0
1/12/2020 13:00,0
1/12/2020 14:00,0
1/12/2020 15:00,0
1/12/2020 16:00,0
1/12/2020 17:00,0
1/12/2020 18:00,0
1/12/2020 19:00,0
1/12/2020 20:00,0
1/12/2020 21:00,0
1/12/2020 22:00,0
1/12/2020 23:00,0
1/13/2020 0:00,0
1/13/2020 1:00,0.144900286
1/13/2020 2:00,0.2505422
1/13/2020 3:00,0.198748646
1/13/2020 4:00,0.159022982
1/13/2020 5:00,0.202834714
1/13/2020 6:00,0.186149935
1/13/2020 7:00,0.284847188
1/13/2020 8:00,0.309681993
1/13/2020 9:00,0.315200838
1/13/2020 10:00,0.366345361
1/13/2020 11:00,0.433921368
1/13/2020 12:00,0.56340601
1/13/2020 13:00,0.284233983
1/13/2020 14:00,0.261531247
1/13/2020 15:00,0.285920297
1/13/2020 16:00,0.346780898
1/13/2020 17:00,0.114972636
1/13/2020 18:00,0.187738962
1/13/2020 19:00,0.092034483
1/13/2020 20:00,0.13798662
1/13/2020 21:00,0.202153703
1/13/2020 22:00,0
1/13/2020 23:00,0
1/14/2020 0:00,0
1/14/2020 1:00,0
1/14/2020 2:00,0
1/14/2020 3:00,0
1/14/2020 4:00,0
1/14/2020 5:00,0
1/14/2020 6:00,0
1/14/2020 7:00,0
1/14/2020 8:00,0
1/14/2020 9:00,0
1/14/2020 10:00,0.014630077
1/14/2020 11:00,0
1/14/2020 12:00,0
1/14/2020 13:00,0
1/14/2020 14:00,0
1/14/2020 15:00,0
1/14/2020 16:00,0
1/14/2020 17:00,0
1/14/2020 18:00,0
1/14/2020 19:00,0
1/14/2020 20:00,0
1/14/2020 21:00,0
1/14/2020 22:00,0
1/14/2020 23:00,0
1/15/2020 0:00,0
1/15/2020 1:00,0
1/15/2020 2:00,0
1/15/2020 3:00,0
1/15/2020 4:00,0
1/15/2020 5:00,0
1/15/2020 6:00,0
1/15/2020 7:00,0
1/15/2020 8:00,0
1/15/2020 9:00,0
1/15/2020 10:00,0
1/15/2020 11:00,0
1/15/2020 12:00,0
1/15/2020 13:00,0
1/15/2020 14:00,0
1/15/2020 15:00,0
1/15/2020 16:00,0
1/15/2020 17:00,0
1/15/2020 18:00,0
1/15/2020 19:00,0
1/15/2020 20:00,0
1/15/2020 21:00,0
1/15/2020 22:00,0
1/15/2020 23:00,0
1/16/2020 0:00,0
1/16/2020 1:00,0
1/16/2020 2:00,0
1/16/2020 3:00,0
1/16/2020 4:00,0
1/16/2020 5:00,0
1/16/2020 6:00,0
1/16/2020 7:00,0
1/16/2020 8:00,0
1/16/2020 9:00,0.036290515
1/16/2020 10:00,0
1/16/2020 11:00,0
1/16/2020 12:00,0
1/16/2020 13:00,0
1/16/2020 14:00,0.017416032
1/16/2020 15:00,0
1/16/2020 16:00,0
1/16/2020 17:00,0
1/16/2020 18:00,0
1/16/2020 19:00,0
1/16/2020 20:00,0
1/16/2020 21:00,0
1/16/2020 22:00,0
1/16/2020 23:00,0
1/17/2020 0:00,0
1/17/2020 1:00,0.025712728
1/17/2020 2:00,0
1/17/2020 3:00,0.049627725
1/17/2020 4:00,0.00524406
1/17/2020 5:00,0
1/17/2020 6:00,0
1/17/2020 7:00,0
1/17/2020 8:00,0.034048484
1/17/2020 9:00,0.073647913
1/17/2020 10:00,0.193414057
1/17/2020 11:00,0.373012861
1/17/2020 12:00,0.095368132
1/17/2020 13:00,0.005774718
1/17/2020 14:00,0.032726261
1/17/2020 15:00,0
1/17/2020 16:00,0.022026126
1/17/2020 17:00,0.01983716
1/17/2020 18:00,0.344481379
1/17/2020 19:00,0.24857987
1/17/2020 20:00,0.244393566
1/17/2020 21:00,0.251588776
1/17/2020 22:00,0.128042306
1/17/2020 23:00,0.070000375
1/18/2020 0:00,0.067543869
1/18/2020 1:00,0.048592941
1/18/2020 2:00,0.028242199
1/18/2020 3:00,0
1/18/2020 4:00,0
1/18/2020 5:00,0.046695838
1/18/2020 6:00,0
1/18/2020 7:00,0.046695838
1/18/2020 8:00,0.031978917
1/18/2020 9:00,0.007996849
1/18/2020 10:00,0
1/18/2020 11:00,0
1/18/2020 12:00,0.060099914
1/18/2020 13:00,0.049225309
1/18/2020 14:00,0.012673275
1/18/2020 15:00,0.013104434
1/18/2020 16:00,0.173891731
1/18/2020 17:00,0.118760947
1/18/2020 18:00,0.074764506
1/18/2020 19:00,0.035485683
1/18/2020 20:00,0.063970771
1/18/2020 21:00,0.095368132
1/18/2020 22:00,0.022689448
1/18/2020 23:00,0.071935803
1/19/2020 0:00,0.056154617
1/19/2020 1:00,0.108058971
1/19/2020 2:00,0.035428195
1/19/2020 3:00,0.014033086
1/19/2020 4:00,0.01983716
1/19/2020 5:00,0
1/19/2020 6:00,0
1/19/2020 7:00,0
1/19/2020 8:00,0
1/19/2020 9:00,0
1/19/2020 10:00,0
1/19/2020 11:00,0
1/19/2020 12:00,0
1/19/2020 13:00,0.006836034
1/19/2020 14:00,0.015724559
1/19/2020 15:00,0
1/19/2020 16:00,0
1/19/2020 17:00,0
1/19/2020 18:00,0
1/19/2020 19:00,0.020235154
1/19/2020 20:00,0.008693338
1/19/2020 21:00,0
1/19/2020 22:00,0
1/19/2020 23:00,0
1/20/2020 0:00,0
1/20/2020 1:00,0
1/20/2020 2:00,0
1/20/2020 3:00,0
1/20/2020 4:00,0
1/20/2020 5:00,0
1/20/2020 6:00,0
1/20/2020 7:00,0
1/20/2020 8:00,0
1/20/2020 9:00,0
1/20/2020 10:00,0
1/20/2020 11:00,0
1/20/2020 12:00,0
1/20/2020 13:00,0.035600659
1/20/2020 14:00,0
1/20/2020 15:00,0
1/20/2020 16:00,0
1/20/2020 17:00,0
1/20/2020 18:00,0
1/20/2020 19:00,0
1/20/2020 20:00,0
1/20/2020 21:00,0
1/20/2020 22:00,0
1/20/2020 23:00,0
1/21/2020 0:00,0
1/21/2020 1:00,0
1/21/2020 2:00,0
1/21/2020 3:00,0
1/21/2020 4:00,0
1/21/2020 5:00,0
1/21/2020 6:00,0
1/21/2020 7:00,0
1/21/2020 8:00,0
1/21/2020 9:00,0
1/21/2020 10:00,0
1/21/2020 11:00,0
1/21/2020 12:00,0
1/21/2020 13:00,0
1/21/2020 14:00,0
1/21/2020 15:00,0
1/21/2020 16:00,0
1/21/2020 17:00,0
1/21/2020 18:00,0
1/21/2020 19:00,0
1/21/2020 20:00,0
1/21/2020 21:00,0
1/21/2020 22:00,0
1/21/2020 23:00,0
1/22/2020 0:00,0
1/22/2020 1:00,0
1/22/2020 2:00,0
1/22/2020 3:00,0.033473604
1/22/2020 4:00,0
1/22/2020 5:00,0.180020833
1/22/2020 6:00,0.006968699
1/22/2020 7:00,0
1/22/2020 8:00,0
1/22/2020 9:00,0.00859384
1/22/2020 10:00,0
1/22/2020 11:00,0
1/22/2020 12:00,0
1/22/2020 13:00,0
1/22/2020 14:00,0
1/22/2020 15:00,0
1/22/2020 16:00,0
1/22/2020 17:00,0
1/22/2020 18:00,0
1/22/2020 19:00,0
1/22/2020 20:00,0
1/22/2020 21:00,0
1/22/2020 22:00,0
1/22/2020 23:00,0
1/23/2020 0:00,0
1/23/2020 1:00,0
1/23/2020 2:00,0
1/23/2020 3:00,0
1/23/2020 4:00,0
1/23/2020 5:00,0
1/23/2020 6:00,0
1/23/2020 7:00,0
1/23/2020 8:00,0
1/23/2020 9:00,0
1/23/2020 10:00,0
1/23/2020 11:00,0
1/23/2020 12:00,0
1/23/2020 13:00,0
1/23/2020 14:00,0
1/23/2020 15:00,0
1/23/2020 16:00,0
1/23/2020 17:00,0
1/23/2020 18:00,0
1/23/2020 19:00,0.024907896
1/23/2020 20:00,0.091066769
1/23/2020 21:00,0.006736536
1/23/2020 22:00,0.006968699
1/23/2020 23:00,0.023528185
1/24/2020 0:00,0.065980639
1/24/2020 1:00,0
1/24/2020 2:00,0.014795907
1/24/2020 3:00,0.025310312
1/24/2020 4:00,0
1/24/2020 5:00,0.040084721
1/24/2020 6:00,0.024447992
1/24/2020 7:00,0
1/24/2020 8:00,0
1/24/2020 9:00,0
1/24/2020 10:00,0
1/24/2020 11:00,0
1/24/2020 12:00,0
1/24/2020 13:00,0
1/24/2020 14:00,0.023930601
1/24/2020 15:00,0.022191956
1/24/2020 16:00,0
1/24/2020 17:00,0
1/24/2020 18:00,0
1/24/2020 19:00,0
1/24/2020 20:00,0
1/24/2020 21:00,0.009389827
1/24/2020 22:00,0
1/24/2020 23:00,0
1/25/2020 0:00,0
1/25/2020 1:00,0
1/25/2020 2:00,0
1/25/2020 3:00,0
1/25/2020 4:00,0
1/25/2020 5:00,0
1/25/2020 6:00,0
1/25/2020 7:00,0
1/25/2020 8:00,0
1/25/2020 9:00,0
1/25/2020 10:00,0
1/25/2020 11:00,0
1/25/2020 12:00,0
1/25/2020 13:00,0
1/25/2020 14:00,0
1/25/2020 15:00,0
1/25/2020 16:00,0
1/25/2020 17:00,0
1/25/2020 18:00,0
1/25/2020 19:00,0
1/25/2020 20:00,0
1/25/2020 21:00,0
1/25/2020 22:00,0
1/25/2020 23:00,0
1/26/2020 0:00,0
1/26/2020 1:00,0
1/26/2020 2:00,0
1/26/2020 3:00,0
1/26/2020 4:00,0
1/26/2020 5:00,0
1/26/2020 6:00,0
1/26/2020 7:00,0
1/26/2020 8:00,0
1/26/2020 9:00,0
1/26/2020 10:00,0
1/26/2020 11:00,0
1/26/2020 12:00,0
1/26/2020 13:00,0
1/26/2020 14:00,0
1/26/2020 15:00,0
1/26/2020 16:00,0
1/26/2020 17:00,0
1/26/2020 18:00,0
1/26/2020 19:00,0
1/26/2020 20:00,0
1/26/2020 21:00,0
1/26/2020 22:00,0
1/26/2020 23:00,0
1/27/2020 0:00,0
1/27/2020 1:00,0
1/27/2020 2:00,0
1/27/2020 3:00,0
1/27/2020 4:00,0
1/27/2020 5:00,0
1/27/2020 6:00,0
1/27/2020 7:00,0
1/27/2020 8:00,0
1/27/2020 9:00,0
1/27/2020 10:00,0
1/27/2020 11:00,0
1/27/2020 12:00,0
1/27/2020 13:00,0
1/27/2020 14:00,0
1/27/2020 15:00,0.020931643
1/27/2020 16:00,0.024103065
1/27/2020 17:00,0.014265249
1/27/2020 18:00,0
1/27/2020 19:00,0.006736536
1/27/2020 20:00,0
1/27/2020 21:00,0.00962199
1/27/2020 22:00,0
1/27/2020 23:00,0.005111395
1/28/2020 0:00,0.014895406
1/28/2020 1:00,0.026115144
1/28/2020 2:00,0.053479419
1/28/2020 3:00,0.025712728
1/28/2020 4:00,0
1/28/2020 5:00,0.007532523
1/28/2020 6:00,0
1/28/2020 7:00,0.037670226
1/28/2020 8:00,0.021528634
1/28/2020 9:00,0
1/28/2020 10:00,0.01151246
1/28/2020 11:00,0
1/28/2020 12:00,0.016686377
1/28/2020 13:00,0.005177727
1/28/2020 14:00,0
1/28/2020 15:00,0.027149927
1/28/2020 16:00,0.043534
1/28/2020 17:00,0.029679398
1/28/2020 18:00,0.066576155
1/28/2020 19:00,0.099914104
1/28/2020 20:00,0.176615776
1/28/2020 21:00,0.183198886
1/28/2020 22:00,0.203061718
1/28/2020 23:00,0.248972336
1/29/2020 0:00,0.182631377
1/29/2020 1:00,0.066650595
1/29/2020 2:00,0.051294876
1/29/2020 3:00,0.154028899
1/29/2020 4:00,0.149829329
1/29/2020 5:00,0.178204803
1/29/2020 6:00,0.243216168
1/29/2020 7:00,0.212865467
1/29/2020 8:00,0.307229173
1/29/2020 9:00,0.224770268
1/29/2020 10:00,0.113362605
1/29/2020 11:00,0.006438041
1/29/2020 12:00,0
1/29/2020 13:00,0
1/29/2020 14:00,0.006802868
1/29/2020 15:00,0.006139545
1/29/2020 16:00,0
1/29/2020 17:00,0
1/29/2020 18:00,0
1/29/2020 19:00,0
1/29/2020 20:00,0
1/29/2020 21:00,0
1/29/2020 22:00,0
1/29/2020 23:00,0.014795907
1/30/2020 0:00,0.038475058
1/30/2020 1:00,0.070670331
1/30/2020 2:00,0.052559611
1/30/2020 3:00,0.025425288
1/30/2020 4:00,0.038302594
1/30/2020 5:00,0.022623116
1/30/2020 6:00,0.015790892
1/30/2020 7:00,0.021097474
1/30/2020 8:00,0.048420477
1/30/2020 9:00,0.050145116
1/30/2020 10:00,0.046235934
1/30/2020 11:00,0.062258661
1/30/2020 12:00,0.048822893
1/30/2020 13:00,0.245178498
1/30/2020 14:00,0.196705612
1/30/2020 15:00,0.023528185
1/30/2020 16:00,0.048880381
1/30/2020 17:00,0.01837785
1/30/2020 18:00,0.025310312
1/30/2020 19:00,0.039279889
1/30/2020 20:00,0.329917759
1/30/2020 21:00,0.131546493
1/30/2020 22:00,0.167195119
1/30/2020 23:00,0
1/31/2020 0:00,0
1/31/2020 1:00,0.030656693
1/31/2020 2:00,0.018013023
1/31/2020 3:00,0
1/31/2020 4:00,0
1/31/2020 5:00,0
1/31/2020 6:00,0
1/31/2020 7:00,0
1/31/2020 8:00,0
1/31/2020 9:00,0
1/31/2020 10:00,0
1/31/2020 11:00,0
1/31/2020 12:00,0
1/31/2020 13:00,0
1/31/2020 14:00,0
1/31/2020 15:00,0
1/31/2020 16:00,0
1/31/2020 17:00,0
1/31/2020 18:00,0
1/31/2020 19:00,0
1/31/2020 20:00,0
1/31/2020 21:00,0
1/31/2020 22:00,0
1/31/2020 23:00,0
2/1/2020 0:00,0
2/1/2020 1:00,0
2/1/2020 2:00,0
2/1/2020 3:00,0
2/1/2020 4:00,0
2/1/2020 5:00,0.007764686
2/1/2020 6:00,0
2/1/2020 7:00,0
2/1/2020 8:00,0
2/1/2020 9:00,0
2/1/2020 10:00,0
2/1/2020 11:00,0
2/1/2020 12:00,0
2/1/2020 13:00,0
2/1/2020 14:00,0
2/1/2020 15:00,0
2/1/2020 16:00,0.093151076
2/1/2020 17:00,0.112604943
2/1/2020 18:00,0
2/1/2020 19:00,0
2/1/2020 20:00,0
2/1/2020 21:00,0
2/1/2020 22:00,0
2/1/2020 23:00,0
2/2/2020 0:00,0.077369891
2/2/2020 1:00,0.093076637
2/2/2020 2:00,0.095178717
2/2/2020 3:00,0
2/2/2020 4:00,0.052674587
2/2/2020 5:00,0.041981824
2/2/2020 6:00,0.047155742
2/2/2020 7:00,0
2/2/2020 8:00,0.065012924
2/2/2020 9:00,0.078412044
2/2/2020 10:00,0.087716989
2/2/2020 11:00,0.140449021
2/2/2020 12:00,0.193300555
2/2/2020 13:00,0.197613627
2/2/2020 14:00,0.166854613
2/2/2020 15:00,0.076104418
2/2/2020 16:00,0.20737479
2/2/2020 17:00,0.277360708
2/2/2020 18:00,0.149602325
2/2/2020 19:00,0.243870278
2/2/2020 20:00,0.070595891
2/2/2020 21:00,0.253551106
2/2/2020 22:00,0.206920782
2/2/2020 23:00,0.288219816
2/3/2020 0:00,0.160271503
2/3/2020 1:00,0.195911098
2/3/2020 2:00,0.222546294
2/3/2020 3:00,0.057792288
2/3/2020 4:00,0
2/3/2020 5:00,0
2/3/2020 6:00,0.004846066
2/3/2020 7:00,0
2/3/2020 8:00,0
2/3/2020 9:00,0
2/3/2020 10:00,0
2/3/2020 11:00,0
2/3/2020 12:00,0
2/3/2020 13:00,0.051582316
2/3/2020 14:00,0.05407031
2/3/2020 15:00,0.042786656
2/3/2020 16:00,0.020235154
2/3/2020 17:00,0.034565876
2/3/2020 18:00,0.024045577
2/3/2020 19:00,0.094342109
2/3/2020 20:00,0.140449021
2/3/2020 21:00,0.099440565
2/3/2020 22:00,0.410675222
2/3/2020 23:00,0.345247886
2/4/2020 0:00,0.388870697
2/4/2020 1:00,0.167649126
2/4/2020 2:00,0.283007573
2/4/2020 3:00,0.43067772
2/4/2020 4:00,0.415720897
2/4/2020 5:00,0.293432059
2/4/2020 6:00,0.292205649
2/4/2020 7:00,0.5019381
2/4/2020 8:00,0.433560963
2/4/2020 9:00,0.219537388
2/4/2020 10:00,0.035715635
2/4/2020 11:00,0.055931299
2/4/2020 12:00,0.172756712
2/4/2020 13:00,0.24073055
2/4/2020 14:00,0.217313414
2/4/2020 15:00,0.289752829
2/4/2020 16:00,0.309835294
2/4/2020 17:00,0.369769212
2/4/2020 18:00,0.481243903
2/4/2020 19:00,0.325012119
2/4/2020 20:00,0.400583872
2/4/2020 21:00,0.636768977
2/4/2020 22:00,0.251327132
2/4/2020 23:00,0.362380902
2/5/2020 0:00,0.478785187
2/5/2020 1:00,0.398061034
2/5/2020 2:00,0.248449048
2/5/2020 3:00,0.162995549
2/5/2020 4:00,0.157547458
2/5/2020 5:00,0.083995011
2/5/2020 6:00,0.029794374
2/5/2020 7:00,0.074690067
2/5/2020 8:00,0.031231573
2/5/2020 9:00,0.007665188
2/5/2020 10:00,0.016089387
2/5/2020 11:00,0.005443056
2/5/2020 12:00,0
2/5/2020 13:00,0.033990996
2/5/2020 14:00,0.041579408
2/5/2020 15:00,0.049857677
2/5/2020 16:00,0.040947041
2/5/2020 17:00,0.095841671
2/5/2020 18:00,0.074317869
2/5/2020 19:00,0.007996849
2/5/2020 20:00,0.033933508
2/5/2020 21:00,0.037037859
2/5/2020 22:00,0.02258995
2/5/2020 23:00,0
2/6/2020 0:00,0
2/6/2020 1:00,0
2/6/2020 2:00,0
2/6/2020 3:00,0
2/6/2020 4:00,0
2/6/2020 5:00,0
2/6/2020 6:00,0
2/6/2020 7:00,0
2/6/2020 8:00,0
2/6/2020 9:00,0
2/6/2020 10:00,0
2/6/2020 11:00,0
2/6/2020 12:00,0
2/6/2020 13:00,0
2/6/2020 14:00,0
2/6/2020 15:00,0
2/6/2020 16:00,0
2/6/2020 17:00,0
2/6/2020 18:00,0
2/6/2020 19:00,0
2/6/2020 20:00,0
2/6/2020 21:00,0
2/6/2020 22:00,0
2/6/2020 23:00,0
2/7/2020 0:00,0
2/7/2020 1:00,0
2/7/2020 2:00,0
2/7/2020 3:00,0.178318305
2/7/2020 4:00,0
2/7/2020 5:00,0.047328206
2/7/2020 6:00,0.027322391
2/7/2020 7:00,0
2/7/2020 8:00,0
2/7/2020 9:00,0
2/7/2020 10:00,0
2/7/2020 11:00,0
2/7/2020 12:00,0
2/7/2020 13:00,0
2/7/2020 14:00,0
2/7/2020 15:00,0.052444635
2/7/2020 16:00,0.165946598
2/7/2020 17:00,0.212603823
2/7/2020 18:00,0.257475765
2/7/2020 19:00,0.32639183
2/7/2020 20:00,0.160725511
2/7/2020 21:00,0.054368068
2/7/2020 22:00,0.089875736
2/7/2020 23:00,0.040199697
2/8/2020 0:00,0.0330137
2/8/2020 1:00,0.087270351
2/8/2020 2:00,0.166968115
2/8/2020 3:00,0.168897647
2/8/2020 4:00,0.070521451
2/8/2020 5:00,0.196138102
2/8/2020 6:00,0.266371661
2/8/2020 7:00,0.079082
2/8/2020 8:00,0.081166308
2/8/2020 9:00,0.043419024
2/8/2020 10:00,0.090471252
2/8/2020 11:00,0.048592941
2/8/2020 12:00,0.049800189
2/8/2020 13:00,0
2/8/2020 14:00,0.078188726
2/8/2020 15:00,0.059504397
2/8/2020 16:00,0.067543869
2/8/2020 17:00,0.095746963
2/8/2020 18:00,0
2/8/2020 19:00,0
2/8/2020 20:00,0
2/8/2020 21:00,0
2/8/2020 22:00,0
2/8/2020 23:00,0
2/9/2020 0:00,0
2/9/2020 1:00,0
2/9/2020 2:00,0
2/9/2020 3:00,0
2/9/2020 4:00,0
2/9/2020 5:00,0
2/9/2020 6:00,0
2/9/2020 7:00,0
2/9/2020 8:00,0
2/9/2020 9:00,0
2/9/2020 10:00,0
2/9/2020 11:00,0
2/9/2020 12:00,0
2/9/2020 13:00,0
2/9/2020 14:00,0
2/9/2020 15:00,0
2/9/2020 16:00,0
2/9/2020 17:00,0
2/9/2020 18:00,0
2/9/2020 19:00,0
2/9/2020 20:00,0
2/9/2020 21:00,0
2/9/2020 22:00,0
2/9/2020 23:00,0
2/10/2020 0:00,0
2/10/2020 1:00,0
2/10/2020 2:00,0
2/10/2020 3:00,0
2/10/2020 4:00,0
2/10/2020 5:00,0
2/10/2020 6:00,0
2/10/2020 7:00,0
2/10/2020 8:00,0
2/10/2020 9:00,0
2/10/2020 10:00,0
2/10/2020 11:00,0
2/10/2020 12:00,0
2/10/2020 13:00,0
2/10/2020 14:00,0
2/10/2020 15:00,0
2/10/2020 16:00,0
2/10/2020 17:00,0
2/10/2020 18:00,0
2/10/2020 19:00,0
2/10/2020 20:00,0
2/10/2020 21:00,0
2/10/2020 22:00,0
2/10/2020 23:00,0
2/11/2020 0:00,0
2/11/2020 1:00,0
2/11/2020 2:00,0
2/11/2020 3:00,0
2/11/2020 4:00,0
2/11/2020 5:00,0
2/11/2020 6:00,0
2/11/2020 7:00,0
2/11/2020 8:00,0
2/11/2020 9:00,0
2/11/2020 10:00,0
2/11/2020 11:00,0
2/11/2020 12:00,0
2/11/2020 13:00,0
2/11/2020 14:00,0
2/11/2020 15:00,0
2/11/2020 16:00,0
2/11/2020 17:00,0
2/11/2020 18:00,0
2/11/2020 19:00,0
2/11/2020 20:00,0
2/11/2020 21:00,0
2/11/2020 22:00,0
2/11/2020 23:00,0
2/12/2020 0:00,0
2/12/2020 1:00,0
2/12/2020 2:00,0
2/12/2020 3:00,0
2/12/2020 4:00,0
2/12/2020 5:00,0
2/12/2020 6:00,0
2/12/2020 7:00,0
2/12/2020 8:00,0
2/12/2020 9:00,0
2/12/2020 10:00,0
2/12/2020 11:00,0
2/12/2020 12:00,0
2/12/2020 13:00,0
2/12/2020 14:00,0
2/12/2020 15:00,0
2/12/2020 16:00,0.043591487
2/12/2020 17:00,0.024333016
2/12/2020 18:00,0.022026126
2/12/2020 19:00,0
2/12/2020 20:00,0.113646728
2/12/2020 21:00,0.115162052
2/12/2020 22:00,0.18104235
2/12/2020 23:00,0.036635443
2/13/2020 0:00,0
2/13/2020 1:00,0.040544625
2/13/2020 2:00,0.100766474
2/13/2020 3:00,0.131357077
2/13/2020 4:00,0.07074477
2/13/2020 5:00,0.033646068
2/13/2020 6:00,0.084813846
2/13/2020 7:00,0.383464616
2/13/2020 8:00,0.261792891
2/13/2020 9:00,0.45013961
2/13/2020 10:00,0.230526435
2/13/2020 11:00,0
2/13/2020 12:00,0.066725034
2/13/2020 13:00,0
2/13/2020 14:00,0.088089187
2/13/2020 15:00,0.030944133
2/13/2020 16:00,0
2/13/2020 17:00,0
2/13/2020 18:00,0
2/13/2020 19:00,0.051007436
2/13/2020 20:00,0.15470991
2/13/2020 21:00,0.010152648
2/13/2020 22:00,0
2/13/2020 23:00,0.048535453
2/14/2020 0:00,0.014663243
2/14/2020 1:00,0.028587126
2/14/2020 2:00,0.164471073
2/14/2020 3:00,0.072010243
2/14/2020 4:00,0.028414663
2/14/2020 5:00,0
2/14/2020 6:00,0
2/14/2020 7:00,0
2/14/2020 8:00,0
2/14/2020 9:00,0
2/14/2020 10:00,0
2/14/2020 11:00,0
2/14/2020 12:00,0
2/14/2020 13:00,0
2/14/2020 14:00,0
2/14/2020 15:00,0
2/14/2020 16:00,0
2/14/2020 17:00,0
2/14/2020 18:00,0
2/14/2020 19:00,0
2/14/2020 20:00,0
2/14/2020 21:00,0
2/14/2020 22:00,0
2/14/2020 23:00,0
2/15/2020 0:00,0
2/15/2020 1:00,0
2/15/2020 2:00,0
2/15/2020 3:00,0
2/15/2020 4:00,0.018311518
2/15/2020 5:00,0
2/15/2020 6:00,0
2/15/2020 7:00,0
2/15/2020 8:00,0
2/15/2020 9:00,0
2/15/2020 10:00,0
2/15/2020 11:00,0
2/15/2020 12:00,0
2/15/2020 13:00,0
2/15/2020 14:00,0
2/15/2020 15:00,0
2/15/2020 16:00,0
2/15/2020 17:00,0
2/15/2020 18:00,0
2/15/2020 19:00,0
2/15/2020 20:00,0
2/15/2020 21:00,0
2/15/2020 22:00,0
2/15/2020 23:00,0
2/16/2020 0:00,0
2/16/2020 1:00,0
2/16/2020 2:00,0
2/16/2020 3:00,0
2/16/2020 4:00,0
2/16/2020 5:00,0
2/16/2020 6:00,0
2/16/2020 7:00,0
2/16/2020 8:00,0
2/16/2020 9:00,0
2/16/2020 10:00,0
2/16/2020 11:00,0
2/16/2020 12:00,0
2/16/2020 13:00,0
2/16/2020 14:00,0
2/16/2020 15:00,0
2/16/2020 16:00,0
2/16/2020 17:00,0
2/16/2020 18:00,0
2/16/2020 19:00,0
2/16/2020 20:00,0
2/16/2020 21:00,0
2/16/2020 22:00,0
2/16/2020 23:00,0
2/17/2020 0:00,0
2/17/2020 1:00,0
2/17/2020 2:00,0
2/17/2020 3:00,0
2/17/2020 4:00,0
2/17/2020 5:00,0
2/17/2020 6:00,0
2/17/2020 7:00,0
2/17/2020 8:00,0
2/17/2020 9:00,0
2/17/2020 10:00,0
2/17/2020 11:00,0
2/17/2020 12:00,0
2/17/2020 13:00,0
2/17/2020 14:00,0.01167829
2/17/2020 15:00,0
2/17/2020 16:00,0.00584105
2/17/2020 17:00,0.037325298
2/17/2020 18:00,0.026690023
2/17/2020 19:00,0.022457285
2/17/2020 20:00,0.059578837
2/17/2020 21:00,0.082729539
2/17/2020 22:00,0.120465686
2/17/2020 23:00,0.255644257
2/18/2020 0:00,0.164017066
2/18/2020 1:00,0.027897271
2/18/2020 2:00,0.066725034
2/18/2020 3:00,0.06069543
2/18/2020 4:00,0.044166367
2/18/2020 5:00,0.041464432
2/18/2020 6:00,0.022895817
2/18/2020 7:00,0.032323845
2/18/2020 8:00,0.035140755
2/18/2020 9:00,0.020400985
2/18/2020 10:00,0.108532509
2/18/2020 11:00,0.159817495
2/18/2020 12:00,0.058238925
2/18/2020 13:00,0.126716398
2/18/2020 14:00,0.164811579
2/18/2020 15:00,0.273828514
2/18/2020 16:00,0.263755221
2/18/2020 17:00,0.247010006
2/18/2020 18:00,0.201132186
2/18/2020 19:00,0.21770588
2/18/2020 20:00,0.25250453
2/18/2020 21:00,0.690965333
2/18/2020 22:00,0.684791335
2/18/2020 23:00,0.275921666
2/19/2020 0:00,0.382924008
2/19/2020 1:00,0.467925856
2/19/2020 2:00,0.398061034
2/19/2020 3:00,0.708129178
2/19/2020 4:00,0.719850829
2/19/2020 5:00,0.681979215
2/19/2020 6:00,0.734084261
2/19/2020 7:00,0.989199923
2/19/2020 8:00,0.76673743
2/19/2020 9:00,0.698082049
2/19/2020 10:00,0.768411952
2/19/2020 11:00,0.686954504
2/19/2020 12:00,0.663808593
2/19/2020 13:00,0.696198213
2/19/2020 14:00,0.726548915
2/19/2020 15:00,0.699337941
2/19/2020 16:00,0.689500127
2/19/2020 17:00,0.708757124
2/19/2020 18:00,0.733456316
2/19/2020 19:00,0.75501578
2/19/2020 20:00,0.779505656
2/19/2020 21:00,0.78411059
2/19/2020 22:00,0.744340705
2/19/2020 23:00,0.908696898
2/20/2020 0:00,0.523042082
2/20/2020 1:00,0.903101402
2/20/2020 2:00,0.910418589
2/20/2020 3:00,0.524886119
2/20/2020 4:00,0.498659811
2/20/2020 5:00,0.480014545
2/20/2020 6:00,0.514231682
2/20/2020 7:00,0.818396755
2/20/2020 8:00,0.826415959
2/20/2020 9:00,0.544965637
2/20/2020 10:00,0.601293002
2/20/2020 11:00,0.930110431
2/20/2020 12:00,0.909557744
2/20/2020 13:00,0.92290085
2/20/2020 14:00,0.657319085
2/20/2020 15:00,0.646935873
2/20/2020 16:00,0.657968036
2/20/2020 17:00,0.68652187
2/20/2020 18:00,0.704361505
2/20/2020 19:00,0.713152743
2/20/2020 20:00,0.516895291
2/20/2020 21:00,0.560947293
2/20/2020 22:00,0.54517053
2/20/2020 23:00,0.484522192
2/21/2020 0:00,0.443472111
2/21/2020 1:00,0.191371023
2/21/2020 2:00,0.022623116
2/21/2020 3:00,0.150396838
2/21/2020 4:00,0.159590492
2/21/2020 5:00,0.169124651
2/21/2020 6:00,0.017482365
2/21/2020 7:00,0.192960049
2/21/2020 8:00,0.244916854
2/21/2020 9:00,0.308455583
2/21/2020 10:00,0.296957988
2/21/2020 11:00,0.226732598
2/21/2020 12:00,0.155163918
2/21/2020 13:00,0.143100839
2/21/2020 14:00,0.159136484
2/21/2020 15:00,0.170713677
2/21/2020 16:00,0.199316155
2/21/2020 17:00,0.201699695
2/21/2020 18:00,0.204764246
2/21/2020 19:00,0.224770268
2/21/2020 20:00,0.223854514
2/21/2020 21:00,0.238375755
2/21/2020 22:00,0.025425288
2/21/2020 23:00,0
2/22/2020 0:00,0
2/22/2020 1:00,0.064268529
2/22/2020 2:00,0.062928617
2/22/2020 3:00,0.06069543
2/22/2020 4:00,0.067916067
2/22/2020 5:00,0.053766859
2/22/2020 6:00,0.043074096
2/22/2020 7:00,0.040832065
2/22/2020 8:00,0.046465886
2/22/2020 9:00,0.038245106
2/22/2020 10:00,0.042844144
2/22/2020 11:00,0.044856223
2/22/2020 12:00,0.075062264
2/22/2020 13:00,0.077221011
2/22/2020 14:00,0.080570791
2/22/2020 15:00,0.08421833
2/22/2020 16:00,0.088312505
2/22/2020 17:00,0.068064946
2/22/2020 18:00,0.065980639
2/22/2020 19:00,0.300637218
2/22/2020 20:00,0.187511958
2/22/2020 21:00,0.30446975
2/22/2020 22:00,0.303396641
2/22/2020 23:00,0.036462979
2/23/2020 0:00,0.055261343
2/23/2020 1:00,0.070595891
2/23/2020 2:00,0.055038024
2/23/2020 3:00,0.05204222
2/23/2020 4:00,0.054963584
2/23/2020 5:00,0.272389472
2/23/2020 6:00,0.264932619
2/23/2020 7:00,0.257083299
2/23/2020 8:00,0.271342896
2/23/2020 9:00,0.282087766
2/23/2020 10:00,0.288986322
2/23/2020 11:00,0.321946094
2/23/2020 12:00,0.343561572
2/23/2020 13:00,0.353372853
2/23/2020 14:00,0.356285577
2/23/2020 15:00,0.418784343
2/23/2020 16:00,0.664890178
2/23/2020 17:00,0.712943428
2/23/2020 18:00,0.482678155
2/23/2020 19:00,0.474072647
2/23/2020 20:00,0.518739328
2/23/2020 21:00,0.530623124
2/23/2020 22:00,0.474482433
2/23/2020 23:00,0.180020833
2/24/2020 0:00,0.157660959
2/24/2020 1:00,0.15051034
2/24/2020 2:00,0.010716472
2/24/2020 3:00,0
2/24/2020 4:00,0
2/24/2020 5:00,0
2/24/2020 6:00,0.006769702
2/24/2020 7:00,0
2/24/2020 8:00,0
2/24/2020 9:00,0.009588824
2/24/2020 10:00,0.011346629
2/24/2020 11:00,0.134293018
2/24/2020 12:00,0.020002991
2/24/2020 13:00,0.037095347
2/24/2020 14:00,0
2/24/2020 15:00,0.015193901
2/24/2020 16:00,0.01399992
2/24/2020 17:00,0.026287608
2/24/2020 18:00,0.041924336
2/24/2020 19:00,0.065236243
2/24/2020 20:00,0.019737662
2/24/2020 21:00,0.019770828
2/24/2020 22:00,0
2/24/2020 23:00,0
2/25/2020 0:00,0
2/25/2020 1:00,0
2/25/2020 2:00,0
2/25/2020 3:00,0
2/25/2020 4:00,0
2/25/2020 5:00,0
2/25/2020 6:00,0
2/25/2020 7:00,0
2/25/2020 8:00,0
2/25/2020 9:00,0
2/25/2020 10:00,0
2/25/2020 11:00,0
2/25/2020 12:00,0
2/25/2020 13:00,0
2/25/2020 14:00,0
2/25/2020 15:00,0
2/25/2020 16:00,0.021528634
2/25/2020 17:00,0
2/25/2020 18:00,0
2/25/2020 19:00,0
2/25/2020 20:00,0
2/25/2020 21:00,0
2/25/2020 22:00,0
2/25/2020 23:00,0
2/26/2020 0:00,0
2/26/2020 1:00,0
2/26/2020 2:00,0
2/26/2020 3:00,0
2/26/2020 4:00,0
2/26/2020 5:00,0
2/26/2020 6:00,0
2/26/2020 7:00,0
2/26/2020 8:00,0
2/26/2020 9:00,0
2/26/2020 10:00,0
2/26/2020 11:00,0
2/26/2020 12:00,0
2/26/2020 13:00,0.016387882
2/26/2020 14:00,0
2/26/2020 15:00,0
2/26/2020 16:00,0
2/26/2020 17:00,0
2/26/2020 18:00,0
2/26/2020 19:00,0
2/26/2020 20:00,0
2/26/2020 21:00,0
2/26/2020 22:00,0
2/26/2020 23:00,0
2/27/2020 0:00,0
2/27/2020 1:00,0
2/27/2020 2:00,0
2/27/2020 3:00,0
2/27/2020 4:00,0
2/27/2020 5:00,0
2/27/2020 6:00,0
2/27/2020 7:00,0
2/27/2020 8:00,0
2/27/2020 9:00,0
2/27/2020 10:00,0
2/27/2020 11:00,0
2/27/2020 12:00,0.009058165
2/27/2020 13:00,0
2/27/2020 14:00,0.177977799
2/27/2020 15:00,0.29358536
2/27/2020 16:00,0.327158337
2/27/2020 17:00,0.114309682
2/27/2020 18:00,0.309988595
2/27/2020 19:00,0.135903049
2/27/2020 20:00,0.193527559
2/27/2020 21:00,0.150056332
2/27/2020 22:00,0
2/27/2020 23:00,0
2/28/2020 0:00,0.014066252
2/28/2020 1:00,0.073573473
2/28/2020 2:00,0.111752573
2/28/2020 3:00,0.365804753
2/28/2020 4:00,0.484931978
2/28/2020 5:00,0.49046409
2/28/2020 6:00,0.600860368
2/28/2020 7:00,0.203856231
2/28/2020 8:00,0.091587846
2/28/2020 9:00,0.799809229
2/28/2020 10:00,0.976597923
2/28/2020 11:00,0.896752666
2/28/2020 12:00,0.631793688
2/28/2020 13:00,0.398781845
2/28/2020 14:00,0.822662289
2/28/2020 15:00,0.310295198
2/28/2020 16:00,0.348007308
2/28/2020 17:00,0.137418373
2/28/2020 18:00,0.27029632
2/28/2020 19:00,0.232619587
2/28/2020 20:00,0.030369254
2/28/2020 21:00,0.022722615
2/28/2020 22:00,0
2/28/2020 23:00,0
2/29/2020 0:00,0
2/29/2020 1:00,0
2/29/2020 2:00,0
2/29/2020 3:00,0
2/29/2020 4:00,0
2/29/2020 5:00,0
2/29/2020 6:00,0
2/29/2020 7:00,0
2/29/2020 8:00,0
2/29/2020 9:00,0
2/29/2020 10:00,0
2/29/2020 11:00,0.075285583
2/29/2020 12:00,0.080645231
2/29/2020 13:00,0.155050416
2/29/2020 14:00,0.178885814
2/29/2020 15:00,0.237590823
2/29/2020 16:00,0.2689881
2/29/2020 17:00,0.32148619
2/29/2020 18:00,0.21378122
2/29/2020 19:00,0.145373825
2/29/2020 20:00,0.302476834
2/29/2020 21:00,0.203969733
2/29/2020 22:00,0.01194362
2/29/2020 23:00,0
3/1/2020 0:00,0.047270718
3/1/2020 1:00,0.007632022
3/1/2020 2:00,0.023700649
3/1/2020 3:00,0
3/1/2020 4:00,0
3/1/2020 5:00,0
3/1/2020 6:00,0
3/1/2020 7:00,0
3/1/2020 8:00,0
3/1/2020 9:00,0
3/1/2020 10:00,0
3/1/2020 11:00,0
3/1/2020 12:00,0
3/1/2020 13:00,0
3/1/2020 14:00,0.015724559
3/1/2020 15:00,0.005144561
3/1/2020 16:00,0
3/1/2020 17:00,0
3/1/2020 18:00,0
3/1/2020 19:00,0
3/1/2020 20:00,0
3/1/2020 21:00,0
3/1/2020 22:00,0
3/1/2020 23:00,0
3/2/2020 0:00,0
3/2/2020 1:00,0
3/2/2020 2:00,0
3/2/2020 3:00,0
3/2/2020 4:00,0
3/2/2020 5:00,0.031346549
3/2/2020 6:00,0
3/2/2020 7:00,0
3/2/2020 8:00,0.02010249
3/2/2020 9:00,0.011446127
3/2/2020 10:00,0.444012719
3/2/2020 11:00,0.947112131
3/2/2020 12:00,0.905038305
3/2/2020 13:00,0.798971969
3/2/2020 14:00,0.438246233
3/2/2020 15:00,0.454464475
3/2/2020 16:00,0.40851279
3/2/2020 17:00,0.411396033
3/2/2020 18:00,0.30937539
3/2/2020 19:00,0.098493488
3/2/2020 20:00,0.075136704
3/2/2020 21:00,0.209856561
3/2/2020 22:00,0.387429075
3/2/2020 23:00,0.27160454
3/3/2020 0:00,0
3/3/2020 1:00,0
3/3/2020 2:00,0.011048134
3/3/2020 3:00,0.064715166
3/3/2020 4:00,0.428695491
3/3/2020 5:00,0.337429521
3/3/2020 6:00,0.385987454
3/3/2020 7:00,0.426352856
3/3/2020 8:00,0.393736169
3/3/2020 9:00,0.754597149
3/3/2020 10:00,0.611027263
3/3/2020 11:00,0.181155852
3/3/2020 12:00,0.168897647
3/3/2020 13:00,0.196251604
3/3/2020 14:00,0.121507471
3/3/2020 15:00,0.136660711
3/3/2020 16:00,0.115540883
3/3/2020 17:00,0.048133037
3/3/2020 18:00,0.018842176
3/3/2020 19:00,0
3/3/2020 20:00,0
3/3/2020 21:00,0
3/3/2020 22:00,0
3/3/2020 23:00,0
3/4/2020 0:00,0
3/4/2020 1:00,0
3/4/2020 2:00,0
3/4/2020 3:00,0
3/4/2020 4:00,0
3/4/2020 5:00,0
3/4/2020 6:00,0
3/4/2020 7:00,0
3/4/2020 8:00,0
3/4/2020 9:00,0
3/4/2020 10:00,0
3/4/2020 11:00,0
3/4/2020 12:00,0
3/4/2020 13:00,0
3/4/2020 14:00,0
3/4/2020 15:00,0.014397914
3/4/2020 16:00,0
3/4/2020 17:00,0
3/4/2020 18:00,0
3/4/2020 19:00,0
3/4/2020 20:00,0
3/4/2020 21:00,0
3/4/2020 22:00,0
3/4/2020 23:00,0
3/5/2020 0:00,0
3/5/2020 1:00,0
3/5/2020 2:00,0
3/5/2020 3:00,0
3/5/2020 4:00,0
3/5/2020 5:00,0
3/5/2020 6:00,0
3/5/2020 7:00,0
3/5/2020 8:00,0
3/5/2020 9:00,0
3/5/2020 10:00,0
3/5/2020 11:00,0
3/5/2020 12:00,0.031116597
3/5/2020 13:00,0
3/5/2020 14:00,0
3/5/2020 15:00,0
3/5/2020 16:00,0
3/5/2020 17:00,0
3/5/2020 18:00,0
3/5/2020 19:00,0.202380706
3/5/2020 20:00,0.76150455
3/5/2020 21:00,0.512592537
3/5/2020 22:00,0.665539128
3/5/2020 23:00,0.413558465
3/6/2020 0:00,0.496405988
3/6/2020 1:00,0.366525564
3/6/2020 2:00,0.444012719
3/6/2020 3:00,0.27160454
3/6/2020 4:00,0.114120267
3/6/2020 5:00,0.203515725
3/6/2020 6:00,0.288066515
3/6/2020 7:00,0.232881231
3/6/2020 8:00,0.284080682
3/6/2020 9:00,0.411936641
3/6/2020 10:00,0.502347886
3/6/2020 11:00,0.359198301
3/6/2020 12:00,0.27095043
3/6/2020 13:00,0.343254969
3/6/2020 14:00,0.334516797
3/6/2020 15:00,0.370129618
3/6/2020 16:00,0.295118373
3/6/2020 17:00,0.307842378
3/6/2020 18:00,0.19182503
3/6/2020 19:00,0.09084345
3/6/2020 20:00,0.072754638
3/6/2020 21:00,0.091141208
3/6/2020 22:00,0.054219189
3/6/2020 23:00,0
3/7/2020 0:00,0
3/7/2020 1:00,0
3/7/2020 2:00,0
3/7/2020 3:00,0
3/7/2020 4:00,0
3/7/2020 5:00,0
3/7/2020 6:00,0
3/7/2020 7:00,0
3/7/2020 8:00,0
3/7/2020 9:00,0
3/7/2020 10:00,0
3/7/2020 11:00,0
3/7/2020 12:00,0
3/7/2020 13:00,0.005608887
3/7/2020 14:00,0
3/7/2020 15:00,0.037612738
3/7/2020 16:00,0
3/7/2020 17:00,0.014795907
3/7/2020 18:00,0.220583964
3/7/2020 19:00,0.292665553
3/7/2020 20:00,0.116487961
3/7/2020 21:00,0.012208949
3/7/2020 22:00,0.159022982
3/7/2020 23:00,0.049512749
3/8/2020 0:00,0
3/8/2020 1:00,0
3/8/2020 2:00,0.11355202
3/8/2020 3:00,0.116677376
3/8/2020 4:00,0
3/8/2020 5:00,0.012208949
3/8/2020 6:00,0.062928617
3/8/2020 7:00,0
3/8/2020 8:00,0
3/8/2020 9:00,0
3/8/2020 10:00,0
3/8/2020 11:00,0
3/8/2020 12:00,0.023125769
3/8/2020 13:00,0.085856
3/8/2020 14:00,0.067916067
3/8/2020 15:00,0.043476512
3/8/2020 16:00,0.024045577
3/8/2020 17:00,0.051869756
3/8/2020 18:00,0
3/8/2020 19:00,0
3/8/2020 20:00,0
3/8/2020 21:00,0.034278436
3/8/2020 22:00,0.180020833
3/8/2020 23:00,0.060397672
3/9/2020 0:00,0.017814026
3/9/2020 1:00,0
3/9/2020 2:00,0
3/9/2020 3:00,0.06903266
3/9/2020 4:00,0.060248793
3/9/2020 5:00,0.130504708
3/9/2020 6:00,0.063449694
3/9/2020 7:00,0
3/9/2020 8:00,0
3/9/2020 9:00,0.212342179
3/9/2020 10:00,0.322252696
3/9/2020 11:00,0.149375321
3/9/2020 12:00,0.082282901
3/9/2020 13:00,0.130788831
3/9/2020 14:00,0.323632408
3/9/2020 15:00,0.411756438
3/9/2020 16:00,0.444553327
3/9/2020 17:00,0.275921666
3/9/2020 18:00,0.432840152
3/9/2020 19:00,0.460549707
3/9/2020 20:00,0.321639491
3/9/2020 21:00,0.456266501
3/9/2020 22:00,0.407071168
3/9/2020 23:00,0.465672033
3/10/2020 0:00,0.21770588
3/10/2020 1:00,0.246225074
3/10/2020 2:00,0.225031912
3/10/2020 3:00,0.142059053
3/10/2020 4:00,0.281167958
3/10/2020 5:00,0.192960049
3/10/2020 6:00,0.117150915
3/10/2020 7:00,0.135240095
3/10/2020 8:00,0.123875165
3/10/2020 9:00,0.160158001
3/10/2020 10:00,0.075285583
3/10/2020 11:00,0.044108879
3/10/2020 12:00,0.06583176
3/10/2020 13:00,0.083027297
3/10/2020 14:00,0.023355721
3/10/2020 15:00,0.067022792
3/10/2020 16:00,0.05031758
3/10/2020 17:00,0.116772084
3/10/2020 18:00,0.102376506
3/10/2020 19:00,0.056080178
3/10/2020 20:00,0.132304155
3/10/2020 21:00,0.252896996
3/10/2020 22:00,0.031059109
3/10/2020 23:00,0.013270265
3/11/2020 0:00,0.201245688
3/11/2020 1:00,0.206920782
3/11/2020 2:00,0.023873113
3/11/2020 3:00,0.098019949
3/11/2020 4:00,0.078039847
3/11/2020 5:00,0.236151781
3/11/2020 6:00,0.208809985
3/11/2020 7:00,0.316427248
3/11/2020 8:00,0.326698433
3/11/2020 9:00,0.342641764
3/11/2020 10:00,0.195343589
3/11/2020 11:00,0.226078488
3/11/2020 12:00,0.252766174
3/11/2020 13:00,0.262970289
3/11/2020 14:00,0.214958618
3/11/2020 15:00,0.464647568
3/11/2020 16:00,0.394997588
3/11/2020 17:00,0.251327132
3/11/2020 18:00,0.272781938
3/11/2020 19:00,0.316733851
3/11/2020 20:00,0.258653163
3/11/2020 21:00,0.398781845
3/11/2020 22:00,0.399502655
3/11/2020 23:00,0.375896104
3/12/2020 0:00,0.36958901
3/12/2020 1:00,0.48841516
3/12/2020 2:00,0.711896852
3/12/2020 3:00,0.615569919
3/12/2020 4:00,0.605835657
3/12/2020 5:00,0.609513045
3/12/2020 6:00,0.491078769
3/12/2020 7:00,0.44076907
3/12/2020 8:00,0.519763794
3/12/2020 9:00,0.533081841
3/12/2020 10:00,0.400944277
3/12/2020 11:00,0.375715901
3/12/2020 12:00,0.235759315
3/12/2020 13:00,0.304623051
3/12/2020 14:00,0.136566004
3/12/2020 15:00,0.206920782
3/12/2020 16:00,0.160952514
3/12/2020 17:00,0
3/12/2020 18:00,0
3/12/2020 19:00,0
3/12/2020 20:00,0
3/12/2020 21:00,0.05563354
3/12/2020 22:00,0.011711457
3/12/2020 23:00,0.109100756
3/13/2020 0:00,0.293738662
3/13/2020 1:00,0.057271211
3/13/2020 2:00,0.105880692
3/13/2020 3:00,0.147332287
3/13/2020 4:00,0.276052488
3/13/2020 5:00,0.238375755
3/13/2020 6:00,0.069628177
3/13/2020 7:00,0.006338542
3/13/2020 8:00,0.033186164
3/13/2020 9:00,0
3/13/2020 10:00,0
3/13/2020 11:00,0
3/13/2020 12:00,0.13249357
3/13/2020 13:00,0.090620131
3/13/2020 14:00,0.204196737
3/13/2020 15:00,0.200905182
3/13/2020 16:00,0.281474561
3/13/2020 17:00,0.11146845
3/13/2020 18:00,0.083473934
3/13/2020 19:00,0.03473834
3/13/2020 20:00,0
3/13/2020 21:00,0
3/13/2020 22:00,0
3/13/2020 23:00,0
3/14/2020 0:00,0
3/14/2020 1:00,0
3/14/2020 2:00,0
3/14/2020 3:00,0
3/14/2020 4:00,0.010915469
3/14/2020 5:00,0.012009952
3/14/2020 6:00,0.018311518
3/14/2020 7:00,0
3/14/2020 8:00,0
3/14/2020 9:00,0
3/14/2020 10:00,0
3/14/2020 11:00,0
3/14/2020 12:00,0
3/14/2020 13:00,0.007267194
3/14/2020 14:00,0.018510515
3/14/2020 15:00,0.012739607
3/14/2020 16:00,0
3/14/2020 17:00,0
3/14/2020 18:00,0
3/14/2020 19:00,0.059429958
3/14/2020 20:00,0.171621693
3/14/2020 21:00,0.142722008
3/14/2020 22:00,0.230788079
3/14/2020 23:00,0.079900835
3/15/2020 0:00,0.0215618
3/15/2020 1:00,0.078337605
3/15/2020 2:00,0.240861372
3/15/2020 3:00,0.20317522
3/15/2020 4:00,0.135618926
3/15/2020 5:00,0.136092465
3/15/2020 6:00,0.283160874
3/15/2020 7:00,0.466491605
3/15/2020 8:00,0.589611888
3/15/2020 9:00,0.931509305
3/15/2020 10:00,0.688244236
3/15/2020 11:00,0.503167458
3/15/2020 12:00,0.604537756
3/15/2020 13:00,0.948833822
3/15/2020 14:00,0.921932399
3/15/2020 15:00,0.995307321
3/15/2020 16:00,0.447977178
3/15/2020 17:00,0.819761726
3/15/2020 18:00,0.87060689
3/15/2020 19:00,0.751038791
3/15/2020 20:00,0.214304508
3/15/2020 21:00,0.861563958
3/15/2020 22:00,0.975081125
3/15/2020 23:00,0.586799768
3/16/2020 0:00,0.312748018
3/16/2020 1:00,0.346014392
3/16/2020 2:00,0.301097122
3/16/2020 3:00,0.205104752
3/16/2020 4:00,0.562791331
3/16/2020 5:00,0.722571926
3/16/2020 6:00,0.512592537
3/16/2020 7:00,0.302170231
3/16/2020 8:00,0.631361054
3/16/2020 9:00,0.446715759
3/16/2020 10:00,0.560537507
3/16/2020 11:00,0.580959211
3/16/2020 12:00,0.253027818
3/16/2020 13:00,0.124443412
3/16/2020 14:00,0.155617925
3/16/2020 15:00,0.051237388
3/16/2020 16:00,0.126526982
3/16/2020 17:00,0.104554784
3/16/2020 18:00,0.194776079
3/16/2020 19:00,0.288526419
3/16/2020 20:00,0.237852467
3/16/2020 21:00,0.086823714
3/16/2020 22:00,0.049800189
3/16/2020 23:00,0.119518609
3/17/2020 0:00,0.098493488
3/17/2020 1:00,0
3/17/2020 2:00,0
3/17/2020 3:00,0
3/17/2020 4:00,0
3/17/2020 5:00,0
3/17/2020 6:00,0.106638354
3/17/2020 7:00,0.1059754
3/17/2020 8:00,0.076551055
3/17/2020 9:00,0
3/17/2020 10:00,0
3/17/2020 11:00,0
3/17/2020 12:00,0
3/17/2020 13:00,0
3/17/2020 14:00,0.009721488
3/17/2020 15:00,0.004912398
3/17/2020 16:00,0
3/17/2020 17:00,0
3/17/2020 18:00,0
3/17/2020 19:00,0
3/17/2020 20:00,0
3/17/2020 21:00,0
3/17/2020 22:00,0
3/17/2020 23:00,0
3/18/2020 0:00,0.138460159
3/18/2020 1:00,0.018908509
3/18/2020 2:00,0
3/18/2020 3:00,0
3/18/2020 4:00,0.022623116
3/18/2020 5:00,0.024965384
3/18/2020 6:00,0.097735826
3/18/2020 7:00,0.111184326
3/18/2020 8:00,0.102281798
3/18/2020 9:00,0.170713677
3/18/2020 10:00,0.386888467
3/18/2020 11:00,0.445274138
3/18/2020 12:00,0.396619412
3/18/2020 13:00,0.716292471
3/18/2020 14:00,0.895461398
3/18/2020 15:00,0.962459198
3/18/2020 16:00,0.596750346
3/18/2020 17:00,0.478170508
3/18/2020 18:00,0.372111847
3/18/2020 19:00,0.172756712
3/18/2020 20:00,0.260746315
3/18/2020 21:00,0.152780378
3/18/2020 22:00,0.204423741
3/18/2020 23:00,0.134577141
3/19/2020 0:00,0.236282603
3/19/2020 1:00,0.486571122
3/19/2020 2:00,0.547834139
3/19/2020 3:00,0.379139752
3/19/2020 4:00,0.346320995
3/19/2020 5:00,0.324092312
3/19/2020 6:00,0.389951913
3/19/2020 7:00,0.436624409
3/19/2020 8:00,0.517714863
3/19/2020 9:00,0.560127721
3/19/2020 10:00,0.919887891
3/19/2020 11:00,0.964301024
3/19/2020 12:00,0.880502929
3/19/2020 13:00,0.920748736
3/19/2020 14:00,0.827780929
3/19/2020 15:00,0.49046409
3/19/2020 16:00,0.729060697
3/19/2020 17:00,0.506445746
3/19/2020 18:00,0.420225964
3/19/2020 19:00,0.62530418
3/19/2020 20:00,0.734084261
3/19/2020 21:00,0.310141897
3/19/2020 22:00,0.01194362
3/19/2020 23:00,0
3/20/2020 0:00,0
3/20/2020 1:00,0
3/20/2020 2:00,0
3/20/2020 3:00,0
3/20/2020 4:00,0
3/20/2020 5:00,0
3/20/2020 6:00,0
3/20/2020 7:00,0
3/20/2020 8:00,0.045603567
3/20/2020 9:00,0.384906238
3/20/2020 10:00,0.205672261
3/20/2020 11:00,0.261662069
3/20/2020 12:00,0.166173602
3/20/2020 13:00,0.194889581
3/20/2020 14:00,0.453383258
3/20/2020 15:00,0.040717089
3/20/2020 16:00,0.045661055
3/20/2020 17:00,0
3/20/2020 18:00,0
3/20/2020 19:00,0
3/20/2020 20:00,0
3/20/2020 21:00,0
3/20/2020 22:00,0.020434151
3/20/2020 23:00,0.039452353
3/21/2020 0:00,0.018842176
3/21/2020 1:00,0.063673012
3/21/2020 2:00,0.039222402
3/21/2020 3:00,0.154028899
3/21/2020 4:00,0.081166308
3/21/2020 5:00,0.027264903
3/21/2020 6:00,0.058090046
3/21/2020 7:00,0.064268529
3/21/2020 8:00,0.083920571
3/21/2020 9:00,0.200905182
3/21/2020 10:00,0.191257521
3/21/2020 11:00,0.073647913
3/21/2020 12:00,0.086898154
3/21/2020 13:00,0.011147632
3/21/2020 14:00,0.029219494
3/21/2020 15:00,0.064268529
3/21/2020 16:00,0.228433283
3/21/2020 17:00,0.280708054
3/21/2020 18:00,0.395538196
3/21/2020 19:00,0.42130718
3/21/2020 20:00,0.634173174
3/21/2020 21:00,0.601725635
3/21/2020 22:00,0.710850276
3/21/2020 23:00,0.620328891
3/22/2020 0:00,0.362380902
3/22/2020 1:00,0.515665933
3/22/2020 2:00,0.75020153
3/22/2020 3:00,0.711896852
3/22/2020 4:00,0.814813706
3/22/2020 5:00,0.492717913
3/22/2020 6:00,0.366525564
3/22/2020 7:00,0.160385005
3/22/2020 8:00,0.049857677
3/22/2020 9:00,0.025137848
3/22/2020 10:00,0.018875342
3/22/2020 11:00,0.010119482
3/22/2020 12:00,0
3/22/2020 13:00,0
3/22/2020 14:00,0.031519013
3/22/2020 15:00,0
3/22/2020 16:00,0
3/22/2020 17:00,0
3/22/2020 18:00,0
3/22/2020 19:00,0
3/22/2020 20:00,0
3/22/2020 21:00,0
3/22/2020 22:00,0
3/22/2020 23:00,0
3/23/2020 0:00,0
3/23/2020 1:00,0
3/23/2020 2:00,0
3/23/2020 3:00,0
3/23/2020 4:00,0
3/23/2020 5:00,0
3/23/2020 6:00,0
3/23/2020 7:00,0
3/23/2020 8:00,0
3/23/2020 9:00,0
3/23/2020 10:00,0
3/23/2020 11:00,0
3/23/2020 12:00,0
3/23/2020 13:00,0
3/23/2020 14:00,0
3/23/2020 15:00,0.010152648
3/23/2020 16:00,0.040257185
3/23/2020 17:00,0.15947699
3/23/2020 18:00,0.176615776
3/23/2020 19:00,0.42130718
3/23/2020 20:00,0.621626793
3/23/2020 21:00,0.658184353
3/23/2020 22:00,0.699965886
3/23/2020 23:00,0.731363164
3/24/2020 0:00,0.993232926
3/24/2020 1:00,0.995763908
3/24/2020 2:00,0.998062321
3/24/2020 3:00,1
3/24/2020 4:00,1
3/24/2020 5:00,1
3/24/2020 6:00,1
3/24/2020 7:00,1
3/24/2020 8:00,1
3/24/2020 9:00,1
3/24/2020 10:00,1
3/24/2020 11:00,1
3/24/2020 12:00,1
3/24/2020 13:00,1
3/24/2020 14:00,0.997373571
3/24/2020 15:00,0.999331355
3/24/2020 16:00,0.898797175
3/24/2020 17:00,0.641311633
3/24/2020 18:00,0.986935781
3/24/2020 19:00,0.974160212
3/24/2020 20:00,0.779924287
3/24/2020 21:00,0.420406167
3/24/2020 22:00,0.308915487
3/24/2020 23:00,0.27225865
3/25/2020 0:00,0.483497727
3/25/2020 1:00,0.196251604
3/25/2020 2:00,0.129178799
3/25/2020 3:00,0.351993141
3/25/2020 4:00,0.477555829
3/25/2020 5:00,0.441850287
3/25/2020 6:00,0.409774209
3/25/2020 7:00,0.362561105
3/25/2020 8:00,0.440949273
3/25/2020 9:00,0.363462118
3/25/2020 10:00,0.25119631
3/25/2020 11:00,0.223985336
3/25/2020 12:00,0.286686804
3/25/2020 13:00,0.272389472
3/25/2020 14:00,0.274351802
3/25/2020 15:00,0.262577823
3/25/2020 16:00,0.36292151
3/25/2020 17:00,0.413738668
3/25/2020 18:00,0.230264791
3/25/2020 19:00,0.316427248
3/25/2020 20:00,0.378779347
3/25/2020 21:00,0.2755292
3/25/2020 22:00,0.298491001
3/25/2020 23:00,0.141301391
3/26/2020 0:00,0.109479587
3/26/2020 1:00,0.249364802
3/26/2020 2:00,0.313361223
3/26/2020 3:00,0.139123113
3/26/2020 4:00,0.38706867
3/26/2020 5:00,0.507060426
3/26/2020 6:00,0.479194973
3/26/2020 7:00,0.546194995
3/26/2020 8:00,0.243085346
3/26/2020 9:00,0.289292925
3/26/2020 10:00,0.259438095
3/26/2020 11:00,0.406170155
3/26/2020 12:00,0.17627527
3/26/2020 13:00,0.202040201
3/26/2020 14:00,0.33850263
3/26/2020 15:00,0.291745745
3/26/2020 16:00,0.361497819
3/26/2020 17:00,0.341415354
3/26/2020 18:00,0.215351084
3/26/2020 19:00,0.22163054
3/26/2020 20:00,0.175480757
3/26/2020 21:00,0.350766731
3/26/2020 22:00,0.285766996
3/26/2020 23:00,0.203969733
3/27/2020 0:00,0.184447407
3/27/2020 1:00,0.196138102
3/27/2020 2:00,0.344941283
3/27/2020 3:00,0.118382116
3/27/2020 4:00,0.134955972
3/27/2020 5:00,0.222415472
3/27/2020 6:00,0.090322373
3/27/2020 7:00,0
3/27/2020 8:00,0
3/27/2020 9:00,0
3/27/2020 10:00,0
3/27/2020 11:00,0
3/27/2020 12:00,0
3/27/2020 13:00,0
3/27/2020 14:00,0
3/27/2020 15:00,0.009986817
3/27/2020 16:00,0
3/27/2020 17:00,0
3/27/2020 18:00,0.028242199
3/27/2020 19:00,0
3/27/2020 20:00,0
3/27/2020 21:00,0
3/27/2020 22:00,0
3/27/2020 23:00,0
3/28/2020 0:00,0
3/28/2020 1:00,0
3/28/2020 2:00,0
3/28/2020 3:00,0
3/28/2020 4:00,0
3/28/2020 5:00,0.040084721
3/28/2020 6:00,0
3/28/2020 7:00,0
3/28/2020 8:00,0
3/28/2020 9:00,0
3/28/2020 10:00,0
3/28/2020 11:00,0
3/28/2020 12:00,0
3/28/2020 13:00,0
3/28/2020 14:00,0
3/28/2020 15:00,0
3/28/2020 16:00,0
3/28/2020 17:00,0
3/28/2020 18:00,0
3/28/2020 19:00,0
3/28/2020 20:00,0
3/28/2020 21:00,0
3/28/2020 22:00,0
3/28/2020 23:00,0
3/29/2020 0:00,0
3/29/2020 1:00,0
3/29/2020 2:00,0
3/29/2020 3:00,0
3/29/2020 4:00,0
3/29/2020 5:00,0
3/29/2020 6:00,0
3/29/2020 7:00,0
3/29/2020 8:00,0
3/29/2020 9:00,0
3/29/2020 10:00,0
3/29/2020 11:00,0
3/29/2020 12:00,0
3/29/2020 13:00,0
3/29/2020 14:00,0
3/29/2020 15:00,0
3/29/2020 16:00,0
3/29/2020 17:00,0
3/29/2020 18:00,0
3/29/2020 19:00,0.014729575
3/29/2020 20:00,0.007797852
3/29/2020 21:00,0
3/29/2020 22:00,0
3/29/2020 23:00,0
3/30/2020 0:00,0
3/30/2020 1:00,0
3/30/2020 2:00,0
3/30/2020 3:00,0
3/30/2020 4:00,0
3/30/2020 5:00,0.014961738
3/30/2020 6:00,0
3/30/2020 7:00,0
3/30/2020 8:00,0
3/30/2020 9:00,0
3/30/2020 10:00,0.007698354
3/30/2020 11:00,0.234581917
3/30/2020 12:00,0.29956411
3/30/2020 13:00,0.597831931
3/30/2020 14:00,0.43067772
3/30/2020 15:00,0.505831067
3/30/2020 16:00,0.495381523
3/30/2020 17:00,0.701849723
3/30/2020 18:00,0.528164408
3/30/2020 19:00,0.609945679
3/30/2020 20:00,0.680032362
3/30/2020 21:00,0.865488249
3/30/2020 22:00,0.797716077
3/30/2020 23:00,0.798762653
3/31/2020 0:00,0.855080347
3/31/2020 1:00,0.93990255
3/31/2020 2:00,0.881356035
3/31/2020 3:00,0.829487143
3/31/2020 4:00,0.868388812
3/31/2020 5:00,0.955416921
3/31/2020 6:00,0.999007064
3/31/2020 7:00,0.997528347
3/31/2020 8:00,0.999137886
3/31/2020 9:00,1
3/31/2020 10:00,1
3/31/2020 11:00,1
3/31/2020 12:00,0.995856773
3/31/2020 13:00,0.871459997
3/31/2020 14:00,0.953466753
3/31/2020 15:00,0.982242404
3/31/2020 16:00,0.902132951
3/31/2020 17:00,0.967930506
3/31/2020 18:00,0.985803711
3/31/2020 19:00,0.991228217
3/31/2020 20:00,0.993775376
3/31/2020 21:00,0.956717034
3/31/2020 22:00,0.972372557
3/31/2020 23:00,0.984459376
4/1/2020 0:00,0.974701925
4/1/2020 1:00,0.99457726
4/1/2020 2:00,0.995206717
4/1/2020 3:00,0.954712694
4/1/2020 4:00,0.910633801
4/1/2020 5:00,0.865829492
4/1/2020 6:00,0.920318313
4/1/2020 7:00,0.509314249
4/1/2020 8:00,0.933661419
4/1/2020 9:00,0.861563958
4/1/2020 10:00,0.738689195
4/1/2020 11:00,0.885792191
4/1/2020 12:00,0.553776037
4/1/2020 13:00,0.441489881
4/1/2020 14:00,0.36958901
4/1/2020 15:00,0.203061718
4/1/2020 16:00,0.257083299
4/1/2020 17:00,0.175934765
4/1/2020 18:00,0.195457091
4/1/2020 19:00,0.151758861
4/1/2020 20:00,0.305542859
4/1/2020 21:00,0.250018912
4/1/2020 22:00,0.1960246
4/1/2020 23:00,0.103134168
4/2/2020 0:00,0.104838907
4/2/2020 1:00,0.041176993
4/2/2020 2:00,0.019273336
4/2/2020 3:00,0.020135656
4/2/2020 4:00,0.203061718
4/2/2020 5:00,0.164244069
4/2/2020 6:00,0.438246233
4/2/2020 7:00,0.405269141
4/2/2020 8:00,0.314894236
4/2/2020 9:00,0.228040817
4/2/2020 10:00,0.146878279
4/2/2020 11:00,0.268072347
4/2/2020 12:00,0.762341811
4/2/2020 13:00,0.886474676
4/2/2020 14:00,0.828122172
4/2/2020 15:00,0.556439647
4/2/2020 16:00,0.541482455
4/2/2020 17:00,0.407431574
4/2/2020 18:00,0.566274512
4/2/2020 19:00,0.302170231
4/2/2020 20:00,0.214958618
4/2/2020 21:00,0.189781996
4/2/2020 22:00,0.050432556
4/2/2020 23:00,0.01821202
4/3/2020 0:00,0.022689448
4/3/2020 1:00,0
4/3/2020 2:00,0
4/3/2020 3:00,0
4/3/2020 4:00,0
4/3/2020 5:00,0
4/3/2020 6:00,0
4/3/2020 7:00,0
4/3/2020 8:00,0
4/3/2020 9:00,0
4/3/2020 10:00,0.022895817
4/3/2020 11:00,0
4/3/2020 12:00,0.067543869
4/3/2020 13:00,0.020732646
4/3/2020 14:00,0.043591487
4/3/2020 15:00,0.042729168
4/3/2020 16:00,0.044396319
4/3/2020 17:00,0
4/3/2020 18:00,0
4/3/2020 19:00,0.044971199
4/3/2020 20:00,0.01340293
4/3/2020 21:00,0
4/3/2020 22:00,0
4/3/2020 23:00,0
4/4/2020 0:00,0
4/4/2020 1:00,0
4/4/2020 2:00,0
4/4/2020 3:00,0
4/4/2020 4:00,0
4/4/2020 5:00,0
4/4/2020 6:00,0
4/4/2020 7:00,0
4/4/2020 8:00,0
4/4/2020 9:00,0
4/4/2020 10:00,0.026402583
4/4/2020 11:00,0.023010793
4/4/2020 12:00,0.087270351
4/4/2020 13:00,0.081017429
4/4/2020 14:00,0.0253678
4/4/2020 15:00,0.048420477
4/4/2020 16:00,0.022656282
4/4/2020 17:00,0.044798735
4/4/2020 18:00,0.082282901
4/4/2020 19:00,0
4/4/2020 20:00,0
4/4/2020 21:00,0.021362803
4/4/2020 22:00,0
4/4/2020 23:00,0
4/5/2020 0:00,0
4/5/2020 1:00,0
4/5/2020 2:00,0
4/5/2020 3:00,0
4/5/2020 4:00,0
4/5/2020 5:00,0
4/5/2020 6:00,0
4/5/2020 7:00,0.008361677
4/5/2020 8:00,0.008129514
4/5/2020 9:00,0.144142624
4/5/2020 10:00,0.19840814
4/5/2020 11:00,0.141964346
4/5/2020 12:00,0.132967109
4/5/2020 13:00,0.104744199
4/5/2020 14:00,0.131830616
4/5/2020 15:00,0.096599333
4/5/2020 16:00,0.074615627
4/5/2020 17:00,0.02479292
4/5/2020 18:00,0.078784242
4/5/2020 19:00,0.059504397
4/5/2020 20:00,0.205104752
4/5/2020 21:00,0.117150915
4/5/2020 22:00,0.203402224
4/5/2020 23:00,0.237852467
4/6/2020 0:00,0.213650398
4/6/2020 1:00,0.139786067
4/6/2020 2:00,0.145089701
4/6/2020 3:00,0.029276982
4/6/2020 4:00,0.014099419
4/6/2020 5:00,0.041349457
4/6/2020 6:00,0.016056221
4/6/2020 7:00,0
4/6/2020 8:00,0.020168822
4/6/2020 9:00,0.150623842
4/6/2020 10:00,0.333290387
4/6/2020 11:00,0.401304682
4/6/2020 12:00,0.236151781
4/6/2020 13:00,0.518534435
4/6/2020 14:00,0.607998826
4/6/2020 15:00,0.85047357
4/6/2020 16:00,0.563610903
4/6/2020 17:00,0.395357994
4/6/2020 18:00,0.266240839
4/6/2020 19:00,0.244524388
4/6/2020 20:00,0.135334803
4/6/2020 21:00,0.079082
4/6/2020 22:00,0.067097232
4/6/2020 23:00,0.054219189
4/7/2020 0:00,0.049570237
4/7/2020 1:00,0.012839105
4/7/2020 2:00,0
4/7/2020 3:00,0
4/7/2020 4:00,0
4/7/2020 5:00,0
4/7/2020 6:00,0
4/7/2020 7:00,0
4/7/2020 8:00,0
4/7/2020 9:00,0
4/7/2020 10:00,0.048075549
4/7/2020 11:00,0.070372572
4/7/2020 12:00,0.083325055
4/7/2020 13:00,0.048822893
4/7/2020 14:00,0
4/7/2020 15:00,0.020798979
4/7/2020 16:00,0.022357787
4/7/2020 17:00,0
4/7/2020 18:00,0
4/7/2020 19:00,0.010152648
4/7/2020 20:00,0.059355518
4/7/2020 21:00,0.024160553
4/7/2020 22:00,0.103418291
4/7/2020 23:00,0.012905438
4/8/2020 0:00,0.034220948
4/8/2020 1:00,0.182744878
4/8/2020 2:00,0.250018912
4/8/2020 3:00,0.348773815
4/8/2020 4:00,0.283007573
4/8/2020 5:00,0.16367656
4/8/2020 6:00,0.114120267
4/8/2020 7:00,0.12112864
4/8/2020 8:00,0.100766474
4/8/2020 9:00,0.202834714
4/8/2020 10:00,0.524066547
4/8/2020 11:00,0.390492521
4/8/2020 12:00,0.456446704
4/8/2020 13:00,0.345554488
4/8/2020 14:00,0.312134813
4/8/2020 15:00,0.181269354
4/8/2020 16:00,0.277360708
4/8/2020 17:00,0.236282603
4/8/2020 18:00,0.172529708
4/8/2020 19:00,0.059653276
4/8/2020 20:00,0.078263165
4/8/2020 21:00,0.077221011
4/8/2020 22:00,0.069628177
4/8/2020 23:00,0.065161804
4/9/2020 0:00,0.099440565
4/9/2020 1:00,0.053479419
4/9/2020 2:00,0.09426767
4/9/2020 3:00,0.141301391
4/9/2020 4:00,0.132020032
4/9/2020 5:00,0.221238074
4/9/2020 6:00,0.191371023
4/9/2020 7:00,0.295424975
4/9/2020 8:00,0.238899043
4/9/2020 9:00,0.335283304
4/9/2020 10:00,0.249103158
4/9/2020 11:00,0.305542859
4/9/2020 12:00,0.529393766
4/9/2020 13:00,0.408152384
4/9/2020 14:00,0.403106709
4/9/2020 15:00,0.491283662
4/9/2020 16:00,0.48575155
4/9/2020 17:00,0.378959549
4/9/2020 18:00,0.214958618
4/9/2020 19:00,0.0344509
4/9/2020 20:00,0.008527507
4/9/2020 21:00,0.019207004
4/9/2020 22:00,0.018178854
4/9/2020 23:00,0.009422993
4/10/2020 0:00,0.130504708
4/10/2020 1:00,0.323632408
4/10/2020 2:00,0.218490812
4/10/2020 3:00,0.105691277
4/10/2020 4:00,0.132588278
4/10/2020 5:00,0.29113254
4/10/2020 6:00,0.225293556
4/10/2020 7:00,0.219537388
4/10/2020 8:00,0.251719598
4/10/2020 9:00,0.338962534
4/10/2020 10:00,0.464032889
4/10/2020 11:00,0.199997167
4/10/2020 12:00,0.138365451
4/10/2020 13:00,0.363642321
4/10/2020 14:00,0.324398914
4/10/2020 15:00,0.534106306
4/10/2020 16:00,0.355212468
4/10/2020 17:00,0.221761362
4/10/2020 18:00,0.319493274
4/10/2020 19:00,0.3227126
4/10/2020 20:00,0.332983785
4/10/2020 21:00,0.199770163
4/10/2020 22:00,0.230526435
4/10/2020 23:00,0.119992147
4/11/2020 0:00,0.081687385
4/11/2020 1:00,0.212603823
4/11/2020 2:00,0.19239254
4/11/2020 3:00,0.116109129
4/11/2020 4:00,0.180134335
4/11/2020 5:00,0.155163918
4/11/2020 6:00,0.088312505
4/11/2020 7:00,0.084888286
4/11/2020 8:00,0.26964221
4/11/2020 9:00,0.256952477
4/11/2020 10:00,0.24138466
4/11/2020 11:00,0.153461389
4/11/2020 12:00,0.416802113
4/11/2020 13:00,0.405269141
4/11/2020 14:00,0.47427754
4/11/2020 15:00,0.201018684
4/11/2020 16:00,0.292052348
4/11/2020 17:00,0.135145387
4/11/2020 18:00,0.088759143
4/11/2020 19:00,0.033071188
4/11/2020 20:00,0.201699695
4/11/2020 21:00,0.55664454
4/11/2020 22:00,0.656021184
4/11/2020 23:00,0.646935873
4/12/2020 0:00,0.586799768
4/12/2020 1:00,0.371571239
4/12/2020 2:00,0.370670226
4/12/2020 3:00,0.346474296
4/12/2020 4:00,0.292665553
4/12/2020 5:00,0.201132186
4/12/2020 6:00,0.152212868
4/12/2020 7:00,0.212996288
4/12/2020 8:00,0.443652313
4/12/2020 9:00,0.393375764
4/12/2020 10:00,0.544965637
4/12/2020 11:00,0.418423937
4/12/2020 12:00,0.146991781
4/12/2020 13:00,0.109858418
4/12/2020 14:00,0.051122412
4/12/2020 15:00,0.127284644
4/12/2020 16:00,0.173097217
4/12/2020 17:00,0.127000521
4/12/2020 18:00,0.107964263
4/12/2020 19:00,0.104744199
4/12/2020 20:00,0.304009846
4/12/2020 21:00,0.360118108
4/12/2020 22:00,0.561152186
4/12/2020 23:00,0.676571292
4/13/2020 0:00,0.563815796
4/13/2020 1:00,0.360578012
4/13/2020 2:00,0.303856545
4/13/2020 3:00,0.175594259
4/13/2020 4:00,0.058238925
4/13/2020 5:00,0.013966754
4/13/2020 6:00,0.019439167
4/13/2020 7:00,0.014198917
4/13/2020 8:00,0
4/13/2020 9:00,0
4/13/2020 10:00,0
4/13/2020 11:00,0
4/13/2020 12:00,0.013734591
4/13/2020 13:00,0.021694464
4/13/2020 14:00,0.077072132
4/13/2020 15:00,0.095841671
4/13/2020 16:00,0.275660022
4/13/2020 17:00,0.24661754
4/13/2020 18:00,0.160498507
4/13/2020 19:00,0.10768014
4/13/2020 20:00,0.107585432
4/13/2020 21:00,0.104838907
4/13/2020 22:00,0.293278758
4/13/2020 23:00,0.15051034
4/14/2020 0:00,0.216659304
4/14/2020 1:00,0.122643964
4/14/2020 2:00,0.109195464
4/14/2020 3:00,0
4/14/2020 4:00,0
4/14/2020 5:00,0.026747511
4/14/2020 6:00,0
4/14/2020 7:00,0
4/14/2020 8:00,0
4/14/2020 9:00,0
4/14/2020 10:00,0
4/14/2020 11:00,0
4/14/2020 12:00,0
4/14/2020 13:00,0.006205878
4/14/2020 14:00,0.081166308
4/14/2020 15:00,0.111279034
4/14/2020 16:00,0.098967027
4/14/2020 17:00,0.146991781
4/14/2020 18:00,0.12576932
4/14/2020 19:00,0.133251232
4/14/2020 20:00,0.086674835
4/14/2020 21:00,0.164471073
4/14/2020 22:00,0.227648351
4/14/2020 23:00,0.240599729
4/15/2020 0:00,0.164698077
4/15/2020 1:00,0.200905182
4/15/2020 2:00,0.128515845
4/15/2020 3:00,0.124727535
4/15/2020 4:00,0.186036433
4/15/2020 5:00,0.258522341
4/15/2020 6:00,0.187057951
4/15/2020 7:00,0.243870278
4/15/2020 8:00,0.404187925
4/15/2020 9:00,0.179453323
4/15/2020 10:00,0.211688069
4/15/2020 11:00,0.293891963
4/15/2020 12:00,0.660131205
4/15/2020 13:00,0.522427403
4/15/2020 14:00,0.24203877
4/15/2020 15:00,0.175367255
4/15/2020 16:00,0.187738962
4/15/2020 17:00,0.271473718
4/15/2020 18:00,0.393916372
4/15/2020 19:00,0.416261505
4/15/2020 20:00,0.48780048
4/15/2020 21:00,0.278408535
4/15/2020 22:00,0.203288722
4/15/2020 23:00,0.125864028
4/16/2020 0:00,0.034623364
4/16/2020 1:00,0
4/16/2020 2:00,0
4/16/2020 3:00,0
4/16/2020 4:00,0
4/16/2020 5:00,0
4/16/2020 6:00,0
4/16/2020 7:00,0
4/16/2020 8:00,0
4/16/2020 9:00,0
4/16/2020 10:00,0
4/16/2020 11:00,0
4/16/2020 12:00,0
4/16/2020 13:00,0.01837785
4/16/2020 14:00,0
4/16/2020 15:00,0
4/16/2020 16:00,0.02508036
4/16/2020 17:00,0.035313219
4/16/2020 18:00,0.026919975
4/16/2020 19:00,0
4/16/2020 20:00,0
4/16/2020 21:00,0
4/16/2020 22:00,0
4/16/2020 23:00,0
4/17/2020 0:00,0.072308001
4/17/2020 1:00,0.087940307
4/17/2020 2:00,0.129178799
4/17/2020 3:00,0.159590492
4/17/2020 4:00,0.147899796
4/17/2020 5:00,0.079677517
4/17/2020 6:00,0.22163054
4/17/2020 7:00,0.15652594
4/17/2020 8:00,0.062556419
4/17/2020 9:00,0.066576155
4/17/2020 10:00,0.069404858
4/17/2020 11:00,0.042729168
4/17/2020 12:00,0.049167821
4/17/2020 13:00,0.050949948
4/17/2020 14:00,0.186149935
4/17/2020 15:00,0.111847281
4/17/2020 16:00,0.082878418
4/17/2020 17:00,0.093151076
4/17/2020 18:00,0.135524218
4/17/2020 19:00,0.138365451
4/17/2020 20:00,0.18944149
4/17/2020 21:00,0.148013298
4/17/2020 22:00,0.184787913
4/17/2020 23:00,0.125390489
4/18/2020 0:00,0.226994241
4/18/2020 1:00,0.234189451
4/18/2020 2:00,0.105691277
4/18/2020 3:00,0.134577141
4/18/2020 4:00,0.243085346
4/18/2020 5:00,0.314434332
4/18/2020 6:00,0.249495624
4/18/2020 7:00,0.196932615
4/18/2020 8:00,0.159363488
4/18/2020 9:00,0.174345738
4/18/2020 10:00,0.206239771
4/18/2020 11:00,0.190009
4/18/2020 12:00,0.099819396
4/18/2020 13:00,0.152439872
4/18/2020 14:00,0.208548341
4/18/2020 15:00,0.080942989
4/18/2020 16:00,0.139501944
4/18/2020 17:00,0.05060502
4/18/2020 18:00,0.045891006
4/18/2020 19:00,0.042154288
4/18/2020 20:00,0.015359732
4/18/2020 21:00,0.051927244
4/18/2020 22:00,0.024333016
4/18/2020 23:00,0.043878927
4/19/2020 0:00,0
4/19/2020 1:00,0
4/19/2020 2:00,0
4/19/2020 3:00,0
4/19/2020 4:00,0
4/19/2020 5:00,0.012772773
4/19/2020 6:00,0
4/19/2020 7:00,0
4/19/2020 8:00,0
4/19/2020 9:00,0
4/19/2020 10:00,0
4/19/2020 11:00,0.02508036
4/19/2020 12:00,0.084888286
4/19/2020 13:00,0.016288384
4/19/2020 14:00,0.058685562
4/19/2020 15:00,0.123022795
4/19/2020 16:00,0
4/19/2020 17:00,0.086079319
4/19/2020 18:00,0.009157664
4/19/2020 19:00,0.051007436
4/19/2020 20:00,0.145856762
4/19/2020 21:00,0.187398456
4/19/2020 22:00,0.237067535
4/19/2020 23:00,0.104081245
4/20/2020 0:00,0.059206639
4/20/2020 1:00,0.24857987
4/20/2020 2:00,0.433200558
4/20/2020 3:00,0.255644257
4/20/2020 4:00,0.177410289
4/20/2020 5:00,0.14631077
4/20/2020 6:00,0.179339822
4/20/2020 7:00,0.093672153
4/20/2020 8:00,0.240861372
4/20/2020 9:00,0.464647568
4/20/2020 10:00,0.787250318
4/20/2020 11:00,0.811060036
4/20/2020 12:00,0.994553675
4/20/2020 13:00,0.913323943
4/20/2020 14:00,0.606268291
4/20/2020 15:00,0.693058485
4/20/2020 16:00,0.695988898
4/20/2020 17:00,0.641311633
4/20/2020 18:00,0.359044999
4/20/2020 19:00,0.275790844
4/20/2020 20:00,0.231442189
4/20/2020 21:00,0.604105122
4/20/2020 22:00,0.80106512
4/20/2020 23:00,0.917843382
4/21/2020 0:00,0.989459356
4/21/2020 1:00,0.820102968
4/21/2020 2:00,0.780133602
4/21/2020 3:00,0.653641698
4/21/2020 4:00,0.628765251
4/21/2020 5:00,0.350766731
4/21/2020 6:00,0.403467115
4/21/2020 7:00,0.429416301
4/21/2020 8:00,0.423649815
4/21/2020 9:00,0.4159011
4/21/2020 10:00,0.071935803
4/21/2020 11:00,0
4/21/2020 12:00,0.157433956
4/21/2020 13:00,0.259176451
4/21/2020 14:00,0.656453818
4/21/2020 15:00,0.768621267
4/21/2020 16:00,0.496610881
4/21/2020 17:00,0.30814898
4/21/2020 18:00,0.385807251
4/21/2020 19:00,0.16367656
4/21/2020 20:00,0.106354231
4/21/2020 21:00,0.281474561
4/21/2020 22:00,0.42058637
4/21/2020 23:00,0.216005194
4/22/2020 0:00,0.313207922
4/22/2020 1:00,0.204764246
4/22/2020 2:00,0.181155852
4/22/2020 3:00,0.121696887
4/22/2020 4:00,0.416441708
4/22/2020 5:00,0.569962587
4/22/2020 6:00,0.211033959
4/22/2020 7:00,0.210249027
4/22/2020 8:00,0.319493274
4/22/2020 9:00,0.171054183
4/22/2020 10:00,0.083399495
4/22/2020 11:00,0.108248386
4/22/2020 12:00,0.04606347
4/22/2020 13:00,0.08243178
4/22/2020 14:00,0.057792288
4/22/2020 15:00,0.13628188
4/22/2020 16:00,0.010318479
4/22/2020 17:00,0
4/22/2020 18:00,0
4/22/2020 19:00,0
4/22/2020 20:00,0.010417977
4/22/2020 21:00,0
4/22/2020 22:00,0.073350155
4/22/2020 23:00,0.064417408
4/23/2020 0:00,0.142437884
4/23/2020 1:00,0.125674612
4/23/2020 2:00,0.131830616
4/23/2020 3:00,0.105028323
4/23/2020 4:00,0.005874216
4/23/2020 5:00,0.010451143
4/23/2020 6:00,0.077890967
4/23/2020 7:00,0.134293018
4/23/2020 8:00,0.372472253
4/23/2020 9:00,0.751876052
4/23/2020 10:00,0.73806125
4/23/2020 11:00,0.963596797
4/23/2020 12:00,0.871118754
4/23/2020 13:00,0.765690854
4/23/2020 14:00,0.982832025
4/23/2020 15:00,0.965601137
4/23/2020 16:00,0.473457968
4/23/2020 17:00,0.484522192
4/23/2020 18:00,0.74455002
4/23/2020 19:00,0.313207922
4/23/2020 20:00,0.575551288
4/23/2020 21:00,0.705198766
4/23/2020 22:00,0.682411849
4/23/2020 23:00,0.892105181
4/24/2020 0:00,0.986063144
4/24/2020 1:00,0.995152545
4/24/2020 2:00,0.895030975
4/24/2020 3:00,0.907836053
4/24/2020 4:00,0.7497829
4/24/2020 5:00,0.407251371
4/24/2020 6:00,0.13628188
4/24/2020 7:00,0.195457091
4/24/2020 8:00,0.680464996
4/24/2020 9:00,0.701012462
4/24/2020 10:00,0.480219438
4/24/2020 11:00,0.728014121
4/24/2020 12:00,0.974322726
4/24/2020 13:00,0.88818089
4/24/2020 14:00,0.725920969
4/24/2020 15:00,0.717339046
4/24/2020 16:00,0.638499513
4/24/2020 17:00,0.656021184
4/24/2020 18:00,0.628765251
4/24/2020 19:00,0.352146442
4/24/2020 20:00,0.73282837
4/24/2020 21:00,0.667485981
4/24/2020 22:00,0.582906063
4/24/2020 23:00,0.560947293
4/25/2020 0:00,0.526115478
4/25/2020 1:00,0.80106512
4/25/2020 2:00,0.505216388
4/25/2020 3:00,0.262447001
4/25/2020 4:00,0.140449021
4/25/2020 5:00,0.676571292
4/25/2020 6:00,0.208940807
4/25/2020 7:00,0.308608884
4/25/2020 8:00,0.309528692
4/25/2020 9:00,0.024850408
4/25/2020 10:00,0.016553713
4/25/2020 11:00,0.077816528
4/25/2020 12:00,0.015326566
4/25/2020 13:00,0
4/25/2020 14:00,0
4/25/2020 15:00,0.042441728
4/25/2020 16:00,0.062258661
4/25/2020 17:00,0
4/25/2020 18:00,0
4/25/2020 19:00,0
4/25/2020 20:00,0
4/25/2020 21:00,0
4/25/2020 22:00,0
4/25/2020 23:00,0
4/26/2020 0:00,0
4/26/2020 1:00,0
4/26/2020 2:00,0
4/26/2020 3:00,0
4/26/2020 4:00,0
4/26/2020 5:00,0
4/26/2020 6:00,0
4/26/2020 7:00,0
4/26/2020 8:00,0
4/26/2020 9:00,0
4/26/2020 10:00,0
4/26/2020 11:00,0.007333526
4/26/2020 12:00,0.129747046
4/26/2020 13:00,0.041176993
4/26/2020 14:00,0.022324621
4/26/2020 15:00,0.02215879
4/26/2020 16:00,0.083995011
4/26/2020 17:00,0.174118734
4/26/2020 18:00,0.443111705
4/26/2020 19:00,0.269249744
4/26/2020 20:00,0.268857278
4/26/2020 21:00,0.169919164
4/26/2020 22:00,0.076551055
4/26/2020 23:00,0.202267205
4/27/2020 0:00,0.209071629
4/27/2020 1:00,0.151758861
4/27/2020 2:00,0.25446686
4/27/2020 3:00,0.275267556
4/27/2020 4:00,0.177637293
4/27/2020 5:00,0.28990613
4/27/2020 6:00,0.18762546
4/27/2020 7:00,0.345861091
4/27/2020 8:00,0.362741308
4/27/2020 9:00,0.614704651
4/27/2020 10:00,0.979414834
4/27/2020 11:00,1
4/27/2020 12:00,1
4/27/2020 13:00,0.999019962
4/27/2020 14:00,0.979089806
4/27/2020 15:00,0.962242513
4/27/2020 16:00,0.969501475
4/27/2020 17:00,0.976381238
4/27/2020 18:00,0.822150425
4/27/2020 19:00,0.510543607
4/27/2020 20:00,0.681979215
4/27/2020 21:00,0.913323943
4/27/2020 22:00,0.386167657
4/27/2020 23:00,0.111847281
4/28/2020 0:00,0.325931927
4/28/2020 1:00,0.259830561
4/28/2020 2:00,0.022838329
4/28/2020 3:00,0.019969825
4/28/2020 4:00,0.07915644
4/28/2020 5:00,0.106448939
4/28/2020 6:00,0.075657781
4/28/2020 7:00,0.198748646
4/28/2020 8:00,0.205672261
4/28/2020 9:00,0.076551055
4/28/2020 10:00,0.034508388
4/28/2020 11:00,0.105785985
4/28/2020 12:00,0.120939225
4/28/2020 13:00,0.098967027
4/28/2020 14:00,0.065608441
4/28/2020 15:00,0.138270743
4/28/2020 16:00,0.043706463
4/28/2020 17:00,0
4/28/2020 18:00,0.005708386
4/28/2020 19:00,0.049282797
4/28/2020 20:00,0.017217036
4/28/2020 21:00,0.007433025
4/28/2020 22:00,0
4/28/2020 23:00,0
4/29/2020 0:00,0
4/29/2020 1:00,0
4/29/2020 2:00,0
4/29/2020 3:00,0
4/29/2020 4:00,0
4/29/2020 5:00,0
4/29/2020 6:00,0
4/29/2020 7:00,0
4/29/2020 8:00,0
4/29/2020 9:00,0
4/29/2020 10:00,0
4/29/2020 11:00,0.014928572
4/29/2020 12:00,0.099819396
4/29/2020 13:00,0.265586729
4/29/2020 14:00,0.270165498
4/29/2020 15:00,0.450319813
4/29/2020 16:00,0.052789563
4/29/2020 17:00,0.37499509
4/29/2020 18:00,0.679816046
4/29/2020 19:00,0.876408016
4/29/2020 20:00,0.863611414
4/29/2020 21:00,0.720269459
4/29/2020 22:00,0.785366482
4/29/2020 23:00,0.89329953
4/30/2020 0:00,0.675922341
4/30/2020 1:00,0.606917242
4/30/2020 2:00,0.777831135
4/30/2020 3:00,0.611892531
4/30/2020 4:00,0.43265995
4/30/2020 5:00,0.450319813
4/30/2020 6:00,0.617949405
4/30/2020 7:00,0.879308579
4/30/2020 8:00,0.938826493
4/30/2020 9:00,0.982926364
4/30/2020 10:00,0.951846782
4/30/2020 11:00,0.958504689
4/30/2020 12:00,0.851326677
4/30/2020 13:00,0.792064567
4/30/2020 14:00,0.983728247
4/30/2020 15:00,0.734293576
4/30/2020 16:00,0.684575018
4/30/2020 17:00,0.494357057
4/30/2020 18:00,0.865658871
4/30/2020 19:00,0.935813533
4/30/2020 20:00,0.85303289
4/30/2020 21:00,0.952492416
4/30/2020 22:00,0.720269459
4/30/2020 23:00,0.555210288
5/1/2020 0:00,0.510133821
5/1/2020 1:00,0.517305077
5/1/2020 2:00,0.478375401
5/1/2020 3:00,0.355825673
5/1/2020 4:00,0.40112448
5/1/2020 5:00,0.585718183
5/1/2020 6:00,0.684791335
5/1/2020 7:00,0.312594717
5/1/2020 8:00,0.249103158
5/1/2020 9:00,0.565045154
5/1/2020 10:00,0.558488577
5/1/2020 11:00,0.479809652
5/1/2020 12:00,0.783064015
5/1/2020 13:00,0.565659833
5/1/2020 14:00,0.356132275
5/1/2020 15:00,0.361191217
5/1/2020 16:00,0.402746304
5/1/2020 17:00,0.347240802
5/1/2020 18:00,0.391213332
5/1/2020 19:00,0.530828017
5/1/2020 20:00,0.516280612
5/1/2020 21:00,0.348007308
5/1/2020 22:00,0.401304682
5/1/2020 23:00,0.176956282
5/2/2020 0:00,0.093746593
5/2/2020 1:00,0.020931643
5/2/2020 2:00,0.047845598
5/2/2020 3:00,0.027149927
5/2/2020 4:00,0.013767757
5/2/2020 5:00,0.009854153
5/2/2020 6:00,0.230918901
5/2/2020 7:00,0.198748646
5/2/2020 8:00,0.022291455
5/2/2020 9:00,0.298491001
5/2/2020 10:00,0.023010793
5/2/2020 11:00,0
5/2/2020 12:00,0
5/2/2020 13:00,0.022424119
5/2/2020 14:00,0
5/2/2020 15:00,0.048362989
5/2/2020 16:00,0.279481644
5/2/2020 17:00,0.174686244
5/2/2020 18:00,0.122075718
5/2/2020 19:00,0.02069948
5/2/2020 20:00,0.046465886
5/2/2020 21:00,0.124253996
5/2/2020 22:00,0.190803513
5/2/2020 23:00,0.139975483
5/3/2020 0:00,0.076997693
5/3/2020 1:00,0.112226112
5/3/2020 2:00,0.027897271
5/3/2020 3:00,0.013436096
5/3/2020 4:00,0.007200862
5/3/2020 5:00,0
5/3/2020 6:00,0
5/3/2020 7:00,0
5/3/2020 8:00,0
5/3/2020 9:00,0
5/3/2020 10:00,0
5/3/2020 11:00,0.018112521
5/3/2020 12:00,0.12662169
5/3/2020 13:00,0.064640727
5/3/2020 14:00,0.085707121
5/3/2020 15:00,0.053191979
5/3/2020 16:00,0.042614192
5/3/2020 17:00,0.012275281
5/3/2020 18:00,0.026862487
5/3/2020 19:00,0.041349457
5/3/2020 20:00,0
5/3/2020 21:00,0
5/3/2020 22:00,0
5/3/2020 23:00,0.007167696
5/4/2020 0:00,0
5/4/2020 1:00,0
5/4/2020 2:00,0
5/4/2020 3:00,0
5/4/2020 4:00,0
5/4/2020 5:00,0
5/4/2020 6:00,0
5/4/2020 7:00,0
5/4/2020 8:00,0
5/4/2020 9:00,0
5/4/2020 10:00,0
5/4/2020 11:00,0.030081814
5/4/2020 12:00,0.017747694
5/4/2020 13:00,0.06583176
5/4/2020 14:00,0.037440274
5/4/2020 15:00,0
5/4/2020 16:00,0
5/4/2020 17:00,0
5/4/2020 18:00,0.121412764
5/4/2020 19:00,0.213519576
5/4/2020 20:00,0.049225309
5/4/2020 21:00,0.043648975
5/4/2020 22:00,0.13883899
5/4/2020 23:00,0.142153761
5/5/2020 0:00,0.070521451
5/5/2020 1:00,0.180928848
5/5/2020 2:00,0.106638354
5/5/2020 3:00,0.050719996
5/5/2020 4:00,0.071935803
5/5/2020 5:00,0.182063867
5/5/2020 6:00,0.299717411
5/5/2020 7:00,0.333750291
5/5/2020 8:00,0.24465521
5/5/2020 9:00,0.137797204
5/5/2020 10:00,0.231180545
5/5/2020 11:00,0.318113562
5/5/2020 12:00,0.193981566
5/5/2020 13:00,0.257475765
5/5/2020 14:00,0.162428039
5/5/2020 15:00,0.476531364
5/5/2020 16:00,0.63590371
5/5/2020 17:00,0.467925856
5/5/2020 18:00,0.086153758
5/5/2020 19:00,0.241907948
5/5/2020 20:00,0.083176176
5/5/2020 21:00,0.122738672
5/5/2020 22:00,0
5/5/2020 23:00,0
5/6/2020 0:00,0
5/6/2020 1:00,0
5/6/2020 2:00,0
5/6/2020 3:00,0.075136704
5/6/2020 4:00,0.086525956
5/6/2020 5:00,0.044798735
5/6/2020 6:00,0.174232236
5/6/2020 7:00,0.034565876
5/6/2020 8:00,0.014464246
5/6/2020 9:00,0
5/6/2020 10:00,0
5/6/2020 11:00,0
5/6/2020 12:00,0
5/6/2020 13:00,0
5/6/2020 14:00,0.02172763
5/6/2020 15:00,0.062705298
5/6/2020 16:00,0.169578659
5/6/2020 17:00,0.016454214
5/6/2020 18:00,0
5/6/2020 19:00,0
5/6/2020 20:00,0
5/6/2020 21:00,0
5/6/2020 22:00,0
5/6/2020 23:00,0
5/7/2020 0:00,0
5/7/2020 1:00,0
5/7/2020 2:00,0.135240095
5/7/2020 3:00,0.19897565
5/7/2020 4:00,0.019140672
5/7/2020 5:00,0
5/7/2020 6:00,0.0330137
5/7/2020 7:00,0.041924336
5/7/2020 8:00,0.017449199
5/7/2020 9:00,0
5/7/2020 10:00,0
5/7/2020 11:00,0
5/7/2020 12:00,0
5/7/2020 13:00,0.240861372
5/7/2020 14:00,0.204423741
5/7/2020 15:00,0.176048267
5/7/2020 16:00,0.034105972
5/7/2020 17:00,0
5/7/2020 18:00,0.029679398
5/7/2020 19:00,0
5/7/2020 20:00,0
5/7/2020 21:00,0
5/7/2020 22:00,0.01356876
5/7/2020 23:00,0.018742678
5/8/2020 0:00,0.129368215
5/8/2020 1:00,0.073499034
5/8/2020 2:00,0.048535453
5/8/2020 3:00,0.025885192
5/8/2020 4:00,0.018510515
5/8/2020 5:00,0.119613316
5/8/2020 6:00,0.153234385
5/8/2020 7:00,0.141301391
5/8/2020 8:00,0.091438966
5/8/2020 9:00,0.033933508
5/8/2020 10:00,0.080942989
5/8/2020 11:00,0.036290515
5/8/2020 12:00,0.047098254
5/8/2020 13:00,0.116582668
5/8/2020 14:00,0.152099367
5/8/2020 15:00,0.052099708
5/8/2020 16:00,0.041176993
5/8/2020 17:00,0
5/8/2020 18:00,0
5/8/2020 19:00,0.093448834
5/8/2020 20:00,0.027379879
5/8/2020 21:00,0.014630077
5/8/2020 22:00,0.122549257
5/8/2020 23:00,0.524066547
5/9/2020 0:00,0.618814673
5/9/2020 1:00,0.612108848
5/9/2020 2:00,0.716083155
5/9/2020 3:00,0.655155916
5/9/2020 4:00,0.397160021
5/9/2020 5:00,0.610378312
5/9/2020 6:00,0.903962248
5/9/2020 7:00,0.970205703
5/9/2020 8:00,0.90041126
5/9/2020 9:00,0.558283684
5/9/2020 10:00,0.331757375
5/9/2020 11:00,0.072605759
5/9/2020 12:00,0
5/9/2020 13:00,0
5/9/2020 14:00,0
5/9/2020 15:00,0.372472253
5/9/2020 16:00,0.055261343
5/9/2020 17:00,0.035830611
5/9/2020 18:00,0
5/9/2020 19:00,0
5/9/2020 20:00,0
5/9/2020 21:00,0
5/9/2020 22:00,0
5/9/2020 23:00,0
5/10/2020 0:00,0
5/10/2020 1:00,0
5/10/2020 2:00,0
5/10/2020 3:00,0
5/10/2020 4:00,0
5/10/2020 5:00,0
5/10/2020 6:00,0
5/10/2020 7:00,0
5/10/2020 8:00,0
5/10/2020 9:00,0
5/10/2020 10:00,0
5/10/2020 11:00,0
5/10/2020 12:00,0
5/10/2020 13:00,0
5/10/2020 14:00,0
5/10/2020 15:00,0
5/10/2020 16:00,0
5/10/2020 17:00,0.081985143
5/10/2020 18:00,0.150850846
5/10/2020 19:00,0
5/10/2020 20:00,0.041291969
5/10/2020 21:00,0.012308447
5/10/2020 22:00,0.007068197
5/10/2020 23:00,0
5/11/2020 0:00,0
5/11/2020 1:00,0
5/11/2020 2:00,0
5/11/2020 3:00,0.017615029
5/11/2020 4:00,0
5/11/2020 5:00,0
5/11/2020 6:00,0.010252146
5/11/2020 7:00,0.012308447
5/11/2020 8:00,0
5/11/2020 9:00,0
5/11/2020 10:00,0
5/11/2020 11:00,0
5/11/2020 12:00,0
5/11/2020 13:00,0
5/11/2020 14:00,0
5/11/2020 15:00,0.008394843
5/11/2020 16:00,0.006537539
5/11/2020 17:00,0.034795828
5/11/2020 18:00,0.011147632
5/11/2020 19:00,0
5/11/2020 20:00,0
5/11/2020 21:00,0.005011897
5/11/2020 22:00,0
5/11/2020 23:00,0
5/12/2020 0:00,0
5/12/2020 1:00,0.044971199
5/12/2020 2:00,0.110521372
5/12/2020 3:00,0.09631521
5/12/2020 4:00,0.133535356
5/12/2020 5:00,0.177069784
5/12/2020 6:00,0.364182929
5/12/2020 7:00,0.410855425
5/12/2020 8:00,0.517919756
5/12/2020 9:00,0.573388118
5/12/2020 10:00,0.516485505
5/12/2020 11:00,0.316733851
5/12/2020 12:00,0.205218254
5/12/2020 13:00,0.329304554
5/12/2020 14:00,0.459525242
5/12/2020 15:00,0.321332889
5/12/2020 16:00,0.438246233
5/12/2020 17:00,0.342641764
5/12/2020 18:00,0.530623124
5/12/2020 19:00,0.559922828
5/12/2020 20:00,0.48103901
5/12/2020 21:00,0.543941171
5/12/2020 22:00,0.328691349
5/12/2020 23:00,0.625087863
5/13/2020 0:00,0.329764458
5/13/2020 1:00,0.157660959
5/13/2020 2:00,0.177637293
5/13/2020 3:00,0.236413425
5/13/2020 4:00,0.155390922
5/13/2020 5:00,0.246486718
5/13/2020 6:00,0.104744199
5/13/2020 7:00,0.07751877
5/13/2020 8:00,0
5/13/2020 9:00,0
5/13/2020 10:00,0.009522491
5/13/2020 11:00,0
5/13/2020 12:00,0
5/13/2020 13:00,0
5/13/2020 14:00,0
5/13/2020 15:00,0
5/13/2020 16:00,0.00773152
5/13/2020 17:00,0.066576155
5/13/2020 18:00,0.072233561
5/13/2020 19:00,0.244786032
5/13/2020 20:00,0.386708265
5/13/2020 21:00,0.503577244
5/13/2020 22:00,0.556439647
5/13/2020 23:00,0.447616772
5/14/2020 0:00,0.513207217
5/14/2020 1:00,0.483087941
5/14/2020 2:00,0.557669005
5/14/2020 3:00,0.603239854
5/14/2020 4:00,0.556439647
5/14/2020 5:00,0.564430475
5/14/2020 6:00,0.57468602
5/14/2020 7:00,0.356285577
5/14/2020 8:00,0.346320995
5/14/2020 9:00,0.664673861
5/14/2020 10:00,0.641095316
5/14/2020 11:00,0.52427144
5/14/2020 12:00,0.383104211
5/14/2020 13:00,0.399682858
5/14/2020 14:00,0.377878333
5/14/2020 15:00,0.492717913
5/14/2020 16:00,0.398601642
5/14/2020 17:00,0.538204167
5/14/2020 18:00,0.702686983
5/14/2020 19:00,0.784738536
5/14/2020 20:00,0.798553338
5/14/2020 21:00,0.647801141
5/14/2020 22:00,0.467720963
5/14/2020 23:00,0.391934143
5/15/2020 0:00,0.24792576
5/15/2020 1:00,0.329764458
5/15/2020 2:00,0.213257932
5/15/2020 3:00,0.271212074
5/15/2020 4:00,0.470999252
5/15/2020 5:00,0.337429521
5/15/2020 6:00,0.620328891
5/15/2020 7:00,0.812936871
5/15/2020 8:00,0.575767604
5/15/2020 9:00,0.484112406
5/15/2020 10:00,0.383644819
5/15/2020 11:00,0.198294638
5/15/2020 12:00,0.198181136
5/15/2020 13:00,0.172983715
5/15/2020 14:00,0.192960049
5/15/2020 15:00,0.274090158
5/15/2020 16:00,0.368147388
5/15/2020 17:00,0.260484671
5/15/2020 18:00,0.262447001
5/15/2020 19:00,0.160044499
5/15/2020 20:00,0.133914187
5/15/2020 21:00,0.068139386
5/15/2020 22:00,0.08913134
5/15/2020 23:00,0.087344791
5/16/2020 0:00,0.022656282
5/16/2020 1:00,0.049742701
5/16/2020 2:00,0.052789563
5/16/2020 3:00,0
5/16/2020 4:00,0.00540989
5/16/2020 5:00,0.067543869
5/16/2020 6:00,0.178772312
5/16/2020 7:00,0.168216636
5/16/2020 8:00,0
5/16/2020 9:00,0.05175478
5/16/2020 10:00,0.069925935
5/16/2020 11:00,0.042556704
5/16/2020 12:00,0
5/16/2020 13:00,0.044568783
5/16/2020 14:00,0.02421804
5/16/2020 15:00,0.079603077
5/16/2020 16:00,0.098209365
5/16/2020 17:00,0.128421137
5/16/2020 18:00,0.18944149
5/16/2020 19:00,0.106354231
5/16/2020 20:00,0.037440274
5/16/2020 21:00,0
5/16/2020 22:00,0
5/16/2020 23:00,0
5/17/2020 0:00,0
5/17/2020 1:00,0
5/17/2020 2:00,0
5/17/2020 3:00,0
5/17/2020 4:00,0
5/17/2020 5:00,0
5/17/2020 6:00,0
5/17/2020 7:00,0
5/17/2020 8:00,0
5/17/2020 9:00,0
5/17/2020 10:00,0
5/17/2020 11:00,0
5/17/2020 12:00,0.056154617
5/17/2020 13:00,0.06575732
5/17/2020 14:00,0.068809342
5/17/2020 15:00,0.019173838
5/17/2020 16:00,0.039049938
5/17/2020 17:00,0
5/17/2020 18:00,0
5/17/2020 19:00,0
5/17/2020 20:00,0.037497762
5/17/2020 21:00,0
5/17/2020 22:00,0.005642053
5/17/2020 23:00,0.031116597
5/18/2020 0:00,0
5/18/2020 1:00,0.012805939
5/18/2020 2:00,0.079900835
5/18/2020 3:00,0.036635443
5/18/2020 4:00,0.026804999
5/18/2020 5:00,0.012175783
5/18/2020 6:00,0
5/18/2020 7:00,0.075434462
5/18/2020 8:00,0.029564422
5/18/2020 9:00,0.013834089
5/18/2020 10:00,0.023700649
5/18/2020 11:00,0.039567329
5/18/2020 12:00,0
5/18/2020 13:00,0
5/18/2020 14:00,0
5/18/2020 15:00,0.016354716
5/18/2020 16:00,0
5/18/2020 17:00,0
5/18/2020 18:00,0
5/18/2020 19:00,0
5/18/2020 20:00,0
5/18/2020 21:00,0
5/18/2020 22:00,0
5/18/2020 23:00,0
5/19/2020 0:00,0
5/19/2020 1:00,0
5/19/2020 2:00,0
5/19/2020 3:00,0
5/19/2020 4:00,0
5/19/2020 5:00,0
5/19/2020 6:00,0
5/19/2020 7:00,0
5/19/2020 8:00,0
5/19/2020 9:00,0
5/19/2020 10:00,0
5/19/2020 11:00,0
5/19/2020 12:00,0
5/19/2020 13:00,0
5/19/2020 14:00,0
5/19/2020 15:00,0
5/19/2020 16:00,0
5/19/2020 17:00,0
5/19/2020 18:00,0.047040766
5/19/2020 19:00,0
5/19/2020 20:00,0.017018039
5/19/2020 21:00,0.142722008
5/19/2020 22:00,0.061514265
5/19/2020 23:00,0
5/20/2020 0:00,0
5/20/2020 1:00,0
5/20/2020 2:00,0
5/20/2020 3:00,0.014198917
5/20/2020 4:00,0.054516947
5/20/2020 5:00,0.149488823
5/20/2020 6:00,0.016155719
5/20/2020 7:00,0.016620045
5/20/2020 8:00,0.008262178
5/20/2020 9:00,0
5/20/2020 10:00,0.007399859
5/20/2020 11:00,0.012441112
5/20/2020 12:00,0.006570705
5/20/2020 13:00,0.018875342
5/20/2020 14:00,0.011545626
5/20/2020 15:00,0
5/20/2020 16:00,0
5/20/2020 17:00,0
5/20/2020 18:00,0
5/20/2020 19:00,0
5/20/2020 20:00,0
5/20/2020 21:00,0.014497412
5/20/2020 22:00,0
5/20/2020 23:00,0
5/21/2020 0:00,0
5/21/2020 1:00,0
5/21/2020 2:00,0
5/21/2020 3:00,0
5/21/2020 4:00,0
5/21/2020 5:00,0.010782805
5/21/2020 6:00,0.006006881
5/21/2020 7:00,0
5/21/2020 8:00,0
5/21/2020 9:00,0
5/21/2020 10:00,0
5/21/2020 11:00,0
5/21/2020 12:00,0
5/21/2020 13:00,0
5/21/2020 14:00,0
5/21/2020 15:00,0
5/21/2020 16:00,0
5/21/2020 17:00,0
5/21/2020 18:00,0
5/21/2020 19:00,0
5/21/2020 20:00,0
5/21/2020 21:00,0
5/21/2020 22:00,0
5/21/2020 23:00,0
5/22/2020 0:00,0
5/22/2020 1:00,0
5/22/2020 2:00,0
5/22/2020 3:00,0
5/22/2020 4:00,0
5/22/2020 5:00,0
5/22/2020 6:00,0
5/22/2020 7:00,0
5/22/2020 8:00,0
5/22/2020 9:00,0
5/22/2020 10:00,0
5/22/2020 11:00,0
5/22/2020 12:00,0
5/22/2020 13:00,0
5/22/2020 14:00,0
5/22/2020 15:00,0
5/22/2020 16:00,0
5/22/2020 17:00,0
5/22/2020 18:00,0
5/22/2020 19:00,0
5/22/2020 20:00,0
5/22/2020 21:00,0
5/22/2020 22:00,0
5/22/2020 23:00,0
5/23/2020 0:00,0
5/23/2020 1:00,0
5/23/2020 2:00,0
5/23/2020 3:00,0
5/23/2020 4:00,0
5/23/2020 5:00,0
5/23/2020 6:00,0
5/23/2020 7:00,0
5/23/2020 8:00,0
5/23/2020 9:00,0
5/23/2020 10:00,0
5/23/2020 11:00,0
5/23/2020 12:00,0
5/23/2020 13:00,0
5/23/2020 14:00,0
5/23/2020 15:00,0
5/23/2020 16:00,0
5/23/2020 17:00,0
5/23/2020 18:00,0
5/23/2020 19:00,0
5/23/2020 20:00,0
5/23/2020 21:00,0
5/23/2020 22:00,0
5/23/2020 23:00,0
5/24/2020 0:00,0
5/24/2020 1:00,0
5/24/2020 2:00,0
5/24/2020 3:00,0
5/24/2020 4:00,0
5/24/2020 5:00,0
5/24/2020 6:00,0
5/24/2020 7:00,0
5/24/2020 8:00,0
5/24/2020 9:00,0
5/24/2020 10:00,0
5/24/2020 11:00,0
5/24/2020 12:00,0
5/24/2020 13:00,0
5/24/2020 14:00,0
5/24/2020 15:00,0
5/24/2020 16:00,0
5/24/2020 17:00,0
5/24/2020 18:00,0
5/24/2020 19:00,0
5/24/2020 20:00,0
5/24/2020 21:00,0
5/24/2020 22:00,0
5/24/2020 23:00,0
5/25/2020 0:00,0
5/25/2020 1:00,0
5/25/2020 2:00,0
5/25/2020 3:00,0
5/25/2020 4:00,0
5/25/2020 5:00,0
5/25/2020 6:00,0
5/25/2020 7:00,0
5/25/2020 8:00,0
5/25/2020 9:00,0
5/25/2020 10:00,0
5/25/2020 11:00,0
5/25/2020 12:00,0
5/25/2020 13:00,0
5/25/2020 14:00,0
5/25/2020 15:00,0.004879232
5/25/2020 16:00,0
5/25/2020 17:00,0.049800189
5/25/2020 18:00,0.083548374
5/25/2020 19:00,0.061142068
5/25/2020 20:00,0.007632022
5/25/2020 21:00,0
5/25/2020 22:00,0
5/25/2020 23:00,0
5/26/2020 0:00,0
5/26/2020 1:00,0
5/26/2020 2:00,0
5/26/2020 3:00,0
5/26/2020 4:00,0
5/26/2020 5:00,0
5/26/2020 6:00,0
5/26/2020 7:00,0
5/26/2020 8:00,0
5/26/2020 9:00,0
5/26/2020 10:00,0
5/26/2020 11:00,0
5/26/2020 12:00,0
5/26/2020 13:00,0
5/26/2020 14:00,0
5/26/2020 15:00,0
5/26/2020 16:00,0
5/26/2020 17:00,0
5/26/2020 18:00,0
5/26/2020 19:00,0
5/26/2020 20:00,0
5/26/2020 21:00,0
5/26/2020 22:00,0
5/26/2020 23:00,0
5/27/2020 0:00,0
5/27/2020 1:00,0
5/27/2020 2:00,0
5/27/2020 3:00,0
5/27/2020 4:00,0.021495467
5/27/2020 5:00,0
5/27/2020 6:00,0
5/27/2020 7:00,0
5/27/2020 8:00,0.054665826
5/27/2020 9:00,0.043878927
5/27/2020 10:00,0.250280556
5/27/2020 11:00,0.720688089
5/27/2020 12:00,0.390852927
5/27/2020 13:00,0.194776079
5/27/2020 14:00,0.38166259
5/27/2020 15:00,0.239291509
5/27/2020 16:00,0.201132186
5/27/2020 17:00,0.504601709
5/27/2020 18:00,0.529803552
5/27/2020 19:00,0.342335162
5/27/2020 20:00,0.352146442
5/27/2020 21:00,0.14092256
5/27/2020 22:00,0.227255885
5/27/2020 23:00,0.351073334
5/28/2020 0:00,0.368147388
5/28/2020 1:00,0.571008632
5/28/2020 2:00,0.631144737
5/28/2020 3:00,0.61903099
5/28/2020 4:00,0.612757799
5/28/2020 5:00,0.941624241
5/28/2020 6:00,0.882209142
5/28/2020 7:00,0.851838541
5/28/2020 8:00,0.927205078
5/28/2020 9:00,0.928711557
5/28/2020 10:00,0.980227404
5/28/2020 11:00,0.998015889
5/28/2020 12:00,0.987407478
5/28/2020 13:00,0.97768135
5/28/2020 14:00,0.845013686
5/28/2020 15:00,0.49722556
5/28/2020 16:00,0.309068788
5/28/2020 17:00,0.264147687
5/28/2020 18:00,0.146424272
5/28/2020 19:00,0.260746315
5/28/2020 20:00,0.389231102
5/28/2020 21:00,0.436264003
5/28/2020 22:00,0.379319955
5/28/2020 23:00,0.449599002
5/29/2020 0:00,0.651045894
5/29/2020 1:00,0.640878999
5/29/2020 2:00,0.191257521
5/29/2020 3:00,0.019306502
5/29/2020 4:00,0
5/29/2020 5:00,0.130883539
5/29/2020 6:00,0
5/29/2020 7:00,0
5/29/2020 8:00,0.188760479
5/29/2020 9:00,0.244524388
5/29/2020 10:00,0.436624409
5/29/2020 11:00,0.343714873
5/29/2020 12:00,0.21705177
5/29/2020 13:00,0.0344509
5/29/2020 14:00,0
5/29/2020 15:00,0.053939323
5/29/2020 16:00,0.21508944
5/29/2020 17:00,0.853203512
5/29/2020 18:00,0.075508902
5/29/2020 19:00,0.083176176
5/29/2020 20:00,0
5/29/2020 21:00,0
5/29/2020 22:00,0
5/29/2020 23:00,0
5/30/2020 0:00,0
5/30/2020 1:00,0
5/30/2020 2:00,0
5/30/2020 3:00,0
5/30/2020 4:00,0
5/30/2020 5:00,0
5/30/2020 6:00,0
5/30/2020 7:00,0
5/30/2020 8:00,0
5/30/2020 9:00,0
5/30/2020 10:00,0.153347887
5/30/2020 11:00,0.362741308
5/30/2020 12:00,0.18342589
5/30/2020 13:00,0
5/30/2020 14:00,0.009787821
5/30/2020 15:00,0.011645124
5/30/2020 16:00,0
5/30/2020 17:00,0.021064308
5/30/2020 18:00,0.056005738
5/30/2020 19:00,0.01632155
5/30/2020 20:00,0.130220584
5/30/2020 21:00,0.012739607
5/30/2020 22:00,0
5/30/2020 23:00,0
5/31/2020 0:00,0.028702102
5/31/2020 1:00,0.133914187
5/31/2020 2:00,0.117529746
5/31/2020 3:00,0.17025967
5/31/2020 4:00,0.181950365
5/31/2020 5:00,0.274090158
5/31/2020 6:00,0.486161336
5/31/2020 7:00,0.75543441
5/31/2020 8:00,0.759411399
5/31/2020 9:00,0.543326492
5/31/2020 10:00,0.583771331
5/31/2020 11:00,0.271735362
5/31/2020 12:00,0.135429511
5/31/2020 13:00,0.274744268
5/31/2020 14:00,0.424731031
5/31/2020 15:00,0.41860414
5/31/2020 16:00,0.352299744
5/31/2020 17:00,0.234581917
5/31/2020 18:00,0.097641118
5/31/2020 19:00,0.099440565
5/31/2020 20:00,0.3106018
5/31/2020 21:00,0.279328343
5/31/2020 22:00,0.689709442
5/31/2020 23:00,0.88442722
6/1/2020 0:00,0.723827817
6/1/2020 1:00,0.536360129
6/1/2020 2:00,0.711268906
6/1/2020 3:00,0.811571901
6/1/2020 4:00,0.988633888
6/1/2020 5:00,0.98335089
6/1/2020 6:00,0.901272106
6/1/2020 7:00,0.802017105
6/1/2020 8:00,0.913001126
6/1/2020 9:00,0.883062249
6/1/2020 10:00,0.923761695
6/1/2020 11:00,0.96332594
6/1/2020 12:00,0.807647609
6/1/2020 13:00,0.475506898
6/1/2020 14:00,0.867876948
6/1/2020 15:00,0.812083765
6/1/2020 16:00,0.745387281
6/1/2020 17:00,0.516075719
6/1/2020 18:00,0.341721957
6/1/2020 19:00,0.559922828
6/1/2020 20:00,0.303396641
6/1/2020 21:00,0.519149114
6/1/2020 22:00,0.934522265
6/1/2020 23:00,0.989765959
6/2/2020 0:00,0.984860318
6/2/2020 1:00,0.997172363
6/2/2020 2:00,1
6/2/2020 3:00,0.99992466
6/2/2020 4:00,0.998356394
6/2/2020 5:00,0.993067832
6/2/2020 6:00,0.999552462
6/2/2020 7:00,0.996057981
6/2/2020 8:00,0.999524824
6/2/2020 9:00,1
6/2/2020 10:00,1
6/2/2020 11:00,0.984011265
6/2/2020 12:00,0.554595609
6/2/2020 13:00,0.590909789
6/2/2020 14:00,0.929249586
6/2/2020 15:00,0.877090502
6/2/2020 16:00,0.831193357
6/2/2020 17:00,0.752503998
6/2/2020 18:00,0.539433525
6/2/2020 19:00,0.714408634
6/2/2020 20:00,0.761713866
6/2/2020 21:00,0.735758783
6/2/2020 22:00,0.935060293
6/2/2020 23:00,0.645421654
6/3/2020 0:00,0.780970863
6/3/2020 1:00,0.773854146
6/3/2020 2:00,0.444192921
6/3/2020 3:00,0.782854699
6/3/2020 4:00,0.997590257
6/3/2020 5:00,1
6/3/2020 6:00,1
6/3/2020 7:00,0.987973513
6/3/2020 8:00,1
6/3/2020 9:00,1
6/3/2020 10:00,1
6/3/2020 11:00,0.999016276
6/3/2020 12:00,0.998766549
6/3/2020 13:00,0.997667644
6/3/2020 14:00,0.995516267
6/3/2020 15:00,0.929464797
6/3/2020 16:00,0.716920416
6/3/2020 17:00,0.855933453
6/3/2020 18:00,0.387609278
6/3/2020 19:00,0.307535775
6/3/2020 20:00,0.330071061
6/3/2020 21:00,0.126053443
6/3/2020 22:00,0.566479405
6/3/2020 23:00,0.502552779
6/4/2020 0:00,0.487595587
6/4/2020 1:00,0.792064567
6/4/2020 2:00,0.965926165
6/4/2020 3:00,0.980823289
6/4/2020 4:00,0.997520608
6/4/2020 5:00,0.994819779
6/4/2020 6:00,0.9613216
6/4/2020 7:00,1
6/4/2020 8:00,1
6/4/2020 9:00,0.999379261
6/4/2020 10:00,0.982006556
6/4/2020 11:00,0.891593317
6/4/2020 12:00,0.918166199
6/4/2020 13:00,0.913001126
6/4/2020 14:00,0.590260838
6/4/2020 15:00,0.423109207
6/4/2020 16:00,0.33727622
6/4/2020 17:00,0.321946094
6/4/2020 18:00,0.1181927
6/4/2020 19:00,0.19364106
6/4/2020 20:00,0.169578659
6/4/2020 21:00,0.216528482
6/4/2020 22:00,0.017681361
6/4/2020 23:00,0
6/5/2020 0:00,0.037900178
6/5/2020 1:00,0
6/5/2020 2:00,0
6/5/2020 3:00,0
6/5/2020 4:00,0
6/5/2020 5:00,0
6/5/2020 6:00,0
6/5/2020 7:00,0
6/5/2020 8:00,0
6/5/2020 9:00,0
6/5/2020 10:00,0
6/5/2020 11:00,0.007035031
6/5/2020 12:00,0.007996849
6/5/2020 13:00,0
6/5/2020 14:00,0.023873113
6/5/2020 15:00,0.091290087
6/5/2020 16:00,0.180247837
6/5/2020 17:00,0.087940307
6/5/2020 18:00,0.072233561
6/5/2020 19:00,0.124727535
6/5/2020 20:00,0.054665826
6/5/2020 21:00,0.008991833
6/5/2020 22:00,0.00670337
6/5/2020 23:00,0.069777056
6/6/2020 0:00,0.285766996
6/6/2020 1:00,0.310141897
6/6/2020 2:00,0.05060502
6/6/2020 3:00,0.162768545
6/6/2020 4:00,0.169919164
6/6/2020 5:00,0.416261505
6/6/2020 6:00,0.199997167
6/6/2020 7:00,0.136471296
6/6/2020 8:00,0.074764506
6/6/2020 9:00,0.009887319
6/6/2020 10:00,0.028299687
6/6/2020 11:00,0.040659601
6/6/2020 12:00,0.137039542
6/6/2020 13:00,0.089726857
6/6/2020 14:00,0.151191351
6/6/2020 15:00,0.084367209
6/6/2020 16:00,0.103228875
6/6/2020 17:00,0.125011658
6/6/2020 18:00,0.263755221
6/6/2020 19:00,0.366345361
6/6/2020 20:00,0.153801895
6/6/2020 21:00,0.062928617
6/6/2020 22:00,0.051352364
6/6/2020 23:00,0
6/7/2020 0:00,0
6/7/2020 1:00,0
6/7/2020 2:00,0
6/7/2020 3:00,0
6/7/2020 4:00,0
6/7/2020 5:00,0
6/7/2020 6:00,0
6/7/2020 7:00,0
6/7/2020 8:00,0
6/7/2020 9:00,0
6/7/2020 10:00,0
6/7/2020 11:00,0
6/7/2020 12:00,0
6/7/2020 13:00,0
6/7/2020 14:00,0
6/7/2020 15:00,0
6/7/2020 16:00,0
6/7/2020 17:00,0
6/7/2020 18:00,0
6/7/2020 19:00,0.015724559
6/7/2020 20:00,0.078263165
6/7/2020 21:00,0
6/7/2020 22:00,0
6/7/2020 23:00,0
6/8/2020 0:00,0
6/8/2020 1:00,0
6/8/2020 2:00,0
6/8/2020 3:00,0
6/8/2020 4:00,0
6/8/2020 5:00,0
6/8/2020 6:00,0
6/8/2020 7:00,0
6/8/2020 8:00,0
6/8/2020 9:00,0
6/8/2020 10:00,0
6/8/2020 11:00,0
6/8/2020 12:00,0
6/8/2020 13:00,0
6/8/2020 14:00,0
6/8/2020 15:00,0.006371708
6/8/2020 16:00,0.026172632
6/8/2020 17:00,0.170486674
6/8/2020 18:00,0.127663475
6/8/2020 19:00,0.063673012
6/8/2020 20:00,0.084441648
6/8/2020 21:00,0.031806453
6/8/2020 22:00,0.04295912
6/8/2020 23:00,0
6/9/2020 0:00,0
6/9/2020 1:00,0
6/9/2020 2:00,0
6/9/2020 3:00,0
6/9/2020 4:00,0
6/9/2020 5:00,0
6/9/2020 6:00,0
6/9/2020 7:00,0
6/9/2020 8:00,0
6/9/2020 9:00,0
6/9/2020 10:00,0
6/9/2020 11:00,0.012805939
6/9/2020 12:00,0
6/9/2020 13:00,0.014364748
6/9/2020 14:00,0
6/9/2020 15:00,0
6/9/2020 16:00,0.078412044
6/9/2020 17:00,0.053249467
6/9/2020 18:00,0.008129514
6/9/2020 19:00,0
6/9/2020 20:00,0
6/9/2020 21:00,0
6/9/2020 22:00,0
6/9/2020 23:00,0
6/10/2020 0:00,0
6/10/2020 1:00,0.0110813
6/10/2020 2:00,0
6/10/2020 3:00,0
6/10/2020 4:00,0
6/10/2020 5:00,0
6/10/2020 6:00,0
6/10/2020 7:00,0
6/10/2020 8:00,0
6/10/2020 9:00,0
6/10/2020 10:00,0
6/10/2020 11:00,0
6/10/2020 12:00,0
6/10/2020 13:00,0
6/10/2020 14:00,0
6/10/2020 15:00,0
6/10/2020 16:00,0.021628132
6/10/2020 17:00,0
6/10/2020 18:00,0
6/10/2020 19:00,0
6/10/2020 20:00,0
6/10/2020 21:00,0
6/10/2020 22:00,0
6/10/2020 23:00,0.115351467
6/11/2020 0:00,0.110805495
6/11/2020 1:00,0.133819479
6/11/2020 2:00,0.01967133
6/11/2020 3:00,0.013701425
6/11/2020 4:00,0
6/11/2020 5:00,0.02875959
6/11/2020 6:00,0.026345095
6/11/2020 7:00,0.184674411
6/11/2020 8:00,0.323172504
6/11/2020 9:00,0.398061034
6/11/2020 10:00,0.6281163
6/11/2020 11:00,0.902025345
6/11/2020 12:00,0.777831135
6/11/2020 13:00,0.758364823
6/11/2020 14:00,0.479399866
6/11/2020 15:00,0.100955889
6/11/2020 16:00,0.049915165
6/11/2020 17:00,0.089503538
6/11/2020 18:00,0.263755221
6/11/2020 19:00,0.310755102
6/11/2020 20:00,0.315967345
6/11/2020 21:00,0.159022982
6/11/2020 22:00,0.456086299
6/11/2020 23:00,0.167308621
6/12/2020 0:00,0
6/12/2020 1:00,0
6/12/2020 2:00,0
6/12/2020 3:00,0
6/12/2020 4:00,0
6/12/2020 5:00,0
6/12/2020 6:00,0
6/12/2020 7:00,0.070223693
6/12/2020 8:00,0.325012119
6/12/2020 9:00,0.121886302
6/12/2020 10:00,0.022258289
6/12/2020 11:00,0
6/12/2020 12:00,0
6/12/2020 13:00,0.051524828
6/12/2020 14:00,0
6/12/2020 15:00,0
6/12/2020 16:00,0.005940548
6/12/2020 17:00,0.095368132
6/12/2020 18:00,0.036980371
6/12/2020 19:00,0.011578792
6/12/2020 20:00,0
6/12/2020 21:00,0
6/12/2020 22:00,0
6/12/2020 23:00,0
6/13/2020 0:00,0
6/13/2020 1:00,0
6/13/2020 2:00,0
6/13/2020 3:00,0
6/13/2020 4:00,0
6/13/2020 5:00,0.033473604
6/13/2020 6:00,0
6/13/2020 7:00,0
6/13/2020 8:00,0
6/13/2020 9:00,0.013767757
6/13/2020 10:00,0.02258995
6/13/2020 11:00,0.023470697
6/13/2020 12:00,0.023758137
6/13/2020 13:00,0.035428195
6/13/2020 14:00,0.042154288
6/13/2020 15:00,0.023988089
6/13/2020 16:00,0.010185814
6/13/2020 17:00,0
6/13/2020 18:00,0
6/13/2020 19:00,0
6/13/2020 20:00,0
6/13/2020 21:00,0
6/13/2020 22:00,0
6/13/2020 23:00,0
6/14/2020 0:00,0
6/14/2020 1:00,0
6/14/2020 2:00,0
6/14/2020 3:00,0
6/14/2020 4:00,0
6/14/2020 5:00,0
6/14/2020 6:00,0
6/14/2020 7:00,0
6/14/2020 8:00,0
6/14/2020 9:00,0
6/14/2020 10:00,0
6/14/2020 11:00,0
6/14/2020 12:00,0
6/14/2020 13:00,0
6/14/2020 14:00,0
6/14/2020 15:00,0
6/14/2020 16:00,0
6/14/2020 17:00,0
6/14/2020 18:00,0
6/14/2020 19:00,0
6/14/2020 20:00,0
6/14/2020 21:00,0
6/14/2020 22:00,0
6/14/2020 23:00,0
6/15/2020 0:00,0
6/15/2020 1:00,0
6/15/2020 2:00,0
6/15/2020 3:00,0.030024326
6/15/2020 4:00,0.172870213
6/15/2020 5:00,0.385266643
6/15/2020 6:00,0.085632681
6/15/2020 7:00,0.200678178
6/15/2020 8:00,0.104081245
6/15/2020 9:00,0.014165751
6/15/2020 10:00,0
6/15/2020 11:00,0.01632155
6/15/2020 12:00,0
6/15/2020 13:00,0
6/15/2020 14:00,0
6/15/2020 15:00,0
6/15/2020 16:00,0.075657781
6/15/2020 17:00,0.026460071
6/15/2020 18:00,0
6/15/2020 19:00,0
6/15/2020 20:00,0
6/15/2020 21:00,0
6/15/2020 22:00,0
6/15/2020 23:00,0
6/16/2020 0:00,0.050662508
6/16/2020 1:00,0.345554488
6/16/2020 2:00,0.193527559
6/16/2020 3:00,0.378779347
6/16/2020 4:00,0.616218869
6/16/2020 5:00,0.880161686
6/16/2020 6:00,0.879479201
6/16/2020 7:00,0.922793244
6/16/2020 8:00,0.850302949
6/16/2020 9:00,0.617949405
6/16/2020 10:00,0.897505906
6/16/2020 11:00,0.78369196
6/16/2020 12:00,0.78327333
6/16/2020 13:00,0.944314383
6/16/2020 14:00,0.872654346
6/16/2020 15:00,0.926774655
6/16/2020 16:00,0.991723498
6/16/2020 17:00,0.984129189
6/16/2020 18:00,0.96012983
6/16/2020 19:00,0.983822587
6/16/2020 20:00,0.99926318
6/16/2020 21:00,0.970259874
6/16/2020 22:00,0.985284845
6/16/2020 23:00,0.980714946
6/17/2020 0:00,0.866170735
6/17/2020 1:00,0.819932347
6/17/2020 2:00,0.994600845
6/17/2020 3:00,0.995423402
6/17/2020 4:00,0.999053128
6/17/2020 5:00,0.942485086
6/17/2020 6:00,0.962838398
6/17/2020 7:00,0.949587062
6/17/2020 8:00,0.961159086
6/17/2020 9:00,0.958071318
6/17/2020 10:00,0.997094976
6/17/2020 11:00,0.995926422
6/17/2020 12:00,0.974593583
6/17/2020 13:00,0.987053706
6/17/2020 14:00,0.98276127
6/17/2020 15:00,0.899765626
6/17/2020 16:00,0.712943428
6/17/2020 17:00,0.478375401
6/17/2020 18:00,0.237198357
6/17/2020 19:00,0.363462118
6/17/2020 20:00,0.357358685
6/17/2020 21:00,0.362561105
6/17/2020 22:00,0.172189202
6/17/2020 23:00,0.506240853
6/18/2020 0:00,0.708129178
6/18/2020 1:00,0.635471076
6/18/2020 2:00,0.957204576
6/18/2020 3:00,0.991982931
6/18/2020 4:00,0.997265228
6/18/2020 5:00,1
6/18/2020 6:00,1
6/18/2020 7:00,0.999799366
6/18/2020 8:00,1
6/18/2020 9:00,1
6/18/2020 10:00,1
6/18/2020 11:00,0.9994069
6/18/2020 12:00,0.982666931
6/18/2020 13:00,0.936997196
6/18/2020 14:00,0.61967994
6/18/2020 15:00,0.887157162
6/18/2020 16:00,0.928711557
6/18/2020 17:00,0.681113947
6/18/2020 18:00,0.580959211
6/18/2020 19:00,0.350306827
6/18/2020 20:00,0.911387041
6/18/2020 21:00,0.983091458
6/18/2020 22:00,0.960725715
6/18/2020 23:00,0.828975279
6/19/2020 0:00,0.656237501
6/19/2020 1:00,0.686089236
6/19/2020 2:00,0.657535402
6/19/2020 3:00,0.96213417
6/19/2020 4:00,0.929680009
6/19/2020 5:00,0.993232926
6/19/2020 6:00,0.982949949
6/19/2020 7:00,0.943776355
6/19/2020 8:00,0.895138581
6/19/2020 9:00,0.656670135
6/19/2020 10:00,0.694942322
6/19/2020 11:00,0.361497819
6/19/2020 12:00,0.32639183
6/19/2020 13:00,0.50398703
6/19/2020 14:00,0.595019811
6/19/2020 15:00,0.712943428
6/19/2020 16:00,0.66121279
6/19/2020 17:00,0.891763938
6/19/2020 18:00,0.890228346
6/19/2020 19:00,0.374274279
6/19/2020 20:00,0.443832516
6/19/2020 21:00,0.040372161
6/19/2020 22:00,0.582689746
6/19/2020 23:00,0.590909789
6/20/2020 0:00,0.401484885
6/20/2020 1:00,0.952277204
6/20/2020 2:00,0.965980337
6/20/2020 3:00,0.917628171
6/20/2020 4:00,0.957421262
6/20/2020 5:00,0.920748736
6/20/2020 6:00,0.935490716
6/20/2020 7:00,0.975839524
6/20/2020 8:00,0.973130956
6/20/2020 9:00,0.991275386
6/20/2020 10:00,0.921609582
6/20/2020 11:00,0.861393337
6/20/2020 12:00,0.966142851
6/20/2020 13:00,0.970476559
6/20/2020 14:00,1
6/20/2020 15:00,0.992336703
6/20/2020 16:00,0.266240839
6/20/2020 17:00,0.730107273
6/20/2020 18:00,0
6/20/2020 19:00,0.268203169
6/20/2020 20:00,0.424550829
6/20/2020 21:00,0.944852411
6/20/2020 22:00,0.233535341
6/20/2020 23:00,0.762969757
6/21/2020 0:00,0.900518866
6/21/2020 1:00,0.997489653
6/21/2020 2:00,0.985520693
6/21/2020 3:00,0.934091842
6/21/2020 4:00,0.968147191
6/21/2020 5:00,0.823856638
6/21/2020 6:00,0.856274696
6/21/2020 7:00,0.767784006
6/21/2020 8:00,0.912032675
6/21/2020 9:00,0.842454366
6/21/2020 10:00,0.852521026
6/21/2020 11:00,0.971885015
6/21/2020 12:00,0.999016276
6/21/2020 13:00,0.997814681
6/21/2020 14:00,0.995051942
6/21/2020 15:00,0.996057981
6/21/2020 16:00,0.98398768
6/21/2020 17:00,0.929464797
6/21/2020 18:00,0.885621569
6/21/2020 19:00,0.625953131
6/21/2020 20:00,0.922685639
6/21/2020 21:00,0.841260017
6/21/2020 22:00,0.956500349
6/21/2020 23:00,0.74936427
6/22/2020 0:00,0.845354929
6/22/2020 1:00,0.98276127
6/22/2020 2:00,0.994270657
6/22/2020 3:00,0.928926769
6/22/2020 4:00,0.689709442
6/22/2020 5:00,0.828634036
6/22/2020 6:00,0.866170735
6/22/2020 7:00,0.655372233
6/22/2020 8:00,0.681113947
6/22/2020 9:00,0.996243711
6/22/2020 10:00,0.799599914
6/22/2020 11:00,0.659482255
6/22/2020 12:00,0.919349862
6/22/2020 13:00,0.609513045
6/22/2020 14:00,0.847402385
6/22/2020 15:00,0.735340152
6/22/2020 16:00,0.74413139
6/22/2020 17:00,0.655372233
6/22/2020 18:00,0.479194973
6/22/2020 19:00,0.391934143
6/22/2020 20:00,0.370850428
6/22/2020 21:00,0.330377663
6/22/2020 22:00,0.155617925
6/22/2020 23:00,0.668134932
6/23/2020 0:00,0.677652876
6/23/2020 1:00,0.461574172
6/23/2020 2:00,0.475097112
6/23/2020 3:00,0.709385069
6/23/2020 4:00,0.92365409
6/23/2020 5:00,0.893128909
6/23/2020 6:00,0.856274696
6/23/2020 7:00,0.654723282
6/23/2020 8:00,0.808671337
6/23/2020 9:00,0.634173174
6/23/2020 10:00,0.77197031
6/23/2020 11:00,0.48780048
6/23/2020 12:00,0.502552779
6/23/2020 13:00,0.439327449
6/23/2020 14:00,0.501528314
6/23/2020 15:00,0.333137086
6/23/2020 16:00,0.416441708
6/23/2020 17:00,0.292818854
6/23/2020 18:00,0.256036723
6/23/2020 19:00,0.306002763
6/23/2020 20:00,0.352146442
6/23/2020 21:00,0.07751877
6/23/2020 22:00,0.067320551
6/23/2020 23:00,0.417342721
6/24/2020 0:00,0.382022995
6/24/2020 1:00,0.544555851
6/24/2020 2:00,0.422929005
6/24/2020 3:00,0.493742378
6/24/2020 4:00,0.882209142
6/24/2020 5:00,0.675057073
6/24/2020 6:00,0.843307473
6/24/2020 7:00,0.958017147
6/24/2020 8:00,0.855592211
6/24/2020 9:00,0.822321046
6/24/2020 10:00,0.521402938
6/24/2020 11:00,0.740991662
6/24/2020 12:00,0.800018544
6/24/2020 13:00,0.570372373
6/24/2020 14:00,0.672028636
6/24/2020 15:00,0.498454918
6/24/2020 16:00,0.797925393
6/24/2020 17:00,0.475097112
6/24/2020 18:00,0.525500799
6/24/2020 19:00,0.473253075
6/24/2020 20:00,0.459149744
6/24/2020 21:00,0.665106495
6/24/2020 22:00,0.842624987
6/24/2020 23:00,0.889204618
6/25/2020 0:00,0.877943608
6/25/2020 1:00,0.743503445
6/25/2020 2:00,0.567094084
6/25/2020 3:00,0.487595587
6/25/2020 4:00,0.918596622
6/25/2020 5:00,0.814984328
6/25/2020 6:00,0.540662883
6/25/2020 7:00,0.826245337
6/25/2020 8:00,0.967226278
6/25/2020 9:00,0.995028725
6/25/2020 10:00,0.962188341
6/25/2020 11:00,0.83034025
6/25/2020 12:00,0.913216338
6/25/2020 13:00,0.874872424
6/25/2020 14:00,0.840577531
6/25/2020 15:00,0.827780929
6/25/2020 16:00,0.640446365
6/25/2020 17:00,0.33114417
6/25/2020 18:00,0.414639681
6/25/2020 19:00,0.702896299
6/25/2020 20:00,0.494357057
6/25/2020 21:00,0.324858818
6/25/2020 22:00,0.511363179
6/25/2020 23:00,0.716501786
6/26/2020 0:00,0.545785209
6/26/2020 1:00,0.608864094
6/26/2020 2:00,0.845184308
6/26/2020 3:00,0.92838874
6/26/2020 4:00,0.988515964
6/26/2020 5:00,0.995168023
6/26/2020 6:00,0.982053726
6/26/2020 7:00,0.996893768
6/26/2020 8:00,0.992265948
6/26/2020 9:00,0.99330368
6/26/2020 10:00,0.996584217
6/26/2020 11:00,0.997033066
6/26/2020 12:00,0.990921614
6/26/2020 13:00,0.994435751
6/26/2020 14:00,0.996793164
6/26/2020 15:00,0.983232966
6/26/2020 16:00,0.941193818
6/26/2020 17:00,0.506650639
6/26/2020 18:00,0.73282837
6/26/2020 19:00,0.850814813
6/26/2020 20:00,0.869924405
6/26/2020 21:00,0.982006556
6/26/2020 22:00,0.970422388
6/26/2020 23:00,0.791855252
6/27/2020 0:00,0.917843382
6/27/2020 1:00,0.925698598
6/27/2020 2:00,0.813789978
6/27/2020 3:00,0.490259197
6/27/2020 4:00,0.79499498
6/27/2020 5:00,0.992407457
6/27/2020 6:00,0.996545523
6/27/2020 7:00,0.838700696
6/27/2020 8:00,0.984129189
6/27/2020 9:00,0.988115022
6/27/2020 10:00,0.959154745
6/27/2020 11:00,0.979685691
6/27/2020 12:00,0.92440733
6/27/2020 13:00,0.756271671
6/27/2020 14:00,0.812595629
6/27/2020 15:00,0.350306827
6/27/2020 16:00,0.298184398
6/27/2020 17:00,0.193187053
6/27/2020 18:00,0.212080535
6/27/2020 19:00,0.152212868
6/27/2020 20:00,0.028012247
6/27/2020 21:00,0.125958736
6/27/2020 22:00,0.076178858
6/27/2020 23:00,0.104649492
6/28/2020 0:00,0.074392308
6/28/2020 1:00,0.235497671
6/28/2020 2:00,0.177864297
6/28/2020 3:00,0.256429189
6/28/2020 4:00,0.511363179
6/28/2020 5:00,0.122549257
6/28/2020 6:00,0
6/28/2020 7:00,0.177183286
6/28/2020 8:00,0.13249357
6/28/2020 9:00,0.131830616
6/28/2020 10:00,0.045891006
6/28/2020 11:00,0.101618844
6/28/2020 12:00,0.026172632
6/28/2020 13:00,0
6/28/2020 14:00,0
6/28/2020 15:00,0
6/28/2020 16:00,0
6/28/2020 17:00,0
6/28/2020 18:00,0
6/28/2020 19:00,0
6/28/2020 20:00,0
6/28/2020 21:00,0
6/28/2020 22:00,0
6/28/2020 23:00,0
6/29/2020 0:00,0.030369254
6/29/2020 1:00,0
6/29/2020 2:00,0
6/29/2020 3:00,0
6/29/2020 4:00,0
6/29/2020 5:00,0.039912257
6/29/2020 6:00,0.006836034
6/29/2020 7:00,0
6/29/2020 8:00,0
6/29/2020 9:00,0.009024999
6/29/2020 10:00,0.054665826
6/29/2020 11:00,0.072159122
6/29/2020 12:00,0.037440274
6/29/2020 13:00,0
6/29/2020 14:00,0
6/29/2020 15:00,0.027092439
6/29/2020 16:00,0
6/29/2020 17:00,0.006239044
6/29/2020 18:00,0.030656693
6/29/2020 19:00,0
6/29/2020 20:00,0.763179072
6/29/2020 21:00,0.202834714
6/29/2020 22:00,0.376616914
6/29/2020 23:00,0.059802156
6/30/2020 0:00,0.018908509
6/30/2020 1:00,0.17502675
6/30/2020 2:00,0.2689881
6/30/2020 3:00,0.05563354
6/30/2020 4:00,0
6/30/2020 5:00,0
6/30/2020 6:00,0.017814026
6/30/2020 7:00,0
6/30/2020 8:00,0
6/30/2020 9:00,0
6/30/2020 10:00,0.03899245
6/30/2020 11:00,0.124064581
6/30/2020 12:00,0.113741436
6/30/2020 13:00,0.215220262
6/30/2020 14:00,0.349540321
6/30/2020 15:00,0.442030489
6/30/2020 16:00,0.515051254
6/30/2020 17:00,0.538613953
6/30/2020 18:00,0.598913515
6/30/2020 19:00,0.424010221
6/30/2020 20:00,0.72717686
6/30/2020 21:00,0.867194463
6/30/2020 22:00,0.756480986
6/30/2020 23:00,0.032266357
7/1/2020 0:00,0
7/1/2020 1:00,0.065980639
7/1/2020 2:00,0.261662069
7/1/2020 3:00,0.27683742
7/1/2020 4:00,0.268464813
7/1/2020 5:00,0.273959336
7/1/2020 6:00,0.763807017
7/1/2020 7:00,0.753341258
7/1/2020 8:00,0.580959211
7/1/2020 9:00,0.826415959
7/1/2020 10:00,0.875896152
7/1/2020 11:00,0.851838541
7/1/2020 12:00,0.762551126
7/1/2020 13:00,0.665106495
7/1/2020 14:00,0.486366229
7/1/2020 15:00,0.411756438
7/1/2020 16:00,0.362561105
7/1/2020 17:00,0.835800133
7/1/2020 18:00,0.720478774
7/1/2020 19:00,0.781180178
7/1/2020 20:00,0.688034921
7/1/2020 21:00,0.911064224
7/1/2020 22:00,0.751038791
7/1/2020 23:00,0.709385069
7/2/2020 0:00,0.619896257
7/2/2020 1:00,0.536155236
7/2/2020 2:00,0.598697199
7/2/2020 3:00,0.445274138
7/2/2020 4:00,0.25250453
7/2/2020 5:00,0.287146707
7/2/2020 6:00,0.41860414
7/2/2020 7:00,0.367066172
7/2/2020 8:00,0.263101111
7/2/2020 9:00,0.229872325
7/2/2020 10:00,0.081538506
7/2/2020 11:00,0.059355518
7/2/2020 12:00,0.016288384
7/2/2020 13:00,0.007532523
7/2/2020 14:00,0.103607706
7/2/2020 15:00,0.077890967
7/2/2020 16:00,0
7/2/2020 17:00,0.061439826
7/2/2020 18:00,0
7/2/2020 19:00,0
7/2/2020 20:00,0
7/2/2020 21:00,0
7/2/2020 22:00,0
7/2/2020 23:00,0.023815625
7/3/2020 0:00,0.043936415
7/3/2020 1:00,0
7/3/2020 2:00,0
7/3/2020 3:00,0
7/3/2020 4:00,0
7/3/2020 5:00,0
7/3/2020 6:00,0
7/3/2020 7:00,0
7/3/2020 8:00,0.111847281
7/3/2020 9:00,0.086972593
7/3/2020 10:00,0.088014747
7/3/2020 11:00,0.286380201
7/3/2020 12:00,0.54517053
7/3/2020 13:00,0.440228462
7/3/2020 14:00,0.234058629
7/3/2020 15:00,0.225686022
7/3/2020 16:00,0.458969542
7/3/2020 17:00,0.549063497
7/3/2020 18:00,0.795832241
7/3/2020 19:00,0.738270565
7/3/2020 20:00,0.611892531
7/3/2020 21:00,0.977139637
7/3/2020 22:00,0.991228217
7/3/2020 23:00,0.999154469
7/4/2020 0:00,0.982690516
7/4/2020 1:00,0.994742353
7/4/2020 2:00,0.98839804
7/4/2020 3:00,0.907836053
7/4/2020 4:00,0.953575095
7/4/2020 5:00,0.92914198
7/4/2020 6:00,0.9609424
7/4/2020 7:00,0.981527517
7/4/2020 8:00,0.940763395
7/4/2020 9:00,0.586150817
7/4/2020 10:00,0.49251302
7/4/2020 11:00,0.473457968
7/4/2020 12:00,0.455365488
7/4/2020 13:00,0.534720985
7/4/2020 14:00,0.316427248
7/4/2020 15:00,0.51546104
7/4/2020 16:00,0.414459478
7/4/2020 17:00,0.569552801
7/4/2020 18:00,0.714199319
7/4/2020 19:00,0.351533237
7/4/2020 20:00,0.785157166
7/4/2020 21:00,0.71587384
7/4/2020 22:00,0.530418231
7/4/2020 23:00,0.989482941
7/5/2020 0:00,0.928065923
7/5/2020 1:00,0.836311997
7/5/2020 2:00,0.707710548
7/5/2020 3:00,0.692011909
7/5/2020 4:00,0.620545208
7/5/2020 5:00,0.57016748
7/5/2020 6:00,0.978818949
7/5/2020 7:00,0.744340705
7/5/2020 8:00,0.144426747
7/5/2020 9:00,0.025310312
7/5/2020 10:00,0.227779173
7/5/2020 11:00,0.229349037
7/5/2020 12:00,0.24661754
7/5/2020 13:00,0.889545861
7/5/2020 14:00,0.175594259
7/5/2020 15:00,0.062258661
7/5/2020 16:00,0.087940307
7/5/2020 17:00,0.205331756
7/5/2020 18:00,0.012341613
7/5/2020 19:00,0.059727716
7/5/2020 20:00,0.045086175
7/5/2020 21:00,0.116866792
7/5/2020 22:00,0
7/5/2020 23:00,0
7/6/2020 0:00,0
7/6/2020 1:00,0.04295912
7/6/2020 2:00,0.060323232
7/6/2020 3:00,0.069330419
7/6/2020 4:00,0.094894593
7/6/2020 5:00,0.126337567
7/6/2020 6:00,0.242300414
7/6/2020 7:00,0.321332889
7/6/2020 8:00,0.347854007
7/6/2020 9:00,0.019936659
7/6/2020 10:00,0.285613695
7/6/2020 11:00,0.022191956
7/6/2020 12:00,0.120749809
7/6/2020 13:00,0.337582823
7/6/2020 14:00,0.367066172
7/6/2020 15:00,0.257214121
7/6/2020 16:00,0.269380566
7/6/2020 17:00,0.437525422
7/6/2020 18:00,0.424911234
7/6/2020 19:00,0.350153526
7/6/2020 20:00,0.231965477
7/6/2020 21:00,0.5999951
7/6/2020 22:00,0.820444211
7/6/2020 23:00,0.578579724
7/7/2020 0:00,0.350306827
7/7/2020 1:00,0.51341211
7/7/2020 2:00,0.548858604
7/7/2020 3:00,0.427073666
7/7/2020 4:00,0.435002584
7/7/2020 5:00,0.281167958
7/7/2020 6:00,0.161520024
7/7/2020 7:00,0.218883278
7/7/2020 8:00,0.092406681
7/7/2020 9:00,0.075583341
7/7/2020 10:00,0.063970771
7/7/2020 11:00,0.190463007
7/7/2020 12:00,0.247664116
7/7/2020 13:00,0.210903137
7/7/2020 14:00,0.10389183
7/7/2020 15:00,0.076774374
7/7/2020 16:00,0.012341613
7/7/2020 17:00,0.009422993
7/7/2020 18:00,0.018344684
7/7/2020 19:00,0
7/7/2020 20:00,0
7/7/2020 21:00,0.017382866
7/7/2020 22:00,0.019074339
7/7/2020 23:00,0
7/8/2020 0:00,0.036348003
7/8/2020 1:00,0.095557548
7/8/2020 2:00,0.059727716
7/8/2020 3:00,0.196478608
7/8/2020 4:00,0.181609859
7/8/2020 5:00,0.13713425
7/8/2020 6:00,0.477760722
7/8/2020 7:00,0.419865559
7/8/2020 8:00,0.549473283
7/8/2020 9:00,0.408152384
7/8/2020 10:00,0.283007573
7/8/2020 11:00,0.360731313
7/8/2020 12:00,0.254336038
7/8/2020 13:00,0.361191217
7/8/2020 14:00,0.382022995
7/8/2020 15:00,0.351073334
7/8/2020 16:00,0.341108752
7/8/2020 17:00,0.210510671
7/8/2020 18:00,0.101050597
7/8/2020 19:00,0.134766556
7/8/2020 20:00,0.105880692
7/8/2020 21:00,0.102850044
7/8/2020 22:00,0
7/8/2020 23:00,0
7/9/2020 0:00,0.060025474
7/9/2020 1:00,0.02990935
7/9/2020 2:00,0.061812024
7/9/2020 3:00,0.298184398
7/9/2020 4:00,0.267156593
7/9/2020 5:00,0.182517875
7/9/2020 6:00,0.199316155
7/9/2020 7:00,0.115635591
7/9/2020 8:00,0.141301391
7/9/2020 9:00,0.185582426
7/9/2020 10:00,0.190122502
7/9/2020 11:00,0.357052083
7/9/2020 12:00,0.27902174
7/9/2020 13:00,0.1481268
7/9/2020 14:00,0.217575058
7/9/2020 15:00,0.216136016
7/9/2020 16:00,0.199997167
7/9/2020 17:00,0.129841753
7/9/2020 18:00,0.241515482
7/9/2020 19:00,0.373733671
7/9/2020 20:00,0.24530932
7/9/2020 21:00,0.649531676
7/9/2020 22:00,0.87811423
7/9/2020 23:00,0.846037415
7/10/2020 0:00,0.152099367
7/10/2020 1:00,0.531237803
7/10/2020 2:00,0.03755525
7/10/2020 3:00,0.073945671
7/10/2020 4:00,0.270427142
7/10/2020 5:00,0.367426577
7/10/2020 6:00,0.294198565
7/10/2020 7:00,0.282547669
7/10/2020 8:00,0.300177315
7/10/2020 9:00,0.446535556
7/10/2020 10:00,0.280248151
7/10/2020 11:00,0.27487509
7/10/2020 12:00,0.25446686
7/10/2020 13:00,0.375535698
7/10/2020 14:00,0.43536299
7/10/2020 15:00,0.515870826
7/10/2020 16:00,0.672028636
7/10/2020 17:00,0.412297046
7/10/2020 18:00,0.29358536
7/10/2020 19:00,0.256821655
7/10/2020 20:00,0.187398456
7/10/2020 21:00,0.480424331
7/10/2020 22:00,0.683060799
7/10/2020 23:00,0.40184529
7/11/2020 0:00,0.425271639
7/11/2020 1:00,0.620545208
7/11/2020 2:00,0.705198766
7/11/2020 3:00,0.533491627
7/11/2020 4:00,0.270165498
7/11/2020 5:00,0.185582426
7/11/2020 6:00,0.161406522
7/11/2020 7:00,0.096409917
7/11/2020 8:00,0.165833096
7/11/2020 9:00,0.284387285
7/11/2020 10:00,0.323785709
7/11/2020 11:00,0.290212733
7/11/2020 12:00,0.320872985
7/11/2020 13:00,0.384545833
7/11/2020 14:00,0.386888467
7/11/2020 15:00,0.496201095
7/11/2020 16:00,0.364723537
7/11/2020 17:00,0.588530303
7/11/2020 18:00,0.35551907
7/11/2020 19:00,0.251065488
7/11/2020 20:00,0.296191482
7/11/2020 21:00,0.418784343
7/11/2020 22:00,0.281321259
7/11/2020 23:00,0.27160454
7/12/2020 0:00,0.116203837
7/12/2020 1:00,0.231442189
7/12/2020 2:00,0.234712739
7/12/2020 3:00,0.47427754
7/12/2020 4:00,0.310908403
7/12/2020 5:00,0.277622352
7/12/2020 6:00,0.197386623
7/12/2020 7:00,0.3348234
7/12/2020 8:00,0.301557026
7/12/2020 9:00,0.171848696
7/12/2020 10:00,0.095178717
7/12/2020 11:00,0.246094252
7/12/2020 12:00,0.17865881
7/12/2020 13:00,0.184901414
7/12/2020 14:00,0.230918901
7/12/2020 15:00,0.233273697
7/12/2020 16:00,0.193868064
7/12/2020 17:00,0.292205649
7/12/2020 18:00,0.273959336
7/12/2020 19:00,0.224116158
7/12/2020 20:00,0.247010006
7/12/2020 21:00,0.116772084
7/12/2020 22:00,0.323019203
7/12/2020 23:00,0.034278436
7/13/2020 0:00,0.12491695
7/13/2020 1:00,0.212603823
7/13/2020 2:00,0.173778229
7/13/2020 3:00,0.148013298
7/13/2020 4:00,0.334056894
7/13/2020 5:00,0.111089619
7/13/2020 6:00,0.282700971
7/13/2020 7:00,0.2505422
7/13/2020 8:00,0.449238597
7/13/2020 9:00,0.336969618
7/13/2020 10:00,0.248449048
7/13/2020 11:00,0.216266838
7/13/2020 12:00,0.249757268
7/13/2020 13:00,0.299104206
7/13/2020 14:00,0.283620778
7/13/2020 15:00,0.229872325
7/13/2020 16:00,0.146424272
7/13/2020 17:00,0.149602325
7/13/2020 18:00,0.108532509
7/13/2020 19:00,0.083250615
7/13/2020 20:00,0.173891731
7/13/2020 21:00,0.210249027
7/13/2020 22:00,0.083250615
7/13/2020 23:00,0.180474841
7/14/2020 0:00,0.254336038
7/14/2020 1:00,0.690546703
7/14/2020 2:00,0.305389558
7/14/2020 3:00,0.263624399
7/14/2020 4:00,0.54250692
7/14/2020 5:00,0.63590371
7/14/2020 6:00,0.455005083
7/14/2020 7:00,0.506240853
7/14/2020 8:00,0.603672488
7/14/2020 9:00,0.411035627
7/14/2020 10:00,0.144047916
7/14/2020 11:00,0.070893649
7/14/2020 12:00,0.142153761
7/14/2020 13:00,0.255251791
7/14/2020 14:00,0.264278509
7/14/2020 15:00,0.220060676
7/14/2020 16:00,0.415000086
7/14/2020 17:00,0.241515482
7/14/2020 18:00,0.217313414
7/14/2020 19:00,0.258653163
7/14/2020 20:00,0.151531857
7/14/2020 21:00,0.093523274
7/14/2020 22:00,0.283160874
7/14/2020 23:00,0.684575018
7/15/2020 0:00,0.834605784
7/15/2020 1:00,0.654506965
7/15/2020 2:00,0.455545691
7/15/2020 3:00,0.800018544
7/15/2020 4:00,0.852862269
7/15/2020 5:00,0.883062249
7/15/2020 6:00,0.725502339
7/15/2020 7:00,0.678950778
7/15/2020 8:00,0.699547256
7/15/2020 9:00,0.650613261
7/15/2020 10:00,0.546604781
7/15/2020 11:00,0.398601642
7/15/2020 12:00,0.232488765
7/15/2020 13:00,0.349540321
7/15/2020 14:00,0.447256367
7/15/2020 15:00,0.436804611
7/15/2020 16:00,0.592640325
7/15/2020 17:00,0.560537507
7/15/2020 18:00,0.491693448
7/15/2020 19:00,0.468745428
7/15/2020 20:00,0.535130771
7/15/2020 21:00,0.51546104
7/15/2020 22:00,0.565045154
7/15/2020 23:00,0.719013568
7/16/2020 0:00,0.78892484
7/16/2020 1:00,0.87316621
7/16/2020 2:00,0.592856642
7/16/2020 3:00,0.689918757
7/16/2020 4:00,0.773016886
7/16/2020 5:00,0.868388812
7/16/2020 6:00,0.916552114
7/16/2020 7:00,0.77845908
7/16/2020 8:00,0.872995589
7/16/2020 9:00,0.9938933
7/16/2020 10:00,0.999943086
7/16/2020 11:00,0.979523176
7/16/2020 12:00,0.817373027
7/16/2020 13:00,0.493537485
7/16/2020 14:00,0.435723395
7/16/2020 15:00,0.368507794
7/16/2020 16:00,0.441309678
7/16/2020 17:00,0.593072958
7/16/2020 18:00,0.751457422
7/16/2020 19:00,0.725083708
7/16/2020 20:00,0.637201611
7/16/2020 21:00,0.69891931
7/16/2020 22:00,0.551522214
7/16/2020 23:00,0.47222861
7/17/2020 0:00,0.686738187
7/17/2020 1:00,0.683060799
7/17/2020 2:00,0.752085367
7/17/2020 3:00,0.771342364
7/17/2020 4:00,0.451761434
7/17/2020 5:00,0.71545521
7/17/2020 6:00,0.935490716
7/17/2020 7:00,0.975947867
7/17/2020 8:00,0.936566773
7/17/2020 9:00,0.893128909
7/17/2020 10:00,0.624438913
7/17/2020 11:00,0.40653056
7/17/2020 12:00,0.677436559
7/17/2020 13:00,0.806112017
7/17/2020 14:00,0.520378473
7/17/2020 15:00,0.63027947
7/17/2020 16:00,0.346780898
7/17/2020 17:00,0.075955539
7/17/2020 18:00,0.187738962
7/17/2020 19:00,0.044108879
7/17/2020 20:00,0.570372373
7/17/2020 21:00,0.644556387
7/17/2020 22:00,0.161406522
7/17/2020 23:00,0.404728533
7/18/2020 0:00,0.530828017
7/18/2020 1:00,0.468540535
7/18/2020 2:00,0.266894949
7/18/2020 3:00,0.473867754
7/18/2020 4:00,0.894385341
7/18/2020 5:00,0.8467199
7/18/2020 6:00,0.367246375
7/18/2020 7:00,0.237852467
7/18/2020 8:00,0.437705625
7/18/2020 9:00,0.407071168
7/18/2020 10:00,0.380581373
7/18/2020 11:00,0.569552801
7/18/2020 12:00,0.697035474
7/18/2020 13:00,0.846208036
7/18/2020 14:00,0.701431092
7/18/2020 15:00,0.420766572
7/18/2020 16:00,0.143100839
7/18/2020 17:00,0.109195464
7/18/2020 18:00,0.06903266
7/18/2020 19:00,0.06903266
7/18/2020 20:00,0.201586193
7/18/2020 21:00,0.252635352
7/18/2020 22:00,0.232488765
7/18/2020 23:00,0.454104069
7/19/2020 0:00,0.460139921
7/19/2020 1:00,0.483087941
7/19/2020 2:00,0.367967185
7/19/2020 3:00,0.346320995
7/19/2020 4:00,0.352759648
7/19/2020 5:00,0.4607546
7/19/2020 6:00,0.929680009
7/19/2020 7:00,0.658184353
7/19/2020 8:00,0.634389491
7/19/2020 9:00,0.647584824
7/19/2020 10:00,0.526525264
7/19/2020 11:00,0.343868174
7/19/2020 12:00,0.281321259
7/19/2020 13:00,0.514436575
7/19/2020 14:00,0.201926699
7/19/2020 15:00,0.093597714
7/19/2020 16:00,0.03358858
7/19/2020 17:00,0.064640727
7/19/2020 18:00,0.431398531
7/19/2020 19:00,0.347240802
7/19/2020 20:00,0.139028405
7/19/2020 21:00,0.291899046
7/19/2020 22:00,0.297877796
7/19/2020 23:00,0.461779065
7/20/2020 0:00,0.843819337
7/20/2020 1:00,0.492308127
7/20/2020 2:00,0.682844482
7/20/2020 3:00,0.329611157
7/20/2020 4:00,0.516485505
7/20/2020 5:00,0.656021184
7/20/2020 6:00,0.607998826
7/20/2020 7:00,0.604970389
7/20/2020 8:00,0.506650639
7/20/2020 9:00,0.547424353
7/20/2020 10:00,0.213257932
7/20/2020 11:00,0.134293018
7/20/2020 12:00,0.213388754
7/20/2020 13:00,0.204877748
7/20/2020 14:00,0.293891963
7/20/2020 15:00,0.143195546
7/20/2020 16:00,0.156979948
7/20/2020 17:00,0.191257521
7/20/2020 18:00,0.221107252
7/20/2020 19:00,0.140638437
7/20/2020 20:00,0.101145305
7/20/2020 21:00,0.207632587
7/20/2020 22:00,0.200564676
7/20/2020 23:00,0.039682305
7/21/2020 0:00,0.124064581
7/21/2020 1:00,0.180361339
7/21/2020 2:00,0.221368896
7/21/2020 3:00,0.301863628
7/21/2020 4:00,0.456807109
7/21/2020 5:00,0.438786841
7/21/2020 6:00,0.399682858
7/21/2020 7:00,0.28500049
7/21/2020 8:00,0.318880069
7/21/2020 9:00,0.352912949
7/21/2020 10:00,0.40851279
7/21/2020 11:00,0.309988595
7/21/2020 12:00,0.300483917
7/21/2020 13:00,0.504191923
7/21/2020 14:00,0.502347886
7/21/2020 15:00,0.334670099
7/21/2020 16:00,0.455725893
7/21/2020 17:00,0.428875693
7/21/2020 18:00,0.404728533
7/21/2020 19:00,0.160271503
7/21/2020 20:00,0.01210945
7/21/2020 21:00,0.302170231
7/21/2020 22:00,0.364543334
7/21/2020 23:00,0.47899008
7/22/2020 0:00,0.699337941
7/22/2020 1:00,0.786622373
7/22/2020 2:00,0.857639667
7/22/2020 3:00,0.855592211
7/22/2020 4:00,0.851497298
7/22/2020 5:00,0.925052964
7/22/2020 6:00,0.734084261
7/22/2020 7:00,0.418063532
7/22/2020 8:00,0.270034676
7/22/2020 9:00,0.157206952
7/22/2020 10:00,0.344634681
7/22/2020 11:00,0.379139752
7/22/2020 12:00,0.218229168
7/22/2020 13:00,0.212734645
7/22/2020 14:00,0.207261288
7/22/2020 15:00,0.19420857
7/22/2020 16:00,0.15470991
7/22/2020 17:00,0.243739456
7/22/2020 18:00,0.181836863
7/22/2020 19:00,0.330224362
7/22/2020 20:00,0.441850287
7/22/2020 21:00,0.503167458
7/22/2020 22:00,0.42328941
7/22/2020 23:00,0.498045132
7/23/2020 0:00,0.590693472
7/23/2020 1:00,0.655155916
7/23/2020 2:00,0.494561951
7/23/2020 3:00,0.441850287
7/23/2020 4:00,0.562586438
7/23/2020 5:00,0.5859345
7/23/2020 6:00,0.651045894
7/23/2020 7:00,0.294965072
7/23/2020 8:00,0.236282603
7/23/2020 9:00,0.257737409
7/23/2020 10:00,0.122549257
7/23/2020 11:00,0.069479298
7/23/2020 12:00,0.119992147
7/23/2020 13:00,0.186149935
7/23/2020 14:00,0.313361223
7/23/2020 15:00,0.321792793
7/23/2020 16:00,0.230264791
7/23/2020 17:00,0.304009846
7/23/2020 18:00,0.212865467
7/23/2020 19:00,0.14869431
7/23/2020 20:00,0.107585432
7/23/2020 21:00,0.186944449
7/23/2020 22:00,0.225031912
7/23/2020 23:00,0.360118108
7/24/2020 0:00,0.537589487
7/24/2020 1:00,0.559717935
7/24/2020 2:00,0.386167657
7/24/2020 3:00,0.462188851
7/24/2020 4:00,0.382924008
7/24/2020 5:00,0.372652455
7/24/2020 6:00,0.329304554
7/24/2020 7:00,0.478170508
7/24/2020 8:00,0.314740935
7/24/2020 9:00,0.27683742
7/24/2020 10:00,0.212342179
7/24/2020 11:00,0.178545308
7/24/2020 12:00,0.186036433
7/24/2020 13:00,0.184787913
7/24/2020 14:00,0.185128418
7/24/2020 15:00,0.262447001
7/24/2020 16:00,0.264147687
7/24/2020 17:00,0.269380566
7/24/2020 18:00,0.264147687
7/24/2020 19:00,0.227648351
7/24/2020 20:00,0.180474841
7/24/2020 21:00,0.236675069
7/24/2020 22:00,0.273436048
7/24/2020 23:00,0.453743664
7/25/2020 0:00,0.325318722
7/25/2020 1:00,0.530623124
7/25/2020 2:00,0.236936713
7/25/2020 3:00,0.483087941
7/25/2020 4:00,0.541072669
7/25/2020 5:00,0.518124649
7/25/2020 6:00,0.72717686
7/25/2020 7:00,0.578796041
7/25/2020 8:00,0.640230048
7/25/2020 9:00,0.924945358
7/25/2020 10:00,0.716920416
7/25/2020 11:00,0.366885969
7/25/2020 12:00,0.313974428
7/25/2020 13:00,0.38977171
7/25/2020 14:00,0.505216388
7/25/2020 15:00,0.596534029
7/25/2020 16:00,0.446175151
7/25/2020 17:00,0.327158337
7/25/2020 18:00,0.230788079
7/25/2020 19:00,0.219406566
7/25/2020 20:00,0.341875258
7/25/2020 21:00,0.344941283
7/25/2020 22:00,0.144900286
7/25/2020 23:00,0.220453142
7/26/2020 0:00,0.228825749
7/26/2020 1:00,0.312901319
7/26/2020 2:00,0.182177369
7/26/2020 3:00,0.24530932
7/26/2020 4:00,0.122454549
7/26/2020 5:00,0.152666876
7/26/2020 6:00,0.211164781
7/26/2020 7:00,0.090099055
7/26/2020 8:00,0.144805578
7/26/2020 9:00,0.3622007
7/26/2020 10:00,0.365264145
7/26/2020 11:00,0.242431236
7/26/2020 12:00,0.150737344
7/26/2020 13:00,0.385987454
7/26/2020 14:00,0.36958901
7/26/2020 15:00,0.254859325
7/26/2020 16:00,0.247533294
7/26/2020 17:00,0.348620513
7/26/2020 18:00,0.299717411
7/26/2020 19:00,0.303396641
7/26/2020 20:00,0.179680327
7/26/2020 21:00,0.272651116
7/26/2020 22:00,0.447796975
7/26/2020 23:00,0.650829578
7/27/2020 0:00,0.609945679
7/27/2020 1:00,0.70457082
7/27/2020 2:00,0.459730135
7/27/2020 3:00,0.553366251
7/27/2020 4:00,0.301097122
7/27/2020 5:00,0.189668494
7/27/2020 6:00,0.459525242
7/27/2020 7:00,0.454464475
7/27/2020 8:00,0.441129476
7/27/2020 9:00,0.47427754
7/27/2020 10:00,0.228956571
7/27/2020 11:00,0.11989744
7/27/2020 12:00,0.136471296
7/27/2020 13:00,0.260615493
7/27/2020 14:00,0.229741503
7/27/2020 15:00,0.240076441
7/27/2020 16:00,0.157887963
7/27/2020 17:00,0.102376506
7/27/2020 18:00,0.092406681
7/27/2020 19:00,0.093969911
7/27/2020 20:00,0.055931299
7/27/2020 21:00,0.207261288
7/27/2020 22:00,0.42058637
7/27/2020 23:00,0.319953177
7/28/2020 0:00,0.274613446
7/28/2020 1:00,0.366525564
7/28/2020 2:00,0.373373266
7/28/2020 3:00,0.24988809
7/28/2020 4:00,0.351993141
7/28/2020 5:00,0.32516542
7/28/2020 6:00,0.171281187
7/28/2020 7:00,0.050145116
7/28/2020 8:00,0.016719543
7/28/2020 9:00,0.015757725
7/28/2020 10:00,0
7/28/2020 11:00,0.028874566
7/28/2020 12:00,0.025827704
7/28/2020 13:00,0.023355721
7/28/2020 14:00,0.188192969
7/28/2020 15:00,0.377337725
7/28/2020 16:00,0.230526435
7/28/2020 17:00,0.234843561
7/28/2020 18:00,0.357511987
7/28/2020 19:00,0.052789563
7/28/2020 20:00,0
7/28/2020 21:00,0
7/28/2020 22:00,0.008958667
7/28/2020 23:00,0
7/29/2020 0:00,0
7/29/2020 1:00,0
7/29/2020 2:00,0
7/29/2020 3:00,0
7/29/2020 4:00,0
7/29/2020 5:00,0
7/29/2020 6:00,0
7/29/2020 7:00,0
7/29/2020 8:00,0
7/29/2020 9:00,0
7/29/2020 10:00,0.030369254
7/29/2020 11:00,0.023068281
7/29/2020 12:00,0.015227067
7/29/2020 13:00,0.049167821
7/29/2020 14:00,0.023183257
7/29/2020 15:00,0.022722615
7/29/2020 16:00,0.055186903
7/29/2020 17:00,0.200678178
7/29/2020 18:00,0.019372835
7/29/2020 19:00,0.302170231
7/29/2020 20:00,0.209071629
7/29/2020 21:00,0.09091789
7/29/2020 22:00,0.006305376
7/29/2020 23:00,0.044971199
7/30/2020 0:00,0.017382866
7/30/2020 1:00,0
7/30/2020 2:00,0.042211776
7/30/2020 3:00,0
7/30/2020 4:00,0.00524406
7/30/2020 5:00,0
7/30/2020 6:00,0.007632022
7/30/2020 7:00,0
7/30/2020 8:00,0
7/30/2020 9:00,0
7/30/2020 10:00,0
7/30/2020 11:00,0
7/30/2020 12:00,0
7/30/2020 13:00,0
7/30/2020 14:00,0
7/30/2020 15:00,0
7/30/2020 16:00,0.831022735
7/30/2020 17:00,0.111184326
7/30/2020 18:00,0.021429135
7/30/2020 19:00,0
7/30/2020 20:00,0
7/30/2020 21:00,0.05031758
7/30/2020 22:00,0.351226635
7/30/2020 23:00,0.229741503
7/31/2020 0:00,0.121033933
7/31/2020 1:00,0.090620131
7/31/2020 2:00,0.215220262
7/31/2020 3:00,0.362561105
7/31/2020 4:00,0.117813869
7/31/2020 5:00,0.125106366
7/31/2020 6:00,0.143290254
7/31/2020 7:00,0.062109782
7/31/2020 8:00,0.040257185
7/31/2020 9:00,0
7/31/2020 10:00,0
7/31/2020 11:00,0
7/31/2020 12:00,0.023930601
7/31/2020 13:00,0.027034951
7/31/2020 14:00,0.012374779
7/31/2020 15:00,0.216659304
7/31/2020 16:00,0.128421137
7/31/2020 17:00,0.04692579
7/31/2020 18:00,0.007831018
7/31/2020 19:00,0.035485683
7/31/2020 20:00,0.114688513
7/31/2020 21:00,0.088014747
7/31/2020 22:00,0.080942989
7/31/2020 23:00,0.29113254
8/1/2020 0:00,0.294351867
8/1/2020 1:00,0.398962047
8/1/2020 2:00,0.207034284
8/1/2020 3:00,0.171962198
8/1/2020 4:00,0.159249986
8/1/2020 5:00,0.008627006
8/1/2020 6:00,0.030426742
8/1/2020 7:00,0.07081921
8/1/2020 8:00,0.089354659
8/1/2020 9:00,0.088163626
8/1/2020 10:00,0.063896331
8/1/2020 11:00,0.029162006
8/1/2020 12:00,0
8/1/2020 13:00,0.008826003
8/1/2020 14:00,0
8/1/2020 15:00,0.456086299
8/1/2020 16:00,0.646503239
8/1/2020 17:00,0.105880692
8/1/2020 18:00,0
8/1/2020 19:00,0
8/1/2020 20:00,0
8/1/2020 21:00,0
8/1/2020 22:00,0
8/1/2020 23:00,0
8/2/2020 0:00,0
8/2/2020 1:00,0.020201988
8/2/2020 2:00,0.226470954
8/2/2020 3:00,0.379860563
8/2/2020 4:00,0.387429075
8/2/2020 5:00,0.229479859
8/2/2020 6:00,0.044683759
8/2/2020 7:00,0.009787821
8/2/2020 8:00,0.016586879
8/2/2020 9:00,0.00584105
8/2/2020 10:00,0
8/2/2020 11:00,0
8/2/2020 12:00,0
8/2/2020 13:00,0.242169592
8/2/2020 14:00,0.539228632
8/2/2020 15:00,0.048592941
8/2/2020 16:00,0
8/2/2020 17:00,0
8/2/2020 18:00,0
8/2/2020 19:00,0.179566825
8/2/2020 20:00,0
8/2/2020 21:00,0
8/2/2020 22:00,0
8/2/2020 23:00,0
8/3/2020 0:00,0
8/3/2020 1:00,0
8/3/2020 2:00,0
8/3/2020 3:00,0
8/3/2020 4:00,0
8/3/2020 5:00,0
8/3/2020 6:00,0
8/3/2020 7:00,0
8/3/2020 8:00,0
8/3/2020 9:00,0
8/3/2020 10:00,0
8/3/2020 11:00,0
8/3/2020 12:00,0
8/3/2020 13:00,0.090247934
8/3/2020 14:00,0.310295198
8/3/2020 15:00,0.294658469
8/3/2020 16:00,0.410134614
8/3/2020 17:00,0.374454482
8/3/2020 18:00,0.843989958
8/3/2020 19:00,0.233142875
8/3/2020 20:00,0.016487381
8/3/2020 21:00,0
8/3/2020 22:00,0
8/3/2020 23:00,0
8/4/2020 0:00,0.006504373
8/4/2020 1:00,0.088089187
8/4/2020 2:00,0.011247131
8/4/2020 3:00,0.009522491
8/4/2020 4:00,0.06240754
8/4/2020 5:00,0
8/4/2020 6:00,0
8/4/2020 7:00,0.049282797
8/4/2020 8:00,0.095368132
8/4/2020 9:00,0
8/4/2020 10:00,0
8/4/2020 11:00,0
8/4/2020 12:00,0
8/4/2020 13:00,0.014895406
8/4/2020 14:00,0.053249467
8/4/2020 15:00,0.211818891
8/4/2020 16:00,0.070521451
8/4/2020 17:00,0.016122553
8/4/2020 18:00,0.072903517
8/4/2020 19:00,0.090099055
8/4/2020 20:00,0.129273507
8/4/2020 21:00,0.006836034
8/4/2020 22:00,0.063896331
8/4/2020 23:00,0.013038102
8/5/2020 0:00,0.223723692
8/5/2020 1:00,0.044971199
8/5/2020 2:00,0.308915487
8/5/2020 3:00,0.047098254
8/5/2020 4:00,0.231180545
8/5/2020 5:00,0.380040765
8/5/2020 6:00,0.291592444
8/5/2020 7:00,0.22424698
8/5/2020 8:00,0.0048129
8/5/2020 9:00,0.154028899
8/5/2020 10:00,0.113741436
8/5/2020 11:00,0.197159619
8/5/2020 12:00,0.020964809
8/5/2020 13:00,0.008792836
8/5/2020 14:00,0.041291969
8/5/2020 15:00,0.027207415
8/5/2020 16:00,0.267810703
8/5/2020 17:00,0.153347887
8/5/2020 18:00,0.074838946
8/5/2020 19:00,0.139501944
8/5/2020 20:00,0.108627217
8/5/2020 21:00,0.122265133
8/5/2020 22:00,0
8/5/2020 23:00,0
8/6/2020 0:00,0
8/6/2020 1:00,0.022390953
8/6/2020 2:00,0
8/6/2020 3:00,0
8/6/2020 4:00,0
8/6/2020 5:00,0
8/6/2020 6:00,0
8/6/2020 7:00,0
8/6/2020 8:00,0
8/6/2020 9:00,0
8/6/2020 10:00,0
8/6/2020 11:00,0.043648975
8/6/2020 12:00,0.065534001
8/6/2020 13:00,0
8/6/2020 14:00,0
8/6/2020 15:00,0
8/6/2020 16:00,0.096031086
8/6/2020 17:00,0.397340223
8/6/2020 18:00,0.149034815
8/6/2020 19:00,0.303703244
8/6/2020 20:00,0.303090039
8/6/2020 21:00,0.035140755
8/6/2020 22:00,0
8/6/2020 23:00,0.009223996
8/7/2020 0:00,0.045143663
8/7/2020 1:00,0
8/7/2020 2:00,0.143290254
8/7/2020 3:00,0.163449556
8/7/2020 4:00,0.124727535
8/7/2020 5:00,0.048477965
8/7/2020 6:00,0.022689448
8/7/2020 7:00,0
8/7/2020 8:00,0
8/7/2020 9:00,0
8/7/2020 10:00,0
8/7/2020 11:00,0
8/7/2020 12:00,0.034795828
8/7/2020 13:00,0
8/7/2020 14:00,0
8/7/2020 15:00,0
8/7/2020 16:00,0
8/7/2020 17:00,0
8/7/2020 18:00,0
8/7/2020 19:00,0
8/7/2020 20:00,0
8/7/2020 21:00,0.007632022
8/7/2020 22:00,0.451401029
8/7/2020 23:00,0.037957666
8/8/2020 0:00,0.075211143
8/8/2020 1:00,0.02010249
8/8/2020 2:00,0
8/8/2020 3:00,0.010417977
8/8/2020 4:00,0.01005315
8/8/2020 5:00,0.188760479
8/8/2020 6:00,0.338042726
8/8/2020 7:00,0.006670204
8/8/2020 8:00,0
8/8/2020 9:00,0
8/8/2020 10:00,0
8/8/2020 11:00,0
8/8/2020 12:00,0.016354716
8/8/2020 13:00,0.050375068
8/8/2020 14:00,0.038302594
8/8/2020 15:00,0.106543647
8/8/2020 16:00,0.033761044
8/8/2020 17:00,0
8/8/2020 18:00,0
8/8/2020 19:00,0.074764506
8/8/2020 20:00,0.295578277
8/8/2020 21:00,0.170032666
8/8/2020 22:00,0.054814705
8/8/2020 23:00,0
8/9/2020 0:00,0.02215879
8/9/2020 1:00,0.032783749
8/9/2020 2:00,0.013336597
8/9/2020 3:00,0
8/9/2020 4:00,0.015658227
8/9/2020 5:00,0.010782805
8/9/2020 6:00,0.026919975
8/9/2020 7:00,0
8/9/2020 8:00,0.007797852
8/9/2020 9:00,0.266764127
8/9/2020 10:00,0.068511583
8/9/2020 11:00,0.013004936
8/9/2020 12:00,0.132209447
8/9/2020 13:00,0.151077849
8/9/2020 14:00,0.333903592
8/9/2020 15:00,0.303090039
8/9/2020 16:00,0.340342245
8/9/2020 17:00,0.066725034
8/9/2020 18:00,0.079454198
8/9/2020 19:00,0.012606942
8/9/2020 20:00,0.095746963
8/9/2020 21:00,0.121412764
8/9/2020 22:00,0
8/9/2020 23:00,0.212865467
8/10/2020 0:00,0.483087941
8/10/2020 1:00,0.371391036
8/10/2020 2:00,0.406710763
8/10/2020 3:00,0.013834089
8/10/2020 4:00,0
8/10/2020 5:00,0
8/10/2020 6:00,0
8/10/2020 7:00,0
8/10/2020 8:00,0
8/10/2020 9:00,0
8/10/2020 10:00,0
8/10/2020 11:00,0
8/10/2020 12:00,0
8/10/2020 13:00,0
8/10/2020 14:00,0
8/10/2020 15:00,0
8/10/2020 16:00,0.007665188
8/10/2020 17:00,0.201472691
8/10/2020 18:00,0.040832065
8/10/2020 19:00,0.10512303
8/10/2020 20:00,0.029391958
8/10/2020 21:00,0.086898154
8/10/2020 22:00,0.020931643
8/10/2020 23:00,0.225816844
8/11/2020 0:00,0.00584105
8/11/2020 1:00,0
8/11/2020 2:00,0
8/11/2020 3:00,0.017615029
8/11/2020 4:00,0.00875967
8/11/2020 5:00,0.115446175
8/11/2020 6:00,0
8/11/2020 7:00,0
8/11/2020 8:00,0
8/11/2020 9:00,0
8/11/2020 10:00,0
8/11/2020 11:00,0
8/11/2020 12:00,0
8/11/2020 13:00,0
8/11/2020 14:00,0
8/11/2020 15:00,0.046005982
8/11/2020 16:00,0.00816268
8/11/2020 17:00,0
8/11/2020 18:00,0.019107505
8/11/2020 19:00,0.027782295
8/11/2020 20:00,0.126053443
8/11/2020 21:00,0.144332039
8/11/2020 22:00,0
8/11/2020 23:00,0.188873981
8/12/2020 0:00,0.423109207
8/12/2020 1:00,0.203856231
8/12/2020 2:00,0.111184326
8/12/2020 3:00,0.046983278
8/12/2020 4:00,0.191371023
8/12/2020 5:00,0.310448499
8/12/2020 6:00,0.268595634
8/12/2020 7:00,0.1481268
8/12/2020 8:00,0.082878418
8/12/2020 9:00,0.148807812
8/12/2020 10:00,0.159363488
8/12/2020 11:00,0.192619543
8/12/2020 12:00,0.01340293
8/12/2020 13:00,0.042211776
8/12/2020 14:00,0.04324656
8/12/2020 15:00,0.188419973
8/12/2020 16:00,0.298644302
8/12/2020 17:00,0.237983289
8/12/2020 18:00,0.225686022
8/12/2020 19:00,0.341108752
8/12/2020 20:00,0.130788831
8/12/2020 21:00,0.036290515
8/12/2020 22:00,0.058834441
8/12/2020 23:00,0.03358858
8/13/2020 0:00,0.274613446
8/13/2020 1:00,0.334976701
8/13/2020 2:00,0.155163918
8/13/2020 3:00,0.01632155
8/13/2020 4:00,0.074466748
8/13/2020 5:00,0.107964263
8/13/2020 6:00,0.204537242
8/13/2020 7:00,0.145373825
8/13/2020 8:00,0.063375254
8/13/2020 9:00,0.171281187
8/13/2020 10:00,0.178772312
8/13/2020 11:00,0.197500125
8/13/2020 12:00,0.055410222
8/13/2020 13:00,0.0623331
8/13/2020 14:00,0.167195119
8/13/2020 15:00,0.074466748
8/13/2020 16:00,0.143290254
8/13/2020 17:00,0.253551106
8/13/2020 18:00,0.27683742
8/13/2020 19:00,0.136092465
8/13/2020 20:00,0.070968089
8/13/2020 21:00,0.024562968
8/13/2020 22:00,0
8/13/2020 23:00,0.074690067
8/14/2020 0:00,0.070372572
8/14/2020 1:00,0.475916684
8/14/2020 2:00,0.298337699
8/14/2020 3:00,0.363462118
8/14/2020 4:00,0.359811506
8/14/2020 5:00,0.266502483
8/14/2020 6:00,0.238768221
8/14/2020 7:00,0.143669085
8/14/2020 8:00,0.181723361
8/14/2020 9:00,0.222153828
8/14/2020 10:00,0.150850846
8/14/2020 11:00,0.132588278
8/14/2020 12:00,0
8/14/2020 13:00,0.033818532
8/14/2020 14:00,0.070968089
8/14/2020 15:00,0.029966838
8/14/2020 16:00,0.059727716
8/14/2020 17:00,0
8/14/2020 18:00,0.008129514
8/14/2020 19:00,0.202494208
8/14/2020 20:00,0.199316155
8/14/2020 21:00,0.32639183
8/14/2020 22:00,0.221368896
8/14/2020 23:00,0.182063867
8/15/2020 0:00,0.329917759
8/15/2020 1:00,0.391934143
8/15/2020 2:00,0.634173174
8/15/2020 3:00,0.14556324
8/15/2020 4:00,0.302323532
8/15/2020 5:00,0.369408807
8/15/2020 6:00,0.24988809
8/15/2020 7:00,0.303703244
8/15/2020 8:00,0.229349037
8/15/2020 9:00,0.200905182
8/15/2020 10:00,0.216790126
8/15/2020 11:00,0.021296471
8/15/2020 12:00,0.01065014
8/15/2020 13:00,0.149602325
8/15/2020 14:00,0.122359841
8/15/2020 15:00,0
8/15/2020 16:00,0
8/15/2020 17:00,0
8/15/2020 18:00,0.027609831
8/15/2020 19:00,0.099819396
8/15/2020 20:00,0.081315187
8/15/2020 21:00,0.24269288
8/15/2020 22:00,0.161747028
8/15/2020 23:00,0.219929854
8/16/2020 0:00,0.014630077
8/16/2020 1:00,0.031174085
8/16/2020 2:00,0.056675694
8/16/2020 3:00,0.120276271
8/16/2020 4:00,0.175480757
8/16/2020 5:00,0.082952857
8/16/2020 6:00,0.066278397
8/16/2020 7:00,0.049742701
8/16/2020 8:00,0.017316534
8/16/2020 9:00,0.047098254
8/16/2020 10:00,0
8/16/2020 11:00,0
8/16/2020 12:00,0
8/16/2020 13:00,0
8/16/2020 14:00,0
8/16/2020 15:00,0
8/16/2020 16:00,0
8/16/2020 17:00,0
8/16/2020 18:00,0.031863941
8/16/2020 19:00,0.085483802
8/16/2020 20:00,0.021429135
8/16/2020 21:00,0.054442508
8/16/2020 22:00,0.2755292
8/16/2020 23:00,0.208548341
8/17/2020 0:00,0.063970771
8/17/2020 1:00,0.329304554
8/17/2020 2:00,0.563815796
8/17/2020 3:00,0.546399888
8/17/2020 4:00,0.202267205
8/17/2020 5:00,0.007433025
8/17/2020 6:00,0
8/17/2020 7:00,0
8/17/2020 8:00,0
8/17/2020 9:00,0.016454214
8/17/2020 10:00,0.054442508
8/17/2020 11:00,0
8/17/2020 12:00,0
8/17/2020 13:00,0
8/17/2020 14:00,0
8/17/2020 15:00,0
8/17/2020 16:00,0
8/17/2020 17:00,0
8/17/2020 18:00,0
8/17/2020 19:00,0.340802149
8/17/2020 20:00,0.287300009
8/17/2020 21:00,0.666188079
8/17/2020 22:00,0.349846924
8/17/2020 23:00,0.017382866
8/18/2020 0:00,0
8/18/2020 1:00,0
8/18/2020 2:00,0.286993406
8/18/2020 3:00,0.25315864
8/18/2020 4:00,0.254074394
8/18/2020 5:00,0.134482433
8/18/2020 6:00,0.156866446
8/18/2020 7:00,0
8/18/2020 8:00,0
8/18/2020 9:00,0
8/18/2020 10:00,0
8/18/2020 11:00,0
8/18/2020 12:00,0
8/18/2020 13:00,0
8/18/2020 14:00,0
8/18/2020 15:00,0
8/18/2020 16:00,0
8/18/2020 17:00,0
8/18/2020 18:00,0
8/18/2020 19:00,0
8/18/2020 20:00,0.107869555
8/18/2020 21:00,0.31780696
8/18/2020 22:00,0.455185285
8/18/2020 23:00,0.647368507
8/19/2020 0:00,0.33727622
8/19/2020 1:00,0.391934143
8/19/2020 2:00,0.407431574
8/19/2020 3:00,0.730525903
8/19/2020 4:00,0.257606587
8/19/2020 5:00,0.724874393
8/19/2020 6:00,0.523861654
8/19/2020 7:00,0.587881352
8/19/2020 8:00,0.378959549
8/19/2020 9:00,0.478375401
8/19/2020 10:00,0.530623124
8/19/2020 11:00,0.341262053
8/19/2020 12:00,0.288066515
8/19/2020 13:00,0.289752829
8/19/2020 14:00,0.194549076
8/19/2020 15:00,0.041866848
8/19/2020 16:00,0.049627725
8/19/2020 17:00,0.874531181
8/19/2020 18:00,0.113741436
8/19/2020 19:00,0.764853593
8/19/2020 20:00,0.380401171
8/19/2020 21:00,0.467925856
8/19/2020 22:00,0.12662169
8/19/2020 23:00,0.070298133
8/20/2020 0:00,0.204083235
8/20/2020 1:00,0.327311638
8/20/2020 2:00,0.155163918
8/20/2020 3:00,0.12576932
8/20/2020 4:00,0.885450948
8/20/2020 5:00,0.877772987
8/20/2020 6:00,0.985426354
8/20/2020 7:00,0.852179783
8/20/2020 8:00,0.970151531
8/20/2020 9:00,0.765481539
8/20/2020 10:00,0.348927116
8/20/2020 11:00,0.252896996
8/20/2020 12:00,0.141017268
8/20/2020 13:00,0.16549259
8/20/2020 14:00,0.217575058
8/20/2020 15:00,0.184560909
8/20/2020 16:00,0.107964263
8/20/2020 17:00,0.174118734
8/20/2020 18:00,0.107869555
8/20/2020 19:00,0.187852464
8/20/2020 20:00,0.210772315
8/20/2020 21:00,0.109100756
8/20/2020 22:00,0.303090039
8/20/2020 23:00,0.298184398
8/21/2020 0:00,0.674408122
8/21/2020 1:00,0.49517663
8/21/2020 2:00,0.396619412
8/21/2020 3:00,0.208548341
8/21/2020 4:00,0.303090039
8/21/2020 5:00,0.394817386
8/21/2020 6:00,0.334363496
8/21/2020 7:00,0.42130718
8/21/2020 8:00,0.398421439
8/21/2020 9:00,0.332830483
8/21/2020 10:00,0.167762628
8/21/2020 11:00,0.107396016
8/21/2020 12:00,0.059951035
8/21/2020 13:00,0.040372161
8/21/2020 14:00,0.191030517
8/21/2020 15:00,0.255905901
8/21/2020 16:00,0.187171452
8/21/2020 17:00,0.263755221
8/21/2020 18:00,0.158682476
8/21/2020 19:00,0.367967185
8/21/2020 20:00,0.35061343
8/21/2020 21:00,0.380040765
8/21/2020 22:00,0.5019381
8/21/2020 23:00,0.455185285
8/22/2020 0:00,0.534311199
8/22/2020 1:00,0.483907513
8/22/2020 2:00,0.437885827
8/22/2020 3:00,0.24334699
8/22/2020 4:00,0.326085228
8/22/2020 5:00,0.317347056
8/22/2020 6:00,0.270688786
8/22/2020 7:00,0.163903564
8/22/2020 8:00,0.02508036
8/22/2020 9:00,0.060620991
8/22/2020 10:00,0.011976786
8/22/2020 11:00,0
8/22/2020 12:00,0.020235154
8/22/2020 13:00,0
8/22/2020 14:00,0.017615029
8/22/2020 15:00,0.038360082
8/22/2020 16:00,0
8/22/2020 17:00,0.01967133
8/22/2020 18:00,0.047155742
8/22/2020 19:00,0.014829074
8/22/2020 20:00,0.013900422
8/22/2020 21:00,0.084664967
8/22/2020 22:00,0.193868064
8/22/2020 23:00,0.090545692
8/23/2020 0:00,0.112889066
8/23/2020 1:00,0.021926627
8/23/2020 2:00,0.015956722
8/23/2020 3:00,0.00773152
8/23/2020 4:00,0
8/23/2020 5:00,0
8/23/2020 6:00,0.093597714
8/23/2020 7:00,0.036520467
8/23/2020 8:00,0.037497762
8/23/2020 9:00,0.138933697
8/23/2020 10:00,0.13628188
8/23/2020 11:00,0.145089701
8/23/2020 12:00,0.216005194
8/23/2020 13:00,0.352759648
8/23/2020 14:00,0.670298101
8/23/2020 15:00,0.49722556
8/23/2020 16:00,0.960346515
8/23/2020 17:00,0.016056221
8/23/2020 18:00,0.126337567
8/23/2020 19:00,0.165719594
8/23/2020 20:00,0.517100184
8/23/2020 21:00,0.658184353
8/23/2020 22:00,0.426713261
8/23/2020 23:00,0.829316522
8/24/2020 0:00,0.751038791
8/24/2020 1:00,0.704780135
8/24/2020 2:00,0.673975489
8/24/2020 3:00,0.1960246
8/24/2020 4:00,0.17684278
8/24/2020 5:00,0.049800189
8/24/2020 6:00,0.083176176
8/24/2020 7:00,0.024850408
8/24/2020 8:00,0.035773123
8/24/2020 9:00,0.021827129
8/24/2020 10:00,0.019936659
8/24/2020 11:00,0.033646068
8/24/2020 12:00,0.058611123
8/24/2020 13:00,0.052617099
8/24/2020 14:00,0.073573473
8/24/2020 15:00,0.206126269
8/24/2020 16:00,0.665106495
8/24/2020 17:00,0.166287104
8/24/2020 18:00,0.561971758
8/24/2020 19:00,0.798344023
8/24/2020 20:00,0.256429189
8/24/2020 21:00,0.015127569
8/24/2020 22:00,0.079603077
8/24/2020 23:00,0.450319813
8/25/2020 0:00,0.201699695
8/25/2020 1:00,0.982832025
8/25/2020 2:00,0.873678074
8/25/2020 3:00,0.175367255
8/25/2020 4:00,0
8/25/2020 5:00,0
8/25/2020 6:00,0.012706441
8/25/2020 7:00,0.038819986
8/25/2020 8:00,0.01778086
8/25/2020 9:00,0.307995679
8/25/2020 10:00,0.508904463
8/25/2020 11:00,0.407972182
8/25/2020 12:00,0.309528692
8/25/2020 13:00,0.041234481
8/25/2020 14:00,0.059429958
8/25/2020 15:00,0.120465686
8/25/2020 16:00,0.060025474
8/25/2020 17:00,0.267156593
8/25/2020 18:00,0.085334923
8/25/2020 19:00,0.14007019
8/25/2020 20:00,0.18285838
8/25/2020 21:00,0.25119631
8/25/2020 22:00,0.617949405
8/25/2020 23:00,0.2255552
8/26/2020 0:00,0.139880775
8/26/2020 1:00,0.487595587
8/26/2020 2:00,0.325931927
8/26/2020 3:00,0.201586193
8/26/2020 4:00,0.143006131
8/26/2020 5:00,0.430137112
8/26/2020 6:00,0.583771331
8/26/2020 7:00,0.541687348
8/26/2020 8:00,0.435723395
8/26/2020 9:00,0.398601642
8/26/2020 10:00,0.118760947
8/26/2020 11:00,0.016620045
8/26/2020 12:00,0
8/26/2020 13:00,0.041291969
8/26/2020 14:00,0.021097474
8/26/2020 15:00,0.062779738
8/26/2020 16:00,0.133535356
8/26/2020 17:00,0.142153761
8/26/2020 18:00,0.126905813
8/26/2020 19:00,0.226470954
8/26/2020 20:00,0.253943572
8/26/2020 21:00,0.259961383
8/26/2020 22:00,0.261400425
8/26/2020 23:00,0.083176176
8/27/2020 0:00,0.007897351
8/27/2020 1:00,0.307689076
8/27/2020 2:00,0.446535556
8/27/2020 3:00,0.585069232
8/27/2020 4:00,0.618165722
8/27/2020 5:00,0.583555014
8/27/2020 6:00,0.297417892
8/27/2020 7:00,0.056973452
8/27/2020 8:00,0.008991833
8/27/2020 9:00,0.05146734
8/27/2020 10:00,0.042499216
8/27/2020 11:00,0.11269965
8/27/2020 12:00,0.316733851
8/27/2020 13:00,0.267810703
8/27/2020 14:00,0.223854514
8/27/2020 15:00,0.316273947
8/27/2020 16:00,0.447796975
8/27/2020 17:00,0.312594717
8/27/2020 18:00,0.422208194
8/27/2020 19:00,0.610594629
8/27/2020 20:00,0.446175151
8/27/2020 21:00,0.3469342
8/27/2020 22:00,0.449599002
8/27/2020 23:00,0.363822524
8/28/2020 0:00,0.318726767
8/28/2020 1:00,0.355978974
8/28/2020 2:00,0.17502675
8/28/2020 3:00,0.113930851
8/28/2020 4:00,0.184333905
8/28/2020 5:00,0.330990868
8/28/2020 6:00,0.254074394
8/28/2020 7:00,0.357358685
8/28/2020 8:00,0.263493577
8/28/2020 9:00,0.150283336
8/28/2020 10:00,0.166400605
8/28/2020 11:00,0.171735195
8/28/2020 12:00,0.066576155
8/28/2020 13:00,0.154823412
8/28/2020 14:00,0.246879184
8/28/2020 15:00,0.453383258
8/28/2020 16:00,0.289446226
8/28/2020 17:00,0.279328343
8/28/2020 18:00,0.346474296
8/28/2020 19:00,0.241907948
8/28/2020 20:00,0.292205649
8/28/2020 21:00,0.279481644
8/28/2020 22:00,0.302170231
8/28/2020 23:00,0.18580943
8/29/2020 0:00,0.290059431
8/29/2020 1:00,0.398962047
8/29/2020 2:00,0.257083299
8/29/2020 3:00,0.238899043
8/29/2020 4:00,0.017615029
8/29/2020 5:00,0.01021898
8/29/2020 6:00,0
8/29/2020 7:00,0
8/29/2020 8:00,0
8/29/2020 9:00,0
8/29/2020 10:00,0
8/29/2020 11:00,0.007134529
8/29/2020 12:00,0.024160553
8/29/2020 13:00,0.013071268
8/29/2020 14:00,0.030024326
8/29/2020 15:00,0.006471207
8/29/2020 16:00,0.053939323
8/29/2020 17:00,0.161633526
8/29/2020 18:00,0.225162734
8/29/2020 19:00,0
8/29/2020 20:00,0.275267556
8/29/2020 21:00,0
8/29/2020 22:00,0.039969745
8/29/2020 23:00,0.048420477
8/30/2020 0:00,0.13883899
8/30/2020 1:00,0.247794938
8/30/2020 2:00,0.291745745
8/30/2020 3:00,0.144805578
8/30/2020 4:00,0.137702497
8/30/2020 5:00,0.168784145
8/30/2020 6:00,0.31535414
8/30/2020 7:00,0.401665088
8/30/2020 8:00,0.357052083
8/30/2020 9:00,0.194776079
8/30/2020 10:00,0.028817078
8/30/2020 11:00,0.019173838
8/30/2020 12:00,0
8/30/2020 13:00,0.044856223
8/30/2020 14:00,0.257606587
8/30/2020 15:00,0.432479747
8/30/2020 16:00,0.253420284
8/30/2020 17:00,0.336356412
8/30/2020 18:00,0.131925324
8/30/2020 19:00,0.361037916
8/30/2020 20:00,0.229479859
8/30/2020 21:00,0.416982316
8/30/2020 22:00,0.567094084
8/30/2020 23:00,0.625520497
8/31/2020 0:00,0.631793688
8/31/2020 1:00,0.785575797
8/31/2020 2:00,0.357818589
8/31/2020 3:00,0.546399888
8/31/2020 4:00,0.384545833
8/31/2020 5:00,0.399863061
8/31/2020 6:00,0.16367656
8/31/2020 7:00,0.107206601
8/31/2020 8:00,0.135713634
8/31/2020 9:00,0.049397773
8/31/2020 10:00,0.163563058
8/31/2020 11:00,0.174913248
8/31/2020 12:00,0.147559291
8/31/2020 13:00,0.124727535
8/31/2020 14:00,0.217313414
8/31/2020 15:00,0.327924843
8/31/2020 16:00,0.153461389
8/31/2020 17:00,0.086302637
8/31/2020 18:00,0.1960246
8/31/2020 19:00,0.208548341
8/31/2020 20:00,0.213388754
8/31/2020 21:00,0.354752564
8/31/2020 22:00,0.108343094
8/31/2020 23:00,0.250673022
9/1/2020 0:00,0.263101111
9/1/2020 1:00,0.459329947
9/1/2020 2:00,0.480014545
9/1/2020 3:00,0.385086441
9/1/2020 4:00,0.30814898
9/1/2020 5:00,0.126242859
9/1/2020 6:00,0.127663475
9/1/2020 7:00,0.217836702
9/1/2020 8:00,0.283007573
9/1/2020 9:00,0.436624409
9/1/2020 10:00,0.426893464
9/1/2020 11:00,0.291439143
9/1/2020 12:00,0.254597681
9/1/2020 13:00,0.343408271
9/1/2020 14:00,0.36490374
9/1/2020 15:00,0.350000225
9/1/2020 16:00,0.285307092
9/1/2020 17:00,0.643042168
9/1/2020 18:00,0.611676214
9/1/2020 19:00,0.357358685
9/1/2020 20:00,0.306309365
9/1/2020 21:00,0.267025771
9/1/2020 22:00,0.208417519
9/1/2020 23:00,0.319186671
9/2/2020 0:00,0.688034921
9/2/2020 1:00,0.399502655
9/2/2020 2:00,0.355672372
9/2/2020 3:00,0.431218328
9/2/2020 4:00,0.438426436
9/2/2020 5:00,0.563201117
9/2/2020 6:00,0.494766844
9/2/2020 7:00,0.611892531
9/2/2020 8:00,0.448517786
9/2/2020 9:00,0.301557026
9/2/2020 10:00,0.399502655
9/2/2020 11:00,0.493947271
9/2/2020 12:00,0.365624551
9/2/2020 13:00,0.360271409
9/2/2020 14:00,0.382203198
9/2/2020 15:00,0.418243735
9/2/2020 16:00,0.453383258
9/2/2020 17:00,0.445093935
9/2/2020 18:00,0.726967545
9/2/2020 19:00,0.966034508
9/2/2020 20:00,0.968580562
9/2/2020 21:00,0.859857745
9/2/2020 22:00,0.882038521
9/2/2020 23:00,0.635471076
9/3/2020 0:00,0.525500799
9/3/2020 1:00,0.312134813
9/3/2020 2:00,0.393916372
9/3/2020 3:00,0.440228462
9/3/2020 4:00,0.482063475
9/3/2020 5:00,0.346320995
9/3/2020 6:00,0.410495019
9/3/2020 7:00,0.250149734
9/3/2020 8:00,0.429055896
9/3/2020 9:00,0.463418209
9/3/2020 10:00,0.593505592
9/3/2020 11:00,0.54250692
9/3/2020 12:00,0.295578277
9/3/2020 13:00,0.311215005
9/3/2020 14:00,0.532262269
9/3/2020 15:00,0.270688786
9/3/2020 16:00,0.216136016
9/3/2020 17:00,0.225162734
9/3/2020 18:00,0.282547669
9/3/2020 19:00,0.285920297
9/3/2020 20:00,0.617733088
9/3/2020 21:00,0.484931978
9/3/2020 22:00,0.672244953
9/3/2020 23:00,0.519763794
9/4/2020 0:00,0.45752792
9/4/2020 1:00,0.388870697
9/4/2020 2:00,0.366525564
9/4/2020 3:00,0.286686804
9/4/2020 4:00,0.673110221
9/4/2020 5:00,0.571657583
9/4/2020 6:00,0.461574172
9/4/2020 7:00,0.474892219
9/4/2020 8:00,0.389411305
9/4/2020 9:00,0.49517663
9/4/2020 10:00,0.3890509
9/4/2020 11:00,0.332677182
9/4/2020 12:00,0.183198886
9/4/2020 13:00,0.170827179
9/4/2020 14:00,0.170373172
9/4/2020 15:00,0.126148151
9/4/2020 16:00,0.051812268
9/4/2020 17:00,0.172983715
9/4/2020 18:00,0.06240754
9/4/2020 19:00,0.091736725
9/4/2020 20:00,0.240861372
9/4/2020 21:00,0.367246375
9/4/2020 22:00,0.498454918
9/4/2020 23:00,0.307535775
9/5/2020 0:00,0.188987483
9/5/2020 1:00,0.209987383
9/5/2020 2:00,0.191371023
9/5/2020 3:00,0.113741436
9/5/2020 4:00,0.12368575
9/5/2020 5:00,0.071191407
9/5/2020 6:00,0.154369404
9/5/2020 7:00,0.196478608
9/5/2020 8:00,0.132777694
9/5/2020 9:00,0.106922478
9/5/2020 10:00,0.32025978
9/5/2020 11:00,0.294505168
9/5/2020 12:00,0.623789962
9/5/2020 13:00,0.524476333
9/5/2020 14:00,0.459730135
9/5/2020 15:00,0.310755102
9/5/2020 16:00,0.222677116
9/5/2020 17:00,0.248841514
9/5/2020 18:00,0.184674411
9/5/2020 19:00,0.17445924
9/5/2020 20:00,0.180701844
9/5/2020 21:00,0.260746315
9/5/2020 22:00,0.278014818
9/5/2020 23:00,0.249364802
9/6/2020 0:00,0.263755221
9/6/2020 1:00,0.131072954
9/6/2020 2:00,0.034853316
9/6/2020 3:00,0
9/6/2020 4:00,0
9/6/2020 5:00,0
9/6/2020 6:00,0
9/6/2020 7:00,0
9/6/2020 8:00,0
9/6/2020 9:00,0
9/6/2020 10:00,0
9/6/2020 11:00,0.069925935
9/6/2020 12:00,0.040314673
9/6/2020 13:00,0
9/6/2020 14:00,0.015326566
9/6/2020 15:00,0.047385694
9/6/2020 16:00,0.128894676
9/6/2020 17:00,0.147445789
9/6/2020 18:00,0.064417408
9/6/2020 19:00,0.015558729
9/6/2020 20:00,0
9/6/2020 21:00,0.10133472
9/6/2020 22:00,0
9/6/2020 23:00,0
9/7/2020 0:00,0
9/7/2020 1:00,0
9/7/2020 2:00,0
9/7/2020 3:00,0
9/7/2020 4:00,0.028874566
9/7/2020 5:00,0.045086175
9/7/2020 6:00,0.032381333
9/7/2020 7:00,0.016023055
9/7/2020 8:00,0
9/7/2020 9:00,0.006106379
9/7/2020 10:00,0.044108879
9/7/2020 11:00,0.097735826
9/7/2020 12:00,0.156412439
9/7/2020 13:00,0.341108752
9/7/2020 14:00,0.377157522
9/7/2020 15:00,0.442390895
9/7/2020 16:00,0.116866792
9/7/2020 17:00,0.007797852
9/7/2020 18:00,0.031001621
9/7/2020 19:00,0
9/7/2020 20:00,0.074243429
9/7/2020 21:00,0.199883665
9/7/2020 22:00,0.208940807
9/7/2020 23:00,0
9/8/2020 0:00,0
9/8/2020 1:00,0.265848373
9/8/2020 2:00,0.381302184
9/8/2020 3:00,0.139975483
9/8/2020 4:00,0
9/8/2020 5:00,0
9/8/2020 6:00,0
9/8/2020 7:00,0.035198243
9/8/2020 8:00,0.031691477
9/8/2020 9:00,0.0048129
9/8/2020 10:00,0
9/8/2020 11:00,0.040889553
9/8/2020 12:00,0.059355518
9/8/2020 13:00,0.046465886
9/8/2020 14:00,0.200451174
9/8/2020 15:00,0.018079355
9/8/2020 16:00,0
9/8/2020 17:00,0.09419323
9/8/2020 18:00,0.012076284
9/8/2020 19:00,0
9/8/2020 20:00,0
9/8/2020 21:00,0
9/8/2020 22:00,0
9/8/2020 23:00,0
9/9/2020 0:00,0
9/9/2020 1:00,0
9/9/2020 2:00,0
9/9/2020 3:00,0.098019949
9/9/2020 4:00,0.016586879
9/9/2020 5:00,0.012374779
9/9/2020 6:00,0.045143663
9/9/2020 7:00,0.06903266
9/9/2020 8:00,0
9/9/2020 9:00,0.00524406
9/9/2020 10:00,0.046235934
9/9/2020 11:00,0.123591042
9/9/2020 12:00,0.153007382
9/9/2020 13:00,0.211557247
9/9/2020 14:00,0.129747046
9/9/2020 15:00,0.123875165
9/9/2020 16:00,0.127379352
9/9/2020 17:00,0.080273033
9/9/2020 18:00,0.066576155
9/9/2020 19:00,0.170600176
9/9/2020 20:00,0.229872325
9/9/2020 21:00,0.079677517
9/9/2020 22:00,0.163222552
9/9/2020 23:00,0.069181539
9/10/2020 0:00,0.107869555
9/10/2020 1:00,0.067320551
9/10/2020 2:00,0
9/10/2020 3:00,0
9/10/2020 4:00,0
9/10/2020 5:00,0
9/10/2020 6:00,0
9/10/2020 7:00,0.035255731
9/10/2020 8:00,0
9/10/2020 9:00,0.023413209
9/10/2020 10:00,0.074020111
9/10/2020 11:00,0.177183286
9/10/2020 12:00,0.232096299
9/10/2020 13:00,0.238375755
9/10/2020 14:00,0.313514524
9/10/2020 15:00,0.256429189
9/10/2020 16:00,0.319953177
9/10/2020 17:00,0.128610553
9/10/2020 18:00,0.053421931
9/10/2020 19:00,0.091513406
9/10/2020 20:00,0.195570593
9/10/2020 21:00,0.116772084
9/10/2020 22:00,0.096978164
9/10/2020 23:00,0.221238074
9/11/2020 0:00,0.169351655
9/11/2020 1:00,0.04692579
9/11/2020 2:00,0.0068692
9/11/2020 3:00,0.024160553
9/11/2020 4:00,0
9/11/2020 5:00,0
9/11/2020 6:00,0.006968699
9/11/2020 7:00,0
9/11/2020 8:00,0
9/11/2020 9:00,0.04663835
9/11/2020 10:00,0.095746963
9/11/2020 11:00,0.137513081
9/11/2020 12:00,0.121223348
9/11/2020 13:00,0.104838907
9/11/2020 14:00,0.137513081
9/11/2020 15:00,0.145279117
9/11/2020 16:00,0.120370978
9/11/2020 17:00,0.181723361
9/11/2020 18:00,0.009290328
9/11/2020 19:00,0
9/11/2020 20:00,0
9/11/2020 21:00,0.005210893
9/11/2020 22:00,0
9/11/2020 23:00,0
9/12/2020 0:00,0
9/12/2020 1:00,0
9/12/2020 2:00,0
9/12/2020 3:00,0
9/12/2020 4:00,0.085707121
9/12/2020 5:00,0.188646977
9/12/2020 6:00,0.052157196
9/12/2020 7:00,0.01632155
9/12/2020 8:00,0.087121472
9/12/2020 9:00,0.071786924
9/12/2020 10:00,0.170940681
9/12/2020 11:00,0.092629999
9/12/2020 12:00,0.103986537
9/12/2020 13:00,0.243085346
9/12/2020 14:00,0.116014422
9/12/2020 15:00,0.065608441
9/12/2020 16:00,0.228564105
9/12/2020 17:00,0.084516088
9/12/2020 18:00,0.00875967
9/12/2020 19:00,0.128421137
9/12/2020 20:00,0.361344518
9/12/2020 21:00,0.281781163
9/12/2020 22:00,0.31903337
9/12/2020 23:00,0.510953393
9/13/2020 0:00,0.552546679
9/13/2020 1:00,0.716711101
9/13/2020 2:00,0.368687996
9/13/2020 3:00,0.091960043
9/13/2020 4:00,0.079007561
9/13/2020 5:00,0.43806603
9/13/2020 6:00,0.240338085
9/13/2020 7:00,0.189781996
9/13/2020 8:00,0.078709803
9/13/2020 9:00,0.114783221
9/13/2020 10:00,0.131546493
9/13/2020 11:00,0.118571531
9/13/2020 12:00,0.094894593
9/13/2020 13:00,0.13883899
9/13/2020 14:00,0.130788831
9/13/2020 15:00,0.103986537
9/13/2020 16:00,0.022623116
9/13/2020 17:00,0.086228198
9/13/2020 18:00,0.148013298
9/13/2020 19:00,0.359351602
9/13/2020 20:00,0.293738662
9/13/2020 21:00,0.328078144
9/13/2020 22:00,0.438967044
9/13/2020 23:00,0.389951913
9/14/2020 0:00,0.311828211
9/14/2020 1:00,0.082357341
9/14/2020 2:00,0.120560394
9/14/2020 3:00,0.217967524
9/14/2020 4:00,0.065906199
9/14/2020 5:00,0
9/14/2020 6:00,0.019803994
9/14/2020 7:00,0.096788748
9/14/2020 8:00,0.080347473
9/14/2020 9:00,0.092332241
9/14/2020 10:00,0.071638045
9/14/2020 11:00,0.024562968
9/14/2020 12:00,0.087121472
9/14/2020 13:00,0.047903085
9/14/2020 14:00,0.037900178
9/14/2020 15:00,0.040199697
9/14/2020 16:00,0.018046189
9/14/2020 17:00,0.033990996
9/14/2020 18:00,0.051582316
9/14/2020 19:00,0.236020959
9/14/2020 20:00,0.110237249
9/14/2020 21:00,0.087419231
9/14/2020 22:00,0.011545626
9/14/2020 23:00,0
9/15/2020 0:00,0
9/15/2020 1:00,0
9/15/2020 2:00,0
9/15/2020 3:00,0
9/15/2020 4:00,0
9/15/2020 5:00,0
9/15/2020 6:00,0
9/15/2020 7:00,0
9/15/2020 8:00,0
9/15/2020 9:00,0
9/15/2020 10:00,0
9/15/2020 11:00,0
9/15/2020 12:00,0
9/15/2020 13:00,0.011346629
9/15/2020 14:00,0.010517476
9/15/2020 15:00,0.039567329
9/15/2020 16:00,0.036118051
9/15/2020 17:00,0.039797281
9/15/2020 18:00,0
9/15/2020 19:00,0
9/15/2020 20:00,0
9/15/2020 21:00,0
9/15/2020 22:00,0
9/15/2020 23:00,0
9/16/2020 0:00,0
9/16/2020 1:00,0
9/16/2020 2:00,0
9/16/2020 3:00,0
9/16/2020 4:00,0
9/16/2020 5:00,0
9/16/2020 6:00,0
9/16/2020 7:00,0
9/16/2020 8:00,0
9/16/2020 9:00,0
9/16/2020 10:00,0
9/16/2020 11:00,0
9/16/2020 12:00,0
9/16/2020 13:00,0.016819042
9/16/2020 14:00,0.032208869
9/16/2020 15:00,0.014762741
9/16/2020 16:00,0.013767757
9/16/2020 17:00,0.023988089
9/16/2020 18:00,0.012772773
9/16/2020 19:00,0
9/16/2020 20:00,0.052559611
9/16/2020 21:00,0
9/16/2020 22:00,0
9/16/2020 23:00,0
9/17/2020 0:00,0
9/17/2020 1:00,0
9/17/2020 2:00,0
9/17/2020 3:00,0
9/17/2020 4:00,0
9/17/2020 5:00,0
9/17/2020 6:00,0
9/17/2020 7:00,0
9/17/2020 8:00,0
9/17/2020 9:00,0
9/17/2020 10:00,0.021694464
9/17/2020 11:00,0.025252824
9/17/2020 12:00,0.043304048
9/17/2020 13:00,0.057122332
9/17/2020 14:00,0.152439872
9/17/2020 15:00,0.087121472
9/17/2020 16:00,0.110331957
9/17/2020 17:00,0.049627725
9/17/2020 18:00,0.101902967
9/17/2020 19:00,0
9/17/2020 20:00,0.237590823
9/17/2020 21:00,0.256560011
9/17/2020 22:00,0.188192969
9/17/2020 23:00,0
9/18/2020 0:00,0.016056221
9/18/2020 1:00,0.022788947
9/18/2020 2:00,0.060993188
9/18/2020 3:00,0.091662285
9/18/2020 4:00,0.322099395
9/18/2020 5:00,0.429236099
9/18/2020 6:00,0.176956282
9/18/2020 7:00,0.058834441
9/18/2020 8:00,0.032611285
9/18/2020 9:00,0.125201074
9/18/2020 10:00,0.112036696
9/18/2020 11:00,0.12198101
9/18/2020 12:00,0.140164898
9/18/2020 13:00,0.171621693
9/18/2020 14:00,0.257344943
9/18/2020 15:00,0.403467115
9/18/2020 16:00,0.200564676
9/18/2020 17:00,0.281781163
9/18/2020 18:00,0.369769212
9/18/2020 19:00,0.412657451
9/18/2020 20:00,0.454464475
9/18/2020 21:00,0.335283304
9/18/2020 22:00,0.501323421
9/18/2020 23:00,0.568938122
9/19/2020 0:00,0.701221777
9/19/2020 1:00,0.306769269
9/19/2020 2:00,0.238244933
9/19/2020 3:00,0.349233719
9/19/2020 4:00,0.571657583
9/19/2020 5:00,0.136566004
9/19/2020 6:00,0.086600395
9/19/2020 7:00,0.073126836
9/19/2020 8:00,0.084962725
9/19/2020 9:00,0.04692579
9/19/2020 10:00,0.032496309
9/19/2020 11:00,0.061886463
9/19/2020 12:00,0.018974841
9/19/2020 13:00,0.02875959
9/19/2020 14:00,0.038015154
9/19/2020 15:00,0.015193901
9/19/2020 16:00,0.006769702
9/19/2020 17:00,0.121602179
9/19/2020 18:00,0.41319806
9/19/2020 19:00,0.379319955
9/19/2020 20:00,0.915260846
9/19/2020 21:00,0.532672055
9/19/2020 22:00,0.626385765
9/19/2020 23:00,0.632658956
9/20/2020 0:00,0.303703244
9/20/2020 1:00,0.155163918
9/20/2020 2:00,0.520378473
9/20/2020 3:00,0.120370978
9/20/2020 4:00,0.110142541
9/20/2020 5:00,0.038590034
9/20/2020 6:00,0.109100756
9/20/2020 7:00,0
9/20/2020 8:00,0
9/20/2020 9:00,0
9/20/2020 10:00,0
9/20/2020 11:00,0.00919083
9/20/2020 12:00,0.109384879
9/20/2020 13:00,0.029449446
9/20/2020 14:00,0.058462244
9/20/2020 15:00,0.10389183
9/20/2020 16:00,0.11440439
9/20/2020 17:00,0.066873913
9/20/2020 18:00,0.109479587
9/20/2020 19:00,0.129652338
9/20/2020 20:00,0
9/20/2020 21:00,0
9/20/2020 22:00,0
9/20/2020 23:00,0
9/21/2020 0:00,0
9/21/2020 1:00,0
9/21/2020 2:00,0
9/21/2020 3:00,0
9/21/2020 4:00,0
9/21/2020 5:00,0
9/21/2020 6:00,0
9/21/2020 7:00,0
9/21/2020 8:00,0
9/21/2020 9:00,0
9/21/2020 10:00,0.007598855
9/21/2020 11:00,0.02875959
9/21/2020 12:00,0.060620991
9/21/2020 13:00,0.019638164
9/21/2020 14:00,0.023298233
9/21/2020 15:00,0.021196972
9/21/2020 16:00,0.088535824
9/21/2020 17:00,0.120276271
9/21/2020 18:00,0.313821127
9/21/2020 19:00,0.281474561
9/21/2020 20:00,0.153915397
9/21/2020 21:00,0
9/21/2020 22:00,0.005011897
9/21/2020 23:00,0
9/22/2020 0:00,0
9/22/2020 1:00,0
9/22/2020 2:00,0
9/22/2020 3:00,0
9/22/2020 4:00,0.081687385
9/22/2020 5:00,0.118666239
9/22/2020 6:00,0.039107426
9/22/2020 7:00,0.10976371
9/22/2020 8:00,0.0691071
9/22/2020 9:00,0.226863419
9/22/2020 10:00,0.180361339
9/22/2020 11:00,0.226601776
9/22/2020 12:00,0.162995549
9/22/2020 13:00,0.270688786
9/22/2020 14:00,0.259830561
9/22/2020 15:00,0.244786032
9/22/2020 16:00,0.291285841
9/22/2020 17:00,0.2862269
9/22/2020 18:00,0.472023717
9/22/2020 19:00,0.595668762
9/22/2020 20:00,0.77762182
9/22/2020 21:00,0.870777511
9/22/2020 22:00,0.850985434
9/22/2020 23:00,0.62249206
9/23/2020 0:00,0.555415181
9/23/2020 1:00,0.310908403
9/23/2020 2:00,0.153234385
9/23/2020 3:00,0.031576501
9/23/2020 4:00,0.042499216
9/23/2020 5:00,0
9/23/2020 6:00,0.018411017
9/23/2020 7:00,0.083250615
9/23/2020 8:00,0.062779738
9/23/2020 9:00,0.015492396
9/23/2020 10:00,0
9/23/2020 11:00,0
9/23/2020 12:00,0.015757725
9/23/2020 13:00,0.09839878
9/23/2020 14:00,0.099629981
9/23/2020 15:00,0.031059109
9/23/2020 16:00,0.105217738
9/23/2020 17:00,0.186149935
9/23/2020 18:00,0.176048267
9/23/2020 19:00,0.360731313
9/23/2020 20:00,0.256821655
9/23/2020 21:00,0.815666813
9/23/2020 22:00,0.263362755
9/23/2020 23:00,0.183652894
9/24/2020 0:00,0.162655043
9/24/2020 1:00,0.093597714
9/24/2020 2:00,0.030541718
9/24/2020 3:00,0.014596911
9/24/2020 4:00,0
9/24/2020 5:00,0
9/24/2020 6:00,0.031921429
9/24/2020 7:00,0
9/24/2020 8:00,0
9/24/2020 9:00,0.013535594
9/24/2020 10:00,0.068660463
9/24/2020 11:00,0.12283338
9/24/2020 12:00,0.112131404
9/24/2020 13:00,0.239160687
9/24/2020 14:00,0.203742729
9/24/2020 15:00,0.218229168
9/24/2020 16:00,0.145468532
9/24/2020 17:00,0.13713425
9/24/2020 18:00,0.197840631
9/24/2020 19:00,0.187398456
9/24/2020 20:00,0.18342589
9/24/2020 21:00,0.298491001
9/24/2020 22:00,0.097451703
9/24/2020 23:00,0.093076637
9/25/2020 0:00,0.20737479
9/25/2020 1:00,0.220714786
9/25/2020 2:00,0.178431806
9/25/2020 3:00,0.031921429
9/25/2020 4:00,0.022755781
9/25/2020 5:00,0.015193901
9/25/2020 6:00,0.049627725
9/25/2020 7:00,0.009389827
9/25/2020 8:00,0.017814026
9/25/2020 9:00,0.098967027
9/25/2020 10:00,0.077369891
9/25/2020 11:00,0.045948494
9/25/2020 12:00,0.13249357
9/25/2020 13:00,0.165152085
9/25/2020 14:00,0.174005232
9/25/2020 15:00,0.158455473
9/25/2020 16:00,0.346014392
9/25/2020 17:00,0.398781845
9/25/2020 18:00,0.32025978
9/25/2020 19:00,0.338962534
9/25/2020 20:00,0.205331756
9/25/2020 21:00,0.343868174
9/25/2020 22:00,0.380941779
9/25/2020 23:00,0.551932
9/26/2020 0:00,0.706873287
9/26/2020 1:00,0.372652455
9/26/2020 2:00,0.654723282
9/26/2020 3:00,0.619896257
9/26/2020 4:00,0.621410476
9/26/2020 5:00,0.63374054
9/26/2020 6:00,0.103418291
9/26/2020 7:00,0.151077849
9/26/2020 8:00,0.071414726
9/26/2020 9:00,0.09091789
9/26/2020 10:00,0.131072954
9/26/2020 11:00,0.136187173
9/26/2020 12:00,0.20260771
9/26/2020 13:00,0.352453045
9/26/2020 14:00,0.444913732
9/26/2020 15:00,0.438786841
9/26/2020 16:00,0.405088939
9/26/2020 17:00,0.393736169
9/26/2020 18:00,0.345401187
9/26/2020 19:00,0.611892531
9/26/2020 20:00,0.470384573
9/26/2020 21:00,0.560947293
9/26/2020 22:00,0.529803552
9/26/2020 23:00,0.547834139
9/27/2020 0:00,0.749573585
9/27/2020 1:00,0.775737983
9/27/2020 2:00,0.768621267
9/27/2020 3:00,0.340495547
9/27/2020 4:00,0.24923398
9/27/2020 5:00,0.091215648
9/27/2020 6:00,0.075657781
9/27/2020 7:00,0.057643408
9/27/2020 8:00,0.065161804
9/27/2020 9:00,0.043016608
9/27/2020 10:00,0.043419024
9/27/2020 11:00,0.104270661
9/27/2020 12:00,0.203515725
9/27/2020 13:00,0.137418373
9/27/2020 14:00,0.269118922
9/27/2020 15:00,0.585285549
9/27/2020 16:00,0.507265319
9/27/2020 17:00,0.681762898
9/27/2020 18:00,0.257737409
9/27/2020 19:00,0.45013961
9/27/2020 20:00,0.57016748
9/27/2020 21:00,0.768202636
9/27/2020 22:00,0.545990102
9/27/2020 23:00,0.740991662
9/28/2020 0:00,0.518534435
9/28/2020 1:00,0.160158001
9/28/2020 2:00,0.097451703
9/28/2020 3:00,0.097735826
9/28/2020 4:00,0.160952514
9/28/2020 5:00,0.150850846
9/28/2020 6:00,0.105880692
9/28/2020 7:00,0
9/28/2020 8:00,0
9/28/2020 9:00,0
9/28/2020 10:00,0
9/28/2020 11:00,0.01864318
9/28/2020 12:00,0.062109782
9/28/2020 13:00,0
9/28/2020 14:00,0
9/28/2020 15:00,0
9/28/2020 16:00,0.006371708
9/28/2020 17:00,0.005708386
9/28/2020 18:00,0
9/28/2020 19:00,0
9/28/2020 20:00,0
9/28/2020 21:00,0
9/28/2020 22:00,0.005675219
9/28/2020 23:00,0
9/29/2020 0:00,0.010616974
9/29/2020 1:00,0.110047833
9/29/2020 2:00,0.087865868
9/29/2020 3:00,0.074466748
9/29/2020 4:00,0.019173838
9/29/2020 5:00,0
9/29/2020 6:00,0
9/29/2020 7:00,0.049397773
9/29/2020 8:00,0.043361536
9/29/2020 9:00,0.124159288
9/29/2020 10:00,0.158568975
9/29/2020 11:00,0.311981512
9/29/2020 12:00,0.175480757
9/29/2020 13:00,0.302630135
9/29/2020 14:00,0.247402472
9/29/2020 15:00,0.244786032
9/29/2020 16:00,0.160044499
9/29/2020 17:00,0.206126269
9/29/2020 18:00,0.676354975
9/29/2020 19:00,0.33359699
9/29/2020 20:00,0.24857987
9/29/2020 21:00,0.33604981
9/29/2020 22:00,0.052099708
9/29/2020 23:00,0
9/30/2020 0:00,0
9/30/2020 1:00,0.016520547
9/30/2020 2:00,0
9/30/2020 3:00,0
9/30/2020 4:00,0
9/30/2020 5:00,0
9/30/2020 6:00,0
9/30/2020 7:00,0
9/30/2020 8:00,0.056601255
9/30/2020 9:00,0.237721645
9/30/2020 10:00,0.290212733
9/30/2020 11:00,0.798762653
9/30/2020 12:00,0.737014674
9/30/2020 13:00,0.464852461
9/30/2020 14:00,0.628765251
9/30/2020 15:00,0.542302027
9/30/2020 16:00,0.208155875
9/30/2020 17:00,0.199543159
9/30/2020 18:00,0.132304155
9/30/2020 19:00,0.172189202
9/30/2020 20:00,0.438426436
9/30/2020 21:00,0.551522214
9/30/2020 22:00,0.330837567
9/30/2020 23:00,0.375896104
10/1/2020 0:00,0.237590823
10/1/2020 1:00,0.081687385
10/1/2020 2:00,0.206693779
10/1/2020 3:00,0.498659811
10/1/2020 4:00,0.202494208
10/1/2020 5:00,0.097356995
10/1/2020 6:00,0.122738672
10/1/2020 7:00,0.07081921
10/1/2020 8:00,0.223200404
10/1/2020 9:00,0.612325165
10/1/2020 10:00,0.485341764
10/1/2020 11:00,0.310295198
10/1/2020 12:00,0.162087533
10/1/2020 13:00,0.393015359
10/1/2020 14:00,0.548448818
10/1/2020 15:00,0.453203056
10/1/2020 16:00,0.284540586
10/1/2020 17:00,0.181609859
10/1/2020 18:00,0.07074477
10/1/2020 19:00,0.260353849
10/1/2020 20:00,0.165606092
10/1/2020 21:00,0.173664727
10/1/2020 22:00,0.062556419
10/1/2020 23:00,0.009290328
10/2/2020 0:00,0.006172711
10/2/2020 1:00,0.040544625
10/2/2020 2:00,0.032438821
10/2/2020 3:00,0
10/2/2020 4:00,0
10/2/2020 5:00,0
10/2/2020 6:00,0
10/2/2020 7:00,0.0330137
10/2/2020 8:00,0.553776037
10/2/2020 9:00,0.541072669
10/2/2020 10:00,0.377337725
10/2/2020 11:00,0.17922632
10/2/2020 12:00,0.410675222
10/2/2020 13:00,0.378238739
10/2/2020 14:00,0.405989952
10/2/2020 15:00,0.449959407
10/2/2020 16:00,0.785994427
10/2/2020 17:00,0.487390694
10/2/2020 18:00,0.435543193
10/2/2020 19:00,0.310908403
10/2/2020 20:00,0.248318226
10/2/2020 21:00,0.349846924
10/2/2020 22:00,0.301250423
10/2/2020 23:00,0.010815971
10/3/2020 0:00,0.127095229
10/3/2020 1:00,0.370129618
10/3/2020 2:00,0.360884614
10/3/2020 3:00,0.317960261
10/3/2020 4:00,0.265063441
10/3/2020 5:00,0.165946598
10/3/2020 6:00,0.178772312
10/3/2020 7:00,0.067246111
10/3/2020 8:00,0
10/3/2020 9:00,0
10/3/2020 10:00,0
10/3/2020 11:00,0.019770828
10/3/2020 12:00,0.023815625
10/3/2020 13:00,0.042729168
10/3/2020 14:00,0.008726504
10/3/2020 15:00,0
10/3/2020 16:00,0
10/3/2020 17:00,0
10/3/2020 18:00,0
10/3/2020 19:00,0.031001621
10/3/2020 20:00,0.121507471
10/3/2020 21:00,0.014961738
10/3/2020 22:00,0
10/3/2020 23:00,0
10/4/2020 0:00,0
10/4/2020 1:00,0
10/4/2020 2:00,0
10/4/2020 3:00,0.021760797
10/4/2020 4:00,0
10/4/2020 5:00,0
10/4/2020 6:00,0
10/4/2020 7:00,0
10/4/2020 8:00,0
10/4/2020 9:00,0
10/4/2020 10:00,0
10/4/2020 11:00,0
10/4/2020 12:00,0
10/4/2020 13:00,0
10/4/2020 14:00,0.01356876
10/4/2020 15:00,0
10/4/2020 16:00,0
10/4/2020 17:00,0
10/4/2020 18:00,0
10/4/2020 19:00,0
10/4/2020 20:00,0
10/4/2020 21:00,0
10/4/2020 22:00,0
10/4/2020 23:00,0
10/5/2020 0:00,0
10/5/2020 1:00,0
10/5/2020 2:00,0
10/5/2020 3:00,0
10/5/2020 4:00,0
10/5/2020 5:00,0
10/5/2020 6:00,0
10/5/2020 7:00,0
10/5/2020 8:00,0
10/5/2020 9:00,0
10/5/2020 10:00,0
10/5/2020 11:00,0
10/5/2020 12:00,0
10/5/2020 13:00,0
10/5/2020 14:00,0
10/5/2020 15:00,0
10/5/2020 16:00,0
10/5/2020 17:00,0.014596911
10/5/2020 18:00,0.013303431
10/5/2020 19:00,0
10/5/2020 20:00,0
10/5/2020 21:00,0
10/5/2020 22:00,0.018875342
10/5/2020 23:00,0.007234028
10/6/2020 0:00,0.140733145
10/6/2020 1:00,0.129273507
10/6/2020 2:00,0.229741503
10/6/2020 3:00,0.195116585
10/6/2020 4:00,0.104175953
10/6/2020 5:00,0.014198917
10/6/2020 6:00,0.083176176
10/6/2020 7:00,0.109384879
10/6/2020 8:00,0
10/6/2020 9:00,0
10/6/2020 10:00,0
10/6/2020 11:00,0
10/6/2020 12:00,0
10/6/2020 13:00,0
10/6/2020 14:00,0.019107505
10/6/2020 15:00,0.112320819
10/6/2020 16:00,0.104175953
10/6/2020 17:00,0.077146572
10/6/2020 18:00,0.022656282
10/6/2020 19:00,0.009754654
10/6/2020 20:00,0.013303431
10/6/2020 21:00,0.077890967
10/6/2020 22:00,0
10/6/2020 23:00,0
10/7/2020 0:00,0
10/7/2020 1:00,0
10/7/2020 2:00,0
10/7/2020 3:00,0
10/7/2020 4:00,0
10/7/2020 5:00,0
10/7/2020 6:00,0
10/7/2020 7:00,0
10/7/2020 8:00,0
10/7/2020 9:00,0
10/7/2020 10:00,0
10/7/2020 11:00,0
10/7/2020 12:00,0
10/7/2020 13:00,0
10/7/2020 14:00,0
10/7/2020 15:00,0
10/7/2020 16:00,0
10/7/2020 17:00,0
10/7/2020 18:00,0
10/7/2020 19:00,0
10/7/2020 20:00,0
10/7/2020 21:00,0
10/7/2020 22:00,0
10/7/2020 23:00,0
10/8/2020 0:00,0
10/8/2020 1:00,0
10/8/2020 2:00,0
10/8/2020 3:00,0.066873913
10/8/2020 4:00,0.050260092
10/8/2020 5:00,0.11355202
10/8/2020 6:00,0.226470954
10/8/2020 7:00,0.486161336
10/8/2020 8:00,0.657102768
10/8/2020 9:00,0.47222861
10/8/2020 10:00,0.566274512
10/8/2020 11:00,0.472638396
10/8/2020 12:00,0.478375401
10/8/2020 13:00,0.726339599
10/8/2020 14:00,0.529598659
10/8/2020 15:00,0.339115835
10/8/2020 16:00,0.501733207
10/8/2020 17:00,0.678734461
10/8/2020 18:00,1
10/8/2020 19:00,1
10/8/2020 20:00,1
10/8/2020 21:00,1
10/8/2020 22:00,1
10/8/2020 23:00,1
10/9/2020 0:00,0.999429011
10/9/2020 1:00,0.996290144
10/9/2020 2:00,0.99971645
10/9/2020 3:00,0.960617372
10/9/2020 4:00,0.9314017
10/9/2020 5:00,0.984765979
10/9/2020 6:00,0.823686017
10/9/2020 7:00,0.958233832
10/9/2020 8:00,0.978602263
10/9/2020 9:00,0.840577531
10/9/2020 10:00,0.920963947
10/9/2020 11:00,0.640230048
10/9/2020 12:00,0.586583451
10/9/2020 13:00,0.618165722
10/9/2020 14:00,0.725920969
10/9/2020 15:00,0.61124358
10/9/2020 16:00,0.582473429
10/9/2020 17:00,0.649747993
10/9/2020 18:00,0.728432751
10/9/2020 19:00,0.73889851
10/9/2020 20:00,0.63936478
10/9/2020 21:00,0.52427144
10/9/2020 22:00,0.63871583
10/9/2020 23:00,0.365444348
10/10/2020 0:00,0.177523791
10/10/2020 1:00,0.142437884
10/10/2020 2:00,0.123117503
10/10/2020 3:00,0.098872319
10/10/2020 4:00,0.157547458
10/10/2020 5:00,0.174232236
10/10/2020 6:00,0.223985336
10/10/2020 7:00,0.254074394
10/10/2020 8:00,0.21378122
10/10/2020 9:00,0.273305226
10/10/2020 10:00,0.32516542
10/10/2020 11:00,0.684358701
10/10/2020 12:00,0.509109356
10/10/2020 13:00,0.590477155
10/10/2020 14:00,0.561766865
10/10/2020 15:00,0.576200238
10/10/2020 16:00,0.615353602
10/10/2020 17:00,0.461164386
10/10/2020 18:00,0.590477155
10/10/2020 19:00,0.48370262
10/10/2020 20:00,0.763179072
10/10/2020 21:00,0.809695066
10/10/2020 22:00,0.284540586
10/10/2020 23:00,0.38166259
10/11/2020 0:00,0.350920032
10/11/2020 1:00,0.374634685
10/11/2020 2:00,0.432119342
10/11/2020 3:00,0.151077849
10/11/2020 4:00,0.124159288
10/11/2020 5:00,0.401665088
10/11/2020 6:00,0.342028559
10/11/2020 7:00,0.531237803
10/11/2020 8:00,0.488210266
10/11/2020 9:00,0.345247886
10/11/2020 10:00,0.460139921
10/11/2020 11:00,0.365264145
10/11/2020 12:00,0.417162519
10/11/2020 13:00,0.519558901
10/11/2020 14:00,0.590044522
10/11/2020 15:00,0.759830029
10/11/2020 16:00,0.768202636
10/11/2020 17:00,0.609945679
10/11/2020 18:00,0.620112574
10/11/2020 19:00,0.883062249
10/11/2020 20:00,0.802528969
10/11/2020 21:00,0.525091012
10/11/2020 22:00,0.379860563
10/11/2020 23:00,0.283314176
10/12/2020 0:00,0.270819608
10/12/2020 1:00,0.214042864
10/12/2020 2:00,0.292972155
10/12/2020 3:00,0.237721645
10/12/2020 4:00,0.228433283
10/12/2020 5:00,0.212603823
10/12/2020 6:00,0.209594917
10/12/2020 7:00,0.190009
10/12/2020 8:00,0.086972593
10/12/2020 9:00,0.35306625
10/12/2020 10:00,0.357511987
10/12/2020 11:00,0.353986058
10/12/2020 12:00,0.393736169
10/12/2020 13:00,0.506445746
10/12/2020 14:00,0.421126978
10/12/2020 15:00,0.421847788
10/12/2020 16:00,0.435723395
10/12/2020 17:00,0.293278758
10/12/2020 18:00,0.340188944
10/12/2020 19:00,0.524476333
10/12/2020 20:00,0.775110037
10/12/2020 21:00,0.75020153
10/12/2020 22:00,0.957854633
10/12/2020 23:00,0.836311997
10/13/2020 0:00,0.691174648
10/13/2020 1:00,0.540253097
10/13/2020 2:00,0.229872325
10/13/2020 3:00,0.239814797
10/13/2020 4:00,0.25250453
10/13/2020 5:00,0.528574194
10/13/2020 6:00,0.590693472
10/13/2020 7:00,0.387429075
10/13/2020 8:00,0.42797468
10/13/2020 9:00,0.277099064
10/13/2020 10:00,0.39445698
10/13/2020 11:00,0.513821896
10/13/2020 12:00,0.751457422
10/13/2020 13:00,0.685440286
10/13/2020 14:00,0.486571122
10/13/2020 15:00,0.704780135
10/13/2020 16:00,0.518329542
10/13/2020 17:00,0.447616772
10/13/2020 18:00,0.534720985
10/13/2020 19:00,0.781808123
10/13/2020 20:00,0.934414659
10/13/2020 21:00,0.983657493
10/13/2020 22:00,0.967551306
10/13/2020 23:00,0.711268906
10/14/2020 0:00,0.751038791
10/14/2020 1:00,0.906975207
10/14/2020 2:00,0.540253097
10/14/2020 3:00,0.429416301
10/14/2020 4:00,0.601509319
10/14/2020 5:00,0.479809652
10/14/2020 6:00,0.450680218
10/14/2020 7:00,0.465057354
10/14/2020 8:00,0.447796975
10/14/2020 9:00,0.188533475
10/14/2020 10:00,0.293891963
10/14/2020 11:00,0.452662448
10/14/2020 12:00,0.590477155
10/14/2020 13:00,0.511977858
10/14/2020 14:00,0.438786841
10/14/2020 15:00,0.456807109
10/14/2020 16:00,0.417703127
10/14/2020 17:00,0.515256147
10/14/2020 18:00,0.63590371
10/14/2020 19:00,0.832558327
10/14/2020 20:00,0.86941254
10/14/2020 21:00,0.953629267
10/14/2020 22:00,0.829828386
10/14/2020 23:00,0.901810134
10/15/2020 0:00,0.961213257
10/15/2020 1:00,0.962350855
10/15/2020 2:00,0.794157719
10/15/2020 3:00,0.798344023
10/15/2020 4:00,0.873507453
10/15/2020 5:00,0.758155508
10/15/2020 6:00,0.713362058
10/15/2020 7:00,0.767784006
10/15/2020 8:00,0.78411059
10/15/2020 9:00,0.735549468
10/15/2020 10:00,0.615569919
10/15/2020 11:00,0.905361122
10/15/2020 12:00,0.970747416
10/15/2020 13:00,0.899980837
10/15/2020 14:00,0.591991374
10/15/2020 15:00,0.529393766
10/15/2020 16:00,0.717339046
10/15/2020 17:00,0.692639855
10/15/2020 18:00,0.822662289
10/15/2020 19:00,0.988421624
10/15/2020 20:00,0.997389049
10/15/2020 21:00,1
10/15/2020 22:00,1
10/15/2020 23:00,0.999699867
10/16/2020 0:00,0.996475874
10/16/2020 1:00,0.967822163
10/16/2020 2:00,0.9883037
10/16/2020 3:00,1
10/16/2020 4:00,1
10/16/2020 5:00,1
10/16/2020 6:00,0.999307401
10/16/2020 7:00,0.998395088
10/16/2020 8:00,0.999799366
10/16/2020 9:00,0.996971155
10/16/2020 10:00,0.997249751
10/16/2020 11:00,0.984836733
10/16/2020 12:00,0.990898029
10/16/2020 13:00,1
10/16/2020 14:00,0.99550079
10/16/2020 15:00,1
10/16/2020 16:00,1
10/16/2020 17:00,1
10/16/2020 18:00,1
10/16/2020 19:00,1
10/16/2020 20:00,1
10/16/2020 21:00,1
10/16/2020 22:00,1
10/16/2020 23:00,1
10/17/2020 0:00,1
10/17/2020 1:00,1
10/17/2020 2:00,1
10/17/2020 3:00,0.999661174
10/17/2020 4:00,1
10/17/2020 5:00,1
10/17/2020 6:00,1
10/17/2020 7:00,0.999902549
10/17/2020 8:00,0.999358993
10/17/2020 9:00,0.999300031
10/17/2020 10:00,0.999049443
10/17/2020 11:00,0.997164625
10/17/2020 12:00,0.997806942
10/17/2020 13:00,0.98903483
10/17/2020 14:00,0.99838735
10/17/2020 15:00,0.988515964
10/17/2020 16:00,0.994364997
10/17/2020 17:00,0.995725214
10/17/2020 18:00,0.984176359
10/17/2020 19:00,0.999375576
10/17/2020 20:00,0.999801208
10/17/2020 21:00,0.995794863
10/17/2020 22:00,0.970693245
10/17/2020 23:00,0.977247979
10/18/2020 0:00,0.962296684
10/18/2020 1:00,0.987973513
10/18/2020 2:00,0.971830843
10/18/2020 3:00,0.793111143
10/18/2020 4:00,0.753341258
10/18/2020 5:00,0.822321046
10/18/2020 6:00,0.820614832
10/18/2020 7:00,0.95455018
10/18/2020 8:00,0.899227597
10/18/2020 9:00,0.874872424
10/18/2020 10:00,0.499889169
10/18/2020 11:00,0.539433525
10/18/2020 12:00,0.559922828
10/18/2020 13:00,0.49251302
10/18/2020 14:00,0.515665933
10/18/2020 15:00,0.559308149
10/18/2020 16:00,0.758992768
10/18/2020 17:00,0.428515288
10/18/2020 18:00,0.400944277
10/18/2020 19:00,0.390492521
10/18/2020 20:00,0.533901413
10/18/2020 21:00,0.415720897
10/18/2020 22:00,0.24727165
10/18/2020 23:00,0.062035342
10/19/2020 0:00,0
10/19/2020 1:00,0
10/19/2020 2:00,0
10/19/2020 3:00,0
10/19/2020 4:00,0
10/19/2020 5:00,0
10/19/2020 6:00,0
10/19/2020 7:00,0
10/19/2020 8:00,0
10/19/2020 9:00,0
10/19/2020 10:00,0
10/19/2020 11:00,0
10/19/2020 12:00,0.014961738
10/19/2020 13:00,0.048592941
10/19/2020 14:00,0.04635091
10/19/2020 15:00,0.024677944
10/19/2020 16:00,0.011014968
10/19/2020 17:00,0
10/19/2020 18:00,0
10/19/2020 19:00,0.011877287
10/19/2020 20:00,0
10/19/2020 21:00,0
10/19/2020 22:00,0
10/19/2020 23:00,0
10/20/2020 0:00,0
10/20/2020 1:00,0
10/20/2020 2:00,0
10/20/2020 3:00,0
10/20/2020 4:00,0
10/20/2020 5:00,0
10/20/2020 6:00,0
10/20/2020 7:00,0
10/20/2020 8:00,0
10/20/2020 9:00,0.038532546
10/20/2020 10:00,0.154142401
10/20/2020 11:00,0.303549942
10/20/2020 12:00,0.370850428
10/20/2020 13:00,0.231049723
10/20/2020 14:00,0.363822524
10/20/2020 15:00,0.434461976
10/20/2020 16:00,0.422208194
10/20/2020 17:00,0.199770163
10/20/2020 18:00,0.141680222
10/20/2020 19:00,0.246879184
10/20/2020 20:00,0.466901391
10/20/2020 21:00,0.677436559
10/20/2020 22:00,0.337122919
10/20/2020 23:00,0.351226635
10/21/2020 0:00,0.089801296
10/21/2020 1:00,0.273959336
10/21/2020 2:00,0.262970289
10/21/2020 3:00,0.226994241
10/21/2020 4:00,0.149829329
10/21/2020 5:00,0.227517529
10/21/2020 6:00,0.419865559
10/21/2020 7:00,0.27683742
10/21/2020 8:00,0.448337583
10/21/2020 9:00,0.426352856
10/21/2020 10:00,0.453923866
10/21/2020 11:00,0.537179701
10/21/2020 12:00,0.509724035
10/21/2020 13:00,0.384545833
10/21/2020 14:00,0.624438913
10/21/2020 15:00,0.59437086
10/21/2020 16:00,0.44076907
10/21/2020 17:00,0.261792891
10/21/2020 18:00,0.260746315
10/21/2020 19:00,0.338962534
10/21/2020 20:00,0.903747036
10/21/2020 21:00,0.864464521
10/21/2020 22:00,0.770505103
10/21/2020 23:00,0.707291918
10/22/2020 0:00,0.506240853
10/22/2020 1:00,0.65840067
10/22/2020 2:00,0.484317299
10/22/2020 3:00,0.612757799
10/22/2020 4:00,0.394817386
10/22/2020 5:00,0.693058485
10/22/2020 6:00,0.584203965
10/22/2020 7:00,0.508289784
10/22/2020 8:00,0.430497517
10/22/2020 9:00,0.234189451
10/22/2020 10:00,0.321026286
10/22/2020 11:00,0.252896996
10/22/2020 12:00,0.456987312
10/22/2020 13:00,0.499069597
10/22/2020 14:00,0.622924694
10/22/2020 15:00,0.51750997
10/22/2020 16:00,0.459149744
10/22/2020 17:00,0.396979818
10/22/2020 18:00,0.587665035
10/22/2020 19:00,0.805770774
10/22/2020 20:00,0.845866793
10/22/2020 21:00,0.783901275
10/22/2020 22:00,0.669432833
10/22/2020 23:00,0.463008423
10/23/2020 0:00,0.231442189
10/23/2020 1:00,0.236936713
10/23/2020 2:00,0.204423741
10/23/2020 3:00,0.195684095
10/23/2020 4:00,0.166287104
10/23/2020 5:00,0.227125063
10/23/2020 6:00,0.119992147
10/23/2020 7:00,0.172529708
10/23/2020 8:00,0.229610681
10/23/2020 9:00,0.235497671
10/23/2020 10:00,0.438426436
10/23/2020 11:00,0.37229205
10/23/2020 12:00,0.392474751
10/23/2020 13:00,0.345861091
10/23/2020 14:00,0.351533237
10/23/2020 15:00,0.260484671
10/23/2020 16:00,0.204537242
10/23/2020 17:00,0.196705612
10/23/2020 18:00,0.404728533
10/23/2020 19:00,0.497430453
10/23/2020 20:00,0.833582056
10/23/2020 21:00,0.574253386
10/23/2020 22:00,0.662727008
10/23/2020 23:00,0.417883329
10/24/2020 0:00,0.324705517
10/24/2020 1:00,0.187284954
10/24/2020 2:00,0.014066252
10/24/2020 3:00,0
10/24/2020 4:00,0
10/24/2020 5:00,0
10/24/2020 6:00,0
10/24/2020 7:00,0
10/24/2020 8:00,0
10/24/2020 9:00,0
10/24/2020 10:00,0.014563744
10/24/2020 11:00,0.007466191
10/24/2020 12:00,0.026632535
10/24/2020 13:00,0.005708386
10/24/2020 14:00,0.015824058
10/24/2020 15:00,0.020898477
10/24/2020 16:00,0.061290947
10/24/2020 17:00,0.066129518
10/24/2020 18:00,0.047558158
10/24/2020 19:00,0.017117537
10/24/2020 20:00,0
10/24/2020 21:00,0
10/24/2020 22:00,0.007831018
10/24/2020 23:00,0
10/25/2020 0:00,0.055038024
10/25/2020 1:00,0.206126269
10/25/2020 2:00,0.239553153
10/25/2020 3:00,0.153688393
10/25/2020 4:00,0.303396641
10/25/2020 5:00,0.317193755
10/25/2020 6:00,0.120465686
10/25/2020 7:00,0.066650595
10/25/2020 8:00,0.147672793
10/25/2020 9:00,0.136471296
10/25/2020 10:00,0.041924336
10/25/2020 11:00,0.008792836
10/25/2020 12:00,0.077221011
10/25/2020 13:00,0.083325055
10/25/2020 14:00,0.104838907
10/25/2020 15:00,0.06076987
10/25/2020 16:00,0.080049715
10/25/2020 17:00,0.014232083
10/25/2020 18:00,0
10/25/2020 19:00,0
10/25/2020 20:00,0.006371708
10/25/2020 21:00,0.134766556
10/25/2020 22:00,0
10/25/2020 23:00,0.022324621
10/26/2020 0:00,0
10/26/2020 1:00,0
10/26/2020 2:00,0
10/26/2020 3:00,0
10/26/2020 4:00,0
10/26/2020 5:00,0
10/26/2020 6:00,0
10/26/2020 7:00,0
10/26/2020 8:00,0
10/26/2020 9:00,0.021296471
10/26/2020 10:00,0.070149254
10/26/2020 11:00,0.053594395
10/26/2020 12:00,0.204537242
10/26/2020 13:00,0.180928848
10/26/2020 14:00,0.143953208
10/26/2020 15:00,0.330530965
10/26/2020 16:00,0.527139943
10/26/2020 17:00,0.428335085
10/26/2020 18:00,0.265194263
10/26/2020 19:00,0.283007573
10/26/2020 20:00,0.269773032
10/26/2020 21:00,0.400944277
10/26/2020 22:00,0.240207263
10/26/2020 23:00,0.225293556
10/27/2020 0:00,0.169805662
10/27/2020 1:00,0.215481906
10/27/2020 2:00,0.261923713
10/27/2020 3:00,0.254336038
10/27/2020 4:00,0.220453142
10/27/2020 5:00,0.169919164
10/27/2020 6:00,0.330990868
10/27/2020 7:00,0.175367255
10/27/2020 8:00,0.153120884
10/27/2020 9:00,0.106543647
10/27/2020 10:00,0.009787821
10/27/2020 11:00,0
10/27/2020 12:00,0.09411879
10/27/2020 13:00,0.100387643
10/27/2020 14:00,0.109100756
10/27/2020 15:00,0.131072954
10/27/2020 16:00,0.254728503
10/27/2020 17:00,0.392835156
10/27/2020 18:00,0.334516797
10/27/2020 19:00,0.189668494
10/27/2020 20:00,0.141017268
10/27/2020 21:00,0.101713551
10/27/2020 22:00,0.066055078
10/27/2020 23:00,0.117245623
10/28/2020 0:00,0.236805891
10/28/2020 1:00,0.177750795
10/28/2020 2:00,0.178204803
10/28/2020 3:00,0.155617925
10/28/2020 4:00,0.096694041
10/28/2020 5:00,0.236413425
10/28/2020 6:00,0.30201693
10/28/2020 7:00,0.245570964
10/28/2020 8:00,0.194889581
10/28/2020 9:00,0.277753174
10/28/2020 10:00,0.24073055
10/28/2020 11:00,0.127379352
10/28/2020 12:00,0.206353273
10/28/2020 13:00,0.300024013
10/28/2020 14:00,0.397880831
10/28/2020 15:00,0.47017968
10/28/2020 16:00,0.418063532
10/28/2020 17:00,0.321026286
10/28/2020 18:00,0.347394103
10/28/2020 19:00,0.465262247
10/28/2020 20:00,0.216790126
10/28/2020 21:00,0.386888467
10/28/2020 22:00,0.48575155
10/28/2020 23:00,0.54250692
10/29/2020 0:00,0.718594938
10/29/2020 1:00,0.79499498
10/29/2020 2:00,0.64715219
10/29/2020 3:00,0.797925393
10/29/2020 4:00,0.651045894
10/29/2020 5:00,0.642825851
10/29/2020 6:00,0.751666737
10/29/2020 7:00,0.954929379
10/29/2020 8:00,0.915476057
10/29/2020 9:00,0.802017105
10/29/2020 10:00,0.717966992
10/29/2020 11:00,0.673542855
10/29/2020 12:00,0.543121599
10/29/2020 13:00,0.646935873
10/29/2020 14:00,0.329151253
10/29/2020 15:00,0.355059166
10/29/2020 16:00,0.346474296
10/29/2020 17:00,0.656453818
10/29/2020 18:00,0.702477668
10/29/2020 19:00,0.702059038
10/29/2020 20:00,0.681546581
10/29/2020 21:00,0.819761726
10/29/2020 22:00,0.98467164
10/29/2020 23:00,0.996677082
10/30/2020 0:00,0.993515943
10/30/2020 1:00,0.98717163
10/30/2020 2:00,0.973347641
10/30/2020 3:00,0.945928468
10/30/2020 4:00,0.990331994
10/30/2020 5:00,0.939364521
10/30/2020 6:00,0.996986633
10/30/2020 7:00,0.982077311
10/30/2020 8:00,0.775528668
10/30/2020 9:00,0.846890521
10/30/2020 10:00,0.966359536
10/30/2020 11:00,0.930971277
10/30/2020 12:00,0.699965886
10/30/2020 13:00,0.595236128
10/30/2020 14:00,0.576849189
10/30/2020 15:00,0.823856638
10/30/2020 16:00,0.916552114
10/30/2020 17:00,0.964301024
10/30/2020 18:00,0.999611424
10/30/2020 19:00,1
10/30/2020 20:00,1
10/30/2020 21:00,1
10/30/2020 22:00,1
10/30/2020 23:00,1
10/31/2020 0:00,1
10/31/2020 1:00,1
10/31/2020 2:00,1
10/31/2020 3:00,1
10/31/2020 4:00,1
10/31/2020 5:00,1
10/31/2020 6:00,1
10/31/2020 7:00,1
10/31/2020 8:00,0.999447436
10/31/2020 9:00,0.798553338
10/31/2020 10:00,0.514641468
10/31/2020 11:00,0.780552232
10/31/2020 12:00,0.871630618
10/31/2020 13:00,0.815496192
10/31/2020 14:00,0.781598808
10/31/2020 15:00,0.846549279
10/31/2020 16:00,0.827098444
10/31/2020 17:00,0.799809229
10/31/2020 18:00,0.952061993
10/31/2020 19:00,0.99947139
10/31/2020 20:00,0.999010749
10/31/2020 21:00,0.958125489
10/31/2020 22:00,0.844672444
10/31/2020 23:00,0.921824793
11/1/2020 0:00,0.562586438
11/1/2020 1:00,0.722362611
11/1/2020 2:00,0.64152795
11/1/2020 3:00,0.787041003
11/1/2020 4:00,0.620977842
11/1/2020 5:00,0.647801141
11/1/2020 6:00,0.706873287
11/1/2020 7:00,0.705826711
11/1/2020 8:00,0.513002323
11/1/2020 9:00,0.520583366
11/1/2020 10:00,0.533081841
11/1/2020 11:00,0.684575018
11/1/2020 12:00,0.740154402
11/1/2020 13:00,0.676571292
11/1/2020 14:00,0.472843289
11/1/2020 15:00,0.425451842
11/1/2020 16:00,0.469769893
11/1/2020 17:00,0.3823834
11/1/2020 18:00,0.476326471
11/1/2020 19:00,0.209071629
11/1/2020 20:00,0.458428934
11/1/2020 21:00,0.49046409
11/1/2020 22:00,0.471204145
11/1/2020 23:00,0.8642939
11/2/2020 0:00,0.814301842
11/2/2020 1:00,0.393736169
11/2/2020 2:00,0.448157381
11/2/2020 3:00,0.561971758
11/2/2020 4:00,0.456987312
11/2/2020 5:00,0.505626174
11/2/2020 6:00,0.308608884
11/2/2020 7:00,0.341721957
11/2/2020 8:00,0.308762185
11/2/2020 9:00,0.307075871
11/2/2020 10:00,0.172983715
11/2/2020 11:00,0.271212074
11/2/2020 12:00,0.105217738
11/2/2020 13:00,0.136187173
11/2/2020 14:00,0.232881231
11/2/2020 15:00,0.28990613
11/2/2020 16:00,0.399682858
11/2/2020 17:00,0.445274138
11/2/2020 18:00,0.808671337
11/2/2020 19:00,0.669865467
11/2/2020 20:00,0.363642321
11/2/2020 21:00,0.675922341
11/2/2020 22:00,0.777412505
11/2/2020 23:00,0.699128625
11/3/2020 0:00,0.862075822
11/3/2020 1:00,0.749992215
11/3/2020 2:00,0.851326677
11/3/2020 3:00,0.394997588
11/3/2020 4:00,0.563201117
11/3/2020 5:00,0.668783882
11/3/2020 6:00,0.571657583
11/3/2020 7:00,0.453203056
11/3/2020 8:00,0.422748802
11/3/2020 9:00,0.765690854
11/3/2020 10:00,0.867365084
11/3/2020 11:00,0.607566192
11/3/2020 12:00,0.586583451
11/3/2020 13:00,0.472638396
11/3/2020 14:00,0.352759648
11/3/2020 15:00,0.690756018
11/3/2020 16:00,0.475711791
11/3/2020 17:00,0.343868174
11/3/2020 18:00,0.376436712
11/3/2020 19:00,0.346474296
11/3/2020 20:00,0.430857923
11/3/2020 21:00,0.635687393
11/3/2020 22:00,0.595236128
11/3/2020 23:00,0.734712207
11/4/2020 0:00,0.607349876
11/4/2020 1:00,0.582689746
11/4/2020 2:00,0.799599914
11/4/2020 3:00,0.765481539
11/4/2020 4:00,0.606700925
11/4/2020 5:00,0.436444206
11/4/2020 6:00,0.395538196
11/4/2020 7:00,0.6140557
11/4/2020 8:00,0.211295603
11/4/2020 9:00,0.580959211
11/4/2020 10:00,0.631144737
11/4/2020 11:00,0.210641493
11/4/2020 12:00,0.328691349
11/4/2020 13:00,0.238375755
11/4/2020 14:00,0.189100985
11/4/2020 15:00,0.076029979
11/4/2020 16:00,0.133061817
11/4/2020 17:00,0.283007573
11/4/2020 18:00,0.109858418
11/4/2020 19:00,0.206580277
11/4/2020 20:00,0.227648351
11/4/2020 21:00,0.043878927
11/4/2020 22:00,0
11/4/2020 23:00,0
11/5/2020 0:00,0
11/5/2020 1:00,0
11/5/2020 2:00,0
11/5/2020 3:00,0.012275281
11/5/2020 4:00,0
11/5/2020 5:00,0
11/5/2020 6:00,0.016520547
11/5/2020 7:00,0
11/5/2020 8:00,0
11/5/2020 9:00,0
11/5/2020 10:00,0
11/5/2020 11:00,0
11/5/2020 12:00,0
11/5/2020 13:00,0.020964809
11/5/2020 14:00,0
11/5/2020 15:00,0.007267194
11/5/2020 16:00,0
11/5/2020 17:00,0
11/5/2020 18:00,0
11/5/2020 19:00,0
11/5/2020 20:00,0
11/5/2020 21:00,0
11/5/2020 22:00,0
11/5/2020 23:00,0
11/6/2020 0:00,0.0110813
11/6/2020 1:00,0
11/6/2020 2:00,0
11/6/2020 3:00,0
11/6/2020 4:00,0
11/6/2020 5:00,0
11/6/2020 6:00,0
11/6/2020 7:00,0
11/6/2020 8:00,0
11/6/2020 9:00,0
11/6/2020 10:00,0.01254061
11/6/2020 11:00,0.027724807
11/6/2020 12:00,0
11/6/2020 13:00,0
11/6/2020 14:00,0.005907382
11/6/2020 15:00,0.005675219
11/6/2020 16:00,0
11/6/2020 17:00,0.07081921
11/6/2020 18:00,0.027494855
11/6/2020 19:00,0
11/6/2020 20:00,0
11/6/2020 21:00,0
11/6/2020 22:00,0
11/6/2020 23:00,0
11/7/2020 0:00,0
11/7/2020 1:00,0
11/7/2020 2:00,0
11/7/2020 3:00,0
11/7/2020 4:00,0.02623012
11/7/2020 5:00,0.026115144
11/7/2020 6:00,0.006239044
11/7/2020 7:00,0
11/7/2020 8:00,0
11/7/2020 9:00,0
11/7/2020 10:00,0.009655156
11/7/2020 11:00,0.009223996
11/7/2020 12:00,0
11/7/2020 13:00,0.018046189
11/7/2020 14:00,0
11/7/2020 15:00,0
11/7/2020 16:00,0.00627221
11/7/2020 17:00,0.032208869
11/7/2020 18:00,0
11/7/2020 19:00,0.02565524
11/7/2020 20:00,0.012208949
11/7/2020 21:00,0
11/7/2020 22:00,0
11/7/2020 23:00,0
11/8/2020 0:00,0
11/8/2020 1:00,0
11/8/2020 2:00,0
11/8/2020 3:00,0.009024999
11/8/2020 4:00,0
11/8/2020 5:00,0
11/8/2020 6:00,0
11/8/2020 7:00,0
11/8/2020 8:00,0
11/8/2020 9:00,0
11/8/2020 10:00,0.006106379
11/8/2020 11:00,0
11/8/2020 12:00,0
11/8/2020 13:00,0.007565689
11/8/2020 14:00,0
11/8/2020 15:00,0
11/8/2020 16:00,0.017979857
11/8/2020 17:00,0.061365386
11/8/2020 18:00,0.173210719
11/8/2020 19:00,0.045948494
11/8/2020 20:00,0.006239044
11/8/2020 21:00,0.033071188
11/8/2020 22:00,0.062258661
11/8/2020 23:00,0.039394865
11/9/2020 0:00,0
11/9/2020 1:00,0.028472151
11/9/2020 2:00,0
11/9/2020 3:00,0
11/9/2020 4:00,0
11/9/2020 5:00,0
11/9/2020 6:00,0
11/9/2020 7:00,0
11/9/2020 8:00,0
11/9/2020 9:00,0
11/9/2020 10:00,0
11/9/2020 11:00,0.05175478
11/9/2020 12:00,0.078114286
11/9/2020 13:00,0.238637399
11/9/2020 14:00,0.215612728
11/9/2020 15:00,0.195457091
11/9/2020 16:00,0.257344943
11/9/2020 17:00,0.325931927
11/9/2020 18:00,0.30079052
11/9/2020 19:00,0.250673022
11/9/2020 20:00,0.602158269
11/9/2020 21:00,0.02623012
11/9/2020 22:00,0.064715166
11/9/2020 23:00,0.195457091
11/10/2020 0:00,0.113741436
11/10/2020 1:00,0.026919975
11/10/2020 2:00,0.057122332
11/10/2020 3:00,0.028932054
11/10/2020 4:00,0.020865311
11/10/2020 5:00,0.0152934
11/10/2020 6:00,0.043419024
11/10/2020 7:00,0
11/10/2020 8:00,0.118855654
11/10/2020 9:00,0.210379849
11/10/2020 10:00,0.375896104
11/10/2020 11:00,0.404187925
11/10/2020 12:00,0.313821127
11/10/2020 13:00,0.510543607
11/10/2020 14:00,0.650180627
11/10/2020 15:00,0.632875273
11/10/2020 16:00,0.373553469
11/10/2020 17:00,0.31658055
11/10/2020 18:00,0.447076164
11/10/2020 19:00,0.390672724
11/10/2020 20:00,0.312441416
11/10/2020 21:00,0.35674548
11/10/2020 22:00,0.303090039
11/10/2020 23:00,0.192846547
11/11/2020 0:00,0.304929654
11/11/2020 1:00,0.382743806
11/11/2020 2:00,0.48575155
11/11/2020 3:00,0.350766731
11/11/2020 4:00,0.344174777
11/11/2020 5:00,0.178885814
11/11/2020 6:00,0.168330138
11/11/2020 7:00,0.374274279
11/11/2020 8:00,0.450860421
11/11/2020 9:00,0.40851279
11/11/2020 10:00,0.599129832
11/11/2020 11:00,0.3890509
11/11/2020 12:00,0.407431574
11/11/2020 13:00,0.247664116
11/11/2020 14:00,0.104365368
11/11/2020 15:00,0.113078481
11/11/2020 16:00,0.165606092
11/11/2020 17:00,0.196478608
11/11/2020 18:00,0.11525676
11/11/2020 19:00,0.073201275
11/11/2020 20:00,0.108532509
11/11/2020 21:00,0.055261343
11/11/2020 22:00,0
11/11/2020 23:00,0
11/12/2020 0:00,0
11/12/2020 1:00,0.056229057
11/12/2020 2:00,0
11/12/2020 3:00,0
11/12/2020 4:00,0
11/12/2020 5:00,0
11/12/2020 6:00,0
11/12/2020 7:00,0
11/12/2020 8:00,0.010086316
11/12/2020 9:00,0
11/12/2020 10:00,0
11/12/2020 11:00,0
11/12/2020 12:00,0
11/12/2020 13:00,0.041981824
11/12/2020 14:00,0.053824347
11/12/2020 15:00,0.037037859
11/12/2020 16:00,0.014762741
11/12/2020 17:00,0.132777694
11/12/2020 18:00,0.058760002
11/12/2020 19:00,0.041004529
11/12/2020 20:00,0.021495467
11/12/2020 21:00,0
11/12/2020 22:00,0
11/12/2020 23:00,0
11/13/2020 0:00,0
11/13/2020 1:00,0
11/13/2020 2:00,0
11/13/2020 3:00,0
11/13/2020 4:00,0
11/13/2020 5:00,0
11/13/2020 6:00,0
11/13/2020 7:00,0
11/13/2020 8:00,0
11/13/2020 9:00,0
11/13/2020 10:00,0
11/13/2020 11:00,0
11/13/2020 12:00,0
11/13/2020 13:00,0.006537539
11/13/2020 14:00,0
11/13/2020 15:00,0
11/13/2020 16:00,0
11/13/2020 17:00,0
11/13/2020 18:00,0
11/13/2020 19:00,0
11/13/2020 20:00,0
11/13/2020 21:00,0
11/13/2020 22:00,0
11/13/2020 23:00,0
11/14/2020 0:00,0
11/14/2020 1:00,0
11/14/2020 2:00,0
11/14/2020 3:00,0
11/14/2020 4:00,0
11/14/2020 5:00,0
11/14/2020 6:00,0
11/14/2020 7:00,0
11/14/2020 8:00,0
11/14/2020 9:00,0
11/14/2020 10:00,0
11/14/2020 11:00,0
11/14/2020 12:00,0
11/14/2020 13:00,0
11/14/2020 14:00,0
11/14/2020 15:00,0
11/14/2020 16:00,0
11/14/2020 17:00,0
11/14/2020 18:00,0
11/14/2020 19:00,0
11/14/2020 20:00,0
11/14/2020 21:00,0
11/14/2020 22:00,0
11/14/2020 23:00,0
11/15/2020 0:00,0
11/15/2020 1:00,0
11/15/2020 2:00,0
11/15/2020 3:00,0
11/15/2020 4:00,0
11/15/2020 5:00,0
11/15/2020 6:00,0
11/15/2020 7:00,0
11/15/2020 8:00,0
11/15/2020 9:00,0
11/15/2020 10:00,0
11/15/2020 11:00,0
11/15/2020 12:00,0
11/15/2020 13:00,0
11/15/2020 14:00,0
11/15/2020 15:00,0
11/15/2020 16:00,0
11/15/2020 17:00,0
11/15/2020 18:00,0
11/15/2020 19:00,0
11/15/2020 20:00,0
11/15/2020 21:00,0
11/15/2020 22:00,0
11/15/2020 23:00,0
11/16/2020 0:00,0
11/16/2020 1:00,0
11/16/2020 2:00,0
11/16/2020 3:00,0
11/16/2020 4:00,0
11/16/2020 5:00,0
11/16/2020 6:00,0
11/16/2020 7:00,0
11/16/2020 8:00,0
11/16/2020 9:00,0
11/16/2020 10:00,0
11/16/2020 11:00,0
11/16/2020 12:00,0
11/16/2020 13:00,0
11/16/2020 14:00,0
11/16/2020 15:00,0
11/16/2020 16:00,0
11/16/2020 17:00,0
11/16/2020 18:00,0
11/16/2020 19:00,0
11/16/2020 20:00,0
11/16/2020 21:00,0
11/16/2020 22:00,0
11/16/2020 23:00,0
11/17/2020 0:00,0
11/17/2020 1:00,0
11/17/2020 2:00,0
11/17/2020 3:00,0
11/17/2020 4:00,0.007499357
11/17/2020 5:00,0
11/17/2020 6:00,0
11/17/2020 7:00,0
11/17/2020 8:00,0.048133037
11/17/2020 9:00,0.081612945
11/17/2020 10:00,0
11/17/2020 11:00,0
11/17/2020 12:00,0
11/17/2020 13:00,0
11/17/2020 14:00,0
11/17/2020 15:00,0
11/17/2020 16:00,0
11/17/2020 17:00,0.021462301
11/17/2020 18:00,0
11/17/2020 19:00,0
11/17/2020 20:00,0
11/17/2020 21:00,0
11/17/2020 22:00,0
11/17/2020 23:00,0
11/18/2020 0:00,0
11/18/2020 1:00,0
11/18/2020 2:00,0.043821439
11/18/2020 3:00,0.048995357
11/18/2020 4:00,0.167989632
11/18/2020 5:00,0.087642549
11/18/2020 6:00,0.090545692
11/18/2020 7:00,0.10976371
11/18/2020 8:00,0
11/18/2020 9:00,0
11/18/2020 10:00,0.018245186
11/18/2020 11:00,0
11/18/2020 12:00,0.014729575
11/18/2020 13:00,0
11/18/2020 14:00,0.007764686
11/18/2020 15:00,0
11/18/2020 16:00,0.012507444
11/18/2020 17:00,0
11/18/2020 18:00,0
11/18/2020 19:00,0
11/18/2020 20:00,0
11/18/2020 21:00,0
11/18/2020 22:00,0
11/18/2020 23:00,0
11/19/2020 0:00,0
11/19/2020 1:00,0
11/19/2020 2:00,0
11/19/2020 3:00,0
11/19/2020 4:00,0
11/19/2020 5:00,0
11/19/2020 6:00,0
11/19/2020 7:00,0
11/19/2020 8:00,0
11/19/2020 9:00,0
11/19/2020 10:00,0
11/19/2020 11:00,0
11/19/2020 12:00,0
11/19/2020 13:00,0
11/19/2020 14:00,0
11/19/2020 15:00,0
11/19/2020 16:00,0
11/19/2020 17:00,0
11/19/2020 18:00,0
11/19/2020 19:00,0
11/19/2020 20:00,0
11/19/2020 21:00,0
11/19/2020 22:00,0
11/19/2020 23:00,0
11/20/2020 0:00,0
11/20/2020 1:00,0
11/20/2020 2:00,0
11/20/2020 3:00,0
11/20/2020 4:00,0
11/20/2020 5:00,0
11/20/2020 6:00,0
11/20/2020 7:00,0
11/20/2020 8:00,0
11/20/2020 9:00,0
11/20/2020 10:00,0
11/20/2020 11:00,0
11/20/2020 12:00,0
11/20/2020 13:00,0
11/20/2020 14:00,0
11/20/2020 15:00,0
11/20/2020 16:00,0
11/20/2020 17:00,0
11/20/2020 18:00,0
11/20/2020 19:00,0
11/20/2020 20:00,0
11/20/2020 21:00,0
11/20/2020 22:00,0
11/20/2020 23:00,0
11/21/2020 0:00,0
11/21/2020 1:00,0
11/21/2020 2:00,0
11/21/2020 3:00,0
11/21/2020 4:00,0
11/21/2020 5:00,0
11/21/2020 6:00,0
11/21/2020 7:00,0
11/21/2020 8:00,0
11/21/2020 9:00,0.007399859
11/21/2020 10:00,0
11/21/2020 11:00,0
11/21/2020 12:00,0.020865311
11/21/2020 13:00,0.046810814
11/21/2020 14:00,0.056080178
11/21/2020 15:00,0.049455261
11/21/2020 16:00,0.069330419
11/21/2020 17:00,0.088089187
11/21/2020 18:00,0.081538506
11/21/2020 19:00,0.027609831
11/21/2020 20:00,0.031174085
11/21/2020 21:00,0.036003075
11/21/2020 22:00,0.087716989
11/21/2020 23:00,0.067320551
11/22/2020 0:00,0.156979948
11/22/2020 1:00,0.212342179
11/22/2020 2:00,0.218752456
11/22/2020 3:00,0.392474751
11/22/2020 4:00,0.380401171
11/22/2020 5:00,0.344634681
11/22/2020 6:00,0.212996288
11/22/2020 7:00,0.038475058
11/22/2020 8:00,0
11/22/2020 9:00,0
11/22/2020 10:00,0
11/22/2020 11:00,0
11/22/2020 12:00,0
11/22/2020 13:00,0
11/22/2020 14:00,0
11/22/2020 15:00,0
11/22/2020 16:00,0
11/22/2020 17:00,0.021163806
11/22/2020 18:00,0
11/22/2020 19:00,0
11/22/2020 20:00,0
11/22/2020 21:00,0
11/22/2020 22:00,0
11/22/2020 23:00,0
11/23/2020 0:00,0
11/23/2020 1:00,0.022225122
11/23/2020 2:00,0.045316127
11/23/2020 3:00,0.018941675
11/23/2020 4:00,0
11/23/2020 5:00,0
11/23/2020 6:00,0
11/23/2020 7:00,0.014795907
11/23/2020 8:00,0
11/23/2020 9:00,0
11/23/2020 10:00,0
11/23/2020 11:00,0
11/23/2020 12:00,0
11/23/2020 13:00,0
11/23/2020 14:00,0
11/23/2020 15:00,0
11/23/2020 16:00,0
11/23/2020 17:00,0
11/23/2020 18:00,0
11/23/2020 19:00,0
11/23/2020 20:00,0
11/23/2020 21:00,0
11/23/2020 22:00,0
11/23/2020 23:00,0
11/24/2020 0:00,0
11/24/2020 1:00,0
11/24/2020 2:00,0
11/24/2020 3:00,0
11/24/2020 4:00,0.038590034
11/24/2020 5:00,0
11/24/2020 6:00,0.020168822
11/24/2020 7:00,0
11/24/2020 8:00,0
11/24/2020 9:00,0
11/24/2020 10:00,0
11/24/2020 11:00,0
11/24/2020 12:00,0
11/24/2020 13:00,0
11/24/2020 14:00,0
11/24/2020 15:00,0
11/24/2020 16:00,0
11/24/2020 17:00,0
11/24/2020 18:00,0
11/24/2020 19:00,0
11/24/2020 20:00,0
11/24/2020 21:00,0
11/24/2020 22:00,0
11/24/2020 23:00,0
11/25/2020 0:00,0
11/25/2020 1:00,0
11/25/2020 2:00,0
11/25/2020 3:00,0
11/25/2020 4:00,0
11/25/2020 5:00,0
11/25/2020 6:00,0
11/25/2020 7:00,0
11/25/2020 8:00,0
11/25/2020 9:00,0
11/25/2020 10:00,0
11/25/2020 11:00,0
11/25/2020 12:00,0
11/25/2020 13:00,0
11/25/2020 14:00,0
11/25/2020 15:00,0
11/25/2020 16:00,0
11/25/2020 17:00,0
11/25/2020 18:00,0.057122332
11/25/2020 19:00,0
11/25/2020 20:00,0
11/25/2020 21:00,0
11/25/2020 22:00,0
11/25/2020 23:00,0.215612728
11/26/2020 0:00,0.825562852
11/26/2020 1:00,0.89965802
11/26/2020 2:00,0.81276625
11/26/2020 3:00,0.504806602
11/26/2020 4:00,0.770086473
11/26/2020 5:00,0.949049034
11/26/2020 6:00,0.767574691
11/26/2020 7:00,0.969934846
11/26/2020 8:00,0.999143413
11/26/2020 9:00,1
11/26/2020 10:00,1
11/26/2020 11:00,1
11/26/2020 12:00,1
11/26/2020 13:00,1
11/26/2020 14:00,1
11/26/2020 15:00,1
11/26/2020 16:00,1
11/26/2020 17:00,1
11/26/2020 18:00,1
11/26/2020 19:00,1
11/26/2020 20:00,0.999311087
11/26/2020 21:00,1
11/26/2020 22:00,1
11/26/2020 23:00,1
11/27/2020 0:00,1
11/27/2020 1:00,1
11/27/2020 2:00,1
11/27/2020 3:00,1
11/27/2020 4:00,1
11/27/2020 5:00,0.999224486
11/27/2020 6:00,0.999799366
11/27/2020 7:00,1
11/27/2020 8:00,0.973455984
11/27/2020 9:00,0.982879194
11/27/2020 10:00,0.991251802
11/27/2020 11:00,0.998797504
11/27/2020 12:00,0.9955627
11/27/2020 13:00,0.999871226
11/27/2020 14:00,1
11/27/2020 15:00,0.999954141
11/27/2020 16:00,0.967280449
11/27/2020 17:00,0.999259495
11/27/2020 18:00,0.984365037
11/27/2020 19:00,0.961646628
11/27/2020 20:00,0.505011495
11/27/2020 21:00,0.222023006
11/27/2020 22:00,0.264016865
11/27/2020 23:00,0.343101668
11/28/2020 0:00,0.483292834
11/28/2020 1:00,0.57468602
11/28/2020 2:00,0.628548934
11/28/2020 3:00,0.673326538
11/28/2020 4:00,0.520378473
11/28/2020 5:00,0.04152192
11/28/2020 6:00,0
11/28/2020 7:00,0
11/28/2020 8:00,0
11/28/2020 9:00,0
11/28/2020 10:00,0
11/28/2020 11:00,0
11/28/2020 12:00,0
11/28/2020 13:00,0.050662508
11/28/2020 14:00,0.135524218
11/28/2020 15:00,0.17627527
11/28/2020 16:00,0.248841514
11/28/2020 17:00,0.29113254
11/28/2020 18:00,0.343714873
11/28/2020 19:00,0.243608634
11/28/2020 20:00,0.60561934
11/28/2020 21:00,0.46546714
11/28/2020 22:00,0.426352856
11/28/2020 23:00,0.59437086
11/29/2020 0:00,0.855762832
11/29/2020 1:00,0.945928468
11/29/2020 2:00,0.953900123
11/29/2020 3:00,0.986063144
11/29/2020 4:00,0.931939728
11/29/2020 5:00,0.589395571
11/29/2020 6:00,0.665539128
11/29/2020 7:00,0.747061803
11/29/2020 8:00,0.646719556
11/29/2020 9:00,0.789552785
11/29/2020 10:00,0.68089763
11/29/2020 11:00,0.624006279
11/29/2020 12:00,0.681113947
11/29/2020 13:00,0.703524244
11/29/2020 14:00,0.812936871
11/29/2020 15:00,0.710013015
11/29/2020 16:00,0.357358685
11/29/2020 17:00,0.499479383
11/29/2020 18:00,0.647801141
11/29/2020 19:00,0.417342721
11/29/2020 20:00,0.528369301
11/29/2020 21:00,0.540253097
11/29/2020 22:00,0.307995679
11/29/2020 23:00,0.347087501
11/30/2020 0:00,0.465057354
11/30/2020 1:00,0.437885827
11/30/2020 2:00,0.473048182
11/30/2020 3:00,0.564430475
11/30/2020 4:00,0.531852483
11/30/2020 5:00,0.305849461
11/30/2020 6:00,0.33114417
11/30/2020 7:00,0.293738662
11/30/2020 8:00,0.264540153
11/30/2020 9:00,0.22228465
11/30/2020 10:00,0.239683975
11/30/2020 11:00,0.093225516
11/30/2020 12:00,0.064417408
11/30/2020 13:00,0.160498507
11/30/2020 14:00,0.171848696
11/30/2020 15:00,0.17025967
11/30/2020 16:00,0.175594259
11/30/2020 17:00,0.141869638
11/30/2020 18:00,0.267810703
11/30/2020 19:00,0.253027818
11/30/2020 20:00,0.294965072
11/30/2020 21:00,0.271735362
11/30/2020 22:00,0.101902967
11/30/2020 23:00,0.15947699
12/1/2020 0:00,0
12/1/2020 1:00,0.015525562
12/1/2020 2:00,0.202153703
12/1/2020 3:00,0.015824058
12/1/2020 4:00,0.039739793
12/1/2020 5:00,0.029966838
12/1/2020 6:00,0.010517476
12/1/2020 7:00,0
12/1/2020 8:00,0.017316534
12/1/2020 9:00,0
12/1/2020 10:00,0
12/1/2020 11:00,0
12/1/2020 12:00,0
12/1/2020 13:00,0
12/1/2020 14:00,0
12/1/2020 15:00,0
12/1/2020 16:00,0
12/1/2020 17:00,0
12/1/2020 18:00,0
12/1/2020 19:00,0
12/1/2020 20:00,0
12/1/2020 21:00,0
12/1/2020 22:00,0
12/1/2020 23:00,0
12/2/2020 0:00,0
12/2/2020 1:00,0
12/2/2020 2:00,0
12/2/2020 3:00,0
12/2/2020 4:00,0
12/2/2020 5:00,0
12/2/2020 6:00,0
12/2/2020 7:00,0
12/2/2020 8:00,0
12/2/2020 9:00,0
12/2/2020 10:00,0
12/2/2020 11:00,0
12/2/2020 12:00,0
12/2/2020 13:00,0
12/2/2020 14:00,0
12/2/2020 15:00,0
12/2/2020 16:00,0
12/2/2020 17:00,0
12/2/2020 18:00,0
12/2/2020 19:00,0
12/2/2020 20:00,0
12/2/2020 21:00,0
12/2/2020 22:00,0
12/2/2020 23:00,0
12/3/2020 0:00,0.012009952
12/3/2020 1:00,0.037382786
12/3/2020 2:00,0.067246111
12/3/2020 3:00,0.143669085
12/3/2020 4:00,0.064640727
12/3/2020 5:00,0.0591322
12/3/2020 6:00,0.140733145
12/3/2020 7:00,0.145279117
12/3/2020 8:00,0.065459562
12/3/2020 9:00,0.095178717
12/3/2020 10:00,0.173210719
12/3/2020 11:00,0.207261288
12/3/2020 12:00,0.165152085
12/3/2020 13:00,0.238768221
12/3/2020 14:00,0.20022417
12/3/2020 15:00,0.337889425
12/3/2020 16:00,0.249364802
12/3/2020 17:00,0.337429521
12/3/2020 18:00,0.264932619
12/3/2020 19:00,0.311981512
12/3/2020 20:00,0.484727085
12/3/2020 21:00,0.460549707
12/3/2020 22:00,0.431218328
12/3/2020 23:00,0.7497829
12/4/2020 0:00,0.702477668
12/4/2020 1:00,0.564225582
12/4/2020 2:00,0.634822125
12/4/2020 3:00,0.872142482
12/4/2020 4:00,0.874189938
12/4/2020 5:00,0.839041939
12/4/2020 6:00,0.837335725
12/4/2020 7:00,0.491078769
12/4/2020 8:00,0.61124358
12/4/2020 9:00,0.600644051
12/4/2020 10:00,0.526115478
12/4/2020 11:00,0.407251371
12/4/2020 12:00,0.480629224
12/4/2020 13:00,0.565045154
12/4/2020 14:00,0.600427734
12/4/2020 15:00,0.589828205
12/4/2020 16:00,0.42599245
12/4/2020 17:00,0.396259007
12/4/2020 18:00,0.445274138
12/4/2020 19:00,0.430317315
12/4/2020 20:00,0.451040624
12/4/2020 21:00,0.511158286
12/4/2020 22:00,0.325625324
12/4/2020 23:00,0.38977171
12/5/2020 0:00,0.463418209
12/5/2020 1:00,0.468540535
12/5/2020 2:00,0.21378122
12/5/2020 3:00,0.176048267
12/5/2020 4:00,0.118666239
12/5/2020 5:00,0.090322373
12/5/2020 6:00,0.056377936
12/5/2020 7:00,0.01778086
12/5/2020 8:00,0
12/5/2020 9:00,0
12/5/2020 10:00,0
12/5/2020 11:00,0
12/5/2020 12:00,0
12/5/2020 13:00,0
12/5/2020 14:00,0
12/5/2020 15:00,0
12/5/2020 16:00,0
12/5/2020 17:00,0
12/5/2020 18:00,0.00816268
12/5/2020 19:00,0
12/5/2020 20:00,0
12/5/2020 21:00,0
12/5/2020 22:00,0
12/5/2020 23:00,0
12/6/2020 0:00,0
12/6/2020 1:00,0
12/6/2020 2:00,0
12/6/2020 3:00,0
12/6/2020 4:00,0
12/6/2020 5:00,0
12/6/2020 6:00,0
12/6/2020 7:00,0
12/6/2020 8:00,0
12/6/2020 9:00,0
12/6/2020 10:00,0
12/6/2020 11:00,0
12/6/2020 12:00,0
12/6/2020 13:00,0
12/6/2020 14:00,0
12/6/2020 15:00,0
12/6/2020 16:00,0
12/6/2020 17:00,0
12/6/2020 18:00,0
12/6/2020 19:00,0
12/6/2020 20:00,0
12/6/2020 21:00,0
12/6/2020 22:00,0
12/6/2020 23:00,0
12/7/2020 0:00,0
12/7/2020 1:00,0
12/7/2020 2:00,0
12/7/2020 3:00,0
12/7/2020 4:00,0
12/7/2020 5:00,0
12/7/2020 6:00,0
12/7/2020 7:00,0
12/7/2020 8:00,0
12/7/2020 9:00,0
12/7/2020 10:00,0
12/7/2020 11:00,0
12/7/2020 12:00,0
12/7/2020 13:00,0
12/7/2020 14:00,0
12/7/2020 15:00,0
12/7/2020 16:00,0.007632022
12/7/2020 17:00,0
12/7/2020 18:00,0
12/7/2020 19:00,0
12/7/2020 20:00,0
12/7/2020 21:00,0
12/7/2020 22:00,0
12/7/2020 23:00,0
12/8/2020 0:00,0
12/8/2020 1:00,0
12/8/2020 2:00,0
12/8/2020 3:00,0
12/8/2020 4:00,0.034853316
12/8/2020 5:00,0.012175783
12/8/2020 6:00,0.044223855
12/8/2020 7:00,0.094044351
12/8/2020 8:00,0.023010793
12/8/2020 9:00,0.018178854
12/8/2020 10:00,0
12/8/2020 11:00,0.037957666
12/8/2020 12:00,0.011180798
12/8/2020 13:00,0.00919083
12/8/2020 14:00,0
12/8/2020 15:00,0.019273336
12/8/2020 16:00,0.0691071
12/8/2020 17:00,0.22097643
12/8/2020 18:00,0.172189202
12/8/2020 19:00,0.195003083
12/8/2020 20:00,0.10389183
12/8/2020 21:00,0.038302594
12/8/2020 22:00,0.044108879
12/8/2020 23:00,0.006769702
12/9/2020 0:00,0.12870526
12/9/2020 1:00,0.187398456
12/9/2020 2:00,0.151985865
12/9/2020 3:00,0.179680327
12/9/2020 4:00,0.161520024
12/9/2020 5:00,0.082803978
12/9/2020 6:00,0.054293628
12/9/2020 7:00,0.013502428
12/9/2020 8:00,0.035370707
12/9/2020 9:00,0.064417408
12/9/2020 10:00,0.10891134
12/9/2020 11:00,0.190917015
12/9/2020 12:00,0.488210266
12/9/2020 13:00,0.738689195
12/9/2020 14:00,0.628765251
12/9/2020 15:00,0.654074331
12/9/2020 16:00,0.417342721
12/9/2020 17:00,0.280094849
12/9/2020 18:00,0.415720897
12/9/2020 19:00,0.506855532
12/9/2020 20:00,0.90041126
12/9/2020 21:00,0.715036579
12/9/2020 22:00,0.469565
12/9/2020 23:00,0.480424331
12/10/2020 0:00,0.66964915
12/10/2020 1:00,0.863270172
12/10/2020 2:00,0.587016085
12/10/2020 3:00,0.417522924
12/10/2020 4:00,0.354752564
12/10/2020 5:00,0.421487383
12/10/2020 6:00,0.123780457
12/10/2020 7:00,0.145089701
12/10/2020 8:00,0.394997588
12/10/2020 9:00,0.300483917
12/10/2020 10:00,0.543736278
12/10/2020 11:00,0.353986058
12/10/2020 12:00,0.108721925
12/10/2020 13:00,0.221368896
12/10/2020 14:00,0.357052083
12/10/2020 15:00,0.141490807
12/10/2020 16:00,0.150283336
12/10/2020 17:00,0.24138466
12/10/2020 18:00,0.349693622
12/10/2020 19:00,0.492308127
12/10/2020 20:00,0.391934143
12/10/2020 21:00,0.444913732
12/10/2020 22:00,0.562176651
12/10/2020 23:00,0.65277643
12/11/2020 0:00,0.616002553
12/11/2020 1:00,0.566069619
12/11/2020 2:00,0.576416555
12/11/2020 3:00,0.393195561
12/11/2020 4:00,0.335743207
12/11/2020 5:00,0.520378473
12/11/2020 6:00,0.636985294
12/11/2020 7:00,0.529803552
12/11/2020 8:00,0.364002726
12/11/2020 9:00,0.507879998
12/11/2020 10:00,0.535540557
12/11/2020 11:00,0.772179625
12/11/2020 12:00,0.318420165
12/11/2020 13:00,0.27487509
12/11/2020 14:00,0.185582426
12/11/2020 15:00,0.220060676
12/11/2020 16:00,0.207894231
12/11/2020 17:00,0.202380706
12/11/2020 18:00,0.330530965
12/11/2020 19:00,0.360578012
12/11/2020 20:00,0.252766174
12/11/2020 21:00,0.710640961
12/11/2020 22:00,0.95975063
12/11/2020 23:00,0.649747993
12/12/2020 0:00,0.458428934
12/12/2020 1:00,0.356132275
12/12/2020 2:00,0.260092205
12/12/2020 3:00,0.460549707
12/12/2020 4:00,0.209856561
12/12/2020 5:00,0.166287104
12/12/2020 6:00,0.252635352
12/12/2020 7:00,0.186944449
12/12/2020 8:00,0.03473834
12/12/2020 9:00,0.031748965
12/12/2020 10:00,0.096504625
12/12/2020 11:00,0.121318056
12/12/2020 12:00,0.107585432
12/12/2020 13:00,0.16969216
12/12/2020 14:00,0.278561837
12/12/2020 15:00,0.313974428
12/12/2020 16:00,0.361497819
12/12/2020 17:00,0.324552215
12/12/2020 18:00,0.301250423
12/12/2020 19:00,0.409774209
12/12/2020 20:00,0.691383964
12/12/2020 21:00,0.675922341
12/12/2020 22:00,0.583987648
12/12/2020 23:00,0.557464112
12/13/2020 0:00,0.488210266
12/13/2020 1:00,0.914938029
12/13/2020 2:00,0.919134651
12/13/2020 3:00,0.96213417
12/13/2020 4:00,0.769458527
12/13/2020 5:00,0.861905201
12/13/2020 6:00,0.832217085
12/13/2020 7:00,0.62465523
12/13/2020 8:00,0.650180627
12/13/2020 9:00,0.833411434
12/13/2020 10:00,0.915798874
12/13/2020 11:00,0.626169448
12/13/2020 12:00,0.21574355
12/13/2020 13:00,0.220583964
12/13/2020 14:00,0.214958618
12/13/2020 15:00,0.327311638
12/13/2020 16:00,0.266110017
12/13/2020 17:00,0.302323532
12/13/2020 18:00,0.09631521
12/13/2020 19:00,0.098967027
12/13/2020 20:00,0.108153678
12/13/2020 21:00,0.022953305
12/13/2020 22:00,0
12/13/2020 23:00,0.020931643
12/14/2020 0:00,0.017449199
12/14/2020 1:00,0
12/14/2020 2:00,0.022788947
12/14/2020 3:00,0
12/14/2020 4:00,0
12/14/2020 5:00,0
12/14/2020 6:00,0
12/14/2020 7:00,0
12/14/2020 8:00,0
12/14/2020 9:00,0
12/14/2020 10:00,0
12/14/2020 11:00,0
12/14/2020 12:00,0
12/14/2020 13:00,0
12/14/2020 14:00,0
12/14/2020 15:00,0
12/14/2020 16:00,0
12/14/2020 17:00,0
12/14/2020 18:00,0
12/14/2020 19:00,0
12/14/2020 20:00,0
12/14/2020 21:00,0
12/14/2020 22:00,0
12/14/2020 23:00,0.021926627
12/15/2020 0:00,0
12/15/2020 1:00,0.005111395
12/15/2020 2:00,0
12/15/2020 3:00,0.012739607
12/15/2020 4:00,0.006006881
12/15/2020 5:00,0
12/15/2020 6:00,0.086600395
12/15/2020 7:00,0.069330419
12/15/2020 8:00,0.207147786
12/15/2020 9:00,0.202040201
12/15/2020 10:00,0.346014392
12/15/2020 11:00,0.559922828
12/15/2020 12:00,0.725293023
12/15/2020 13:00,0.660996473
12/15/2020 14:00,0.657102768
12/15/2020 15:00,0.721943981
12/15/2020 16:00,0.817884891
12/15/2020 17:00,0.961971656
12/15/2020 18:00,0.964626053
12/15/2020 19:00,0.959696459
12/15/2020 20:00,0.949694668
12/15/2020 21:00,0.903639431
12/15/2020 22:00,0.87436056
12/15/2020 23:00,0.817031784
12/16/2020 0:00,0.999259495
12/16/2020 1:00,1
12/16/2020 2:00,0.988822566
12/16/2020 3:00,0.986511255
12/16/2020 4:00,0.991275386
12/16/2020 5:00,0.955200236
12/16/2020 6:00,1
12/16/2020 7:00,1
12/16/2020 8:00,0.995632349
12/16/2020 9:00,0.998248052
12/16/2020 10:00,1
12/16/2020 11:00,1
12/16/2020 12:00,1
12/16/2020 13:00,0.999685127
12/16/2020 14:00,0.995972855
12/16/2020 15:00,0.988162192
12/16/2020 16:00,0.994105564
12/16/2020 17:00,0.959533945
12/16/2020 18:00,0.99085086
12/16/2020 19:00,0.999018119
12/16/2020 20:00,0.996344315
12/16/2020 21:00,0.945175229
12/16/2020 22:00,0.97410604
12/16/2020 23:00,0.982949949
12/17/2020 0:00,0.797716077
12/17/2020 1:00,0.82027359
12/17/2020 2:00,0.999508241
12/17/2020 3:00,1
12/17/2020 4:00,0.999231856
12/17/2020 5:00,0.99499777
12/17/2020 6:00,0.976110381
12/17/2020 7:00,0.835458891
12/17/2020 8:00,0.624438913
12/17/2020 9:00,0.676571292
12/17/2020 10:00,0.72675823
12/17/2020 11:00,0.518534435
12/17/2020 12:00,0.319953177
12/17/2020 13:00,0.402025493
12/17/2020 14:00,0.695570267
12/17/2020 15:00,0.413558465
12/17/2020 16:00,0.450319813
12/17/2020 17:00,0.265717551
12/17/2020 18:00,0.24792576
12/17/2020 19:00,0.305389558
12/17/2020 20:00,0.378959549
12/17/2020 21:00,0.199543159
12/17/2020 22:00,0.121602179
12/17/2020 23:00,0.059727716
12/18/2020 0:00,0
12/18/2020 1:00,0
12/18/2020 2:00,0
12/18/2020 3:00,0
12/18/2020 4:00,0
12/18/2020 5:00,0
12/18/2020 6:00,0
12/18/2020 7:00,0
12/18/2020 8:00,0
12/18/2020 9:00,0
12/18/2020 10:00,0
12/18/2020 11:00,0
12/18/2020 12:00,0
12/18/2020 13:00,0
12/18/2020 14:00,0
12/18/2020 15:00,0
12/18/2020 16:00,0
12/18/2020 17:00,0
12/18/2020 18:00,0
12/18/2020 19:00,0
12/18/2020 20:00,0
12/18/2020 21:00,0
12/18/2020 22:00,0
12/18/2020 23:00,0
12/19/2020 0:00,0
12/19/2020 1:00,0
12/19/2020 2:00,0
12/19/2020 3:00,0
12/19/2020 4:00,0
12/19/2020 5:00,0
12/19/2020 6:00,0
12/19/2020 7:00,0
12/19/2020 8:00,0
12/19/2020 9:00,0
12/19/2020 10:00,0
12/19/2020 11:00,0
12/19/2020 12:00,0
12/19/2020 13:00,0
12/19/2020 14:00,0
12/19/2020 15:00,0
12/19/2020 16:00,0
12/19/2020 17:00,0
12/19/2020 18:00,0.013436096
12/19/2020 19:00,0.05031758
12/19/2020 20:00,0.246748362
12/19/2020 21:00,0.581175528
12/19/2020 22:00,0.872824968
12/19/2020 23:00,0.404908736
12/20/2020 0:00,0.201699695
12/20/2020 1:00,0.587232401
12/20/2020 2:00,0.817543648
12/20/2020 3:00,0.336969618
12/20/2020 4:00,0.44076907
12/20/2020 5:00,0.375896104
12/20/2020 6:00,0.520378473
12/20/2020 7:00,0.334210195
12/20/2020 8:00,0.050087628
12/20/2020 9:00,0.029276982
12/20/2020 10:00,0.107301309
12/20/2020 11:00,0.229872325
12/20/2020 12:00,0.1660601
12/20/2020 13:00,0.18524192
12/20/2020 14:00,0.286073598
12/20/2020 15:00,0.305389558
12/20/2020 16:00,0.348007308
12/20/2020 17:00,0.144900286
12/20/2020 18:00,0.166627609
12/20/2020 19:00,0.100482351
12/20/2020 20:00,0.126905813
12/20/2020 21:00,0.143195546
12/20/2020 22:00,0.08250622
12/20/2020 23:00,0.030426742
12/21/2020 0:00,0.034278436
12/21/2020 1:00,0
12/21/2020 2:00,0
12/21/2020 3:00,0.125958736
12/21/2020 4:00,0.12955763
12/21/2020 5:00,0.093895472
12/21/2020 6:00,0.083250615
12/21/2020 7:00,0.096220502
12/21/2020 8:00,0.090992329
12/21/2020 9:00,0.090694571
12/21/2020 10:00,0.144332039
12/21/2020 11:00,0.382563603
12/21/2020 12:00,0.314894236
12/21/2020 13:00,0.32025978
12/21/2020 14:00,0.305849461
12/21/2020 15:00,0.399682858
12/21/2020 16:00,0.434642179
12/21/2020 17:00,0.394997588
12/21/2020 18:00,0.402025493
12/21/2020 19:00,0.434642179
12/21/2020 20:00,0.357511987
12/21/2020 21:00,0.245047676
12/21/2020 22:00,0.202040201
12/21/2020 23:00,0.21770588
12/22/2020 0:00,0.14869431
12/22/2020 1:00,0.130315292
12/22/2020 2:00,0.352912949
12/22/2020 3:00,0.336509714
12/22/2020 4:00,0.102376506
12/22/2020 5:00,0
12/22/2020 6:00,0
12/22/2020 7:00,0
12/22/2020 8:00,0
12/22/2020 9:00,0
12/22/2020 10:00,0
12/22/2020 11:00,0
12/22/2020 12:00,0.007632022
12/22/2020 13:00,0.010285313
12/22/2020 14:00,0
12/22/2020 15:00,0.03019679
12/22/2020 16:00,0.055186903
12/22/2020 17:00,0.079230879
12/22/2020 18:00,0.050777484
12/22/2020 19:00,0.031691477
12/22/2020 20:00,0
12/22/2020 21:00,0.017747694
12/22/2020 22:00,0
12/22/2020 23:00,0
12/23/2020 0:00,0
12/23/2020 1:00,0
12/23/2020 2:00,0
12/23/2020 3:00,0
12/23/2020 4:00,0.016122553
12/23/2020 5:00,0
12/23/2020 6:00,0.005111395
12/23/2020 7:00,0
12/23/2020 8:00,0.062184221
12/23/2020 9:00,0.078412044
12/23/2020 10:00,0.054591387
12/23/2020 11:00,0.140827852
12/23/2020 12:00,0.113457312
12/23/2020 13:00,0.091662285
12/23/2020 14:00,0.072605759
12/23/2020 15:00,0.121602179
12/23/2020 16:00,0.141396099
12/23/2020 17:00,0.129841753
12/23/2020 18:00,0.20022417
12/23/2020 19:00,0.2862269
12/23/2020 20:00,0.245832608
12/23/2020 21:00,0.209594917
12/23/2020 22:00,0.035025779
12/23/2020 23:00,0
12/24/2020 0:00,0
12/24/2020 1:00,0
12/24/2020 2:00,0
12/24/2020 3:00,0
12/24/2020 4:00,0
12/24/2020 5:00,0
12/24/2020 6:00,0
12/24/2020 7:00,0
12/24/2020 8:00,0
12/24/2020 9:00,0
12/24/2020 10:00,0
12/24/2020 11:00,0
12/24/2020 12:00,0
12/24/2020 13:00,0
12/24/2020 14:00,0
12/24/2020 15:00,0.01545923
12/24/2020 16:00,0.008361677
12/24/2020 17:00,0
12/24/2020 18:00,0
12/24/2020 19:00,0
12/24/2020 20:00,0
12/24/2020 21:00,0
12/24/2020 22:00,0
12/24/2020 23:00,0
12/25/2020 0:00,0
12/25/2020 1:00,0
12/25/2020 2:00,0
12/25/2020 3:00,0
12/25/2020 4:00,0
12/25/2020 5:00,0
12/25/2020 6:00,0
12/25/2020 7:00,0
12/25/2020 8:00,0
12/25/2020 9:00,0.007598855
12/25/2020 10:00,0
12/25/2020 11:00,0
12/25/2020 12:00,0
12/25/2020 13:00,0
12/25/2020 14:00,0
12/25/2020 15:00,0.027609831
12/25/2020 16:00,0.021992959
12/25/2020 17:00,0.04295912
12/25/2020 18:00,0.021296471
12/25/2020 19:00,0
12/25/2020 20:00,0
12/25/2020 21:00,0
12/25/2020 22:00,0
12/25/2020 23:00,0
12/26/2020 0:00,0
12/26/2020 1:00,0
12/26/2020 2:00,0
12/26/2020 3:00,0
12/26/2020 4:00,0
12/26/2020 5:00,0
12/26/2020 6:00,0
12/26/2020 7:00,0
12/26/2020 8:00,0
12/26/2020 9:00,0
12/26/2020 10:00,0
12/26/2020 11:00,0
12/26/2020 12:00,0
12/26/2020 13:00,0
12/26/2020 14:00,0
12/26/2020 15:00,0
12/26/2020 16:00,0
12/26/2020 17:00,0.0330137
12/26/2020 18:00,0.17264321
12/26/2020 19:00,0.266502483
12/26/2020 20:00,0.11989744
12/26/2020 21:00,0.130978246
12/26/2020 22:00,0.142153761
12/26/2020 23:00,0.074317869
12/27/2020 0:00,0.032783749
12/27/2020 1:00,0.174232236
12/27/2020 2:00,0.044856223
12/27/2020 3:00,0.042326752
12/27/2020 4:00,0.301710327
12/27/2020 5:00,0.300637218
12/27/2020 6:00,0.179680327
12/27/2020 7:00,0.25119631
12/27/2020 8:00,0.414639681
12/27/2020 9:00,0.527344836
12/27/2020 10:00,0.543326492
12/27/2020 11:00,0.443111705
12/27/2020 12:00,0.259438095
12/27/2020 13:00,0.387429075
12/27/2020 14:00,0.35306625
12/27/2020 15:00,0.270557964
12/27/2020 16:00,0.21312711
12/27/2020 17:00,0.158341971
12/27/2020 18:00,0.232881231
12/27/2020 19:00,0.187057951
12/27/2020 20:00,0.104554784
12/27/2020 21:00,0.118382116
12/27/2020 22:00,0.137797204
12/27/2020 23:00,0.222153828
12/28/2020 0:00,0.188079468
12/28/2020 1:00,0.149829329
12/28/2020 2:00,0.088982461
12/28/2020 3:00,0.086228198
12/28/2020 4:00,0.082357341
12/28/2020 5:00,0.066873913
12/28/2020 6:00,0.067618309
12/28/2020 7:00,0.029162006
12/28/2020 8:00,0
12/28/2020 9:00,0
12/28/2020 10:00,0
12/28/2020 11:00,0
12/28/2020 12:00,0.010185814
12/28/2020 13:00,0.058834441
12/28/2020 14:00,0.164811579
12/28/2020 15:00,0.198521642
12/28/2020 16:00,0.219799032
12/28/2020 17:00,0.323325805
12/28/2020 18:00,0.309068788
12/28/2020 19:00,0.196478608
12/28/2020 20:00,0.183085384
12/28/2020 21:00,0.091811164
12/28/2020 22:00,0.136660711
12/28/2020 23:00,0.143195546
12/29/2020 0:00,0.246094252
12/29/2020 1:00,0.454104069
12/29/2020 2:00,0.359964807
12/29/2020 3:00,0.023700649
12/29/2020 4:00,0.023240745
12/29/2020 5:00,0.011313463
12/29/2020 6:00,0.043706463
12/29/2020 7:00,0.018079355
12/29/2020 8:00,0.142722008
12/29/2020 9:00,0.036520467
12/29/2020 10:00,0
12/29/2020 11:00,0.106354231
12/29/2020 12:00,0.039049938
12/29/2020 13:00,0.005277226
12/29/2020 14:00,0.05204222
12/29/2020 15:00,0.014630077
12/29/2020 16:00,0.033358628
12/29/2020 17:00,0.130599415
12/29/2020 18:00,0.189554992
12/29/2020 19:00,0.151418355
12/29/2020 20:00,0.150169834
12/29/2020 21:00,0.070149254
12/29/2020 22:00,0.051639804
12/29/2020 23:00,0.023413209
12/30/2020 0:00,0.031001621
12/30/2020 1:00,0
12/30/2020 2:00,0
12/30/2020 3:00,0.014464246
12/30/2020 4:00,0.046178446
12/30/2020 5:00,0.015591895
12/30/2020 6:00,0
12/30/2020 7:00,0.032266357
12/30/2020 8:00,0.017615029
12/30/2020 9:00,0
12/30/2020 10:00,0
12/30/2020 11:00,0
12/30/2020 12:00,0
12/30/2020 13:00,0
12/30/2020 14:00,0
12/30/2020 15:00,0.013071268
12/30/2020 16:00,0
12/30/2020 17:00,0.010849137
12/30/2020 18:00,0.026575047
12/30/2020 19:00,0.00670337
12/30/2020 20:00,0
12/30/2020 21:00,0
12/30/2020 22:00,0
12/30/2020 23:00,0
12/31/2020 0:00,0.031001621
12/31/2020 1:00,0
12/31/2020 2:00,0
12/31/2020 3:00,0.014464246
12/31/2020 4:00,0.046178446
12/31/2020 5:00,0.015591895
12/31/2020 6:00,0
12/31/2020 7:00,0.032266357
12/31/2020 8:00,0.017615029
12/31/2020 9:00,0
12/31/2020 10:00,0
12/31/2020 11:00,0
12/31/2020 12:00,0
12/31/2020 13:00,0
12/31/2020 14:00,0
12/31/2020 15:00,0.013071268
12/31/2020 16:00,0
12/31/2020 17:00,0.010849137
12/31/2020 18:00,0.026575047
12/31/2020 19:00,0.00670337
12/31/2020 20:00,0
12/31/2020 21:00,0
12/31/2020 22:00,0
12/31/2020 23:00,0
